User ID,Age,Gender,Location,Phone Brand,OS,Screen Time (hrs/day),Data Usage (GB/month),Calls Duration (mins/day),Number of Apps Installed,Social Media Time (hrs/day),E-commerce Spend (INR/month),Streaming Time (hrs/day),Gaming Time (hrs/day),Monthly Recharge Cost (INR),Primary Use
U13263,20,Male,Kolkata,Xiaomi,Android,9.0,2.9,6.5,143,2.3,8616,1.3,4.1,1430,Entertainment
U13264,52,Female,Mumbai,OnePlus,iOS,2.2,49.2,106.8,96,1.5,7411,0.5,1.8,227,Education
U13265,44,Female,Kolkata,Apple,iOS,11.7,10.8,51.0,116,2.4,2424,0.6,1.9,595,Gaming
U13266,32,Other,Delhi,Apple,iOS,1.8,26.2,47.5,21,4.2,7014,5.3,1.9,203,Entertainment
U13267,49,Male,Delhi,Oppo,Android,5.2,32.4,193.8,140,2.4,6312,1.5,3.5,138,Gaming
U13268,39,Female,Chennai,Oppo,iOS,11.3,18.2,21.6,18,4.7,4229,1.4,2.2,400,Entertainment
U13269,50,Female,Jaipur,Xiaomi,iOS,7.6,30.8,291.2,24,4.7,799,5.1,0.7,1909,Social Media
U13270,49,Other,Bangalore,Samsung,Android,9.3,31.7,169.0,15,5.7,5932,3.4,0.6,615,Entertainment
U13271,40,Male,Mumbai,Vivo,Android,8.3,21.0,137.4,106,3.2,6041,1.1,2.3,1134,Education
U13272,49,Female,Ahmedabad,Samsung,Android,1.7,6.3,282.1,116,2.9,2192,7.0,1.7,1293,Gaming
U13273,25,Other,Pune,Motorola,iOS,1.3,6.6,99.0,97,4.6,7246,3.9,2.4,170,Gaming
U13274,27,Male,Ahmedabad,Nokia,iOS,6.3,13.1,62.5,84,2.9,7480,1.5,1.4,1627,Entertainment
U13275,25,Female,Ahmedabad,Motorola,iOS,4.8,36.2,173.0,183,4.0,6919,4.0,4.8,1610,Gaming
U13276,50,Female,Kolkata,Oppo,Android,5.6,7.8,127.8,136,4.1,2298,6.9,4.9,302,Social Media
U13277,28,Male,Pune,Xiaomi,Android,9.4,21.5,97.6,149,3.6,7264,4.4,3.4,556,Work
U13278,56,Other,Delhi,Realme,Android,7.3,36.8,135.3,194,4.4,4911,3.1,2.1,1408,Social Media
U13279,40,Other,Chennai,Motorola,Android,9.2,46.9,236.8,20,2.7,1369,7.8,4.3,1031,Education
U13280,16,Male,Chennai,Samsung,Android,1.7,45.9,290.9,79,3.7,3435,2.0,2.9,1635,Education
U13281,43,Female,Lucknow,Vivo,iOS,3.5,13.9,209.6,81,5.4,4244,3.3,3.5,1667,Social Media
U13282,43,Female,Kolkata,Apple,Android,2.5,33.6,73.1,179,0.9,8340,5.8,3.7,571,Education
U13283,15,Male,Mumbai,OnePlus,iOS,8.2,7.2,193.2,148,4.3,7132,6.1,4.7,1365,Social Media
U13284,31,Male,Kolkata,Motorola,iOS,7.4,49.7,86.0,80,1.7,4754,2.0,4.2,367,Entertainment
U13285,35,Female,Hyderabad,Motorola,Android,7.3,45.4,170.6,68,0.7,6662,3.8,3.9,1684,Social Media
U13286,54,Other,Hyderabad,Google Pixel,Android,6.6,35.0,34.8,131,2.6,7234,7.0,4.6,818,Social Media
U13287,51,Male,Jaipur,Samsung,iOS,4.8,45.8,219.8,22,4.5,1928,2.9,0.1,592,Entertainment
U13288,22,Other,Ahmedabad,Motorola,Android,5.1,21.6,100.5,166,5.2,6712,7.1,1.4,1448,Work
U13289,45,Other,Chennai,Samsung,Android,8.7,14.9,5.5,22,2.5,5029,0.6,0.3,1119,Education
U13290,52,Other,Bangalore,Vivo,iOS,7.3,4.7,230.3,122,1.4,4612,7.4,1.8,1320,Social Media
U13291,50,Other,Delhi,OnePlus,Android,6.0,29.1,225.7,79,5.6,8919,3.4,2.9,998,Gaming
U13292,54,Male,Lucknow,Vivo,iOS,7.3,2.4,257.3,78,2.5,8709,1.6,1.4,1905,Education
U13293,21,Female,Chennai,OnePlus,iOS,4.6,46.4,14.8,200,5.5,9465,5.4,3.1,1337,Entertainment
U13294,51,Male,Hyderabad,Oppo,iOS,4.7,12.5,39.9,159,5.4,3163,0.6,1.9,1692,Gaming
U13295,42,Other,Lucknow,Motorola,Android,5.3,17.8,7.9,108,3.3,9165,7.5,3.9,424,Entertainment
U13296,33,Other,Bangalore,Vivo,iOS,5.6,15.9,144.4,197,1.2,906,6.3,1.6,243,Gaming
U13297,24,Male,Pune,OnePlus,Android,10.3,22.5,210.9,127,1.6,3478,2.8,1.5,1948,Entertainment
U13298,58,Other,Ahmedabad,Google Pixel,Android,1.9,3.9,187.3,61,4.0,1097,7.5,4.8,1247,Work
U13299,38,Female,Jaipur,Vivo,Android,10.9,19.6,282.7,16,1.0,1059,6.9,0.7,1021,Social Media
U13300,47,Female,Bangalore,Apple,Android,4.2,27.9,222.5,84,2.3,5476,2.1,4.6,653,Gaming
U13301,34,Female,Pune,Motorola,Android,11.6,9.1,83.0,124,1.7,1224,4.5,4.2,1303,Social Media
U13302,33,Male,Chennai,Apple,iOS,6.2,4.4,267.8,194,4.0,1166,3.2,2.8,905,Gaming
U13303,53,Male,Chennai,Motorola,Android,5.8,12.7,218.5,182,4.1,4134,1.8,4.5,1475,Entertainment
U13304,44,Male,Hyderabad,Realme,iOS,10.8,9.9,51.0,135,3.3,3272,5.2,2.4,839,Social Media
U13305,53,Other,Hyderabad,Nokia,iOS,2.3,38.7,151.3,63,5.4,3119,4.1,3.6,908,Social Media
U13306,58,Other,Ahmedabad,Google Pixel,Android,2.3,19.0,84.9,115,2.1,9379,5.4,1.2,1384,Social Media
U13307,60,Other,Chennai,Oppo,iOS,8.6,3.9,129.1,47,1.5,8906,6.9,0.6,1235,Social Media
U13308,42,Male,Jaipur,OnePlus,iOS,8.2,28.3,12.2,58,4.9,2816,6.2,2.6,768,Social Media
U13309,46,Female,Jaipur,OnePlus,Android,2.4,37.3,197.9,16,1.6,5194,4.9,0.8,551,Work
U13310,27,Male,Kolkata,Samsung,Android,4.6,43.5,205.1,91,1.4,2309,2.6,0.7,796,Entertainment
U13311,37,Other,Pune,OnePlus,Android,7.0,33.0,164.6,57,1.4,3199,4.7,4.9,1662,Entertainment
U13312,17,Other,Ahmedabad,Oppo,iOS,3.1,16.5,78.8,64,5.0,1089,7.0,0.8,1545,Work
U13313,57,Male,Kolkata,Motorola,iOS,4.7,12.6,196.3,83,4.4,2641,2.0,0.1,1403,Education
U13314,55,Other,Ahmedabad,Google Pixel,Android,10.7,8.7,54.7,165,5.4,8103,4.3,4.5,1082,Gaming
U13315,58,Female,Lucknow,Google Pixel,iOS,10.9,47.7,127.7,19,2.4,9497,3.7,2.8,218,Education
U13316,36,Female,Delhi,Oppo,Android,4.8,48.4,261.4,69,5.7,3440,7.5,3.3,486,Work
U13317,30,Male,Bangalore,Google Pixel,iOS,10.6,44.0,101.5,104,0.5,7918,6.3,4.6,1361,Education
U13318,20,Male,Hyderabad,Vivo,Android,3.2,38.5,182.8,119,2.6,7037,4.8,2.4,1792,Gaming
U13319,32,Female,Lucknow,Apple,iOS,8.6,2.3,226.5,86,5.6,6787,2.5,3.1,1170,Gaming
U13320,33,Female,Jaipur,Nokia,iOS,8.6,29.9,25.5,47,1.7,9359,1.8,4.0,744,Entertainment
U13321,19,Female,Chennai,Realme,iOS,1.3,18.1,63.7,34,1.3,6071,4.4,3.3,846,Gaming
U13322,43,Male,Chennai,Samsung,Android,7.8,46.6,216.2,151,0.9,5357,5.0,0.3,1255,Entertainment
U13323,16,Female,Mumbai,Realme,Android,2.5,3.5,193.9,124,0.9,7876,3.5,4.7,1099,Education
U13324,37,Female,Pune,Samsung,iOS,4.4,23.4,230.8,112,3.9,9833,3.4,2.7,1118,Social Media
U13325,36,Female,Bangalore,OnePlus,Android,9.2,30.4,22.2,119,3.0,356,5.3,1.0,1624,Entertainment
U13326,17,Female,Jaipur,Motorola,iOS,2.8,10.5,69.1,43,1.9,6421,1.7,0.2,246,Social Media
U13327,15,Other,Pune,Realme,iOS,3.3,13.3,21.9,95,3.9,1833,6.2,2.0,1486,Entertainment
U13328,34,Male,Chennai,Google Pixel,Android,7.6,25.5,126.8,47,5.1,4506,4.4,2.6,1325,Entertainment
U13329,28,Other,Delhi,Xiaomi,Android,4.6,17.3,198.9,116,5.0,4584,3.5,1.1,770,Work
U13330,51,Male,Chennai,Xiaomi,Android,4.5,16.2,110.1,25,3.4,4556,2.4,3.7,1912,Entertainment
U13331,57,Male,Lucknow,Realme,Android,7.6,32.1,103.2,136,5.6,9556,1.3,1.5,1272,Social Media
U13332,46,Female,Lucknow,Xiaomi,Android,9.6,40.7,157.1,141,1.5,735,0.8,1.3,987,Work
U13333,25,Female,Chennai,Xiaomi,iOS,8.9,34.2,37.2,106,4.2,5146,4.3,3.6,1163,Gaming
U13334,54,Male,Lucknow,Nokia,iOS,10.1,34.4,85.5,90,1.9,5380,5.7,3.0,1434,Work
U13335,50,Male,Kolkata,Apple,Android,10.3,5.9,37.5,57,2.4,8648,2.3,4.5,1135,Social Media
U13336,30,Other,Jaipur,OnePlus,Android,5.7,37.1,62.6,188,3.4,4428,6.0,2.0,614,Gaming
U13337,58,Female,Chennai,Nokia,Android,11.9,49.2,253.1,42,2.9,4414,3.3,1.2,1548,Entertainment
U13338,28,Other,Kolkata,Google Pixel,iOS,7.0,27.1,50.0,106,2.2,1421,7.2,3.7,1521,Entertainment
U13339,24,Other,Ahmedabad,Samsung,iOS,5.9,34.4,141.7,193,5.5,4865,3.4,4.4,1465,Work
U13340,42,Other,Chennai,Motorola,Android,11.0,42.8,261.4,150,5.5,215,0.9,4.3,1185,Gaming
U13341,42,Male,Delhi,Samsung,Android,10.3,4.2,191.2,23,3.7,1963,4.2,2.2,1111,Entertainment
U13342,23,Other,Chennai,Nokia,iOS,3.5,48.0,23.1,12,0.7,2764,6.8,0.7,1660,Social Media
U13343,16,Other,Mumbai,Xiaomi,iOS,11.8,24.4,66.5,105,2.4,8853,5.8,2.6,1110,Work
U13344,47,Other,Ahmedabad,Motorola,Android,10.0,29.9,104.7,73,0.7,5265,2.1,0.5,1777,Social Media
U13345,48,Female,Bangalore,Nokia,iOS,5.3,38.9,164.5,149,5.2,9614,3.4,0.9,991,Social Media
U13346,48,Male,Bangalore,Google Pixel,iOS,10.1,23.3,163.8,179,0.5,4178,7.9,1.8,396,Education
U13347,48,Female,Ahmedabad,Apple,Android,1.4,14.1,274.3,53,1.2,175,7.4,4.0,383,Entertainment
U13348,56,Male,Delhi,Google Pixel,iOS,2.8,35.5,34.1,157,4.4,2803,4.7,3.5,954,Social Media
U13349,43,Other,Delhi,Apple,Android,8.9,21.1,258.8,49,4.4,488,7.1,0.3,208,Gaming
U13350,25,Other,Mumbai,Apple,Android,5.3,23.6,225.1,122,1.5,5861,1.9,2.1,308,Work
U13351,54,Other,Pune,Motorola,Android,6.9,23.7,113.4,188,1.7,5374,5.6,0.5,1357,Work
U13352,51,Other,Lucknow,Realme,Android,7.7,13.0,175.5,160,3.8,7870,6.8,2.5,864,Education
U13353,51,Other,Hyderabad,Nokia,iOS,9.2,27.3,53.2,60,5.6,7842,2.8,4.4,1588,Social Media
U13354,44,Female,Mumbai,Apple,iOS,2.0,35.1,226.5,121,5.2,473,3.8,4.1,1690,Entertainment
U13355,37,Female,Bangalore,Realme,Android,3.9,22.5,184.6,131,5.6,7012,6.8,4.2,449,Work
U13356,59,Other,Mumbai,Realme,iOS,9.6,11.0,279.0,90,4.3,4472,7.6,0.2,931,Education
U13357,44,Male,Delhi,Samsung,Android,8.3,45.5,136.9,17,1.0,8859,2.9,2.5,262,Gaming
U13358,60,Female,Ahmedabad,Xiaomi,Android,7.3,41.5,220.0,193,3.3,7656,0.9,4.6,147,Entertainment
U13359,29,Male,Hyderabad,Google Pixel,iOS,8.5,17.6,143.2,92,1.3,565,4.9,0.6,434,Gaming
U13360,28,Other,Kolkata,Vivo,iOS,11.1,2.5,45.0,145,1.6,740,5.1,0.8,964,Gaming
U13361,52,Other,Mumbai,Motorola,Android,5.3,21.9,204.5,44,2.2,838,7.4,3.9,190,Entertainment
U13362,58,Female,Ahmedabad,Xiaomi,iOS,3.1,9.4,149.3,164,0.7,1277,3.6,4.5,1080,Education
U13363,46,Male,Mumbai,Motorola,Android,1.7,5.1,9.5,123,0.5,2602,5.3,4.2,1067,Gaming
U13364,47,Other,Hyderabad,OnePlus,Android,8.5,19.6,234.7,123,0.7,5459,5.3,2.8,1771,Social Media
U13365,23,Male,Bangalore,Xiaomi,iOS,8.2,35.9,80.4,109,0.7,2411,7.2,2.1,1693,Gaming
U13366,55,Other,Bangalore,Xiaomi,iOS,8.3,32.4,34.3,30,1.8,7394,4.1,3.9,1874,Work
U13367,16,Male,Lucknow,OnePlus,iOS,7.9,37.9,167.6,18,5.6,1080,1.3,0.1,1391,Education
U13368,46,Female,Lucknow,Motorola,iOS,5.7,34.2,176.9,175,1.2,6220,7.0,4.8,1765,Gaming
U13369,47,Other,Bangalore,Apple,iOS,11.3,38.2,23.6,193,5.8,3677,5.2,0.1,1552,Work
U13370,59,Female,Chennai,Nokia,iOS,4.8,16.3,185.7,127,1.8,3209,1.2,3.0,1326,Education
U13371,38,Other,Delhi,Samsung,iOS,3.6,8.7,91.2,168,1.6,9579,1.8,4.6,1300,Entertainment
U13372,23,Female,Lucknow,Xiaomi,iOS,10.3,46.2,221.0,161,2.6,6846,2.7,4.0,846,Work
U13373,28,Male,Bangalore,Realme,iOS,5.0,9.9,123.3,177,0.6,5570,1.1,3.9,1024,Social Media
U13374,55,Other,Kolkata,Samsung,iOS,8.3,7.1,165.3,96,1.5,3514,6.2,3.5,1271,Social Media
U13375,19,Female,Ahmedabad,OnePlus,iOS,6.1,27.3,205.4,125,3.5,1053,4.8,3.7,602,Entertainment
U13376,20,Female,Ahmedabad,Xiaomi,iOS,7.7,46.6,30.1,188,0.5,657,3.9,0.5,1812,Entertainment
U13377,43,Male,Chennai,Vivo,Android,8.3,24.5,205.5,19,0.7,7061,5.0,4.1,1902,Social Media
U13378,45,Male,Pune,Vivo,Android,2.6,34.0,86.2,16,2.0,6206,4.7,3.1,298,Work
U13379,15,Male,Bangalore,Apple,iOS,3.8,9.5,258.3,103,1.3,5496,7.3,4.5,1713,Work
U13380,20,Male,Hyderabad,Realme,iOS,11.6,9.8,270.1,71,4.7,1366,7.9,3.2,1217,Social Media
U13381,32,Female,Hyderabad,Google Pixel,iOS,8.9,38.1,193.6,144,1.1,9550,5.0,3.9,629,Entertainment
U13382,45,Male,Pune,Vivo,Android,2.0,48.7,27.3,65,1.4,6203,7.6,2.3,1731,Social Media
U13383,53,Other,Mumbai,Apple,iOS,6.4,48.7,27.1,160,2.1,5474,0.8,0.0,1063,Social Media
U13384,33,Female,Bangalore,Xiaomi,iOS,6.4,48.2,182.7,115,2.5,8866,4.7,4.5,777,Education
U13385,46,Female,Lucknow,Xiaomi,iOS,1.4,16.5,273.3,61,3.1,3109,7.3,4.2,354,Social Media
U13386,44,Other,Chennai,Vivo,iOS,10.9,15.8,84.2,66,0.6,8288,5.3,1.4,1648,Gaming
U13387,39,Female,Jaipur,Motorola,iOS,9.9,15.4,72.1,127,5.7,357,1.6,5.0,830,Social Media
U13388,30,Other,Delhi,Vivo,Android,6.3,15.1,235.5,197,4.0,8619,3.3,2.2,1060,Education
U13389,43,Other,Hyderabad,Motorola,Android,8.9,22.2,265.5,30,2.2,8268,5.7,1.4,1282,Work
U13390,46,Other,Delhi,Samsung,Android,10.4,31.0,12.4,93,1.8,6707,3.4,2.0,1738,Work
U13391,33,Other,Bangalore,Xiaomi,iOS,7.6,39.8,188.4,113,5.5,7191,3.4,4.8,1533,Entertainment
U13392,54,Female,Delhi,Vivo,iOS,10.4,3.5,182.5,81,3.7,5076,0.9,3.8,195,Gaming
U13393,56,Male,Delhi,Motorola,iOS,8.6,3.6,173.1,102,1.5,3926,2.4,3.2,316,Education
U13394,51,Male,Pune,OnePlus,Android,7.9,24.4,218.4,55,5.4,7612,0.9,3.2,126,Education
U13395,18,Male,Mumbai,Xiaomi,iOS,2.2,1.8,155.9,69,3.2,3578,2.0,3.2,1955,Education
U13396,18,Female,Pune,Oppo,iOS,4.3,32.7,211.1,147,3.2,3530,2.8,4.8,527,Entertainment
U13397,29,Other,Lucknow,Google Pixel,Android,5.0,42.6,147.1,145,0.6,4096,5.2,2.3,1413,Gaming
U13398,46,Male,Lucknow,Google Pixel,Android,10.6,46.8,135.8,122,3.8,9422,2.2,2.6,412,Entertainment
U13399,38,Female,Kolkata,Oppo,iOS,2.6,6.4,184.4,122,1.1,8148,6.1,1.1,326,Work
U13400,43,Male,Jaipur,Oppo,Android,2.8,18.7,189.1,10,4.4,7778,5.7,4.6,330,Gaming
U13401,40,Other,Bangalore,Oppo,Android,2.2,25.1,132.7,49,4.2,7686,6.9,3.4,741,Social Media
U13402,19,Other,Jaipur,Google Pixel,iOS,8.3,8.9,115.2,94,1.7,7625,1.2,1.4,1669,Work
U13403,54,Female,Lucknow,Realme,iOS,11.6,45.4,100.8,57,3.7,9674,5.4,1.3,221,Gaming
U13404,25,Male,Kolkata,Realme,iOS,9.8,9.9,98.5,50,2.4,9199,1.9,3.2,1685,Social Media
U13405,51,Male,Jaipur,Oppo,Android,3.0,4.8,92.8,16,4.3,8455,4.0,3.7,1930,Gaming
U13406,60,Other,Ahmedabad,Apple,iOS,1.6,50.0,10.0,65,5.3,3711,5.6,1.7,1066,Education
U13407,30,Male,Jaipur,Realme,Android,10.9,27.9,210.0,193,4.3,7003,1.3,2.7,1360,Work
U13408,42,Male,Ahmedabad,Google Pixel,Android,4.0,6.3,202.4,39,1.7,9151,3.3,1.9,1595,Entertainment
U13409,47,Male,Jaipur,Motorola,Android,4.2,9.9,35.7,24,1.6,7690,6.9,2.9,1727,Work
U13410,46,Other,Kolkata,Google Pixel,Android,1.5,11.6,273.5,87,3.0,8209,2.5,1.0,1879,Social Media
U13411,46,Female,Mumbai,Realme,iOS,2.4,35.9,98.2,10,6.0,1874,1.2,0.6,1015,Education
U13412,15,Other,Delhi,Google Pixel,Android,6.1,43.6,74.5,100,1.3,4306,1.2,2.7,1812,Entertainment
U13413,18,Female,Lucknow,Xiaomi,iOS,2.5,33.5,12.3,154,3.6,1802,5.9,3.4,738,Entertainment
U13414,48,Male,Bangalore,Apple,iOS,11.9,36.6,147.7,188,5.5,3349,5.4,2.1,530,Entertainment
U13415,27,Other,Kolkata,Samsung,iOS,7.5,42.6,59.2,43,0.6,8757,4.3,3.4,1990,Gaming
U13416,46,Male,Mumbai,Realme,Android,4.8,18.5,114.5,195,0.5,3857,5.7,0.4,1405,Education
U13417,42,Male,Jaipur,Xiaomi,Android,9.2,41.2,67.2,126,5.6,4636,4.3,3.2,1973,Entertainment
U13418,43,Other,Bangalore,Motorola,iOS,8.1,34.4,275.7,135,1.7,6046,4.8,0.6,1682,Gaming
U13419,45,Female,Hyderabad,Realme,iOS,4.0,36.2,34.8,88,4.2,2833,4.8,3.1,1812,Gaming
U13420,53,Other,Mumbai,Xiaomi,iOS,6.9,7.0,27.2,58,3.8,7890,3.1,3.0,1051,Entertainment
U13421,31,Female,Chennai,Google Pixel,iOS,8.2,20.7,61.2,31,1.3,9748,4.7,2.4,1088,Work
U13422,25,Other,Chennai,Vivo,Android,2.6,2.2,153.1,119,4.7,8140,7.1,2.5,516,Entertainment
U13423,44,Female,Lucknow,Motorola,iOS,10.4,21.0,40.7,86,3.3,8821,0.5,1.8,945,Work
U13424,56,Female,Kolkata,Motorola,iOS,8.6,31.4,187.0,13,0.7,2390,2.3,3.2,1316,Social Media
U13425,46,Female,Jaipur,Vivo,iOS,2.5,24.2,7.0,62,1.4,2374,3.5,2.6,666,Entertainment
U13426,45,Other,Delhi,OnePlus,Android,6.2,7.0,282.8,142,2.8,4005,3.3,3.9,1119,Entertainment
U13427,46,Other,Chennai,Oppo,Android,9.8,12.6,152.8,147,3.6,1129,6.8,0.7,819,Education
U13428,15,Other,Bangalore,Samsung,Android,10.1,29.7,228.5,195,1.8,4079,3.5,1.0,1823,Gaming
U13429,19,Female,Mumbai,Nokia,iOS,7.6,30.5,137.1,119,5.3,9108,1.7,4.3,1446,Work
U13430,52,Other,Pune,Oppo,iOS,7.2,8.0,236.2,13,1.7,7628,3.1,3.1,576,Education
U13431,26,Other,Hyderabad,Motorola,Android,11.5,7.1,55.5,130,5.8,1960,6.4,0.3,1702,Gaming
U13432,35,Male,Mumbai,Vivo,Android,1.5,24.7,45.1,160,2.3,9907,4.9,3.0,989,Education
U13433,28,Male,Jaipur,Samsung,Android,7.2,40.6,68.9,127,2.3,751,1.0,0.9,1558,Work
U13434,17,Female,Hyderabad,Nokia,iOS,8.9,15.4,155.8,138,1.1,514,4.8,2.2,162,Social Media
U13435,35,Female,Ahmedabad,Motorola,iOS,1.8,48.6,199.8,153,3.9,8354,6.3,4.7,146,Education
U13436,59,Female,Jaipur,Motorola,Android,2.7,36.7,196.1,17,4.3,8957,2.0,3.9,572,Work
U13437,31,Other,Bangalore,Realme,Android,8.7,47.8,130.8,82,4.6,8003,2.7,4.1,1114,Education
U13438,60,Other,Delhi,Samsung,Android,5.0,28.5,264.4,38,1.2,1318,2.2,4.0,621,Gaming
U13439,57,Male,Hyderabad,Samsung,iOS,5.1,8.4,111.8,102,2.7,1335,6.8,0.3,1704,Entertainment
U13440,53,Male,Bangalore,Motorola,Android,11.2,43.1,242.0,90,3.1,8292,7.0,1.3,188,Social Media
U13441,31,Female,Chennai,Google Pixel,iOS,2.7,42.7,198.2,56,4.2,8360,0.6,1.0,350,Education
U13442,34,Other,Delhi,Oppo,Android,1.3,47.3,33.1,85,2.6,8447,5.3,4.8,477,Work
U13443,60,Female,Hyderabad,Motorola,Android,5.9,12.8,129.7,121,0.8,2180,4.7,2.0,272,Social Media
U13444,48,Other,Kolkata,OnePlus,Android,1.2,49.9,149.1,34,4.3,972,3.6,1.7,559,Social Media
U13445,31,Other,Chennai,Vivo,iOS,6.6,11.3,153.1,135,0.6,6420,0.7,5.0,1942,Gaming
U13446,58,Other,Chennai,Xiaomi,iOS,8.6,12.1,66.4,12,3.9,8090,6.9,3.3,1837,Entertainment
U13447,49,Other,Ahmedabad,Realme,iOS,4.5,26.4,241.0,42,5.4,1007,0.6,2.3,1787,Gaming
U13448,58,Other,Bangalore,Apple,iOS,9.1,1.5,267.7,18,4.1,1111,2.9,4.9,1557,Social Media
U13449,45,Other,Mumbai,OnePlus,Android,11.0,21.9,175.3,31,1.8,3899,1.1,2.1,1008,Entertainment
U13450,54,Female,Jaipur,OnePlus,Android,1.1,41.5,205.1,126,1.2,372,5.1,4.8,1511,Education
U13451,56,Male,Chennai,Samsung,iOS,3.0,33.4,231.9,104,5.2,7604,7.3,3.1,1084,Entertainment
U13452,28,Other,Jaipur,Apple,Android,3.6,1.7,135.6,139,5.7,7333,5.0,2.7,1189,Social Media
U13453,26,Female,Mumbai,Google Pixel,iOS,4.5,48.2,286.0,65,5.8,8086,5.6,1.0,1476,Education
U13454,26,Male,Chennai,Apple,iOS,4.5,9.3,205.4,123,3.6,6790,2.6,1.7,1786,Gaming
U13455,36,Female,Mumbai,Xiaomi,iOS,8.7,10.3,172.0,158,1.9,7855,7.1,4.3,208,Gaming
U13456,48,Female,Jaipur,Oppo,Android,7.5,29.0,293.6,119,5.7,6084,4.8,4.2,1982,Entertainment
U13457,54,Female,Chennai,Samsung,Android,5.7,19.8,56.1,93,4.0,7680,5.1,0.9,1178,Work
U13458,53,Male,Bangalore,Apple,iOS,5.0,10.6,289.0,53,5.2,9760,0.6,0.9,1297,Work
U13459,58,Male,Bangalore,Nokia,Android,4.0,13.8,41.3,110,3.1,6149,1.8,4.5,1875,Work
U13460,17,Other,Lucknow,Vivo,Android,7.1,24.5,97.0,31,0.8,1881,4.4,1.3,1677,Work
U13461,42,Male,Bangalore,Samsung,Android,11.6,21.3,165.3,60,1.4,9756,6.5,0.8,1656,Work
U13462,58,Male,Pune,Apple,Android,2.3,9.2,224.3,112,1.5,1574,4.1,1.6,1392,Entertainment
U13463,22,Other,Ahmedabad,OnePlus,Android,2.5,31.4,146.6,92,2.8,7251,5.9,2.4,1798,Social Media
U13464,52,Male,Kolkata,Vivo,Android,6.7,7.8,157.6,106,5.5,3709,2.4,2.0,1565,Gaming
U13465,48,Other,Delhi,Nokia,iOS,1.8,48.8,265.3,62,3.7,5972,2.6,1.1,1428,Education
U13466,20,Male,Ahmedabad,Nokia,Android,6.9,36.3,131.1,87,5.1,6510,1.6,1.4,820,Gaming
U13467,32,Male,Delhi,Motorola,iOS,10.0,18.8,293.9,67,4.9,4657,7.5,3.7,458,Gaming
U13468,54,Other,Lucknow,Nokia,iOS,11.5,33.2,275.5,185,4.9,5841,1.5,2.0,587,Social Media
U13469,41,Male,Mumbai,Google Pixel,iOS,9.4,35.6,249.9,62,0.8,4751,0.5,0.3,880,Work
U13470,27,Other,Hyderabad,OnePlus,iOS,4.0,39.9,209.4,171,3.4,722,3.1,4.3,266,Gaming
U13471,56,Male,Pune,Samsung,iOS,10.9,3.7,91.2,178,2.0,4315,1.4,4.2,254,Education
U13472,41,Male,Bangalore,Realme,iOS,10.5,47.9,150.7,24,2.2,7872,1.8,4.5,1169,Entertainment
U13473,55,Female,Pune,Oppo,iOS,7.2,11.3,100.6,157,4.0,990,1.9,2.6,286,Social Media
U13474,51,Other,Bangalore,Xiaomi,Android,8.0,18.5,191.9,193,3.3,1138,0.8,2.1,1904,Social Media
U13475,34,Male,Mumbai,Xiaomi,iOS,2.0,9.8,186.7,104,3.2,8029,4.5,1.7,509,Work
U13476,39,Male,Lucknow,Realme,iOS,10.0,33.3,250.6,35,1.9,8101,1.3,4.9,1412,Education
U13477,42,Other,Delhi,OnePlus,Android,10.8,11.0,242.4,101,2.2,1484,7.7,0.2,740,Education
U13478,24,Female,Ahmedabad,Xiaomi,iOS,4.0,19.3,216.4,44,5.0,362,4.4,4.4,1032,Education
U13479,41,Male,Mumbai,Google Pixel,iOS,6.9,33.8,145.0,35,2.2,5099,2.7,2.4,177,Education
U13480,27,Female,Mumbai,Google Pixel,iOS,1.7,33.5,127.0,83,1.1,103,6.1,1.0,371,Work
U13481,54,Female,Mumbai,OnePlus,iOS,4.5,41.1,36.4,149,2.9,8280,5.0,0.2,553,Work
U13482,19,Female,Ahmedabad,Google Pixel,iOS,3.6,43.4,217.3,200,2.9,4091,0.6,2.2,762,Entertainment
U13483,44,Male,Bangalore,OnePlus,iOS,6.3,48.6,85.4,84,4.7,9262,4.8,0.0,1017,Education
U13484,16,Other,Jaipur,Oppo,Android,7.7,17.2,89.6,100,2.6,9060,5.9,2.8,1489,Social Media
U13485,20,Other,Pune,Samsung,iOS,9.6,45.3,270.7,133,5.0,1103,5.2,1.4,1624,Social Media
U13486,51,Other,Hyderabad,Realme,Android,1.4,10.4,87.5,110,2.9,4029,6.2,3.4,1219,Entertainment
U13487,32,Male,Delhi,Oppo,Android,4.8,28.9,144.2,136,3.4,8781,6.4,4.3,695,Entertainment
U13488,24,Other,Hyderabad,Samsung,Android,10.5,42.6,149.9,27,5.3,7992,6.8,1.2,1070,Entertainment
U13489,29,Other,Delhi,Realme,Android,7.9,43.8,12.1,33,5.5,7508,2.8,2.2,1246,Entertainment
U13490,58,Male,Kolkata,Samsung,iOS,4.1,17.5,181.3,107,0.8,196,5.8,2.9,1899,Social Media
U13491,37,Other,Pune,Google Pixel,Android,7.3,16.3,146.0,135,2.2,1571,1.7,3.1,132,Gaming
U13492,21,Other,Lucknow,Nokia,Android,6.7,28.2,164.8,96,3.7,2541,0.7,4.2,1295,Social Media
U13493,50,Other,Ahmedabad,Oppo,Android,1.9,26.5,277.5,172,2.2,8721,3.2,2.6,1331,Education
U13494,54,Female,Delhi,Samsung,Android,2.9,21.4,66.7,128,0.5,3218,3.7,4.0,1024,Gaming
U13495,21,Female,Pune,Oppo,Android,11.9,10.7,152.5,48,0.7,3746,3.8,2.4,1165,Education
U13496,37,Male,Chennai,Realme,Android,1.5,44.9,148.0,40,0.6,5024,1.9,1.2,845,Social Media
U13497,45,Female,Chennai,Motorola,Android,10.7,38.3,273.3,143,5.3,5164,4.5,0.8,347,Social Media
U13498,19,Female,Ahmedabad,Vivo,Android,4.0,30.0,170.2,115,0.6,1224,4.8,1.0,230,Entertainment
U13499,56,Other,Chennai,Samsung,Android,1.3,38.1,179.5,172,4.9,3297,1.4,2.1,1206,Entertainment
U13500,45,Other,Hyderabad,Vivo,iOS,1.7,37.6,64.7,95,3.0,5337,5.4,2.9,390,Entertainment
U13501,32,Other,Jaipur,Realme,iOS,3.8,17.0,47.7,22,5.9,3277,3.8,0.9,1071,Work
U13502,26,Male,Delhi,Nokia,Android,2.3,9.6,207.3,119,4.9,2169,3.2,1.6,911,Education
U13503,46,Female,Bangalore,Vivo,iOS,6.1,49.0,45.6,152,5.6,8754,1.5,0.0,852,Work
U13504,27,Male,Hyderabad,Vivo,Android,10.4,25.1,215.6,181,3.0,1508,0.7,1.2,212,Education
U13505,57,Female,Chennai,Google Pixel,iOS,10.8,15.7,98.7,24,4.3,3417,0.6,4.6,666,Work
U13506,15,Female,Jaipur,Samsung,iOS,6.8,12.4,18.6,159,1.6,2805,1.1,2.1,382,Entertainment
U13507,17,Male,Mumbai,Motorola,Android,7.7,22.5,155.7,195,4.4,5952,3.4,1.2,1680,Gaming
U13508,42,Other,Delhi,Motorola,Android,1.2,28.2,266.8,55,1.8,3662,2.0,2.5,1399,Work
U13509,55,Other,Pune,Nokia,iOS,4.2,32.8,173.5,37,4.6,5880,0.9,4.1,526,Entertainment
U13510,60,Other,Bangalore,Samsung,iOS,11.1,24.7,116.2,102,0.7,8190,0.9,1.0,1411,Education
U13511,35,Other,Mumbai,Samsung,iOS,9.2,7.7,46.9,24,1.8,1190,1.8,3.9,1404,Work
U13512,30,Female,Chennai,Oppo,iOS,1.7,7.1,279.3,11,1.6,741,7.3,4.5,446,Gaming
U13513,22,Male,Mumbai,Google Pixel,iOS,1.9,49.4,172.1,188,3.2,228,7.6,0.4,153,Education
U13514,31,Female,Hyderabad,Xiaomi,Android,6.2,18.4,31.0,164,5.4,1243,7.5,4.6,462,Gaming
U13515,19,Female,Jaipur,Apple,Android,9.1,47.3,52.3,43,2.8,2913,3.9,1.9,402,Work
U13516,49,Other,Ahmedabad,Xiaomi,Android,5.6,43.3,248.9,156,5.1,8227,7.9,1.6,107,Education
U13517,59,Female,Pune,Apple,Android,4.9,31.7,77.2,183,1.7,5846,5.3,1.2,1794,Social Media
U13518,17,Male,Jaipur,Oppo,iOS,7.0,46.3,125.6,151,4.8,3606,6.9,3.3,1764,Social Media
U13519,50,Female,Pune,Realme,Android,1.8,4.6,140.1,70,3.1,9902,2.2,3.0,487,Entertainment
U13520,55,Female,Lucknow,Google Pixel,iOS,8.3,46.9,206.2,114,2.3,7106,0.9,4.8,1019,Entertainment
U13521,34,Other,Delhi,Realme,iOS,3.9,39.2,257.7,126,3.3,2733,4.4,2.6,387,Entertainment
U13522,27,Male,Bangalore,Google Pixel,iOS,7.0,24.2,82.0,145,1.1,9877,5.1,1.6,1804,Education
U13523,34,Male,Ahmedabad,Realme,iOS,9.6,34.3,274.2,96,1.7,998,1.5,0.4,532,Education
U13524,37,Other,Kolkata,Realme,iOS,7.7,26.5,168.1,148,4.5,7202,4.6,1.0,277,Entertainment
U13525,56,Female,Delhi,Google Pixel,Android,10.4,3.7,174.4,177,4.1,3087,6.5,0.4,1186,Social Media
U13526,22,Other,Ahmedabad,Xiaomi,Android,1.8,23.7,228.0,114,5.4,602,2.1,4.7,1691,Entertainment
U13527,23,Male,Lucknow,Apple,iOS,1.1,4.7,115.4,128,5.3,3056,1.1,3.9,291,Work
U13528,26,Male,Delhi,Apple,iOS,2.1,34.3,168.7,153,1.6,8924,7.6,4.5,1293,Entertainment
U13529,54,Female,Mumbai,Nokia,Android,1.7,16.2,248.6,141,2.8,9066,3.3,4.5,1756,Education
U13530,48,Other,Delhi,Google Pixel,iOS,11.5,40.6,98.9,171,3.1,4880,3.7,4.6,659,Work
U13531,55,Other,Pune,Vivo,Android,10.0,32.9,145.5,38,1.9,3573,4.0,1.8,1553,Work
U13532,16,Female,Lucknow,Nokia,Android,11.6,21.6,215.2,77,4.4,1712,1.2,0.9,797,Gaming
U13533,16,Female,Jaipur,Realme,iOS,2.9,18.1,204.9,121,5.8,9043,6.6,2.5,1238,Social Media
U13534,41,Other,Jaipur,Apple,Android,3.1,14.6,20.8,83,2.4,4098,6.4,5.0,807,Gaming
U13535,19,Female,Bangalore,Motorola,Android,10.4,9.7,147.5,13,5.2,8676,0.9,3.3,1354,Work
U13536,41,Male,Jaipur,Motorola,iOS,4.8,7.1,29.1,158,1.9,7994,4.7,0.4,1082,Entertainment
U13537,46,Female,Jaipur,Realme,Android,7.1,46.2,84.1,151,1.2,655,7.6,0.7,1635,Education
U13538,58,Other,Mumbai,Motorola,Android,5.7,21.8,30.7,83,3.4,5897,2.3,1.1,682,Entertainment
U13539,15,Other,Mumbai,Nokia,iOS,9.3,25.9,82.0,34,2.6,1028,6.8,3.7,800,Work
U13540,25,Other,Mumbai,Realme,Android,11.0,31.6,196.1,169,1.1,8130,2.1,3.1,1269,Social Media
U13541,29,Male,Mumbai,Google Pixel,iOS,11.5,48.1,64.5,105,4.6,1800,6.5,2.0,884,Work
U13542,16,Male,Delhi,Oppo,Android,8.6,34.5,117.7,113,3.1,3182,6.4,3.5,1418,Entertainment
U13543,45,Female,Lucknow,OnePlus,Android,9.0,33.4,232.6,43,5.8,8450,3.2,1.2,1926,Social Media
U13544,41,Female,Pune,Google Pixel,Android,3.1,22.9,193.5,68,4.0,8829,2.7,0.6,1056,Work
U13545,41,Male,Delhi,Apple,iOS,4.4,40.6,192.6,32,4.6,6049,6.4,0.4,794,Work
U13546,17,Male,Bangalore,Vivo,iOS,6.3,46.3,230.1,36,5.2,9273,0.6,2.9,1470,Entertainment
U13547,32,Male,Bangalore,Apple,iOS,4.0,33.8,75.9,40,5.1,3979,3.1,4.9,129,Education
U13548,59,Other,Kolkata,Motorola,Android,2.7,9.1,27.3,123,4.0,2955,2.4,0.7,515,Entertainment
U13549,21,Female,Jaipur,Samsung,iOS,11.4,37.1,122.2,106,2.0,2917,4.3,4.2,908,Gaming
U13550,58,Other,Chennai,Motorola,Android,3.0,32.2,252.6,164,2.4,2755,1.5,2.5,1420,Work
U13551,37,Male,Delhi,OnePlus,Android,10.6,11.6,270.1,114,1.7,7513,7.5,1.3,246,Gaming
U13552,34,Male,Bangalore,Samsung,Android,10.6,23.4,23.8,200,5.9,9951,3.6,3.2,1667,Gaming
U13553,27,Male,Pune,OnePlus,iOS,5.9,28.5,143.1,105,5.9,8821,5.3,0.9,713,Social Media
U13554,34,Male,Bangalore,Samsung,iOS,6.6,8.9,130.3,80,3.8,5069,7.5,1.7,1480,Entertainment
U13555,20,Other,Bangalore,OnePlus,iOS,4.8,5.9,94.0,152,5.0,2608,3.0,1.5,777,Social Media
U13556,59,Other,Pune,Xiaomi,iOS,1.0,14.6,20.5,37,5.8,6072,6.6,0.1,298,Work
U13557,39,Female,Kolkata,Apple,Android,7.0,49.7,105.9,138,1.9,3151,4.2,3.9,1625,Gaming
U13558,59,Male,Pune,Oppo,iOS,5.7,33.2,137.0,23,1.3,1851,4.5,2.2,1866,Gaming
U13559,45,Male,Hyderabad,Realme,iOS,1.9,8.0,40.4,140,1.0,8366,7.6,0.8,113,Work
U13560,31,Male,Mumbai,Realme,Android,10.7,42.2,113.0,71,1.1,7406,3.9,0.6,622,Education
U13561,33,Female,Jaipur,Realme,iOS,8.9,25.0,76.9,184,5.3,8752,4.9,0.6,284,Work
U13562,23,Female,Bangalore,Google Pixel,Android,5.9,8.0,291.2,14,4.8,2853,6.8,2.2,1395,Entertainment
U13563,36,Other,Bangalore,Oppo,Android,11.6,18.8,281.5,113,3.7,5780,7.9,3.0,1470,Gaming
U13564,22,Female,Ahmedabad,Samsung,iOS,2.0,8.3,98.9,38,5.2,6766,0.6,4.7,1875,Work
U13565,40,Other,Delhi,Oppo,iOS,1.4,37.2,163.4,51,3.7,609,2.9,4.2,990,Work
U13566,50,Female,Kolkata,Apple,Android,9.8,17.3,196.4,179,1.0,2922,4.4,1.3,337,Work
U13567,19,Male,Bangalore,Nokia,Android,7.3,18.0,271.7,49,1.1,9509,0.7,2.9,1984,Gaming
U13568,17,Other,Jaipur,OnePlus,iOS,3.7,38.0,223.5,72,5.3,9807,6.4,3.0,221,Entertainment
U13569,22,Female,Hyderabad,Vivo,Android,6.5,33.4,88.3,61,2.0,3299,2.6,0.6,951,Education
U13570,20,Other,Chennai,Google Pixel,iOS,6.7,23.5,263.1,172,2.2,501,6.2,4.9,880,Work
U13571,27,Other,Delhi,OnePlus,Android,5.2,46.1,154.9,176,3.6,2086,6.9,3.7,1006,Work
U13572,21,Female,Delhi,Oppo,iOS,5.0,10.0,171.6,197,0.8,9798,7.7,4.1,1645,Entertainment
U13573,25,Other,Jaipur,Vivo,iOS,8.3,21.5,67.3,137,3.4,7462,5.4,3.6,578,Gaming
U13574,39,Other,Chennai,OnePlus,iOS,9.6,6.0,147.1,161,2.9,3237,7.9,0.6,1653,Entertainment
U13575,54,Male,Chennai,Xiaomi,Android,2.4,3.4,145.5,112,4.7,2162,7.2,2.9,118,Social Media
U13576,45,Other,Ahmedabad,Motorola,iOS,5.7,33.2,241.6,21,2.5,183,2.9,0.4,443,Gaming
U13577,31,Female,Kolkata,Oppo,Android,11.3,26.9,262.9,18,3.8,6539,2.5,3.8,651,Entertainment
U13578,22,Male,Kolkata,Oppo,iOS,5.3,48.2,25.7,19,3.8,1548,2.6,1.2,1941,Social Media
U13579,34,Other,Chennai,OnePlus,Android,1.3,25.9,264.7,198,4.7,5203,2.0,4.0,985,Work
U13580,23,Female,Delhi,OnePlus,Android,5.2,12.8,277.3,196,0.8,9643,6.7,1.6,1963,Education
U13581,25,Other,Chennai,Oppo,Android,2.5,31.4,108.0,119,3.9,6142,4.4,3.8,1892,Work
U13582,17,Female,Pune,Samsung,iOS,6.0,49.9,252.1,49,2.2,131,3.0,0.1,1001,Entertainment
U13583,48,Male,Delhi,OnePlus,iOS,2.2,21.0,292.9,56,5.9,794,4.7,1.9,1734,Education
U13584,38,Female,Delhi,Samsung,Android,7.4,16.0,168.2,194,4.7,2400,2.0,3.9,1870,Work
U13585,32,Male,Delhi,Apple,Android,5.0,49.9,238.4,124,4.4,1757,7.6,1.0,1615,Work
U13586,35,Female,Chennai,Oppo,iOS,10.7,45.9,258.8,20,2.6,7262,3.2,3.3,944,Gaming
U13587,51,Other,Jaipur,Apple,iOS,11.5,32.6,164.8,93,0.8,148,0.6,3.8,199,Education
U13588,43,Other,Lucknow,Nokia,Android,7.8,39.2,186.3,184,4.1,7681,3.3,0.0,1903,Entertainment
U13589,36,Other,Pune,Oppo,iOS,5.5,36.2,118.0,56,4.6,2332,7.3,2.6,837,Work
U13590,39,Other,Lucknow,Nokia,Android,10.8,13.0,139.9,167,5.8,5975,6.5,2.3,537,Education
U13591,44,Male,Mumbai,Nokia,Android,10.3,46.5,117.2,174,5.4,2895,2.8,3.3,1947,Gaming
U13592,55,Female,Jaipur,Xiaomi,iOS,1.8,30.9,251.3,189,1.8,6635,2.0,4.6,1426,Work
U13593,23,Female,Jaipur,OnePlus,Android,4.3,38.5,67.6,159,2.2,9266,4.1,1.1,124,Social Media
U13594,18,Other,Bangalore,Xiaomi,iOS,4.2,32.3,234.1,118,2.5,1175,7.4,0.4,1180,Work
U13595,17,Male,Lucknow,Realme,iOS,8.4,42.1,199.4,69,1.5,2081,1.2,0.3,1674,Education
U13596,20,Other,Delhi,Xiaomi,iOS,6.0,26.3,49.5,70,1.7,9294,1.9,1.8,947,Education
U13597,41,Other,Lucknow,Apple,iOS,4.6,35.1,109.4,110,3.5,1603,1.5,4.7,1055,Gaming
U13598,28,Female,Mumbai,Google Pixel,Android,5.3,21.9,46.7,127,5.1,6028,2.9,4.2,1607,Work
U13599,31,Other,Delhi,Realme,iOS,3.5,18.1,115.7,158,3.6,1678,3.7,1.9,798,Social Media
U13600,31,Other,Kolkata,Apple,iOS,11.8,24.6,115.6,116,5.9,1279,2.8,1.5,664,Education
U13601,55,Male,Mumbai,Vivo,Android,2.0,42.5,219.1,76,3.6,3366,6.2,3.0,182,Entertainment
U13602,22,Other,Delhi,OnePlus,Android,11.9,16.2,139.8,103,5.1,572,6.4,1.2,1460,Education
U13603,24,Other,Mumbai,Xiaomi,iOS,6.5,32.7,169.9,28,5.2,6463,1.7,0.9,442,Gaming
U13604,43,Other,Bangalore,Apple,iOS,2.9,10.6,284.0,160,5.4,2654,2.0,3.8,1206,Entertainment
U13605,35,Other,Pune,Motorola,Android,2.7,7.1,164.9,55,3.7,3320,1.3,3.0,1464,Work
U13606,52,Female,Pune,Nokia,Android,9.3,43.1,253.8,37,5.5,2094,2.3,1.4,173,Entertainment
U13607,52,Male,Pune,Samsung,Android,10.5,29.3,126.3,85,1.5,6741,2.8,0.9,646,Gaming
U13608,21,Other,Chennai,Vivo,Android,8.0,6.6,118.1,135,5.9,9405,4.9,3.1,969,Work
U13609,51,Other,Delhi,Oppo,iOS,6.2,18.6,6.3,62,5.4,7964,4.0,1.2,1625,Work
U13610,48,Other,Chennai,Motorola,Android,1.9,5.7,236.2,174,3.4,6518,6.0,4.0,1331,Education
U13611,39,Other,Pune,Vivo,Android,1.0,32.8,281.6,69,4.7,4832,6.3,4.4,501,Education
U13612,41,Female,Delhi,Oppo,iOS,2.4,34.3,78.5,32,3.1,2410,7.6,3.6,1208,Work
U13613,26,Male,Hyderabad,Vivo,Android,4.4,19.4,209.8,83,2.5,526,3.7,1.7,1873,Education
U13614,41,Female,Jaipur,Realme,iOS,11.8,31.2,21.2,171,4.8,6878,3.7,1.7,1393,Education
U13615,29,Male,Kolkata,Google Pixel,Android,7.9,15.1,223.9,123,1.1,6496,5.0,4.7,1404,Social Media
U13616,38,Female,Delhi,Vivo,Android,6.8,13.4,63.3,159,5.7,504,5.2,1.9,1313,Work
U13617,43,Other,Pune,Nokia,iOS,5.3,29.3,265.1,168,3.2,7610,0.8,2.5,741,Work
U13618,24,Male,Pune,Nokia,iOS,4.4,37.8,177.1,178,0.5,5119,4.5,0.4,649,Entertainment
U13619,26,Female,Hyderabad,Nokia,iOS,3.3,3.9,164.0,70,5.6,4924,1.3,2.9,330,Gaming
U13620,40,Other,Hyderabad,OnePlus,iOS,1.9,21.9,200.7,152,2.0,3992,2.6,3.2,1947,Education
U13621,52,Female,Pune,Apple,iOS,4.8,36.5,278.1,42,1.2,1052,1.1,1.0,1261,Entertainment
U13622,26,Male,Mumbai,Motorola,Android,2.1,12.5,119.1,82,0.9,2892,7.7,0.7,209,Education
U13623,28,Female,Pune,Oppo,iOS,7.4,46.9,21.7,66,1.1,7163,7.1,3.6,1155,Work
U13624,49,Other,Delhi,Google Pixel,Android,1.2,38.1,34.4,158,3.4,6673,4.6,4.4,838,Social Media
U13625,25,Female,Lucknow,Motorola,iOS,7.4,15.7,271.0,97,4.1,5529,4.3,3.4,1552,Entertainment
U13626,21,Other,Lucknow,Realme,Android,9.5,11.7,178.2,73,1.3,1370,3.0,3.5,184,Work
U13627,29,Female,Mumbai,Vivo,iOS,8.2,38.2,164.5,198,4.3,2051,0.7,4.1,1713,Social Media
U13628,36,Other,Hyderabad,Xiaomi,Android,1.9,31.1,241.6,186,5.3,1766,4.1,3.4,1334,Gaming
U13629,55,Male,Kolkata,OnePlus,Android,5.5,37.6,98.3,152,0.7,4757,2.3,2.2,1733,Entertainment
U13630,41,Other,Jaipur,Oppo,Android,1.8,47.0,17.2,83,1.8,7524,2.5,1.2,1130,Entertainment
U13631,46,Other,Jaipur,Samsung,iOS,7.0,23.7,168.2,73,3.4,7236,4.9,3.1,1056,Gaming
U13632,28,Female,Mumbai,Nokia,iOS,4.8,7.8,149.3,168,4.4,9597,1.6,1.5,769,Work
U13633,56,Other,Kolkata,Apple,iOS,2.1,19.6,243.4,133,1.0,3685,5.7,2.7,1180,Education
U13634,24,Other,Jaipur,Apple,iOS,4.1,49.7,272.2,117,1.2,3687,2.9,3.1,1621,Work
U13635,57,Female,Pune,Nokia,iOS,10.8,35.2,282.5,194,2.6,2958,3.1,3.5,671,Education
U13636,59,Female,Kolkata,Xiaomi,Android,11.7,6.6,285.7,78,0.9,7581,1.2,4.7,1230,Social Media
U13637,45,Male,Delhi,Samsung,iOS,4.8,9.2,247.2,93,3.7,5397,1.6,0.4,371,Work
U13638,44,Male,Ahmedabad,OnePlus,iOS,10.2,50.0,291.0,61,3.4,8027,8.0,1.8,721,Work
U13639,57,Male,Lucknow,Motorola,Android,1.1,25.8,104.0,42,5.8,6986,4.4,2.9,435,Gaming
U13640,43,Other,Jaipur,Realme,Android,8.9,28.2,26.7,174,3.7,3839,4.3,2.7,1039,Gaming
U13641,35,Female,Bangalore,Samsung,Android,2.7,16.5,69.4,75,4.3,5733,3.5,1.8,1886,Entertainment
U13642,16,Male,Lucknow,Xiaomi,iOS,10.8,15.8,152.6,71,4.9,7156,7.6,2.1,1750,Work
U13643,37,Other,Bangalore,Google Pixel,Android,6.5,39.4,206.5,13,2.1,7325,1.5,3.8,657,Gaming
U13644,17,Other,Mumbai,Apple,Android,3.7,37.2,45.1,195,4.9,5732,2.0,2.7,1719,Work
U13645,24,Male,Mumbai,Oppo,Android,6.5,25.0,102.0,174,1.0,5049,1.0,1.1,508,Gaming
U13646,19,Male,Jaipur,Motorola,Android,1.2,12.3,264.8,95,0.9,4999,1.5,4.0,622,Work
U13647,57,Other,Pune,Samsung,iOS,4.7,49.5,25.1,21,4.2,2377,6.0,2.3,1428,Work
U13648,53,Female,Hyderabad,Samsung,Android,6.7,21.2,112.0,125,4.1,7590,4.8,4.0,1713,Social Media
U13649,33,Female,Delhi,Google Pixel,Android,9.0,15.4,252.4,81,1.3,7522,7.6,3.6,1918,Social Media
U13650,43,Female,Pune,Nokia,Android,5.9,47.7,128.5,151,1.8,4000,7.5,1.4,1041,Work
U13651,49,Male,Lucknow,Oppo,iOS,1.0,37.9,211.3,196,1.1,3794,4.2,4.7,1504,Work
U13652,56,Male,Pune,Google Pixel,iOS,8.9,4.5,133.8,193,4.6,3056,6.7,0.8,866,Entertainment
U13653,15,Other,Delhi,Xiaomi,iOS,8.0,29.6,90.1,40,4.9,347,5.3,1.9,1757,Social Media
U13654,21,Male,Delhi,Xiaomi,iOS,5.5,25.8,292.2,97,3.3,1235,2.6,4.1,1258,Social Media
U13655,36,Female,Bangalore,Apple,Android,4.9,22.9,253.3,58,3.8,4545,6.6,0.4,929,Work
U13656,29,Other,Mumbai,Realme,iOS,1.1,22.3,87.4,191,3.1,1307,7.8,2.3,1701,Entertainment
U13657,48,Female,Bangalore,Google Pixel,Android,1.6,35.9,127.2,145,5.4,2911,6.9,3.4,622,Gaming
U13658,40,Male,Hyderabad,Apple,iOS,3.6,35.2,185.3,95,1.0,9401,0.7,3.6,545,Education
U13659,25,Other,Chennai,Samsung,iOS,5.3,24.8,153.3,13,2.6,6646,3.7,4.9,1513,Social Media
U13660,28,Other,Jaipur,Google Pixel,Android,2.3,44.9,211.3,180,1.7,5175,1.3,3.7,1434,Work
U13661,39,Female,Lucknow,Xiaomi,Android,7.8,7.0,7.3,98,2.0,1378,1.8,0.7,771,Work
U13662,35,Female,Jaipur,Apple,Android,9.4,42.6,81.6,51,5.0,5578,5.9,3.0,1319,Entertainment
U13663,39,Female,Pune,Realme,Android,5.5,27.3,136.7,50,2.5,5559,4.2,3.0,463,Work
U13664,50,Male,Hyderabad,Realme,iOS,7.4,37.4,245.0,179,3.9,2692,7.1,2.2,681,Social Media
U13665,60,Male,Jaipur,Samsung,Android,2.2,21.5,32.1,162,1.8,7601,1.3,2.8,1113,Social Media
U13666,60,Female,Lucknow,Realme,iOS,6.5,26.1,64.1,184,4.6,8811,0.8,2.1,802,Social Media
U13667,47,Male,Kolkata,Vivo,iOS,1.4,49.7,74.5,45,1.7,9591,4.5,0.3,528,Social Media
U13668,48,Female,Jaipur,Vivo,Android,2.3,5.4,94.5,103,5.1,1003,7.4,0.4,604,Entertainment
U13669,57,Female,Lucknow,Apple,iOS,5.0,46.9,61.7,14,5.1,9017,1.0,4.5,580,Social Media
U13670,59,Female,Bangalore,Xiaomi,iOS,6.5,17.8,152.0,68,3.3,3958,1.9,1.9,1668,Gaming
U13671,22,Male,Ahmedabad,Nokia,Android,7.8,15.1,273.2,113,3.5,5944,7.7,4.3,1170,Social Media
U13672,46,Female,Chennai,Google Pixel,iOS,9.5,42.3,167.8,131,2.7,4665,4.3,2.0,1673,Work
U13673,16,Female,Jaipur,Apple,Android,5.9,47.2,148.4,29,4.4,522,3.5,3.3,369,Entertainment
U13674,20,Female,Mumbai,Realme,Android,11.8,19.4,57.8,80,4.1,3563,2.6,3.8,1393,Entertainment
U13675,59,Other,Delhi,Apple,Android,7.5,39.0,135.3,118,4.8,6859,6.2,4.8,499,Gaming
U13676,26,Female,Jaipur,OnePlus,iOS,6.4,43.0,95.3,54,5.0,1782,4.8,2.6,1437,Work
U13677,56,Male,Mumbai,Oppo,Android,1.4,9.2,262.8,92,1.0,6080,3.3,4.2,396,Gaming
U13678,49,Male,Lucknow,Apple,Android,3.8,34.9,126.8,46,2.5,1761,2.4,2.5,437,Work
U13679,55,Other,Chennai,Apple,iOS,6.1,47.3,139.6,51,1.8,5752,6.1,4.9,1107,Social Media
U13680,35,Female,Pune,Samsung,iOS,2.1,30.7,224.9,59,1.4,9350,5.3,3.7,1004,Work
U13681,44,Male,Chennai,Nokia,Android,5.4,23.0,125.6,92,3.8,9719,0.6,3.8,481,Social Media
U13682,38,Other,Hyderabad,OnePlus,Android,8.6,34.4,88.5,20,5.3,4612,7.4,5.0,504,Gaming
U13683,54,Male,Hyderabad,Xiaomi,iOS,8.5,28.2,281.5,56,3.0,7006,6.4,0.5,819,Entertainment
U13684,28,Other,Kolkata,Realme,iOS,3.5,4.7,258.0,97,4.0,7778,3.6,3.7,1215,Social Media
U13685,25,Female,Ahmedabad,Google Pixel,iOS,3.7,32.5,221.1,167,3.4,4400,8.0,3.6,1915,Entertainment
U13686,41,Male,Lucknow,OnePlus,Android,4.7,47.5,10.7,70,5.1,3494,7.2,3.3,752,Entertainment
U13687,17,Female,Bangalore,Vivo,iOS,1.2,15.4,82.1,176,5.7,6196,7.3,0.2,367,Work
U13688,55,Other,Ahmedabad,Realme,iOS,3.5,27.2,115.7,79,4.8,6835,0.7,0.1,1536,Gaming
U13689,34,Female,Chennai,Xiaomi,iOS,4.6,22.8,289.6,53,3.8,1258,3.8,1.5,1713,Entertainment
U13690,49,Female,Lucknow,Nokia,iOS,5.7,49.9,28.4,32,1.1,8301,1.7,2.0,336,Entertainment
U13691,51,Other,Delhi,OnePlus,Android,1.7,31.2,246.5,110,3.8,7650,4.1,3.2,1577,Entertainment
U13692,48,Male,Jaipur,Oppo,iOS,5.6,31.7,292.6,16,2.5,119,6.9,4.0,505,Education
U13693,36,Other,Kolkata,Motorola,Android,11.7,44.4,69.1,88,4.1,4003,1.9,3.9,1340,Gaming
U13694,48,Other,Kolkata,Realme,iOS,3.6,32.8,157.9,105,5.2,5132,5.1,4.7,729,Entertainment
U13695,45,Male,Hyderabad,Google Pixel,iOS,8.7,12.2,160.6,161,2.1,8216,4.8,3.3,155,Gaming
U13696,58,Male,Ahmedabad,Oppo,Android,7.9,49.8,260.1,144,4.3,7819,4.5,4.7,656,Work
U13697,55,Female,Mumbai,Motorola,Android,11.0,39.0,157.8,170,0.6,3781,2.8,0.5,1562,Social Media
U13698,30,Female,Kolkata,Realme,iOS,9.1,29.4,147.7,98,0.8,8164,7.6,4.0,1286,Education
U13699,33,Male,Bangalore,Samsung,Android,5.6,3.6,106.6,50,4.2,7896,4.2,4.7,1844,Education
U13700,52,Male,Chennai,OnePlus,iOS,3.1,33.0,82.6,33,0.9,7609,5.4,3.1,645,Education
U13701,17,Female,Chennai,Google Pixel,iOS,3.4,20.8,57.0,136,4.3,4652,1.3,4.5,1570,Education
U13702,17,Male,Delhi,Realme,iOS,8.5,21.3,212.4,21,5.7,2337,1.3,3.3,592,Gaming
U13703,30,Female,Hyderabad,Xiaomi,Android,1.3,1.3,108.5,14,4.5,1246,3.7,3.4,277,Social Media
U13704,17,Female,Bangalore,Vivo,iOS,5.2,34.5,12.2,83,5.3,9148,2.7,1.7,320,Education
U13705,23,Other,Lucknow,Apple,Android,11.1,43.4,216.0,52,4.2,8809,0.7,4.4,1637,Work
U13706,24,Other,Ahmedabad,Oppo,Android,8.6,42.8,143.8,99,1.4,4373,7.8,4.1,276,Work
U13707,50,Male,Ahmedabad,Google Pixel,iOS,3.7,14.6,247.2,57,5.7,1504,4.5,1.9,1465,Gaming
U13708,39,Male,Chennai,Google Pixel,Android,8.4,7.3,187.2,115,1.7,6175,7.8,3.6,1371,Education
U13709,47,Other,Bangalore,Apple,iOS,11.2,10.9,132.3,105,4.1,8929,4.9,3.9,464,Gaming
U13710,27,Male,Delhi,Xiaomi,Android,5.2,41.1,82.3,119,4.4,3494,4.9,3.5,823,Gaming
U13711,54,Other,Ahmedabad,Samsung,Android,8.0,31.8,274.4,111,5.4,8713,3.7,0.2,366,Education
U13712,54,Other,Kolkata,Google Pixel,Android,3.8,34.2,227.7,157,3.6,3493,4.3,1.1,1215,Social Media
U13713,38,Other,Ahmedabad,Vivo,iOS,6.4,30.1,144.7,108,2.6,1482,5.9,2.4,1160,Gaming
U13714,32,Female,Chennai,Google Pixel,iOS,7.5,23.3,48.5,90,4.5,407,2.9,3.3,519,Social Media
U13715,19,Female,Jaipur,Vivo,iOS,7.5,20.3,150.6,151,4.2,9819,6.1,2.0,1544,Entertainment
U13716,37,Other,Mumbai,Nokia,iOS,3.7,7.3,222.2,49,0.8,4248,5.8,4.6,1367,Work
U13717,48,Male,Ahmedabad,Apple,Android,1.6,10.0,219.5,125,4.4,7046,1.9,2.8,248,Gaming
U13718,40,Male,Jaipur,Realme,Android,11.4,17.1,148.9,49,5.4,2822,5.5,2.0,782,Gaming
U13719,51,Female,Mumbai,Xiaomi,Android,6.2,9.3,50.0,155,4.0,8909,8.0,4.6,788,Social Media
U13720,54,Male,Bangalore,Xiaomi,iOS,10.8,15.2,232.8,63,4.9,6930,3.6,2.6,889,Education
U13721,24,Female,Kolkata,Nokia,iOS,6.5,4.9,59.3,169,5.3,2430,7.6,0.5,1349,Social Media
U13722,39,Female,Mumbai,OnePlus,Android,8.4,19.5,82.7,170,3.1,1190,3.3,4.1,1246,Gaming
U13723,31,Other,Chennai,Vivo,Android,11.0,13.5,244.3,160,3.7,5423,2.1,0.6,1534,Education
U13724,19,Female,Jaipur,Vivo,iOS,2.1,23.9,103.9,49,1.5,3004,5.4,4.3,157,Social Media
U13725,46,Male,Chennai,Apple,Android,9.0,5.8,52.9,73,1.4,5753,6.3,4.7,1047,Entertainment
U13726,19,Other,Bangalore,Vivo,iOS,2.1,10.9,293.6,71,3.7,5248,6.9,2.1,973,Gaming
U13727,21,Male,Pune,Apple,iOS,6.0,43.2,205.8,36,1.6,4043,6.7,3.0,454,Entertainment
U13728,18,Other,Mumbai,Realme,iOS,2.6,34.1,106.5,145,3.1,878,5.5,3.0,296,Gaming
U13729,37,Female,Lucknow,Realme,iOS,1.2,28.1,136.1,153,0.6,165,3.4,4.4,1487,Education
U13730,25,Male,Chennai,Oppo,iOS,8.8,4.4,166.5,146,3.1,6895,1.7,0.7,456,Education
U13731,38,Male,Ahmedabad,Samsung,iOS,2.5,43.5,99.4,27,2.7,5579,3.1,3.5,206,Gaming
U13732,37,Female,Delhi,Motorola,Android,3.3,29.6,8.0,114,2.2,3652,5.4,2.5,1921,Work
U13733,16,Other,Jaipur,Nokia,iOS,5.3,23.2,62.4,52,5.8,9084,7.8,2.8,1512,Education
U13734,19,Female,Jaipur,Vivo,Android,9.3,17.1,72.2,200,3.3,7866,7.2,3.8,325,Gaming
U13735,51,Male,Jaipur,Vivo,Android,4.2,8.5,195.5,95,1.4,3454,3.6,2.0,1091,Entertainment
U13736,52,Female,Mumbai,Motorola,Android,10.9,43.9,197.1,185,4.5,8309,5.5,4.9,1652,Education
U13737,41,Female,Pune,Realme,iOS,10.3,3.2,147.1,145,5.8,8725,1.2,2.7,1319,Work
U13738,16,Male,Mumbai,Nokia,iOS,3.0,36.9,289.5,31,3.9,958,5.0,4.9,1298,Education
U13739,46,Male,Pune,Oppo,iOS,1.1,40.3,11.2,123,5.5,3777,0.7,4.6,1356,Social Media
U13740,19,Female,Pune,Samsung,Android,8.0,36.3,194.3,30,2.3,7375,1.4,0.4,865,Work
U13741,56,Other,Delhi,Xiaomi,iOS,4.9,37.1,158.4,67,3.9,6530,2.1,2.8,422,Social Media
U13742,39,Other,Delhi,Apple,Android,9.3,16.0,207.4,186,4.6,9904,1.7,3.1,1387,Education
U13743,40,Other,Jaipur,Apple,iOS,11.5,31.5,88.3,114,0.5,6159,2.6,4.5,1382,Work
U13744,34,Male,Mumbai,Vivo,iOS,10.0,48.3,98.8,105,5.2,3650,6.8,2.5,1804,Gaming
U13745,43,Male,Mumbai,OnePlus,iOS,9.5,35.7,170.0,200,1.0,2226,2.8,2.6,202,Social Media
U13746,28,Other,Bangalore,Samsung,iOS,2.1,21.8,295.0,30,5.1,8167,7.1,3.7,736,Gaming
U13747,50,Other,Jaipur,Motorola,Android,7.2,23.8,159.2,89,5.4,7328,2.4,2.2,1314,Entertainment
U13748,31,Other,Hyderabad,Motorola,Android,3.3,14.7,16.6,51,5.8,492,2.8,2.1,939,Social Media
U13749,35,Female,Ahmedabad,Oppo,iOS,8.1,5.6,292.1,200,4.3,1840,7.4,4.2,298,Entertainment
U13750,15,Male,Mumbai,OnePlus,Android,6.2,15.2,296.4,61,2.2,7146,1.3,4.0,860,Entertainment
U13751,46,Other,Kolkata,Xiaomi,iOS,3.0,38.4,95.8,29,4.5,5394,4.6,3.5,536,Gaming
U13752,28,Male,Mumbai,Realme,iOS,7.0,4.0,27.6,139,5.5,3008,7.3,0.7,834,Social Media
U13753,34,Female,Mumbai,Samsung,iOS,4.8,28.6,10.3,59,3.8,9978,7.9,4.8,607,Work
U13754,21,Female,Jaipur,Vivo,Android,4.1,39.3,195.8,73,4.5,1163,7.4,1.6,1133,Gaming
U13755,30,Female,Lucknow,OnePlus,Android,7.0,48.8,109.7,30,2.7,8277,2.8,0.4,521,Education
U13756,43,Male,Hyderabad,Apple,iOS,11.4,38.1,117.6,12,5.3,8131,7.4,3.7,1577,Entertainment
U13757,17,Male,Pune,OnePlus,Android,3.7,37.5,90.3,57,5.3,3395,6.4,0.3,1739,Work
U13758,36,Male,Chennai,Apple,Android,1.4,14.5,216.4,74,1.7,8242,7.7,1.8,505,Entertainment
U13759,26,Other,Ahmedabad,Vivo,iOS,3.7,47.0,98.8,50,3.2,9698,3.1,2.9,1704,Entertainment
U13760,23,Other,Chennai,Samsung,iOS,10.1,37.6,6.8,115,1.3,8681,3.1,4.9,1221,Gaming
U13761,22,Male,Chennai,Nokia,Android,10.4,35.3,196.2,157,5.8,7429,5.4,0.7,374,Gaming
U13762,23,Other,Jaipur,Google Pixel,iOS,8.5,46.1,19.1,29,3.7,2763,3.6,2.2,1917,Work
U13763,33,Male,Pune,OnePlus,Android,7.8,36.9,130.1,51,3.9,4187,6.9,1.2,311,Social Media
U13764,28,Other,Mumbai,Vivo,Android,4.7,15.6,191.8,185,3.1,6185,3.8,3.2,621,Work
U13765,57,Other,Jaipur,OnePlus,Android,3.2,38.9,75.8,49,3.5,2857,4.9,3.3,565,Education
U13766,29,Other,Mumbai,Realme,iOS,7.1,10.4,254.0,112,1.4,1752,3.2,3.0,133,Work
U13767,15,Male,Lucknow,Motorola,Android,7.9,38.1,233.3,87,3.4,9961,4.3,3.6,910,Gaming
U13768,49,Male,Lucknow,OnePlus,iOS,10.1,6.1,101.4,26,1.3,1435,2.5,3.0,799,Entertainment
U13769,19,Male,Chennai,OnePlus,iOS,5.7,26.1,215.9,44,3.1,4210,0.7,3.6,609,Education
U13770,15,Other,Pune,Oppo,iOS,8.7,29.5,262.8,156,2.1,4859,1.6,0.8,1250,Education
U13771,46,Other,Ahmedabad,Oppo,Android,9.7,32.2,292.5,70,4.4,9880,5.8,4.7,1805,Social Media
U13772,45,Female,Chennai,Xiaomi,Android,2.2,17.0,283.2,145,4.9,3597,6.0,2.1,965,Social Media
U13773,45,Other,Delhi,Oppo,iOS,5.3,26.0,273.2,49,2.3,6999,6.4,0.3,1412,Education
U13774,36,Female,Pune,Xiaomi,Android,6.8,22.3,133.1,94,1.3,2265,3.9,0.3,1441,Education
U13775,52,Female,Hyderabad,Google Pixel,iOS,5.5,20.0,121.2,83,5.0,923,6.0,3.7,873,Social Media
U13776,57,Other,Delhi,OnePlus,iOS,4.6,4.0,97.1,10,1.4,611,4.1,0.8,320,Entertainment
U13777,52,Female,Ahmedabad,Realme,iOS,1.1,10.1,69.3,29,3.1,6183,6.8,1.7,384,Social Media
U13778,31,Male,Bangalore,Google Pixel,iOS,10.3,41.4,137.4,71,4.1,9800,2.4,3.5,514,Education
U13779,28,Male,Kolkata,Google Pixel,Android,5.3,16.5,204.7,107,2.1,9789,5.2,1.3,1685,Education
U13780,46,Female,Chennai,Nokia,Android,11.6,34.1,23.3,160,1.5,5790,6.4,2.4,1740,Education
U13781,49,Male,Ahmedabad,OnePlus,Android,2.0,45.8,252.1,52,3.1,9719,4.2,4.5,1129,Work
U13782,16,Male,Mumbai,Oppo,Android,5.7,45.4,89.0,108,1.6,7132,2.2,1.1,1007,Gaming
U13783,28,Female,Lucknow,Vivo,iOS,6.7,9.1,48.4,192,5.7,4673,8.0,1.2,1909,Social Media
U13784,19,Female,Chennai,Apple,iOS,7.2,21.4,115.4,177,2.0,539,1.5,1.8,1267,Education
U13785,57,Other,Chennai,Realme,Android,9.6,11.5,141.2,129,2.4,7469,5.8,1.6,1748,Work
U13786,32,Male,Bangalore,Samsung,Android,1.8,8.5,200.8,11,2.1,7114,4.3,1.1,1518,Gaming
U13787,19,Female,Ahmedabad,Nokia,iOS,11.0,21.0,9.9,27,6.0,4140,3.6,3.2,727,Entertainment
U13788,46,Other,Mumbai,Vivo,Android,8.2,10.0,19.3,129,3.5,5901,7.3,3.5,186,Social Media
U13789,43,Female,Mumbai,Nokia,Android,9.9,40.5,24.0,95,3.2,5180,2.2,0.9,1460,Entertainment
U13790,33,Male,Jaipur,Apple,Android,8.5,28.7,69.4,178,4.9,6420,2.4,1.3,539,Entertainment
U13791,28,Other,Hyderabad,Samsung,Android,3.3,34.9,146.0,88,4.1,9581,5.2,0.3,1500,Work
U13792,25,Female,Bangalore,Apple,Android,7.5,16.3,102.4,50,4.9,9976,6.4,3.2,947,Social Media
U13793,53,Other,Pune,Apple,Android,9.7,44.3,99.8,127,2.3,9921,2.1,3.2,202,Education
U13794,28,Other,Bangalore,Vivo,iOS,1.9,24.5,160.3,23,3.2,4148,0.9,1.8,934,Education
U13795,57,Female,Kolkata,Xiaomi,Android,8.6,1.8,30.1,40,0.8,5781,7.6,2.2,1704,Gaming
U13796,37,Male,Lucknow,Oppo,iOS,6.9,15.6,58.5,55,3.9,9361,1.8,5.0,1685,Work
U13797,32,Other,Ahmedabad,Apple,iOS,7.0,47.4,149.8,68,0.6,8820,5.9,1.0,329,Gaming
U13798,44,Female,Mumbai,Xiaomi,Android,8.7,19.0,170.8,94,1.2,1443,7.2,2.6,124,Social Media
U13799,50,Male,Mumbai,Apple,Android,7.7,48.8,267.3,102,2.0,7919,0.5,2.9,1455,Gaming
U13800,35,Male,Ahmedabad,Oppo,iOS,9.9,22.1,162.1,116,0.5,4196,3.1,1.5,1425,Education
U13801,20,Other,Mumbai,Apple,iOS,5.2,33.5,296.2,122,1.0,3112,2.4,1.4,1887,Work
U13802,40,Other,Delhi,Apple,Android,7.1,30.4,255.0,119,3.0,1539,7.4,4.8,1166,Gaming
U13803,16,Female,Bangalore,Oppo,Android,2.7,40.4,91.4,140,2.2,3179,2.4,4.5,852,Work
U13804,58,Male,Chennai,OnePlus,Android,9.9,46.4,40.2,138,3.6,2364,7.4,2.9,891,Work
U13805,60,Female,Mumbai,Vivo,iOS,2.0,17.2,90.4,49,2.8,5072,4.6,2.9,1195,Education
U13806,53,Male,Chennai,OnePlus,iOS,8.8,38.1,292.5,46,1.7,1897,3.8,2.2,387,Gaming
U13807,43,Other,Lucknow,Vivo,iOS,5.2,16.0,34.3,198,3.9,4432,1.3,2.4,1229,Education
U13808,47,Other,Chennai,Apple,Android,5.8,11.6,257.7,66,4.1,1057,2.2,2.9,617,Entertainment
U13809,60,Female,Lucknow,Realme,iOS,2.1,3.7,204.0,68,2.8,1895,1.0,3.8,510,Gaming
U13810,54,Female,Lucknow,Oppo,iOS,3.7,28.1,291.2,109,2.0,3719,1.9,4.2,685,Gaming
U13811,30,Female,Jaipur,Oppo,Android,9.9,14.5,251.5,73,1.0,4811,7.9,2.8,1112,Work
U13812,31,Female,Jaipur,Oppo,iOS,7.0,15.2,290.6,119,1.4,1722,2.0,3.0,114,Social Media
U13813,57,Male,Delhi,Samsung,Android,9.3,17.1,192.7,127,3.6,9765,1.7,2.0,1815,Education
U13814,44,Female,Delhi,Apple,iOS,1.8,31.9,160.1,114,5.1,3880,1.2,3.6,920,Work
U13815,29,Female,Lucknow,OnePlus,iOS,8.8,36.4,234.9,186,1.8,6822,3.2,1.8,141,Education
U13816,51,Female,Pune,Vivo,Android,9.8,7.0,214.0,187,4.8,4414,5.5,4.5,1859,Entertainment
U13817,48,Male,Pune,Google Pixel,Android,6.0,23.7,71.1,95,5.8,4832,5.8,4.9,1908,Work
U13818,16,Male,Chennai,Vivo,iOS,9.6,46.5,290.5,119,5.6,3468,7.9,4.2,1097,Education
U13819,44,Male,Kolkata,Google Pixel,Android,4.5,16.5,106.7,93,3.1,4177,5.8,4.9,1954,Social Media
U13820,24,Other,Ahmedabad,Realme,Android,2.2,10.6,180.8,28,1.1,5697,7.7,0.2,266,Social Media
U13821,24,Other,Pune,OnePlus,Android,2.0,34.9,193.2,91,0.9,9829,1.2,1.4,1807,Work
U13822,38,Female,Jaipur,Xiaomi,Android,4.6,14.0,213.7,15,1.7,9814,2.6,4.4,1375,Gaming
U13823,22,Female,Chennai,Oppo,Android,7.6,44.1,68.7,193,3.7,3268,6.9,3.7,886,Gaming
U13824,59,Female,Kolkata,Vivo,iOS,7.0,2.1,95.9,159,3.4,9066,7.2,1.5,1810,Gaming
U13825,42,Other,Kolkata,Nokia,iOS,1.8,40.1,148.5,122,5.7,6700,2.3,2.6,111,Work
U13826,25,Male,Delhi,Oppo,iOS,6.1,17.7,193.4,87,2.9,7062,4.3,0.1,1836,Education
U13827,37,Female,Chennai,Nokia,Android,1.0,5.8,119.8,49,4.6,4469,3.1,2.1,1619,Work
U13828,55,Female,Ahmedabad,Motorola,iOS,5.3,16.6,100.9,52,3.0,4467,3.0,1.5,431,Work
U13829,54,Female,Jaipur,Samsung,iOS,11.5,34.6,51.8,162,3.0,2564,1.2,1.6,1492,Social Media
U13830,33,Other,Pune,OnePlus,Android,9.4,17.4,50.5,16,0.6,6639,3.6,3.7,1467,Education
U13831,36,Female,Delhi,Vivo,Android,7.3,17.2,193.8,17,3.2,5835,1.2,5.0,1746,Entertainment
U13832,54,Female,Lucknow,Motorola,Android,10.7,46.7,189.8,199,1.5,6978,1.2,3.6,583,Work
U13833,56,Other,Hyderabad,OnePlus,Android,11.6,31.4,124.0,184,2.9,1716,2.1,3.1,983,Social Media
U13834,36,Other,Lucknow,Vivo,Android,10.5,46.4,252.9,70,2.7,2145,4.3,4.7,1272,Gaming
U13835,59,Female,Lucknow,Google Pixel,iOS,2.4,42.2,269.3,103,3.4,8877,1.7,0.1,143,Entertainment
U13836,49,Female,Pune,Xiaomi,iOS,8.8,36.2,139.0,118,0.5,4116,4.1,3.8,1324,Work
U13837,38,Male,Kolkata,OnePlus,Android,3.6,17.3,205.0,61,1.3,9364,2.4,1.4,1472,Education
U13838,34,Other,Hyderabad,Xiaomi,iOS,2.1,15.5,90.2,112,1.3,4235,7.5,4.7,1855,Education
U13839,47,Male,Delhi,Realme,Android,8.4,5.8,113.6,133,4.2,8768,4.5,0.7,1186,Entertainment
U13840,30,Male,Mumbai,Oppo,Android,8.9,2.4,295.5,186,1.1,3762,2.9,2.5,857,Work
U13841,24,Male,Ahmedabad,Google Pixel,iOS,10.7,28.0,72.3,14,5.2,3680,1.8,2.9,1708,Work
U13842,22,Other,Lucknow,Xiaomi,iOS,10.3,45.6,154.7,91,5.3,4623,7.6,3.1,1617,Work
U13843,42,Male,Delhi,Realme,iOS,7.5,41.7,151.6,115,4.8,8463,7.6,1.0,1078,Entertainment
U13844,58,Other,Delhi,Realme,iOS,6.1,35.3,209.5,36,3.3,6329,3.6,2.7,1544,Entertainment
U13845,26,Other,Pune,Nokia,iOS,6.9,38.5,172.1,27,0.9,4476,6.2,3.1,1772,Entertainment
U13846,34,Female,Jaipur,Motorola,Android,3.2,31.3,115.8,179,5.5,7969,4.5,3.1,1604,Education
U13847,42,Female,Lucknow,Oppo,iOS,9.6,5.7,299.3,130,1.7,7896,1.1,4.0,1277,Work
U13848,50,Female,Pune,Xiaomi,iOS,9.5,16.6,56.1,44,1.0,7473,0.9,2.1,1578,Gaming
U13849,49,Other,Hyderabad,OnePlus,iOS,10.1,49.9,179.7,102,2.8,4381,6.5,1.0,648,Gaming
U13850,17,Male,Chennai,Samsung,Android,7.6,28.1,30.6,91,3.0,896,1.1,2.5,1111,Gaming
U13851,37,Female,Delhi,Google Pixel,Android,7.8,9.6,49.2,166,5.9,8100,4.7,2.3,1377,Entertainment
U13852,38,Female,Kolkata,Apple,Android,10.9,19.3,184.9,163,5.2,1263,1.1,4.3,1726,Gaming
U13853,23,Other,Hyderabad,Google Pixel,iOS,4.5,38.3,43.8,58,2.9,6741,4.0,2.6,1849,Entertainment
U13854,58,Other,Jaipur,OnePlus,Android,5.0,36.9,285.4,117,1.7,7010,1.7,0.7,425,Social Media
U13855,20,Other,Chennai,Realme,Android,8.1,36.9,118.4,179,4.8,7751,6.5,2.6,512,Work
U13856,15,Other,Hyderabad,OnePlus,iOS,4.9,2.1,98.3,185,4.4,7792,4.0,0.9,1103,Social Media
U13857,46,Other,Chennai,Motorola,Android,10.6,10.0,265.2,110,4.4,3908,1.5,3.2,429,Work
U13858,17,Female,Lucknow,Realme,Android,3.9,46.3,74.4,53,5.8,6009,2.8,2.0,190,Gaming
U13859,55,Male,Jaipur,Realme,Android,9.3,34.9,7.8,86,0.8,9664,1.5,1.9,1525,Social Media
U13860,25,Female,Pune,Vivo,Android,10.0,39.9,177.5,128,2.7,5981,2.8,2.9,1578,Entertainment
U13861,48,Female,Lucknow,Samsung,iOS,10.2,45.3,223.0,68,3.0,3186,5.7,2.5,1188,Gaming
U13862,25,Male,Lucknow,OnePlus,Android,1.4,7.8,183.6,129,1.8,2069,2.0,1.1,1993,Education
U13863,57,Other,Pune,Google Pixel,Android,6.6,38.8,140.3,77,5.9,3003,3.3,2.5,1048,Education
U13864,21,Other,Delhi,Google Pixel,iOS,1.8,20.5,72.6,81,1.7,5498,3.1,3.8,902,Social Media
U13865,60,Male,Kolkata,Realme,iOS,2.0,18.5,29.1,42,4.4,1689,3.0,4.2,357,Social Media
U13866,47,Male,Bangalore,Samsung,iOS,9.4,21.8,124.4,62,2.2,2776,3.4,0.9,1577,Education
U13867,58,Female,Ahmedabad,Google Pixel,Android,8.4,39.6,219.6,152,4.8,3752,3.1,2.7,852,Entertainment
U13868,55,Other,Hyderabad,OnePlus,Android,1.7,16.6,171.7,167,1.2,6757,1.6,4.6,728,Gaming
U13869,51,Female,Hyderabad,Vivo,Android,5.7,5.3,66.1,65,1.6,2355,2.2,1.1,1693,Education
U13870,21,Other,Pune,Samsung,Android,3.3,29.3,186.1,92,4.2,634,3.0,4.2,1464,Education
U13871,17,Female,Hyderabad,Apple,iOS,4.4,40.6,39.0,131,5.1,7002,2.5,2.4,792,Entertainment
U13872,15,Male,Kolkata,Apple,iOS,11.9,38.7,262.5,119,5.5,7545,0.8,2.6,1316,Work
U13873,30,Male,Bangalore,Google Pixel,iOS,2.0,4.0,197.3,78,3.5,6966,2.2,0.3,1991,Entertainment
U13874,20,Female,Bangalore,Oppo,Android,10.3,27.6,286.4,79,2.9,3120,1.9,1.1,619,Gaming
U13875,16,Female,Hyderabad,Xiaomi,iOS,10.2,30.4,132.6,89,5.2,9643,1.9,3.8,921,Work
U13876,31,Female,Mumbai,Vivo,iOS,10.2,49.8,94.8,35,4.8,6737,6.4,0.5,1246,Social Media
U13877,30,Male,Delhi,Realme,iOS,6.3,33.3,73.2,156,1.4,9117,2.4,4.6,892,Entertainment
U13878,36,Male,Jaipur,Google Pixel,iOS,3.6,10.3,295.4,19,2.7,2800,1.2,1.0,1101,Gaming
U13879,39,Male,Pune,Oppo,iOS,6.5,43.8,216.1,76,5.0,5320,7.2,3.2,891,Gaming
U13880,30,Other,Delhi,Nokia,iOS,1.2,13.4,79.3,160,5.7,2230,3.5,0.7,1650,Social Media
U13881,47,Male,Jaipur,Apple,Android,1.2,41.3,191.2,106,2.9,4062,1.6,1.1,834,Gaming
U13882,52,Other,Hyderabad,Apple,iOS,9.2,19.1,182.7,181,0.7,2839,2.5,2.7,1314,Entertainment
U13883,46,Other,Jaipur,OnePlus,Android,1.2,33.3,158.6,197,4.3,1919,0.9,4.2,505,Social Media
U13884,53,Female,Chennai,Apple,Android,10.7,35.3,266.2,103,1.7,1947,4.2,3.1,1576,Work
U13885,43,Female,Ahmedabad,Oppo,iOS,4.1,20.5,49.8,95,4.1,7101,1.1,4.2,910,Gaming
U13886,46,Female,Chennai,Oppo,iOS,5.6,31.8,150.4,73,3.7,9889,5.9,1.3,1652,Entertainment
U13887,48,Female,Ahmedabad,Apple,Android,10.9,29.2,117.1,145,3.2,3587,3.4,2.0,1841,Work
U13888,52,Female,Bangalore,OnePlus,Android,5.8,30.0,94.6,38,3.6,8610,4.4,3.9,235,Social Media
U13889,18,Female,Ahmedabad,Xiaomi,iOS,9.9,17.2,164.4,21,3.3,7649,3.5,0.0,560,Gaming
U13890,23,Male,Mumbai,Oppo,Android,10.1,5.0,38.3,74,3.1,4269,2.4,2.5,1878,Entertainment
U13891,57,Other,Mumbai,Motorola,iOS,5.1,48.8,254.8,23,5.0,7113,4.3,3.2,883,Education
U13892,26,Male,Lucknow,Realme,Android,10.0,15.0,21.7,94,5.6,8932,7.0,5.0,559,Work
U13893,29,Other,Hyderabad,Nokia,Android,5.9,27.3,78.6,115,1.2,8466,7.4,0.6,1872,Social Media
U13894,35,Male,Jaipur,Oppo,Android,9.4,26.4,34.0,52,2.2,8168,3.4,1.5,1558,Work
U13895,22,Other,Bangalore,Apple,iOS,5.0,48.6,214.5,176,3.7,7430,4.7,0.4,1581,Work
U13896,18,Other,Hyderabad,Google Pixel,Android,10.8,45.4,265.0,116,5.1,4876,7.0,0.4,235,Social Media
U13897,36,Other,Chennai,Samsung,Android,2.6,7.8,90.3,144,4.3,4303,5.4,4.2,1030,Entertainment
U13898,25,Male,Pune,OnePlus,Android,1.4,28.9,253.2,159,3.5,2401,1.3,4.5,571,Work
U13899,22,Other,Mumbai,Realme,iOS,4.4,28.3,277.2,50,2.9,8297,2.9,2.7,527,Work
U13900,41,Male,Hyderabad,Vivo,Android,9.1,14.9,299.8,183,4.7,7108,1.6,1.4,1384,Social Media
U13901,32,Male,Jaipur,Google Pixel,iOS,8.7,49.4,247.8,47,5.8,3152,2.7,3.7,1787,Education
U13902,51,Other,Jaipur,OnePlus,Android,3.4,19.9,122.0,91,3.7,4484,2.4,4.1,554,Work
U13903,52,Male,Lucknow,Vivo,iOS,9.5,47.3,92.8,191,5.0,4479,6.0,3.4,180,Education
U13904,28,Other,Jaipur,Nokia,Android,7.6,47.2,164.1,181,2.6,8654,6.0,1.0,960,Work
U13905,31,Female,Jaipur,Xiaomi,iOS,3.7,29.2,33.2,109,1.6,3247,4.5,0.6,1987,Gaming
U13906,39,Other,Ahmedabad,Apple,iOS,7.7,11.5,129.5,83,1.5,9868,3.4,0.4,1700,Entertainment
U13907,15,Female,Kolkata,Samsung,iOS,8.6,29.2,296.9,113,2.9,8096,7.2,2.7,1158,Education
U13908,24,Other,Jaipur,Google Pixel,iOS,6.4,36.0,237.0,125,1.7,1383,1.9,4.2,1938,Social Media
U13909,21,Other,Chennai,OnePlus,iOS,5.9,37.5,185.3,165,2.3,1775,4.9,3.7,1335,Social Media
U13910,53,Female,Hyderabad,Realme,iOS,1.8,44.8,279.7,87,1.7,5963,0.8,1.1,1085,Entertainment
U13911,30,Female,Pune,Oppo,iOS,1.8,8.9,97.4,89,0.5,8017,7.0,4.7,1266,Entertainment
U13912,48,Other,Chennai,Oppo,iOS,10.7,10.9,276.4,93,1.1,9140,6.7,1.8,1857,Social Media
U13913,53,Male,Jaipur,Apple,iOS,10.5,36.1,208.9,55,0.6,5556,3.9,3.1,110,Gaming
U13914,30,Male,Kolkata,Apple,Android,7.9,18.9,5.3,102,0.7,4871,2.3,0.8,219,Social Media
U13915,47,Female,Chennai,Xiaomi,Android,3.3,7.0,165.3,107,4.5,755,2.8,3.6,1148,Entertainment
U13916,38,Female,Lucknow,Google Pixel,iOS,4.2,13.4,297.7,153,5.5,436,2.4,2.4,215,Work
U13917,17,Female,Bangalore,Apple,Android,6.4,49.9,30.1,158,1.8,9930,6.7,0.7,208,Social Media
U13918,56,Female,Pune,Nokia,iOS,2.1,27.8,240.7,167,4.6,4744,0.5,0.7,1117,Education
U13919,48,Female,Delhi,Nokia,Android,11.6,43.9,120.9,133,5.0,7294,6.6,3.9,316,Entertainment
U13920,20,Other,Kolkata,Apple,iOS,8.0,40.0,218.4,93,1.6,7314,3.4,3.8,1620,Gaming
U13921,57,Other,Jaipur,OnePlus,Android,4.4,42.8,151.3,87,4.6,4078,6.0,1.5,1322,Social Media
U13922,24,Female,Mumbai,Google Pixel,Android,2.4,22.2,173.2,83,3.9,8518,7.5,0.8,702,Social Media
U13923,31,Female,Delhi,Vivo,iOS,7.9,37.7,99.2,33,1.0,5113,2.0,4.5,1038,Work
U13924,32,Female,Delhi,OnePlus,Android,11.8,22.5,296.0,132,2.1,9918,7.5,0.9,1494,Work
U13925,15,Female,Bangalore,Nokia,iOS,10.6,45.0,170.8,93,1.3,4003,3.8,2.3,1673,Education
U13926,43,Female,Bangalore,Realme,iOS,1.8,5.5,132.2,158,3.3,3902,3.3,3.3,133,Education
U13927,34,Female,Delhi,Google Pixel,iOS,1.5,28.8,271.9,58,1.0,8058,6.3,0.5,428,Education
U13928,43,Other,Pune,Apple,iOS,1.4,45.2,133.9,170,5.6,7959,3.9,1.0,345,Social Media
U13929,23,Other,Delhi,Oppo,iOS,8.9,35.5,188.8,143,5.1,4301,2.9,3.0,1722,Gaming
U13930,30,Other,Chennai,OnePlus,iOS,11.2,19.1,246.0,176,2.8,7011,6.5,1.0,1348,Entertainment
U13931,54,Male,Kolkata,Nokia,iOS,8.0,29.0,133.3,198,2.5,7775,7.3,1.4,1393,Entertainment
U13932,30,Male,Mumbai,Vivo,Android,1.0,25.0,19.4,14,4.2,5020,6.4,3.5,1062,Education
U13933,52,Other,Chennai,Vivo,iOS,9.0,9.6,53.7,157,5.3,9817,3.7,2.9,1147,Education
U13934,22,Female,Jaipur,Nokia,Android,8.0,39.7,199.0,193,3.2,3007,5.0,4.6,462,Entertainment
U13935,16,Male,Kolkata,Oppo,Android,4.9,14.3,181.2,15,1.2,2565,1.5,4.4,490,Gaming
U13936,46,Male,Delhi,Samsung,Android,11.0,1.9,16.9,143,1.3,9287,2.3,3.2,466,Education
U13937,25,Other,Hyderabad,Realme,Android,6.4,17.9,81.2,119,2.2,2258,1.4,1.0,1710,Education
U13938,28,Female,Kolkata,Motorola,Android,10.6,24.0,58.4,28,2.7,2074,6.2,2.0,717,Entertainment
U13939,35,Male,Jaipur,Motorola,iOS,11.8,9.5,111.6,140,4.3,3790,7.5,1.0,917,Entertainment
U13940,48,Female,Mumbai,Vivo,Android,11.2,22.2,244.9,182,3.8,6743,4.6,0.7,743,Entertainment
U13941,29,Male,Jaipur,OnePlus,Android,2.4,15.1,226.9,14,3.6,9208,7.5,4.3,1505,Education
U13942,52,Female,Lucknow,Apple,Android,4.1,6.0,135.0,171,1.5,5746,4.7,4.5,1745,Education
U13943,49,Female,Ahmedabad,Motorola,Android,6.4,34.1,206.6,187,2.7,4799,1.9,4.1,581,Entertainment
U13944,45,Other,Bangalore,Vivo,iOS,10.7,25.8,106.3,108,0.8,5242,0.6,4.7,1449,Social Media
U13945,31,Other,Delhi,Oppo,iOS,8.0,47.8,293.1,78,6.0,3735,1.2,1.6,558,Work
U13946,54,Other,Delhi,Vivo,Android,7.2,29.8,273.1,79,5.1,9008,4.9,4.1,842,Gaming
U13947,60,Other,Jaipur,Xiaomi,Android,8.3,40.6,95.2,166,2.9,5821,5.6,4.2,298,Education
U13948,28,Other,Kolkata,Samsung,iOS,6.3,43.9,178.5,67,4.1,7812,3.9,0.9,980,Education
U13949,54,Male,Kolkata,Apple,Android,3.3,11.3,177.8,130,3.4,2672,1.0,4.2,1712,Entertainment
U13950,35,Female,Pune,Nokia,Android,8.8,37.7,200.2,117,3.0,4127,2.8,2.6,706,Education
U13951,35,Male,Bangalore,Nokia,iOS,8.0,11.7,263.0,25,1.6,3996,3.8,1.3,826,Entertainment
U13952,19,Female,Bangalore,Motorola,iOS,11.2,30.9,190.0,188,0.6,4665,3.6,1.9,1169,Social Media
U13953,36,Male,Ahmedabad,Oppo,Android,11.5,48.7,276.0,177,5.4,135,2.9,3.8,436,Gaming
U13954,45,Female,Chennai,Realme,iOS,10.0,10.7,155.5,196,5.7,6790,1.6,3.4,1353,Social Media
U13955,33,Other,Kolkata,Nokia,Android,11.9,7.2,129.7,115,2.2,8208,3.9,2.0,104,Social Media
U13956,58,Male,Jaipur,Realme,iOS,7.9,5.5,297.4,149,3.8,9295,1.6,0.9,507,Education
U13957,56,Male,Ahmedabad,Samsung,iOS,10.6,13.2,66.5,193,5.3,6777,1.5,4.3,266,Gaming
U13958,49,Other,Ahmedabad,OnePlus,iOS,5.9,25.6,136.4,175,1.8,2189,1.7,2.7,1452,Social Media
U13959,53,Other,Lucknow,Motorola,iOS,1.3,22.1,193.9,175,5.7,5583,7.3,4.2,132,Education
U13960,45,Female,Delhi,Oppo,Android,2.0,13.2,34.0,193,2.1,3289,1.4,3.7,1237,Education
U13961,48,Male,Mumbai,Motorola,iOS,10.0,43.8,107.6,33,1.3,1234,3.2,3.2,408,Work
U13962,40,Other,Jaipur,Google Pixel,Android,8.3,47.0,5.4,171,0.7,3501,6.8,0.3,1251,Work
U13963,32,Other,Delhi,Vivo,Android,7.6,5.0,16.3,168,1.0,6303,2.4,3.3,1676,Gaming
U13964,45,Female,Hyderabad,Motorola,iOS,4.7,44.5,111.4,117,1.8,182,3.2,3.0,1807,Work
U13965,60,Female,Ahmedabad,Apple,iOS,4.3,41.7,80.3,74,6.0,2122,7.7,2.2,1722,Social Media
U13966,37,Other,Hyderabad,Samsung,iOS,3.9,21.9,107.4,59,5.5,2948,7.2,2.1,706,Social Media
U13967,32,Other,Kolkata,Vivo,Android,9.2,27.7,140.4,109,0.6,3958,7.4,2.4,1574,Gaming
U13968,41,Male,Bangalore,Realme,iOS,11.3,15.8,67.0,109,4.5,1557,7.6,1.6,1734,Entertainment
U13969,35,Female,Pune,Samsung,Android,1.3,4.3,198.3,177,3.6,1935,3.5,0.3,1616,Work
U13970,47,Male,Delhi,Xiaomi,Android,6.1,35.4,210.3,80,5.5,8579,6.4,1.5,1372,Work
U13971,53,Male,Mumbai,Google Pixel,iOS,8.5,29.0,290.6,111,3.2,7501,7.2,0.3,1916,Education
U13972,43,Female,Kolkata,Xiaomi,iOS,7.4,9.4,144.3,32,2.8,7920,3.0,1.0,940,Social Media
U13973,36,Female,Chennai,Oppo,iOS,7.1,19.4,261.8,33,2.0,1160,7.2,1.8,931,Social Media
U13974,58,Other,Chennai,Vivo,Android,2.6,28.3,297.3,86,5.6,2925,4.5,1.7,840,Social Media
U13975,45,Other,Bangalore,Realme,Android,4.2,16.5,249.8,107,5.2,9950,1.3,1.4,1092,Education
U13976,26,Male,Ahmedabad,Xiaomi,iOS,9.9,13.5,118.1,197,5.4,5460,7.5,0.4,1121,Entertainment
U13977,39,Other,Kolkata,Vivo,iOS,5.0,28.7,205.5,109,3.8,6947,4.4,1.5,284,Education
U13978,50,Other,Pune,OnePlus,iOS,9.9,3.6,289.2,97,4.3,5966,1.9,1.4,780,Education
U13979,19,Female,Lucknow,Samsung,iOS,5.9,37.0,126.3,93,5.0,2506,1.8,1.3,1573,Gaming
U13980,39,Other,Kolkata,Motorola,iOS,2.7,36.0,234.7,79,3.2,8909,0.5,1.8,778,Education
U13981,57,Female,Chennai,Google Pixel,iOS,1.5,30.7,146.6,24,1.4,5988,1.9,4.8,278,Work
U13982,35,Male,Pune,Vivo,Android,4.1,14.4,127.2,170,2.1,4009,5.6,0.2,321,Education
U13983,43,Female,Delhi,Nokia,Android,6.9,45.8,213.9,162,4.7,3232,2.7,1.3,1748,Education
U13984,49,Male,Ahmedabad,Apple,iOS,10.6,5.4,16.3,159,0.9,6438,1.6,1.1,1479,Gaming
U13985,55,Other,Bangalore,Vivo,Android,4.0,23.6,25.4,90,2.0,8384,2.5,0.9,323,Entertainment
U13986,19,Male,Jaipur,Xiaomi,Android,7.8,7.3,234.8,119,6.0,2558,2.8,3.6,305,Entertainment
U13987,47,Other,Jaipur,Vivo,Android,4.6,29.4,136.8,119,3.9,5720,5.7,2.8,838,Entertainment
U13988,15,Male,Ahmedabad,Nokia,iOS,1.4,20.6,104.3,144,1.0,7726,4.5,0.8,1394,Social Media
U13989,59,Female,Jaipur,Nokia,iOS,5.5,13.8,268.5,194,5.2,1820,6.8,0.2,175,Entertainment
U13990,41,Female,Ahmedabad,Vivo,iOS,2.7,9.9,142.8,30,1.4,512,3.5,4.4,280,Work
U13991,49,Male,Pune,Nokia,Android,3.8,18.0,60.8,101,1.3,9283,6.7,1.0,1950,Education
U13992,21,Other,Mumbai,Samsung,Android,8.6,39.9,183.2,156,3.0,9700,6.6,1.1,856,Social Media
U13993,45,Other,Mumbai,Motorola,Android,5.1,43.3,206.8,67,2.5,5630,1.1,0.9,195,Entertainment
U13994,57,Other,Delhi,Oppo,Android,8.3,9.7,17.9,14,2.0,3104,1.1,0.9,558,Work
U13995,50,Male,Mumbai,Motorola,iOS,8.3,40.2,115.3,81,2.9,1970,6.2,2.4,784,Work
U13996,36,Male,Hyderabad,Realme,iOS,7.9,17.8,82.3,87,4.9,327,6.5,0.0,249,Entertainment
U13997,30,Male,Bangalore,Nokia,Android,11.7,14.7,281.5,59,3.0,559,2.6,2.1,1412,Education
U13998,49,Male,Mumbai,Nokia,Android,5.3,10.3,193.7,174,2.8,4613,3.5,3.6,1811,Education
U13999,23,Female,Delhi,Vivo,Android,5.0,41.4,71.2,64,3.0,1912,4.3,1.9,1268,Social Media
U14000,31,Other,Bangalore,Google Pixel,Android,3.5,28.9,65.6,21,2.7,2000,3.2,2.4,1553,Work
U14001,53,Female,Chennai,Motorola,Android,10.2,32.7,226.0,103,4.5,2878,5.7,1.9,1360,Entertainment
U14002,19,Female,Pune,Realme,iOS,9.7,38.1,117.7,31,2.0,8187,0.9,0.0,446,Work
U14003,47,Other,Ahmedabad,Google Pixel,iOS,11.4,25.5,253.7,72,2.7,2025,4.2,1.7,1330,Gaming
U14004,19,Male,Chennai,Xiaomi,Android,9.8,10.8,191.2,138,3.8,1536,4.9,1.8,900,Education
U14005,60,Other,Lucknow,Realme,iOS,11.8,46.3,141.7,37,3.8,8939,4.1,1.7,1340,Gaming
U14006,54,Female,Delhi,Realme,Android,1.6,48.0,232.8,179,5.8,1870,6.1,0.5,1046,Gaming
U14007,18,Other,Delhi,OnePlus,Android,10.6,1.9,273.0,43,2.6,8848,2.2,4.9,1618,Education
U14008,24,Other,Hyderabad,Vivo,iOS,11.6,1.7,282.8,101,5.6,2282,5.8,1.2,548,Social Media
U14009,33,Male,Ahmedabad,Realme,iOS,8.0,20.3,275.6,136,2.6,7647,7.2,1.9,1465,Education
U14010,16,Female,Chennai,Vivo,Android,2.3,45.6,81.3,175,2.8,2712,3.1,2.3,733,Entertainment
U14011,37,Female,Jaipur,Samsung,Android,1.1,18.8,151.0,142,4.6,7580,0.8,0.2,1770,Work
U14012,32,Male,Ahmedabad,Realme,iOS,10.9,34.1,286.4,78,5.8,1037,7.5,1.5,769,Gaming
U14013,16,Male,Hyderabad,OnePlus,iOS,4.8,48.7,25.1,176,2.7,9542,1.7,2.1,779,Social Media
U14014,58,Other,Hyderabad,Motorola,Android,8.2,19.4,142.9,39,2.0,9231,1.6,3.8,1488,Entertainment
U14015,29,Male,Hyderabad,Apple,Android,10.1,23.7,226.9,98,1.2,2982,7.9,3.1,1016,Work
U14016,57,Other,Jaipur,Xiaomi,Android,10.7,21.3,269.7,125,1.9,8108,2.6,1.1,424,Work
U14017,28,Male,Mumbai,Apple,iOS,6.8,44.6,192.9,152,5.9,7163,2.7,4.9,1922,Gaming
U14018,23,Male,Pune,Motorola,Android,7.1,40.8,96.4,80,5.8,1775,7.9,0.0,411,Entertainment
U14019,52,Male,Pune,Google Pixel,iOS,7.6,19.9,228.4,165,2.7,4650,0.7,4.0,275,Work
U14020,45,Female,Lucknow,Apple,Android,1.9,36.3,210.7,12,2.3,813,3.2,1.4,1811,Entertainment
U14021,27,Female,Kolkata,Oppo,iOS,2.1,30.5,220.3,29,5.8,6356,5.1,3.7,647,Education
U14022,56,Male,Ahmedabad,Xiaomi,Android,10.6,39.6,31.1,65,3.8,5063,5.7,2.2,203,Entertainment
U14023,55,Female,Mumbai,Apple,iOS,8.7,47.2,203.6,44,4.6,8287,4.3,0.4,1321,Education
U14024,32,Other,Lucknow,Vivo,iOS,3.3,31.6,223.9,163,4.2,8962,5.2,4.8,725,Social Media
U14025,16,Male,Jaipur,Apple,iOS,2.2,22.0,5.3,76,2.5,4568,3.1,3.9,664,Entertainment
U14026,57,Other,Jaipur,Google Pixel,iOS,1.2,19.7,262.3,131,3.4,2225,1.6,1.9,818,Work
U14027,47,Male,Mumbai,Google Pixel,iOS,11.3,14.9,100.1,175,1.5,2542,2.8,3.3,921,Education
U14028,53,Female,Lucknow,Oppo,iOS,2.5,20.6,251.5,24,2.3,9934,6.5,4.6,401,Education
U14029,58,Male,Hyderabad,Nokia,iOS,9.3,28.6,264.6,196,2.7,2409,5.1,2.8,1481,Work
U14030,24,Other,Bangalore,Motorola,Android,2.0,38.9,263.0,129,5.0,1196,1.2,2.7,378,Gaming
U14031,36,Male,Jaipur,OnePlus,iOS,5.6,10.1,62.6,106,1.7,8116,6.1,3.9,700,Entertainment
U14032,55,Female,Pune,Realme,Android,1.9,25.6,31.4,102,1.4,228,5.7,4.2,1706,Gaming
U14033,53,Other,Ahmedabad,Nokia,Android,1.2,47.6,166.0,79,4.6,832,6.9,3.6,825,Gaming
U14034,24,Other,Jaipur,Xiaomi,iOS,1.5,36.3,118.5,186,1.1,4951,7.2,4.9,1801,Entertainment
U14035,31,Male,Lucknow,Nokia,iOS,2.2,36.4,131.7,17,4.2,4928,2.3,3.0,1919,Education
U14036,19,Other,Kolkata,Google Pixel,Android,11.3,4.7,89.9,125,3.6,2802,6.9,2.7,1983,Work
U14037,29,Female,Delhi,Google Pixel,Android,10.9,22.9,262.1,44,3.5,4704,7.9,4.5,1091,Work
U14038,19,Male,Hyderabad,Nokia,iOS,4.8,24.9,97.4,33,0.7,9788,4.5,1.3,1113,Work
U14039,43,Male,Ahmedabad,Apple,iOS,2.8,19.4,90.1,59,2.9,3133,4.2,1.1,1581,Entertainment
U14040,18,Male,Jaipur,Samsung,iOS,8.7,5.3,258.8,41,2.3,2061,7.2,3.1,1016,Education
U14041,54,Female,Jaipur,Google Pixel,iOS,2.2,15.4,57.6,84,4.4,1492,6.4,1.5,1809,Work
U14042,49,Male,Chennai,Apple,Android,7.6,14.2,105.1,17,2.9,5240,5.9,2.8,1784,Entertainment
U14043,35,Female,Lucknow,Google Pixel,Android,4.9,10.2,292.0,174,3.9,2636,4.5,2.8,1206,Education
U14044,36,Female,Lucknow,Oppo,iOS,7.4,34.7,172.7,55,4.4,7059,3.8,3.8,587,Work
U14045,37,Female,Delhi,Vivo,iOS,10.9,20.8,77.0,69,3.0,6777,2.8,4.7,434,Education
U14046,35,Male,Hyderabad,Samsung,iOS,10.8,3.8,104.8,21,5.3,5992,7.8,0.1,1143,Social Media
U14047,34,Male,Lucknow,Nokia,iOS,5.3,32.7,221.8,82,0.6,1228,3.3,1.0,1322,Entertainment
U14048,51,Other,Hyderabad,Google Pixel,Android,10.5,2.4,66.0,11,5.9,3251,1.4,4.0,1240,Gaming
U14049,46,Male,Chennai,OnePlus,iOS,10.3,47.3,96.1,87,2.3,6701,3.4,4.9,291,Work
U14050,48,Other,Ahmedabad,Vivo,Android,4.3,40.9,6.0,144,4.9,3482,2.4,3.9,975,Education
U14051,23,Female,Bangalore,Samsung,Android,7.3,34.4,196.1,124,5.8,9176,4.7,1.6,389,Social Media
U14052,24,Female,Pune,Vivo,iOS,9.3,42.9,82.2,98,4.7,7633,7.4,1.1,1558,Education
U14053,39,Male,Kolkata,OnePlus,Android,3.5,26.5,140.6,127,2.9,2325,3.9,1.3,173,Education
U14054,21,Female,Pune,Google Pixel,iOS,3.2,47.7,45.8,147,2.9,7930,2.3,5.0,489,Entertainment
U14055,50,Male,Kolkata,OnePlus,iOS,9.0,30.4,49.0,72,1.6,6846,6.4,4.1,860,Entertainment
U14056,52,Female,Pune,Oppo,iOS,9.5,30.0,107.2,26,3.5,3274,7.8,5.0,975,Education
U14057,53,Female,Kolkata,Realme,iOS,9.1,12.1,268.2,83,5.5,4687,1.9,0.4,1879,Work
U14058,58,Male,Mumbai,Vivo,iOS,6.0,16.2,5.1,36,1.1,7251,2.8,2.3,456,Education
U14059,44,Male,Jaipur,Nokia,Android,1.9,23.9,39.9,142,1.1,5766,2.7,0.4,425,Entertainment
U14060,19,Male,Lucknow,Vivo,iOS,5.9,48.7,141.4,177,2.4,8600,6.1,2.7,703,Entertainment
U14061,45,Male,Lucknow,Oppo,iOS,8.1,11.3,211.8,87,3.2,6693,0.7,4.5,680,Education
U14062,60,Other,Kolkata,Xiaomi,Android,4.5,9.0,120.9,31,3.9,7954,4.2,2.3,1550,Social Media
U14063,16,Female,Pune,Oppo,Android,2.4,3.7,261.8,12,5.9,1910,1.4,0.6,1692,Work
U14064,53,Male,Bangalore,Apple,iOS,4.9,7.5,208.4,55,0.7,3821,1.4,4.3,1065,Gaming
U14065,47,Other,Mumbai,OnePlus,Android,7.0,44.5,220.4,21,2.0,9639,6.3,3.0,135,Education
U14066,24,Other,Bangalore,Vivo,Android,1.6,40.8,8.7,192,4.4,5089,3.3,0.1,1149,Education
U14067,19,Male,Mumbai,Oppo,iOS,4.4,22.1,231.7,70,4.6,663,7.0,2.1,611,Gaming
U14068,46,Female,Lucknow,Nokia,iOS,9.1,25.7,278.2,100,2.1,8079,2.5,1.3,991,Gaming
U14069,38,Male,Ahmedabad,Vivo,Android,5.2,3.0,141.1,97,3.9,4345,0.6,2.5,1175,Entertainment
U14070,34,Male,Bangalore,Realme,iOS,5.7,30.3,129.0,117,1.2,2660,0.9,2.2,1764,Social Media
U14071,56,Other,Bangalore,Oppo,iOS,6.9,5.1,259.7,81,3.0,5620,5.6,1.4,1147,Work
U14072,38,Other,Chennai,Nokia,Android,10.4,31.6,252.5,15,5.1,8503,4.0,4.8,1584,Education
U14073,32,Other,Kolkata,Nokia,Android,11.2,43.3,138.7,53,2.1,7531,2.4,1.9,1821,Education
U14074,60,Female,Hyderabad,Apple,Android,5.3,9.5,123.1,15,0.9,4710,4.0,0.2,616,Gaming
U14075,36,Other,Hyderabad,Google Pixel,iOS,2.8,48.6,60.4,107,3.2,6292,3.3,4.1,1552,Entertainment
U14076,41,Other,Jaipur,Realme,iOS,4.5,15.9,129.5,91,0.6,2941,2.4,1.2,1448,Entertainment
U14077,34,Male,Chennai,Xiaomi,Android,10.1,18.7,14.0,181,2.0,5768,2.7,0.2,1962,Social Media
U14078,38,Other,Kolkata,OnePlus,iOS,7.4,43.1,283.5,160,3.4,6724,0.7,2.3,1737,Gaming
U14079,43,Other,Jaipur,Apple,Android,4.3,31.3,125.6,86,5.6,2020,2.3,4.9,983,Entertainment
U14080,23,Female,Mumbai,OnePlus,iOS,6.4,8.9,42.8,40,0.5,8288,4.4,1.4,1884,Work
U14081,45,Female,Hyderabad,OnePlus,Android,7.3,13.6,137.7,21,0.9,2907,1.5,1.5,1937,Education
U14082,16,Other,Bangalore,Nokia,Android,8.1,39.6,218.4,128,1.9,2463,2.9,2.0,1815,Work
U14083,58,Male,Lucknow,Apple,iOS,11.3,24.0,123.5,11,0.9,7973,6.0,1.6,1984,Gaming
U14084,19,Female,Jaipur,Oppo,iOS,10.1,1.3,277.2,66,5.1,534,4.2,1.2,1358,Social Media
U14085,36,Other,Jaipur,Xiaomi,Android,8.1,37.0,218.7,59,4.3,3122,6.2,1.2,159,Work
U14086,30,Male,Jaipur,Google Pixel,iOS,7.2,28.0,89.1,178,2.4,9621,7.5,4.2,622,Education
U14087,52,Female,Bangalore,Samsung,Android,8.4,40.4,30.1,60,0.6,4224,4.0,2.7,1726,Gaming
U14088,39,Female,Lucknow,Apple,iOS,4.1,8.9,24.5,83,5.1,3866,2.1,2.1,741,Social Media
U14089,45,Other,Kolkata,Samsung,iOS,6.0,27.3,11.0,113,2.7,2046,3.0,3.6,1883,Social Media
U14090,48,Other,Delhi,Google Pixel,Android,10.0,1.0,223.5,91,4.9,5430,2.3,2.8,1750,Work
U14091,17,Male,Delhi,Samsung,iOS,1.0,27.0,106.5,35,0.6,506,5.2,0.4,703,Education
U14092,19,Female,Delhi,Apple,iOS,5.8,34.2,248.6,187,2.0,1115,7.6,0.8,398,Work
U14093,36,Male,Bangalore,OnePlus,iOS,7.8,24.5,150.0,100,1.3,2378,4.1,0.8,487,Entertainment
U14094,48,Male,Lucknow,Samsung,Android,4.2,37.0,137.9,186,0.9,7495,5.3,4.9,1435,Gaming
U14095,50,Other,Mumbai,Realme,iOS,2.4,41.0,187.4,22,4.6,4905,2.3,2.9,1028,Social Media
U14096,48,Other,Pune,Realme,iOS,8.9,44.7,174.4,71,2.0,9400,3.8,2.5,1060,Social Media
U14097,15,Male,Delhi,Google Pixel,Android,3.7,28.7,184.2,158,1.9,3093,5.0,3.9,1816,Social Media
U14098,29,Other,Pune,Samsung,Android,6.5,26.3,224.9,155,5.3,6590,0.7,3.4,1518,Education
U14099,57,Other,Hyderabad,Vivo,Android,3.0,7.7,195.2,180,5.8,3997,5.9,4.9,746,Social Media
U14100,17,Female,Ahmedabad,Oppo,Android,6.5,21.9,297.4,25,0.8,5514,1.9,1.4,1162,Education
U14101,36,Other,Mumbai,Vivo,iOS,3.2,47.7,53.2,166,2.1,3254,2.4,0.6,654,Education
U14102,21,Other,Ahmedabad,OnePlus,Android,8.2,48.2,281.1,17,2.3,674,2.6,3.0,1198,Social Media
U14103,48,Female,Kolkata,OnePlus,Android,11.3,27.6,138.0,43,2.3,4539,7.6,4.2,327,Entertainment
U14104,52,Male,Pune,Motorola,Android,6.1,34.4,133.5,173,3.4,2759,2.4,2.3,851,Education
U14105,35,Female,Pune,OnePlus,iOS,11.2,48.9,114.4,195,5.4,8588,4.2,0.2,1913,Social Media
U14106,55,Male,Delhi,Motorola,iOS,5.7,21.1,11.4,58,3.7,5990,7.2,1.6,1994,Entertainment
U14107,25,Other,Pune,Realme,iOS,11.0,28.3,85.2,179,1.2,5763,0.8,3.7,781,Education
U14108,42,Male,Pune,Nokia,iOS,1.6,44.2,65.7,148,5.6,6678,3.7,4.1,404,Entertainment
U14109,45,Female,Mumbai,Oppo,iOS,3.2,47.0,160.4,53,2.9,7015,7.4,3.5,1120,Work
U14110,40,Male,Ahmedabad,Oppo,iOS,7.5,9.3,231.7,78,1.1,2499,1.3,2.1,1346,Gaming
U14111,16,Other,Chennai,Vivo,iOS,2.9,1.7,62.7,37,3.8,5518,7.2,0.7,319,Education
U14112,31,Other,Bangalore,Google Pixel,Android,10.8,17.4,288.7,178,1.6,7077,7.7,3.1,383,Work
U14113,31,Female,Jaipur,Xiaomi,iOS,7.7,41.0,40.0,11,2.1,7104,4.2,3.0,848,Work
U14114,49,Other,Mumbai,Xiaomi,iOS,1.1,32.9,132.7,145,2.1,396,4.3,3.2,1407,Work
U14115,49,Female,Jaipur,Samsung,Android,2.0,21.7,74.9,118,5.5,5716,4.7,4.5,293,Work
U14116,52,Other,Delhi,Oppo,Android,8.6,14.9,148.6,155,5.8,2281,3.2,3.0,763,Education
U14117,37,Female,Chennai,Oppo,Android,2.0,5.2,103.6,162,4.7,3159,5.9,2.3,1376,Work
U14118,57,Male,Bangalore,Google Pixel,iOS,8.0,32.9,158.2,164,4.7,8387,7.6,4.2,1564,Social Media
U14119,43,Female,Hyderabad,Realme,Android,3.1,12.8,5.5,135,3.0,7559,4.2,2.5,1381,Gaming
U14120,25,Other,Pune,Oppo,Android,3.3,37.0,196.4,96,5.6,6035,6.9,2.2,1499,Work
U14121,57,Female,Pune,Oppo,Android,9.4,49.6,122.8,137,4.4,4537,7.2,3.8,1022,Gaming
U14122,44,Male,Jaipur,Oppo,Android,10.0,39.5,108.0,59,3.6,4500,5.1,3.6,1435,Gaming
U14123,26,Male,Bangalore,OnePlus,Android,7.6,32.4,47.0,80,4.1,1348,6.0,1.5,993,Entertainment
U14124,20,Male,Jaipur,OnePlus,Android,6.2,17.8,31.0,134,5.9,9418,5.4,4.1,336,Education
U14125,47,Female,Jaipur,OnePlus,iOS,3.3,4.9,102.6,91,1.7,1674,5.7,2.9,914,Entertainment
U14126,42,Male,Chennai,Google Pixel,Android,1.5,49.5,283.2,34,5.2,3637,0.6,1.5,1299,Entertainment
U14127,57,Other,Delhi,OnePlus,iOS,10.9,9.9,193.4,51,4.8,1183,1.1,3.1,762,Entertainment
U14128,18,Male,Mumbai,Motorola,iOS,10.0,12.7,68.2,54,2.8,2223,1.6,3.2,318,Social Media
U14129,60,Female,Ahmedabad,Google Pixel,Android,6.7,23.2,42.0,182,3.2,1817,6.5,1.7,1660,Work
U14130,22,Other,Jaipur,Motorola,iOS,2.7,6.0,23.4,37,5.4,7079,6.6,4.0,355,Entertainment
U14131,24,Other,Hyderabad,Apple,iOS,10.4,17.3,185.8,19,2.2,5461,6.9,4.5,1243,Social Media
U14132,53,Female,Bangalore,Samsung,Android,11.5,37.4,258.7,190,4.7,1946,7.7,4.5,786,Work
U14133,43,Female,Lucknow,Vivo,iOS,8.2,10.7,20.2,81,1.4,797,3.8,0.9,1660,Entertainment
U14134,45,Male,Pune,Vivo,Android,4.8,14.1,26.4,49,4.0,1173,5.1,0.1,1444,Entertainment
U14135,60,Male,Bangalore,Samsung,iOS,5.5,33.8,17.1,89,1.0,5797,1.5,1.0,892,Gaming
U14136,50,Female,Hyderabad,Oppo,Android,1.6,4.8,37.1,37,5.2,8970,7.5,3.1,1659,Education
U14137,35,Male,Bangalore,Oppo,Android,2.5,13.7,264.4,184,2.2,2207,3.4,0.2,770,Work
U14138,15,Female,Kolkata,OnePlus,Android,11.4,29.5,167.1,78,3.4,4462,5.5,3.7,367,Education
U14139,33,Female,Lucknow,Motorola,iOS,2.7,35.0,105.2,126,0.7,240,7.1,0.3,786,Social Media
U14140,25,Other,Hyderabad,Realme,Android,10.5,48.4,23.9,170,2.6,2386,6.6,0.8,504,Gaming
U14141,46,Male,Chennai,Nokia,iOS,10.9,5.9,76.3,54,2.5,2285,2.0,2.9,601,Gaming
U14142,37,Male,Kolkata,Samsung,Android,11.5,14.8,246.7,196,1.5,2410,2.5,2.9,475,Social Media
U14143,22,Other,Delhi,Vivo,Android,3.5,38.2,93.0,143,4.0,8436,1.2,1.8,1828,Social Media
U14144,37,Male,Mumbai,Apple,iOS,1.9,9.5,45.8,44,0.9,5769,3.6,0.1,771,Entertainment
U14145,57,Female,Ahmedabad,OnePlus,Android,9.9,19.3,21.0,146,4.9,552,1.6,2.0,1750,Social Media
U14146,25,Female,Mumbai,Nokia,iOS,1.4,20.2,129.2,91,1.5,6805,2.1,4.5,602,Work
U14147,58,Female,Pune,OnePlus,Android,8.7,2.0,251.4,74,2.8,2716,6.9,1.0,831,Gaming
U14148,20,Other,Hyderabad,Samsung,iOS,3.7,8.7,127.8,63,4.5,6287,7.6,1.3,1586,Work
U14149,33,Female,Lucknow,Realme,Android,3.1,41.0,154.9,29,2.3,1236,3.2,0.0,372,Gaming
U14150,27,Male,Delhi,Nokia,Android,11.6,31.8,258.4,186,2.5,9050,3.9,3.6,1749,Work
U14151,33,Other,Hyderabad,Motorola,Android,4.8,16.3,235.1,63,4.3,4145,1.0,1.2,1637,Gaming
U14152,35,Female,Pune,Motorola,iOS,11.0,12.7,173.6,152,0.5,2499,6.4,4.0,1361,Entertainment
U14153,53,Female,Pune,Realme,iOS,1.4,44.9,91.1,193,2.3,5557,5.3,4.0,883,Gaming
U14154,28,Female,Lucknow,Motorola,Android,6.9,38.0,126.9,147,4.3,4612,6.0,0.5,1980,Entertainment
U14155,46,Female,Mumbai,OnePlus,Android,11.5,17.4,72.8,194,1.6,4716,1.1,2.5,1975,Social Media
U14156,39,Other,Kolkata,Realme,iOS,2.6,1.5,126.3,51,3.7,2199,5.8,2.4,830,Social Media
U14157,60,Female,Jaipur,Google Pixel,Android,9.0,23.5,118.9,188,5.6,4911,3.7,0.9,1896,Social Media
U14158,41,Other,Hyderabad,OnePlus,Android,11.6,31.8,285.8,11,3.8,2670,2.1,3.2,1481,Entertainment
U14159,52,Male,Pune,Oppo,iOS,9.2,5.6,287.5,166,0.6,372,7.7,2.2,791,Work
U14160,29,Male,Mumbai,Samsung,Android,3.6,21.7,220.0,77,5.6,3725,1.1,3.3,1370,Social Media
U14161,47,Male,Kolkata,Realme,iOS,6.9,5.1,54.7,172,4.5,3120,1.9,3.4,1785,Social Media
U14162,27,Male,Jaipur,OnePlus,Android,11.9,41.8,80.1,51,2.1,1427,6.1,2.6,1988,Work
U14163,45,Female,Kolkata,Motorola,iOS,1.2,48.7,291.4,19,1.5,5460,5.8,1.1,325,Work
U14164,51,Male,Kolkata,Vivo,Android,9.6,19.5,36.3,112,3.7,547,0.8,0.8,265,Education
U14165,23,Female,Delhi,Samsung,Android,2.4,40.0,114.5,52,5.3,397,3.2,4.6,1427,Social Media
U14166,35,Female,Kolkata,Apple,Android,9.4,47.6,196.5,14,5.2,5095,2.4,4.5,478,Education
U14167,31,Female,Jaipur,Nokia,iOS,4.8,23.3,25.6,50,5.8,9743,7.3,1.2,991,Social Media
U14168,24,Male,Lucknow,Nokia,iOS,2.6,31.0,144.8,177,2.4,5482,2.2,0.9,1748,Education
U14169,32,Male,Pune,Oppo,iOS,4.9,28.4,154.4,55,5.1,1526,6.7,3.3,1525,Work
U14170,36,Male,Jaipur,Google Pixel,iOS,2.3,37.0,32.6,114,5.1,8381,7.1,0.7,579,Entertainment
U14171,26,Other,Bangalore,Realme,Android,7.9,7.7,100.2,11,2.8,6077,7.9,1.6,150,Work
U14172,40,Male,Hyderabad,Google Pixel,iOS,9.8,8.7,105.9,15,4.5,5707,3.5,0.7,961,Gaming
U14173,53,Other,Kolkata,Motorola,Android,6.7,9.3,69.1,151,2.3,5467,3.5,2.0,1707,Gaming
U14174,57,Male,Jaipur,Apple,Android,7.6,8.6,99.9,70,5.9,6444,2.0,0.3,264,Entertainment
U14175,33,Other,Kolkata,Xiaomi,Android,8.3,4.5,211.0,149,3.7,3655,3.0,3.8,363,Education
U14176,16,Female,Kolkata,Google Pixel,iOS,5.0,31.6,274.6,45,1.4,5135,7.9,4.8,1698,Work
U14177,48,Male,Bangalore,Oppo,Android,7.7,39.0,160.8,49,5.3,301,4.6,3.4,1206,Education
U14178,15,Other,Pune,Xiaomi,Android,6.1,37.9,198.6,68,1.1,5834,4.9,0.3,1836,Work
U14179,28,Male,Pune,Oppo,iOS,6.4,10.2,10.1,32,4.6,8954,0.6,0.4,362,Gaming
U14180,26,Male,Bangalore,Motorola,iOS,6.0,35.9,41.6,146,2.5,3781,2.9,1.4,1704,Gaming
U14181,36,Female,Pune,Xiaomi,Android,8.6,29.9,112.4,171,4.1,4713,0.7,1.1,1142,Gaming
U14182,46,Other,Ahmedabad,Samsung,iOS,3.3,26.5,126.9,44,2.7,6803,3.5,2.9,1414,Education
U14183,56,Male,Bangalore,Realme,iOS,4.7,11.2,213.8,110,5.4,8085,5.1,0.2,844,Gaming
U14184,50,Male,Lucknow,Google Pixel,iOS,3.8,25.6,166.7,117,2.3,4345,4.7,4.1,1829,Work
U14185,58,Male,Pune,Oppo,iOS,11.0,14.4,109.7,161,5.9,3618,1.5,4.2,1845,Work
U14186,50,Other,Ahmedabad,Apple,iOS,9.5,16.3,118.3,130,4.6,283,1.7,1.4,758,Gaming
U14187,33,Male,Jaipur,Vivo,Android,4.3,1.5,235.1,95,1.3,8730,5.4,4.4,265,Work
U14188,40,Male,Hyderabad,Apple,Android,2.5,7.6,295.7,166,1.7,5086,6.1,1.5,740,Gaming
U14189,15,Other,Chennai,Nokia,iOS,10.1,27.7,224.0,83,3.8,2342,7.8,2.2,699,Entertainment
U14190,35,Female,Ahmedabad,Xiaomi,iOS,6.4,8.7,12.4,140,4.0,1464,5.7,0.7,1976,Entertainment
U14191,20,Male,Chennai,Xiaomi,iOS,6.5,46.3,248.6,70,2.4,1260,3.0,0.3,953,Gaming
U14192,57,Male,Kolkata,OnePlus,Android,1.5,41.5,185.1,170,0.8,4175,3.7,0.6,1476,Education
U14193,54,Other,Pune,Nokia,Android,8.2,3.7,165.9,124,3.5,8148,6.6,0.6,623,Work
U14194,38,Male,Mumbai,Google Pixel,iOS,8.3,15.1,124.3,191,2.2,8528,2.2,3.1,1793,Education
U14195,21,Other,Mumbai,Google Pixel,Android,3.3,47.5,181.4,124,4.0,3903,3.5,0.8,1240,Entertainment
U14196,58,Male,Chennai,OnePlus,iOS,11.6,23.6,66.1,79,2.6,6867,7.2,4.3,402,Social Media
U14197,17,Other,Kolkata,Xiaomi,Android,2.9,9.8,282.8,133,2.2,6050,4.2,1.3,1555,Work
U14198,24,Female,Jaipur,Nokia,iOS,9.5,30.6,207.6,88,2.6,5027,1.8,2.4,603,Work
U14199,33,Male,Mumbai,Apple,iOS,11.8,43.6,224.7,161,2.3,5816,7.1,2.2,1751,Education
U14200,20,Other,Delhi,Apple,Android,9.2,25.3,26.3,41,1.8,4420,5.1,2.8,582,Gaming
U14201,39,Male,Hyderabad,Nokia,iOS,9.6,32.7,247.1,98,5.4,1148,2.5,4.2,466,Gaming
U14202,47,Male,Bangalore,Motorola,iOS,9.9,34.9,38.6,129,5.5,2527,7.0,3.0,1253,Entertainment
U14203,25,Male,Bangalore,Oppo,Android,4.6,49.6,230.0,189,3.7,1328,1.8,0.9,1535,Entertainment
U14204,31,Other,Ahmedabad,Google Pixel,Android,9.7,26.3,105.3,59,1.5,7386,5.8,3.6,957,Entertainment
U14205,25,Female,Hyderabad,Samsung,Android,1.8,15.9,192.6,68,1.3,2704,3.6,0.5,1665,Entertainment
U14206,35,Female,Bangalore,Xiaomi,iOS,2.3,15.7,57.2,174,5.0,3098,3.0,3.4,1631,Social Media
U14207,43,Male,Mumbai,Oppo,Android,11.6,49.8,176.5,77,5.8,9695,1.4,0.5,1338,Entertainment
U14208,35,Other,Mumbai,Xiaomi,Android,9.7,48.8,158.3,160,3.1,8585,6.1,3.2,735,Entertainment
U14209,45,Male,Mumbai,Nokia,Android,11.1,35.4,291.1,158,0.9,9186,6.0,4.5,1767,Education
U14210,21,Other,Chennai,Nokia,iOS,5.2,43.0,111.1,128,5.1,5128,3.4,1.4,333,Education
U14211,30,Female,Bangalore,Motorola,iOS,8.3,7.3,239.6,182,4.6,9869,5.9,3.1,1616,Entertainment
U14212,46,Female,Ahmedabad,Google Pixel,Android,3.9,34.5,262.6,142,2.5,3180,1.1,0.3,1674,Entertainment
U14213,58,Female,Pune,Nokia,Android,11.2,5.1,142.2,117,1.3,3139,2.2,2.7,1215,Social Media
U14214,18,Female,Delhi,Xiaomi,Android,5.1,24.3,274.2,21,4.8,3483,2.5,1.4,873,Work
U14215,20,Other,Pune,Oppo,iOS,1.6,49.3,61.3,187,5.6,2275,7.9,1.3,490,Entertainment
U14216,52,Other,Mumbai,Realme,Android,7.6,22.9,35.8,68,2.9,6258,7.2,0.9,133,Gaming
U14217,43,Male,Jaipur,Xiaomi,iOS,9.8,4.1,227.5,188,3.1,8864,5.1,0.4,750,Entertainment
U14218,45,Female,Ahmedabad,Samsung,Android,11.0,10.0,296.2,137,3.4,2444,1.0,2.7,1442,Work
U14219,49,Other,Kolkata,OnePlus,iOS,2.1,28.0,25.3,159,5.1,6370,0.9,4.7,829,Entertainment
U14220,22,Female,Jaipur,Nokia,iOS,6.6,18.0,245.5,194,1.0,9509,5.1,3.5,1639,Entertainment
U14221,27,Female,Delhi,Samsung,iOS,7.0,6.7,114.7,162,3.5,4237,2.4,1.6,1849,Gaming
U14222,50,Male,Chennai,Realme,Android,12.0,47.1,231.7,38,2.9,5421,2.3,4.7,135,Entertainment
U14223,42,Female,Mumbai,Apple,Android,1.6,44.8,209.1,190,2.8,7037,5.3,2.7,104,Gaming
U14224,38,Female,Hyderabad,Samsung,iOS,2.1,26.1,63.7,172,2.6,6115,4.1,4.0,293,Social Media
U14225,50,Female,Mumbai,Vivo,iOS,11.6,14.4,33.5,87,5.0,1616,2.4,2.7,952,Gaming
U14226,27,Male,Pune,Xiaomi,Android,9.1,37.9,221.2,38,4.5,2404,2.7,1.9,1754,Entertainment
U14227,60,Male,Bangalore,Apple,iOS,5.3,12.9,56.2,59,4.1,202,5.5,0.2,963,Social Media
U14228,56,Other,Bangalore,Nokia,Android,3.0,24.7,136.2,175,0.5,9817,5.1,1.4,1964,Gaming
U14229,20,Female,Jaipur,Realme,Android,10.6,45.2,230.8,37,0.8,1527,1.7,2.2,1096,Entertainment
U14230,34,Other,Mumbai,OnePlus,iOS,11.2,45.9,212.7,19,5.7,6094,1.8,1.1,869,Education
U14231,39,Female,Delhi,Realme,iOS,2.5,22.0,159.5,151,1.2,2722,4.6,0.9,627,Education
U14232,45,Female,Delhi,Realme,iOS,9.7,23.3,265.4,76,1.4,7991,2.4,3.2,1741,Gaming
U14233,35,Female,Pune,Realme,Android,3.4,44.5,249.8,177,0.8,2951,1.9,2.3,1248,Work
U14234,41,Male,Pune,Realme,iOS,8.0,17.6,37.7,53,1.7,4838,2.6,4.9,657,Social Media
U14235,21,Female,Ahmedabad,Samsung,Android,11.3,25.4,295.1,82,2.2,1334,6.1,2.2,334,Entertainment
U14236,48,Other,Mumbai,OnePlus,iOS,2.9,7.6,66.1,85,3.5,2236,7.2,0.5,1377,Gaming
U14237,27,Other,Lucknow,Motorola,iOS,8.7,15.1,132.9,32,1.1,5498,7.0,0.9,1326,Entertainment
U14238,53,Other,Ahmedabad,OnePlus,Android,11.3,1.8,215.7,185,3.6,6936,3.2,3.4,843,Education
U14239,17,Female,Hyderabad,Motorola,Android,10.8,15.9,183.7,17,5.5,6626,2.0,2.5,1192,Social Media
U14240,45,Female,Ahmedabad,Vivo,iOS,9.6,49.8,137.4,150,5.3,7301,5.6,4.8,463,Gaming
U14241,44,Other,Lucknow,Samsung,Android,1.5,40.5,89.4,129,0.8,2577,2.4,1.7,898,Gaming
U14242,18,Male,Jaipur,Oppo,iOS,2.8,33.0,270.5,134,4.5,6904,4.3,2.1,628,Education
U14243,50,Male,Ahmedabad,Oppo,iOS,8.5,18.3,177.0,165,2.3,7934,5.7,5.0,1820,Entertainment
U14244,51,Other,Jaipur,Realme,iOS,10.8,42.6,274.3,134,0.8,1382,1.5,4.4,417,Entertainment
U14245,24,Female,Pune,Xiaomi,iOS,8.3,12.0,148.5,13,4.6,858,4.4,0.3,1880,Entertainment
U14246,51,Female,Jaipur,Motorola,Android,9.2,31.9,62.6,134,5.0,7586,0.7,0.4,1080,Education
U14247,22,Other,Kolkata,Realme,Android,8.9,48.4,141.3,178,4.0,6080,6.8,4.4,1888,Entertainment
U14248,15,Other,Hyderabad,Realme,Android,2.7,27.7,123.1,182,2.7,5563,6.7,1.5,305,Work
U14249,51,Other,Hyderabad,Google Pixel,Android,1.4,42.4,263.3,104,1.8,2211,5.3,3.3,780,Work
U14250,45,Female,Mumbai,Oppo,Android,8.8,6.9,41.1,76,3.9,5564,2.5,4.2,855,Entertainment
U14251,26,Female,Mumbai,Realme,Android,11.4,32.7,190.9,39,3.3,6090,4.0,3.9,462,Social Media
U14252,24,Other,Bangalore,Apple,iOS,8.9,1.5,142.7,58,2.0,8755,1.8,4.4,310,Social Media
U14253,33,Male,Chennai,Realme,iOS,1.9,36.5,153.3,100,0.7,354,4.1,2.6,1127,Education
U14254,34,Male,Jaipur,Realme,Android,1.9,26.5,181.5,193,3.6,1690,4.4,0.9,592,Education
U14255,26,Male,Hyderabad,Motorola,Android,2.7,22.1,79.4,50,3.5,2599,2.1,0.2,1678,Education
U14256,55,Other,Lucknow,Vivo,iOS,2.0,14.8,273.5,67,1.1,4073,5.6,4.0,1523,Social Media
U14257,49,Female,Chennai,Realme,Android,8.6,42.1,92.7,78,4.5,995,1.0,1.6,916,Gaming
U14258,26,Other,Jaipur,Nokia,Android,5.5,9.4,287.1,71,2.6,3064,6.1,1.9,775,Gaming
U14259,60,Male,Jaipur,Motorola,iOS,1.9,18.2,22.9,53,2.2,1755,6.4,4.6,103,Social Media
U14260,34,Female,Kolkata,Realme,iOS,8.2,9.2,100.5,110,1.2,178,2.2,2.6,1851,Gaming
U14261,54,Other,Delhi,Oppo,iOS,8.9,37.3,134.1,16,3.4,6543,4.7,0.7,660,Social Media
U14262,58,Other,Ahmedabad,Apple,iOS,4.1,33.9,224.7,71,2.5,3352,1.9,3.4,1487,Education
U14263,36,Female,Hyderabad,Nokia,iOS,2.4,9.1,273.8,181,3.2,9413,3.0,1.3,1935,Education
U14264,59,Female,Pune,OnePlus,iOS,11.4,30.0,140.2,33,4.2,1687,2.5,4.4,1863,Gaming
U14265,38,Male,Bangalore,Google Pixel,iOS,8.7,21.3,84.7,163,3.3,9616,1.4,2.5,1030,Education
U14266,57,Other,Lucknow,Motorola,Android,2.7,37.0,140.7,79,0.9,8746,2.5,0.3,657,Social Media
U14267,57,Other,Chennai,Samsung,Android,2.0,23.1,131.1,148,3.7,2204,2.4,2.7,845,Social Media
U14268,53,Male,Delhi,Motorola,Android,1.5,48.6,281.0,42,0.8,3330,4.7,2.1,255,Gaming
U14269,20,Other,Delhi,Samsung,iOS,2.6,16.6,146.2,161,0.7,7496,3.3,3.7,255,Gaming
U14270,42,Male,Mumbai,Nokia,Android,10.0,40.7,239.9,43,4.5,7290,7.8,2.8,1092,Gaming
U14271,18,Other,Chennai,Apple,Android,7.2,20.3,137.7,119,1.3,8034,2.8,1.9,1451,Work
U14272,40,Female,Mumbai,Samsung,Android,11.5,37.2,257.8,127,3.4,8191,3.5,1.0,1907,Work
U14273,32,Other,Jaipur,Vivo,iOS,1.3,15.8,203.2,81,3.2,6358,5.2,4.3,1418,Entertainment
U14274,30,Male,Chennai,Samsung,iOS,4.2,33.7,286.9,154,2.9,110,0.7,3.9,1011,Education
U14275,16,Female,Pune,Motorola,iOS,7.0,12.1,82.3,106,1.3,4334,3.3,2.3,1718,Social Media
U14276,29,Female,Mumbai,Nokia,iOS,4.5,8.5,8.5,175,5.9,5866,6.3,3.1,1364,Social Media
U14277,41,Other,Mumbai,Vivo,iOS,2.5,32.5,52.8,195,4.7,4474,1.7,4.1,1127,Work
U14278,22,Other,Mumbai,Samsung,iOS,5.1,26.6,299.9,72,1.0,9644,6.1,1.1,564,Work
U14279,22,Other,Hyderabad,Samsung,iOS,11.4,31.3,290.4,73,3.9,5522,5.3,3.6,1105,Education
U14280,20,Male,Kolkata,Oppo,Android,2.4,25.4,29.7,106,1.3,9389,1.3,0.5,1283,Education
U14281,59,Other,Bangalore,OnePlus,iOS,3.3,1.6,87.0,59,2.6,6069,6.0,0.1,416,Education
U14282,17,Male,Ahmedabad,Realme,Android,5.4,2.0,122.1,182,2.0,517,0.8,3.0,135,Education
U14283,33,Other,Lucknow,Apple,Android,7.9,41.8,7.0,149,4.3,9077,5.7,3.5,1116,Gaming
U14284,53,Other,Kolkata,Realme,Android,11.6,35.1,182.8,95,5.0,4514,6.8,4.4,1095,Gaming
U14285,30,Female,Lucknow,Nokia,Android,7.8,7.1,11.7,99,1.2,9882,3.0,2.1,202,Gaming
U14286,26,Female,Ahmedabad,Vivo,iOS,9.4,38.4,273.9,132,3.6,481,2.4,0.1,1574,Education
U14287,24,Male,Ahmedabad,Nokia,Android,2.4,19.5,168.4,122,2.7,7474,6.3,4.7,1860,Entertainment
U14288,21,Other,Hyderabad,Apple,iOS,3.1,2.4,133.1,75,3.9,9380,1.8,2.1,1166,Work
U14289,24,Other,Bangalore,OnePlus,Android,2.9,39.5,54.9,72,3.2,4206,2.9,3.3,173,Work
U14290,22,Other,Chennai,Motorola,Android,6.7,49.7,195.7,75,2.0,4346,7.1,4.2,1092,Education
U14291,55,Other,Hyderabad,Xiaomi,Android,1.2,4.2,23.5,43,3.4,3557,5.7,2.8,883,Entertainment
U14292,56,Other,Mumbai,Realme,Android,4.6,6.3,137.5,158,0.9,5470,3.0,2.2,1008,Gaming
U14293,39,Other,Chennai,Samsung,Android,9.5,36.5,229.6,157,5.7,954,2.0,1.6,955,Entertainment
U14294,44,Other,Delhi,Nokia,iOS,11.6,44.7,140.4,143,3.6,5642,0.6,1.6,856,Social Media
U14295,30,Male,Bangalore,Nokia,Android,4.3,47.2,17.0,109,2.7,1072,3.3,1.9,596,Social Media
U14296,59,Female,Kolkata,Apple,Android,1.3,31.9,162.1,160,2.2,8963,4.3,4.5,1578,Education
U14297,39,Other,Kolkata,Google Pixel,iOS,10.3,5.9,98.7,18,1.6,2459,7.4,0.3,1465,Work
U14298,56,Other,Ahmedabad,Google Pixel,Android,10.8,40.0,287.1,37,1.9,5952,1.1,3.4,1423,Gaming
U14299,47,Male,Bangalore,Samsung,iOS,3.3,8.8,149.2,49,4.2,9674,5.5,2.9,196,Social Media
U14300,25,Other,Ahmedabad,Google Pixel,Android,6.4,24.4,131.7,96,2.8,9969,4.0,1.4,1337,Social Media
U14301,22,Other,Bangalore,Apple,Android,6.9,19.3,5.3,27,1.9,7936,6.6,4.1,1234,Social Media
U14302,32,Male,Kolkata,Samsung,Android,5.9,12.4,220.3,155,1.7,3465,3.6,1.1,1562,Education
U14303,31,Male,Ahmedabad,Vivo,Android,10.1,16.0,204.0,198,1.2,2007,1.4,4.7,584,Social Media
U14304,51,Male,Mumbai,Google Pixel,iOS,7.7,16.3,296.9,33,3.3,6934,2.9,3.3,734,Education
U14305,57,Other,Mumbai,Apple,iOS,5.3,3.0,70.6,139,0.6,3933,2.9,1.2,729,Gaming
U14306,17,Male,Delhi,Google Pixel,iOS,8.3,27.2,249.9,56,5.0,3408,5.8,4.4,736,Gaming
U14307,40,Other,Chennai,Apple,iOS,8.0,2.4,24.5,135,2.3,6989,2.4,1.9,1769,Gaming
U14308,41,Female,Hyderabad,OnePlus,Android,7.0,44.9,259.8,96,1.6,5896,7.9,5.0,1642,Education
U14309,15,Other,Mumbai,Vivo,Android,7.3,22.2,225.1,158,1.6,5109,4.4,0.5,857,Gaming
U14310,19,Male,Ahmedabad,Samsung,Android,2.5,33.2,274.1,166,5.4,7864,4.2,3.8,1929,Entertainment
U14311,27,Other,Ahmedabad,Realme,iOS,5.1,24.9,175.1,23,2.6,8343,6.5,4.1,731,Entertainment
U14312,24,Female,Mumbai,Realme,Android,1.3,40.9,19.1,126,1.1,9730,2.1,4.5,393,Education
U14313,24,Male,Jaipur,Google Pixel,iOS,10.8,48.3,29.3,180,2.3,7129,2.9,0.8,1434,Work
U14314,33,Male,Bangalore,Apple,Android,8.4,47.2,295.1,172,2.6,9500,6.5,5.0,689,Social Media
U14315,25,Female,Pune,OnePlus,Android,5.7,30.8,21.0,47,4.7,4861,0.9,1.7,1591,Work
U14316,55,Other,Pune,Vivo,iOS,3.8,32.4,10.2,10,5.8,6699,1.4,4.6,274,Work
U14317,33,Other,Bangalore,Nokia,Android,10.4,44.2,107.2,92,4.6,4291,1.5,3.0,1334,Gaming
U14318,55,Female,Hyderabad,Google Pixel,Android,9.8,6.7,179.5,193,0.8,1786,6.4,3.1,1550,Social Media
U14319,44,Female,Pune,Apple,Android,9.7,26.4,156.9,11,2.3,7003,3.9,4.0,1363,Gaming
U14320,56,Female,Lucknow,OnePlus,Android,5.8,28.1,283.5,44,5.9,7584,2.9,3.9,849,Social Media
U14321,19,Male,Jaipur,Vivo,iOS,11.8,45.3,98.0,169,1.0,6554,3.8,1.4,1943,Social Media
U14322,36,Other,Delhi,OnePlus,iOS,6.3,16.4,197.5,173,2.5,2412,2.7,4.3,684,Work
U14323,38,Female,Mumbai,Apple,Android,9.1,6.1,125.2,127,0.6,2500,2.3,3.3,847,Entertainment
U14324,20,Male,Ahmedabad,Vivo,Android,3.8,17.9,17.9,188,3.1,2207,4.2,4.6,1314,Entertainment
U14325,59,Male,Kolkata,Google Pixel,Android,1.4,12.6,235.9,129,2.5,7280,4.2,0.8,1993,Work
U14326,45,Other,Lucknow,Samsung,iOS,6.9,28.5,149.1,34,2.0,2046,4.4,2.5,154,Social Media
U14327,30,Female,Chennai,Xiaomi,Android,9.3,27.2,211.8,20,3.9,8931,4.1,0.5,1517,Work
U14328,51,Female,Kolkata,Xiaomi,Android,5.3,17.7,29.3,30,3.5,7416,5.0,4.3,1095,Education
U14329,17,Male,Chennai,OnePlus,iOS,6.0,42.4,108.2,98,1.6,5787,4.7,4.9,1612,Social Media
U14330,60,Other,Hyderabad,Samsung,Android,10.5,15.2,214.1,183,6.0,8930,1.3,2.0,1739,Gaming
U14331,15,Other,Lucknow,Google Pixel,iOS,7.2,27.7,177.8,143,3.2,2656,1.2,1.8,1569,Entertainment
U14332,44,Female,Chennai,Google Pixel,iOS,3.2,8.5,118.7,153,4.3,5532,4.9,1.3,1382,Work
U14333,25,Male,Lucknow,Vivo,iOS,11.8,22.9,87.5,137,3.8,4114,7.1,5.0,1613,Education
U14334,49,Male,Kolkata,Vivo,Android,3.2,3.2,83.7,92,5.4,7126,3.6,4.4,674,Social Media
U14335,20,Other,Delhi,Vivo,Android,8.6,19.7,141.3,169,2.5,7478,6.2,1.7,1867,Entertainment
U14336,59,Other,Ahmedabad,Xiaomi,Android,10.4,26.4,139.5,130,6.0,2506,2.1,1.7,1897,Education
U14337,50,Male,Ahmedabad,Vivo,Android,11.5,1.3,73.1,131,4.7,1035,3.4,3.0,625,Entertainment
U14338,50,Male,Chennai,Vivo,iOS,3.4,49.1,36.1,31,5.5,2846,4.5,3.7,1263,Work
U14339,24,Female,Chennai,Oppo,iOS,2.5,13.5,52.1,168,4.2,8962,1.0,1.2,1703,Social Media
U14340,22,Female,Delhi,Xiaomi,iOS,11.3,46.2,43.2,20,5.1,1952,4.5,3.0,364,Work
U14341,60,Male,Mumbai,Samsung,iOS,9.7,45.3,89.9,59,2.4,7860,7.6,2.3,1981,Entertainment
U14342,50,Female,Hyderabad,Samsung,iOS,2.3,47.9,211.7,170,4.0,9188,3.0,0.4,861,Education
U14343,26,Other,Delhi,OnePlus,Android,4.4,43.2,50.1,49,3.7,3905,1.5,1.8,296,Gaming
U14344,56,Other,Bangalore,Realme,Android,6.1,10.5,14.3,128,3.0,1342,3.7,2.3,133,Social Media
U14345,24,Other,Hyderabad,Vivo,iOS,5.9,26.4,170.9,10,3.8,1616,2.7,0.7,656,Gaming
U14346,24,Male,Chennai,Motorola,Android,4.9,2.1,180.8,187,5.5,6808,1.5,2.8,1067,Work
U14347,21,Male,Hyderabad,Oppo,Android,2.2,32.2,58.2,28,2.9,8546,1.4,0.5,1024,Social Media
U14348,15,Male,Hyderabad,Xiaomi,iOS,2.8,6.8,67.3,17,5.2,4753,1.8,4.1,587,Social Media
U14349,56,Male,Jaipur,Oppo,Android,6.9,36.3,240.7,88,2.7,3929,5.8,3.8,184,Work
U14350,46,Other,Delhi,Vivo,iOS,3.8,20.1,281.3,149,4.7,274,2.3,2.1,1658,Education
U14351,40,Male,Delhi,OnePlus,Android,2.2,18.0,53.1,38,3.1,562,7.1,4.8,137,Work
U14352,44,Other,Hyderabad,Samsung,Android,9.9,33.4,161.3,92,2.3,2917,0.8,4.7,866,Work
U14353,45,Female,Chennai,OnePlus,Android,9.4,45.0,98.3,157,5.2,377,4.4,4.2,1939,Work
U14354,31,Male,Chennai,OnePlus,iOS,10.7,7.8,283.9,46,3.7,3384,7.5,0.2,1780,Education
U14355,60,Other,Kolkata,Apple,iOS,7.9,37.8,14.2,145,2.5,2283,4.4,0.4,1266,Gaming
U14356,22,Female,Mumbai,Vivo,iOS,9.7,34.7,265.6,66,1.3,4432,3.8,1.4,1703,Gaming
U14357,30,Female,Pune,Google Pixel,Android,11.4,1.6,85.6,89,2.7,8169,4.4,4.7,1360,Entertainment
U14358,25,Other,Delhi,Realme,Android,1.8,19.3,58.5,44,5.4,6949,0.8,1.0,869,Work
U14359,41,Male,Ahmedabad,Samsung,iOS,9.2,30.2,158.5,193,5.6,5521,6.4,1.3,264,Work
U14360,27,Other,Chennai,Oppo,Android,10.9,49.5,43.0,193,3.1,982,6.2,3.9,141,Entertainment
U14361,20,Female,Chennai,Xiaomi,Android,9.7,10.6,158.1,99,4.4,822,7.5,3.6,681,Gaming
U14362,39,Male,Mumbai,Vivo,iOS,4.4,7.9,15.9,186,3.1,7979,4.7,1.1,1267,Gaming
U14363,59,Female,Kolkata,Apple,iOS,3.0,20.6,276.1,74,2.3,7898,5.3,0.0,289,Gaming
U14364,15,Other,Chennai,OnePlus,Android,4.5,40.4,88.6,142,2.1,9928,7.4,2.0,594,Education
U14365,28,Female,Ahmedabad,Xiaomi,Android,2.5,29.9,34.6,32,0.9,7905,5.3,4.9,185,Entertainment
U14366,37,Male,Delhi,Realme,Android,4.3,12.7,78.1,45,3.3,5796,0.7,1.6,1692,Social Media
U14367,35,Female,Pune,Motorola,Android,10.1,10.4,123.3,12,2.5,7817,3.8,4.1,1256,Entertainment
U14368,52,Other,Pune,Vivo,iOS,5.0,15.4,212.5,24,0.9,9217,1.4,5.0,1445,Entertainment
U14369,56,Other,Jaipur,Motorola,iOS,4.8,9.8,18.2,147,2.3,8420,5.6,1.5,1569,Entertainment
U14370,50,Female,Mumbai,Samsung,iOS,2.4,46.8,255.8,171,3.7,7944,1.2,1.2,950,Social Media
U14371,31,Male,Bangalore,Oppo,iOS,8.6,11.7,139.6,60,2.5,2126,2.0,2.2,1637,Education
U14372,58,Other,Kolkata,Samsung,iOS,8.7,8.7,255.6,15,4.1,1828,1.4,2.5,1455,Social Media
U14373,52,Female,Chennai,Apple,Android,2.8,15.7,35.1,127,5.9,7545,7.0,2.9,882,Social Media
U14374,39,Other,Bangalore,OnePlus,Android,3.6,13.2,139.3,189,3.6,2290,4.2,4.4,235,Gaming
U14375,15,Other,Kolkata,Realme,iOS,1.6,44.5,148.8,27,1.1,6055,4.6,0.8,984,Entertainment
U14376,59,Other,Pune,Nokia,iOS,3.6,47.3,181.5,182,2.4,5988,3.8,2.1,1391,Education
U14377,52,Male,Mumbai,Oppo,iOS,1.2,41.6,215.2,153,2.7,5151,3.6,3.6,617,Social Media
U14378,31,Female,Jaipur,Vivo,iOS,8.2,10.1,206.9,167,4.0,6772,2.9,2.1,456,Education
U14379,60,Female,Hyderabad,Samsung,Android,6.0,20.9,51.0,135,4.5,3168,5.9,3.7,1160,Entertainment
U14380,48,Male,Lucknow,Samsung,Android,1.6,18.9,55.5,197,2.5,411,1.8,2.3,261,Gaming
U14381,19,Female,Chennai,Apple,Android,3.8,36.0,135.3,193,1.3,9441,2.3,0.1,1796,Education
U14382,28,Other,Jaipur,Apple,Android,8.4,28.1,25.6,19,2.3,1937,2.3,4.8,1995,Education
U14383,23,Female,Pune,Motorola,Android,3.0,19.2,169.2,110,4.2,1738,7.2,2.0,1143,Work
U14384,26,Other,Chennai,Xiaomi,iOS,7.2,4.3,22.9,166,5.9,4985,1.0,3.7,391,Gaming
U14385,36,Female,Delhi,Oppo,iOS,9.4,48.4,15.5,165,2.1,8416,4.1,3.7,1000,Work
U14386,23,Male,Delhi,Motorola,iOS,6.7,6.2,258.1,42,2.9,9316,1.0,4.1,1229,Gaming
U14387,44,Female,Chennai,OnePlus,Android,9.0,35.3,149.4,121,3.5,9749,3.2,4.4,1728,Gaming
U14388,55,Male,Kolkata,Realme,iOS,4.7,20.5,210.8,104,3.3,9197,6.3,0.9,440,Social Media
U14389,45,Female,Kolkata,Oppo,Android,11.6,22.0,94.1,160,1.3,4825,0.8,2.0,256,Work
U14390,16,Other,Bangalore,Xiaomi,Android,5.9,32.9,171.3,48,5.0,9315,1.5,2.3,815,Work
U14391,50,Male,Pune,Google Pixel,Android,7.9,12.9,85.2,177,4.3,282,4.0,3.4,741,Work
U14392,44,Male,Lucknow,Apple,iOS,9.3,11.0,48.5,63,5.8,6872,6.1,3.3,1404,Work
U14393,18,Female,Pune,Apple,iOS,2.7,25.1,210.2,98,4.7,9702,3.0,2.6,141,Education
U14394,15,Female,Kolkata,Google Pixel,iOS,5.3,30.0,79.3,190,5.2,169,1.4,4.9,1183,Work
U14395,60,Male,Delhi,Motorola,Android,10.4,31.5,69.5,47,0.6,5846,2.1,4.5,1343,Education
U14396,52,Other,Pune,Realme,iOS,11.2,43.2,279.7,103,5.5,5961,3.3,3.5,750,Gaming
U14397,37,Female,Jaipur,Nokia,Android,11.3,18.1,240.6,57,3.6,3134,1.5,2.9,780,Work
U14398,41,Male,Mumbai,Motorola,Android,4.5,34.5,171.9,80,0.6,1177,5.4,4.0,524,Education
U14399,28,Other,Kolkata,Vivo,Android,5.0,12.3,164.8,142,5.9,103,4.6,1.6,124,Entertainment
U14400,51,Other,Kolkata,Samsung,iOS,5.8,23.2,55.2,20,5.2,518,5.0,1.7,1050,Education
U14401,46,Female,Pune,Realme,Android,10.1,13.9,20.3,135,0.5,122,3.9,4.7,211,Education
U14402,51,Female,Chennai,Samsung,Android,7.6,44.0,275.8,44,3.7,5133,3.6,3.9,939,Work
U14403,15,Female,Bangalore,Realme,Android,8.6,1.8,77.2,146,3.3,7151,3.3,4.1,348,Work
U14404,47,Male,Lucknow,Realme,Android,5.9,47.5,99.1,68,3.0,1954,7.4,1.2,1964,Social Media
U14405,39,Female,Delhi,Samsung,iOS,2.4,44.8,95.6,21,4.1,3208,1.2,1.6,1599,Entertainment
U14406,57,Other,Mumbai,Oppo,Android,5.3,5.9,217.8,91,1.0,6921,1.7,4.1,243,Social Media
U14407,44,Other,Jaipur,Apple,Android,2.3,18.6,23.2,117,4.0,2233,1.8,1.0,1033,Education
U14408,46,Male,Lucknow,Nokia,Android,2.9,46.9,292.4,133,4.8,1672,6.3,0.9,1165,Entertainment
U14409,59,Male,Bangalore,Samsung,Android,11.1,33.9,45.3,28,1.9,372,6.2,1.4,912,Work
U14410,56,Female,Ahmedabad,Xiaomi,iOS,2.9,36.5,183.2,77,3.3,9377,3.6,3.7,830,Work
U14411,45,Other,Lucknow,Realme,iOS,7.8,16.6,83.3,128,1.0,951,5.3,2.6,1319,Education
U14412,22,Male,Ahmedabad,Vivo,iOS,11.2,11.9,267.2,11,4.5,7424,1.5,2.7,355,Gaming
U14413,40,Other,Hyderabad,Motorola,iOS,7.7,40.7,233.4,153,3.6,1921,5.8,4.6,188,Entertainment
U14414,48,Male,Delhi,Vivo,iOS,4.0,32.5,93.4,114,5.9,199,7.4,3.2,1075,Social Media
U14415,39,Male,Pune,Xiaomi,Android,6.4,6.7,159.9,130,5.5,5771,8.0,1.6,528,Entertainment
U14416,28,Female,Mumbai,Xiaomi,iOS,4.8,48.1,94.5,33,2.0,7736,7.8,2.1,1970,Gaming
U14417,32,Male,Chennai,Xiaomi,Android,1.6,23.6,96.8,173,4.5,7497,1.8,2.9,713,Gaming
U14418,22,Male,Kolkata,Google Pixel,Android,4.4,13.6,241.4,169,0.7,757,1.7,4.0,1708,Entertainment
U14419,49,Other,Hyderabad,Samsung,iOS,10.3,23.3,137.9,43,0.7,4166,3.0,2.3,139,Education
U14420,49,Female,Jaipur,Vivo,iOS,4.7,27.3,250.8,190,5.1,2710,3.0,1.4,1949,Gaming
U14421,39,Other,Bangalore,Samsung,Android,7.3,2.4,279.3,111,5.1,5871,6.7,4.0,891,Education
U14422,59,Female,Ahmedabad,Realme,Android,4.1,22.3,105.5,10,4.9,476,1.0,0.1,955,Social Media
U14423,29,Female,Chennai,Xiaomi,Android,4.8,1.9,11.6,134,0.7,3322,4.2,0.3,1562,Gaming
U14424,38,Male,Mumbai,Vivo,Android,4.3,33.1,149.6,120,1.8,4095,3.5,0.8,1777,Gaming
U14425,16,Female,Kolkata,Nokia,Android,8.0,32.5,202.9,195,1.1,4788,2.7,1.7,1924,Education
U14426,19,Male,Chennai,Google Pixel,Android,10.5,42.2,188.3,83,5.3,1060,5.3,4.1,622,Entertainment
U14427,52,Other,Kolkata,Xiaomi,iOS,9.7,46.2,297.7,117,4.9,2455,3.8,3.9,435,Gaming
U14428,15,Female,Pune,Nokia,iOS,9.3,31.8,186.6,137,4.1,3330,7.9,3.3,1572,Gaming
U14429,54,Other,Ahmedabad,Apple,Android,5.2,25.3,43.0,39,1.0,8487,2.3,3.7,315,Gaming
U14430,44,Other,Pune,Samsung,Android,9.5,47.7,184.5,23,1.3,8392,6.7,2.4,1287,Work
U14431,20,Male,Kolkata,Samsung,Android,8.3,47.2,119.3,189,3.8,9586,4.8,1.8,1247,Education
U14432,42,Other,Lucknow,Samsung,Android,8.6,23.3,197.7,39,3.7,9289,6.1,3.4,1153,Social Media
U14433,53,Female,Mumbai,Xiaomi,Android,11.4,49.6,252.2,199,5.2,9919,7.0,0.9,1348,Social Media
U14434,33,Male,Jaipur,Nokia,Android,11.3,4.3,195.9,35,2.3,3859,2.9,2.7,1682,Work
U14435,33,Female,Pune,Xiaomi,Android,8.2,32.9,158.2,177,2.2,8409,5.8,4.9,560,Work
U14436,29,Male,Pune,Xiaomi,Android,10.2,16.4,78.7,165,3.5,7897,2.5,1.9,280,Entertainment
U14437,28,Other,Mumbai,Oppo,iOS,4.1,31.7,160.5,111,5.5,8400,4.5,1.3,1414,Entertainment
U14438,31,Other,Pune,OnePlus,Android,7.7,13.1,227.4,12,5.2,4698,2.2,2.6,347,Social Media
U14439,58,Male,Mumbai,Vivo,Android,6.9,6.7,128.4,183,2.9,7294,5.8,4.5,209,Education
U14440,44,Other,Pune,Motorola,Android,8.8,7.2,87.7,197,5.8,7613,3.1,4.2,1543,Gaming
U14441,48,Other,Delhi,Motorola,Android,8.0,20.1,267.4,61,4.3,4841,6.4,1.2,1445,Work
U14442,55,Male,Jaipur,Vivo,iOS,1.4,30.9,242.5,133,1.0,2564,7.6,1.9,1083,Social Media
U14443,53,Male,Ahmedabad,Nokia,Android,3.6,12.6,87.0,161,3.2,1299,7.9,1.6,695,Social Media
U14444,24,Male,Ahmedabad,Google Pixel,Android,4.7,8.1,176.9,100,2.0,395,4.4,0.0,1080,Social Media
U14445,19,Female,Ahmedabad,Apple,Android,6.9,14.3,89.5,196,5.0,1729,7.4,0.7,1407,Work
U14446,39,Other,Mumbai,Vivo,Android,1.9,37.2,224.3,128,1.8,9134,4.0,0.6,954,Work
U14447,39,Other,Mumbai,Apple,Android,3.2,4.8,178.6,141,1.7,7972,5.4,0.0,961,Entertainment
U14448,23,Other,Ahmedabad,Vivo,iOS,9.7,14.8,68.9,139,3.4,9745,1.4,3.4,848,Work
U14449,21,Male,Pune,Realme,iOS,10.6,45.8,93.3,104,4.8,5046,7.0,1.7,523,Work
U14450,56,Female,Pune,Nokia,Android,10.8,10.5,271.6,197,4.6,1672,5.4,2.6,1715,Work
U14451,30,Female,Jaipur,Nokia,iOS,4.4,24.3,204.8,105,2.2,4193,1.2,4.4,187,Gaming
U14452,34,Male,Ahmedabad,Xiaomi,Android,1.0,49.8,89.6,24,0.7,5068,4.3,3.3,1830,Gaming
U14453,55,Female,Lucknow,Apple,Android,11.6,44.9,26.1,191,3.2,5249,7.0,3.9,240,Education
U14454,55,Female,Mumbai,Vivo,iOS,7.5,3.5,285.4,42,3.2,921,6.4,2.3,1329,Entertainment
U14455,55,Female,Pune,Realme,iOS,3.7,31.3,224.0,139,3.1,4968,4.7,3.3,702,Entertainment
U14456,36,Female,Chennai,Apple,Android,8.7,49.3,231.5,77,3.8,9929,5.2,1.9,1491,Education
U14457,43,Other,Hyderabad,Xiaomi,iOS,7.1,41.0,44.2,148,4.6,2321,0.7,4.7,1543,Work
U14458,51,Female,Pune,Oppo,Android,1.2,35.0,43.1,191,4.3,6849,4.5,0.2,1639,Social Media
U14459,39,Male,Bangalore,Apple,iOS,7.6,8.0,125.7,40,1.7,2310,0.8,0.6,1137,Education
U14460,22,Other,Delhi,OnePlus,iOS,4.9,30.9,215.8,71,5.4,6750,4.4,1.3,421,Entertainment
U14461,48,Female,Ahmedabad,Vivo,iOS,9.3,13.4,132.4,179,3.2,8558,5.7,1.0,1696,Gaming
U14462,20,Male,Delhi,Realme,iOS,3.8,10.7,80.8,103,2.9,4871,6.1,4.9,952,Education
U14463,60,Female,Kolkata,Vivo,iOS,9.7,6.5,70.5,98,5.8,6561,5.9,2.6,195,Gaming
U14464,52,Other,Bangalore,OnePlus,iOS,7.9,4.5,202.7,77,2.5,1145,2.6,3.4,525,Gaming
U14465,45,Male,Bangalore,Xiaomi,Android,5.9,33.6,177.0,179,2.7,4398,7.5,1.6,868,Social Media
U14466,37,Male,Hyderabad,Oppo,iOS,10.9,7.5,107.0,184,3.5,3385,3.8,0.1,1561,Gaming
U14467,56,Male,Ahmedabad,Google Pixel,iOS,9.3,2.9,233.1,78,1.0,1772,1.2,4.4,1939,Work
U14468,21,Male,Jaipur,Motorola,iOS,11.2,19.2,97.0,165,3.3,8061,0.8,2.4,793,Social Media
U14469,21,Other,Delhi,Nokia,iOS,11.2,4.1,294.6,134,1.0,1706,7.5,1.5,927,Gaming
U14470,39,Other,Kolkata,Oppo,iOS,4.1,31.1,5.8,129,3.7,7104,6.0,0.3,637,Social Media
U14471,34,Female,Kolkata,Motorola,iOS,9.4,28.9,233.5,193,3.6,4251,0.6,3.8,466,Work
U14472,43,Other,Bangalore,Nokia,Android,4.1,25.5,260.1,21,2.6,114,7.5,4.6,185,Social Media
U14473,39,Male,Delhi,Vivo,iOS,8.5,24.6,60.9,93,2.2,4633,0.6,1.6,521,Entertainment
U14474,43,Other,Bangalore,Samsung,iOS,2.2,8.0,163.0,135,2.6,8408,1.3,0.1,1262,Education
U14475,50,Female,Jaipur,Nokia,iOS,11.0,6.0,201.9,179,2.1,1575,1.5,0.7,1049,Entertainment
U14476,55,Other,Bangalore,Realme,Android,9.7,32.0,203.4,113,3.9,8314,3.6,0.6,211,Social Media
U14477,36,Other,Mumbai,Xiaomi,iOS,10.2,19.5,18.8,141,4.8,3713,6.8,2.2,1648,Gaming
U14478,45,Other,Bangalore,Nokia,Android,5.0,4.0,179.4,21,5.6,9483,6.8,4.8,1041,Entertainment
U14479,29,Female,Jaipur,Apple,Android,5.6,27.2,141.8,176,3.7,3413,2.8,3.8,346,Social Media
U14480,28,Male,Lucknow,Nokia,Android,7.9,4.7,178.2,69,2.4,7547,4.0,3.3,1242,Social Media
U14481,21,Male,Chennai,Samsung,iOS,11.3,31.7,149.0,160,1.3,1903,4.9,0.2,707,Work
U14482,56,Male,Mumbai,Oppo,Android,8.8,19.3,156.7,108,1.2,9768,7.7,2.8,260,Gaming
U14483,46,Female,Ahmedabad,Google Pixel,iOS,4.9,22.7,143.0,56,5.9,3626,1.7,1.9,668,Education
U14484,46,Female,Ahmedabad,Realme,Android,7.0,48.5,297.6,157,3.7,9480,5.9,1.0,385,Education
U14485,26,Female,Jaipur,Samsung,Android,10.1,12.3,156.2,121,5.8,1005,5.2,1.5,1687,Gaming
U14486,29,Male,Lucknow,OnePlus,iOS,8.0,37.8,79.8,105,5.6,9216,7.5,0.7,475,Social Media
U14487,23,Male,Ahmedabad,Nokia,Android,3.5,9.9,282.8,144,1.7,5754,2.0,2.0,694,Work
U14488,56,Other,Kolkata,Realme,iOS,4.5,4.4,121.4,128,1.4,7586,0.6,3.8,1702,Education
U14489,47,Female,Jaipur,Google Pixel,iOS,3.4,29.9,104.9,169,0.5,1553,7.3,0.3,1313,Social Media
U14490,15,Female,Jaipur,Oppo,Android,9.0,48.2,236.6,40,3.0,8253,2.0,2.2,128,Social Media
U14491,35,Other,Delhi,Apple,Android,9.5,40.7,99.5,109,2.2,6954,5.9,0.3,1723,Social Media
U14492,34,Other,Bangalore,Google Pixel,Android,8.0,35.8,183.0,87,1.7,4470,6.3,0.8,1350,Gaming
U14493,23,Other,Delhi,Realme,Android,10.9,37.7,158.0,19,0.7,2180,3.3,2.2,141,Gaming
U14494,53,Female,Chennai,Vivo,Android,2.1,16.8,68.2,58,0.7,4394,1.5,4.6,411,Education
U14495,55,Other,Mumbai,Motorola,iOS,1.1,48.4,263.5,191,2.8,1005,5.5,0.2,584,Social Media
U14496,59,Female,Hyderabad,Vivo,Android,8.0,9.3,57.6,37,4.1,8964,7.0,2.7,1904,Work
U14497,28,Other,Delhi,Xiaomi,Android,10.4,36.3,185.4,113,3.0,3314,7.0,0.9,1461,Entertainment
U14498,55,Female,Jaipur,Vivo,Android,10.3,12.8,119.3,126,0.7,5488,5.6,0.2,1985,Gaming
U14499,32,Male,Pune,Oppo,iOS,8.7,16.3,230.3,137,4.0,4707,3.1,3.5,1102,Work
U14500,60,Female,Chennai,Samsung,Android,11.0,12.3,118.6,117,1.4,4877,5.7,2.6,821,Work
U14501,20,Female,Bangalore,Nokia,iOS,1.2,37.8,53.7,169,3.7,8228,4.7,3.0,838,Social Media
U14502,54,Other,Kolkata,Vivo,iOS,7.5,8.3,27.6,155,4.6,1742,4.8,4.7,749,Education
U14503,47,Other,Jaipur,OnePlus,Android,5.5,6.7,222.7,117,3.4,7645,3.2,0.1,501,Entertainment
U14504,22,Other,Chennai,Samsung,Android,10.4,25.6,290.4,30,3.2,5003,2.3,2.7,466,Gaming
U14505,16,Female,Kolkata,OnePlus,Android,6.3,12.0,153.1,90,0.9,3924,5.9,2.8,117,Social Media
U14506,31,Male,Kolkata,Oppo,Android,4.6,22.2,27.3,92,5.2,2234,7.5,3.9,1390,Work
U14507,42,Female,Kolkata,Nokia,iOS,4.4,45.9,94.8,57,1.9,7704,2.0,1.1,562,Social Media
U14508,60,Male,Hyderabad,Vivo,iOS,1.4,16.2,238.5,193,5.1,1866,1.9,0.9,1716,Gaming
U14509,60,Female,Lucknow,Motorola,Android,5.4,2.6,282.1,54,2.5,8103,2.0,3.7,320,Entertainment
U14510,43,Female,Delhi,Google Pixel,Android,1.9,12.7,95.3,136,2.5,9284,4.5,3.9,1040,Social Media
U14511,49,Female,Mumbai,OnePlus,iOS,1.7,48.0,101.0,82,5.1,7372,6.8,4.5,1978,Social Media
U14512,36,Female,Pune,Motorola,Android,9.5,35.7,236.4,104,4.6,4979,3.3,3.3,637,Work
U14513,34,Female,Bangalore,Google Pixel,iOS,3.3,5.1,184.4,74,4.1,9714,7.0,1.9,1398,Social Media
U14514,38,Female,Lucknow,Xiaomi,Android,10.9,5.8,299.6,16,5.4,1140,0.8,3.8,900,Education
U14515,30,Male,Mumbai,Realme,iOS,9.6,39.8,174.0,54,0.7,2023,0.8,1.3,462,Entertainment
U14516,40,Female,Mumbai,Google Pixel,Android,6.7,48.5,109.5,58,3.5,7737,2.9,0.9,1391,Education
U14517,16,Other,Ahmedabad,OnePlus,Android,4.5,8.5,277.0,188,2.5,6978,0.6,4.4,1227,Work
U14518,27,Other,Kolkata,Oppo,Android,8.2,41.3,57.8,28,5.6,3839,1.6,4.9,110,Work
U14519,60,Female,Kolkata,Nokia,iOS,8.8,16.6,267.0,137,1.9,802,5.5,4.1,746,Work
U14520,40,Male,Mumbai,Realme,Android,7.2,26.4,33.7,176,6.0,8746,4.0,4.1,305,Gaming
U14521,17,Male,Mumbai,Samsung,iOS,10.9,30.3,261.5,12,4.3,6864,3.3,0.9,154,Social Media
U14522,20,Other,Pune,Nokia,iOS,7.7,39.6,180.3,184,4.9,1954,2.4,1.6,673,Gaming
U14523,50,Female,Pune,Samsung,Android,10.6,32.4,250.1,105,4.1,7647,4.9,3.7,1207,Gaming
U14524,50,Male,Chennai,Motorola,iOS,8.0,35.7,33.9,199,2.6,4930,8.0,4.1,808,Entertainment
U14525,56,Female,Bangalore,Vivo,Android,6.6,7.3,167.8,157,4.3,6331,6.1,0.1,302,Entertainment
U14526,30,Male,Ahmedabad,Oppo,Android,4.9,3.5,46.2,60,2.1,618,5.0,1.4,1322,Social Media
U14527,48,Male,Kolkata,Realme,iOS,9.2,25.7,79.2,83,5.2,9759,5.3,4.0,1107,Work
U14528,17,Male,Bangalore,Xiaomi,iOS,3.8,33.8,147.2,108,5.1,412,2.4,0.2,1934,Work
U14529,22,Female,Mumbai,Samsung,Android,6.4,40.4,203.6,153,4.8,4995,3.2,3.6,157,Entertainment
U14530,45,Other,Delhi,Xiaomi,Android,1.7,15.5,68.5,113,2.8,9778,5.3,4.3,1516,Work
U14531,35,Female,Lucknow,Motorola,Android,11.2,8.7,266.5,67,2.0,5777,4.5,0.2,136,Education
U14532,54,Female,Chennai,Google Pixel,iOS,9.1,46.8,157.3,126,1.0,8137,6.9,1.1,1073,Gaming
U14533,36,Male,Bangalore,OnePlus,Android,11.3,4.3,96.2,152,1.9,5583,3.1,4.8,1251,Work
U14534,38,Other,Kolkata,Google Pixel,Android,2.4,13.2,99.6,135,3.0,4384,1.1,0.6,710,Work
U14535,56,Female,Chennai,Realme,Android,11.0,45.7,296.0,169,2.7,4018,7.3,2.5,1509,Social Media
U14536,37,Other,Delhi,Xiaomi,iOS,10.3,1.8,102.1,188,2.9,9021,4.7,1.5,1414,Education
U14537,26,Male,Bangalore,Xiaomi,iOS,2.1,44.5,278.7,13,5.3,9897,1.8,1.0,1394,Education
U14538,55,Female,Mumbai,Vivo,iOS,3.6,32.4,100.3,162,5.6,9374,1.8,3.4,1442,Social Media
U14539,22,Female,Bangalore,Oppo,Android,6.6,48.2,173.2,180,2.2,6944,0.8,0.9,577,Gaming
U14540,55,Female,Delhi,Vivo,iOS,4.5,48.0,71.0,48,3.0,5649,4.9,2.8,1471,Social Media
U14541,39,Male,Lucknow,Xiaomi,iOS,4.2,40.3,18.5,36,3.7,6658,5.4,4.3,1026,Work
U14542,40,Other,Mumbai,Vivo,iOS,6.1,34.0,216.7,177,5.0,3110,6.7,2.4,897,Entertainment
U14543,16,Male,Hyderabad,OnePlus,iOS,4.3,32.3,25.6,91,0.9,4739,4.4,1.4,1288,Social Media
U14544,57,Female,Chennai,Google Pixel,iOS,4.9,5.9,186.4,118,2.9,268,4.0,3.7,805,Work
U14545,40,Other,Lucknow,Realme,Android,9.4,35.4,213.7,35,3.0,1096,5.9,1.3,706,Work
U14546,38,Other,Kolkata,Oppo,iOS,10.4,41.6,250.3,86,3.4,9068,1.4,0.4,1956,Entertainment
U14547,29,Other,Ahmedabad,Google Pixel,iOS,2.0,21.9,94.5,60,4.5,8381,7.3,3.3,273,Work
U14548,18,Other,Hyderabad,OnePlus,Android,3.1,26.6,50.9,47,4.5,3900,1.4,2.8,1968,Work
U14549,29,Female,Ahmedabad,Xiaomi,Android,5.3,27.7,74.7,29,5.7,3410,2.4,3.2,948,Entertainment
U14550,39,Male,Pune,Oppo,Android,8.2,3.0,91.9,108,3.5,5830,6.9,1.8,1547,Work
U14551,53,Male,Lucknow,Samsung,Android,2.6,13.6,222.3,50,4.1,1358,7.6,0.4,1435,Social Media
U14552,43,Female,Mumbai,Vivo,Android,1.4,28.7,197.0,145,4.8,8993,7.0,4.1,831,Gaming
U14553,17,Male,Ahmedabad,Xiaomi,iOS,2.6,38.7,109.0,82,2.3,6985,1.7,3.7,1828,Work
U14554,39,Female,Bangalore,Realme,iOS,8.5,20.4,176.5,12,3.0,1803,5.6,3.4,387,Education
U14555,42,Other,Jaipur,OnePlus,iOS,8.9,11.7,287.9,165,4.9,3010,3.4,3.9,346,Entertainment
U14556,42,Male,Delhi,Oppo,iOS,7.8,18.6,280.3,32,1.2,2456,4.1,2.3,384,Social Media
U14557,50,Female,Pune,Apple,iOS,8.1,7.2,252.1,107,2.1,1914,8.0,3.5,1403,Education
U14558,42,Other,Delhi,Xiaomi,Android,11.0,32.0,11.7,96,4.5,7215,4.0,0.8,767,Work
U14559,52,Female,Pune,Vivo,iOS,6.6,17.3,7.1,106,1.2,5877,0.8,4.4,1581,Work
U14560,57,Female,Chennai,Nokia,Android,8.2,20.9,66.9,24,4.9,3536,1.8,2.1,471,Work
U14561,26,Female,Pune,Motorola,iOS,2.5,28.2,211.7,59,1.0,5144,3.0,2.1,1430,Education
U14562,60,Male,Bangalore,Vivo,Android,7.8,48.0,180.4,128,1.5,4085,5.1,3.9,1651,Work
U14563,42,Other,Jaipur,Samsung,iOS,1.9,39.7,211.5,137,1.5,9765,5.6,4.5,1826,Work
U14564,50,Male,Pune,OnePlus,Android,4.2,2.5,189.1,114,3.3,567,1.2,1.2,260,Work
U14565,27,Female,Kolkata,Oppo,iOS,8.6,33.3,85.1,87,5.3,4940,5.3,0.1,532,Social Media
U14566,25,Other,Chennai,OnePlus,iOS,7.7,12.6,296.1,31,5.9,526,4.1,0.0,391,Work
U14567,27,Other,Chennai,OnePlus,iOS,8.2,35.6,206.4,30,5.2,5666,2.9,4.8,771,Gaming
U14568,28,Other,Chennai,Samsung,iOS,1.1,17.5,297.4,16,1.2,5636,5.8,4.9,691,Work
U14569,42,Male,Kolkata,Motorola,Android,8.9,28.4,86.8,119,5.9,9021,5.4,0.7,1330,Entertainment
U14570,45,Female,Lucknow,OnePlus,Android,3.7,20.3,258.9,105,4.8,3278,4.1,3.2,1025,Work
U14571,25,Female,Kolkata,Vivo,Android,6.2,48.2,226.9,114,5.8,897,2.0,2.3,420,Entertainment
U14572,17,Other,Delhi,Xiaomi,iOS,4.4,8.4,62.3,56,5.2,3519,6.7,4.6,1350,Education
U14573,57,Other,Delhi,Vivo,iOS,2.1,24.0,122.6,71,1.8,193,5.9,2.1,1488,Gaming
U14574,32,Female,Pune,Realme,Android,1.3,13.0,253.6,83,4.9,9892,5.8,0.7,270,Education
U14575,52,Other,Lucknow,Apple,Android,5.3,10.6,145.2,137,0.5,1850,6.1,1.2,1937,Social Media
U14576,47,Male,Chennai,OnePlus,iOS,1.7,2.4,54.3,113,5.0,1305,4.4,1.7,552,Work
U14577,19,Female,Mumbai,Oppo,iOS,7.0,12.3,26.0,131,5.6,8232,7.9,0.2,217,Entertainment
U14578,33,Female,Lucknow,Motorola,Android,10.8,46.1,98.4,15,4.5,9745,7.8,3.8,1734,Social Media
U14579,29,Other,Delhi,OnePlus,Android,4.4,9.6,55.9,81,2.7,3206,2.9,0.8,1188,Education
U14580,49,Other,Jaipur,Oppo,iOS,11.0,10.4,55.7,81,3.7,1999,3.1,1.1,1640,Entertainment
U14581,23,Other,Kolkata,Apple,iOS,8.7,20.3,184.3,198,1.4,6401,0.8,0.2,783,Entertainment
U14582,22,Male,Ahmedabad,Vivo,Android,3.3,40.4,183.1,182,0.9,6565,1.8,2.7,1005,Gaming
U14583,55,Male,Ahmedabad,Vivo,iOS,7.7,24.0,162.1,115,2.1,410,3.2,4.6,451,Gaming
U14584,25,Female,Jaipur,OnePlus,Android,1.9,20.0,205.7,52,4.2,2939,3.7,2.8,171,Gaming
U14585,32,Male,Chennai,OnePlus,Android,4.2,15.7,89.2,131,5.1,4166,1.0,0.8,702,Social Media
U14586,47,Female,Hyderabad,Samsung,iOS,6.7,4.7,233.4,37,2.9,8805,0.9,2.7,287,Entertainment
U14587,49,Female,Bangalore,Samsung,iOS,5.8,25.6,265.1,133,0.5,3467,8.0,4.1,1743,Education
U14588,15,Male,Bangalore,Motorola,iOS,2.9,25.2,128.2,173,5.4,6569,2.8,4.0,1906,Social Media
U14589,30,Female,Kolkata,Nokia,iOS,2.0,23.5,224.7,82,2.6,1718,7.6,3.4,462,Work
U14590,30,Female,Ahmedabad,Realme,iOS,2.5,13.1,64.8,20,2.5,5387,6.2,3.4,1493,Gaming
U14591,24,Male,Jaipur,Vivo,iOS,8.5,13.7,103.1,146,4.5,8264,3.0,2.7,1607,Education
U14592,20,Male,Mumbai,Xiaomi,iOS,7.7,39.3,223.5,83,3.9,9756,7.5,4.8,1230,Education
U14593,44,Other,Kolkata,Vivo,Android,4.6,31.9,220.3,93,3.2,1913,6.6,2.2,419,Entertainment
U14594,53,Other,Pune,Samsung,iOS,3.9,40.8,92.5,67,4.9,4632,0.8,3.3,1372,Work
U14595,37,Female,Lucknow,Oppo,Android,5.0,34.4,169.1,111,1.9,8762,5.9,2.8,1441,Entertainment
U14596,50,Other,Jaipur,Xiaomi,iOS,10.6,34.7,143.3,13,5.1,7824,5.4,4.6,906,Gaming
U14597,55,Other,Mumbai,Apple,iOS,5.7,2.3,189.6,146,5.7,7331,6.5,4.4,614,Gaming
U14598,54,Male,Ahmedabad,Samsung,iOS,5.0,37.1,100.5,88,1.9,9140,4.9,0.5,1590,Work
U14599,60,Other,Delhi,OnePlus,iOS,10.7,17.7,206.8,131,5.6,966,3.1,3.9,342,Education
U14600,40,Other,Pune,Vivo,Android,9.8,47.9,281.8,147,3.0,2300,6.3,3.5,1769,Gaming
U14601,55,Female,Lucknow,OnePlus,iOS,8.0,17.5,119.1,88,3.5,1296,1.2,1.1,1368,Education
U14602,19,Other,Chennai,Samsung,Android,9.1,11.9,270.0,16,5.8,2264,5.1,0.7,1041,Work
U14603,30,Other,Chennai,Vivo,Android,4.8,26.2,24.6,29,1.2,2867,4.9,1.4,167,Social Media
U14604,21,Female,Lucknow,Motorola,Android,1.8,24.6,296.3,121,1.4,8900,6.3,3.6,1506,Education
U14605,47,Male,Delhi,Samsung,Android,8.3,4.4,25.0,88,2.9,9519,5.8,2.0,1782,Entertainment
U14606,20,Other,Jaipur,Oppo,Android,4.5,2.8,71.8,69,3.2,5682,7.9,1.6,922,Gaming
U14607,17,Male,Ahmedabad,Google Pixel,iOS,11.6,37.0,56.6,43,4.4,8517,7.0,3.9,1382,Social Media
U14608,15,Female,Jaipur,Xiaomi,iOS,6.8,18.9,212.1,189,5.4,9863,7.7,0.8,818,Entertainment
U14609,25,Female,Bangalore,Google Pixel,Android,7.9,40.7,121.3,37,5.5,8635,7.2,1.1,977,Work
U14610,30,Male,Mumbai,Realme,Android,6.9,42.8,76.9,17,1.7,4434,1.1,0.0,785,Education
U14611,25,Other,Delhi,Samsung,Android,4.1,34.7,58.5,84,4.2,4496,5.5,2.1,230,Work
U14612,60,Female,Pune,Vivo,iOS,3.4,14.6,168.1,111,2.4,2981,7.1,4.3,167,Social Media
U14613,51,Female,Mumbai,Nokia,Android,10.4,15.2,288.2,30,1.2,5930,3.2,0.1,1822,Social Media
U14614,58,Other,Delhi,Realme,iOS,6.5,34.7,118.9,155,5.2,5549,1.2,0.2,1689,Gaming
U14615,54,Female,Mumbai,Samsung,Android,5.2,2.0,268.4,52,3.4,9995,1.4,3.3,156,Entertainment
U14616,58,Female,Delhi,OnePlus,iOS,3.9,35.6,214.5,73,5.0,3758,2.2,1.8,767,Work
U14617,52,Other,Jaipur,Xiaomi,Android,10.4,3.3,185.1,107,2.0,1563,4.6,1.1,904,Education
U14618,40,Other,Pune,Motorola,iOS,9.8,5.5,229.4,75,6.0,8434,2.3,1.7,1268,Gaming
U14619,34,Other,Mumbai,Realme,Android,2.9,12.5,20.5,180,3.2,9554,7.3,1.0,1888,Gaming
U14620,43,Male,Ahmedabad,OnePlus,Android,6.8,33.3,13.6,44,1.2,826,3.3,3.1,1408,Social Media
U14621,28,Other,Pune,Apple,Android,9.7,39.8,59.1,148,1.9,1240,2.3,2.3,753,Work
U14622,49,Male,Ahmedabad,Xiaomi,Android,1.7,43.1,175.9,15,4.1,5643,7.3,4.0,1834,Social Media
U14623,26,Other,Kolkata,Nokia,Android,9.1,2.7,111.1,59,1.4,7711,4.3,3.6,1082,Social Media
U14624,42,Other,Delhi,Realme,Android,5.9,26.8,169.0,199,1.4,7056,4.4,0.6,1245,Social Media
U14625,38,Other,Delhi,Realme,iOS,4.9,24.6,7.9,83,5.3,424,0.6,5.0,925,Gaming
U14626,54,Female,Lucknow,Xiaomi,iOS,10.8,13.1,9.9,187,4.1,5233,0.9,2.7,850,Education
U14627,44,Male,Kolkata,Oppo,Android,11.4,10.9,70.7,85,5.2,844,0.9,4.3,1125,Work
U14628,16,Female,Ahmedabad,Samsung,iOS,10.3,12.3,15.1,123,3.1,904,2.5,3.0,696,Entertainment
U14629,25,Female,Mumbai,OnePlus,Android,4.7,12.9,18.4,194,2.3,6834,4.1,4.2,1655,Social Media
U14630,25,Other,Jaipur,Nokia,iOS,8.3,24.4,19.3,182,0.5,7364,1.2,4.1,1345,Social Media
U14631,52,Female,Pune,Samsung,Android,3.3,10.3,279.4,120,3.3,3356,5.1,0.5,1180,Education
U14632,58,Male,Pune,Google Pixel,Android,3.2,39.6,10.8,41,1.1,8300,1.0,4.7,1507,Entertainment
U14633,57,Other,Bangalore,Vivo,Android,11.3,4.4,39.3,79,3.1,2584,0.6,4.3,921,Entertainment
U14634,54,Other,Mumbai,Motorola,Android,9.1,29.3,27.8,30,4.6,5422,6.0,1.9,709,Gaming
U14635,53,Other,Chennai,OnePlus,iOS,6.8,8.3,28.5,199,1.3,1659,4.9,3.1,898,Gaming
U14636,45,Female,Hyderabad,Samsung,iOS,2.9,11.9,190.4,17,2.4,9491,5.6,4.4,736,Entertainment
U14637,51,Male,Jaipur,Apple,iOS,7.0,5.7,66.0,28,2.0,255,3.5,1.2,802,Education
U14638,20,Other,Kolkata,Realme,Android,11.7,35.4,144.6,25,6.0,2585,6.8,0.0,1070,Education
U14639,20,Female,Bangalore,Google Pixel,Android,1.2,7.1,33.3,135,5.7,2166,0.8,0.6,1273,Work
U14640,37,Female,Lucknow,Oppo,Android,1.3,29.7,205.3,153,2.9,5684,2.2,0.3,1456,Gaming
U14641,39,Other,Kolkata,Oppo,iOS,6.7,36.2,250.1,147,1.4,152,3.3,1.2,1088,Education
U14642,58,Male,Pune,Google Pixel,iOS,5.0,15.6,140.8,115,2.0,9965,7.2,3.5,1841,Entertainment
U14643,47,Other,Mumbai,Vivo,iOS,6.5,23.9,148.2,189,1.2,843,4.1,2.6,1031,Gaming
U14644,57,Other,Ahmedabad,Motorola,Android,9.7,18.8,87.5,84,1.0,2667,2.4,3.3,848,Work
U14645,56,Female,Pune,OnePlus,iOS,10.2,37.3,294.4,197,3.6,8712,5.0,1.5,1450,Gaming
U14646,34,Male,Ahmedabad,Oppo,Android,3.1,13.0,273.8,117,3.7,2644,6.6,0.3,1661,Entertainment
U14647,24,Other,Lucknow,Apple,iOS,11.5,13.6,219.2,127,5.4,8596,1.9,0.7,1942,Gaming
U14648,46,Other,Ahmedabad,Motorola,Android,7.6,39.3,130.2,193,4.4,1771,6.5,2.3,1667,Social Media
U14649,20,Female,Ahmedabad,Vivo,iOS,11.5,33.4,68.0,106,4.9,1744,5.5,1.8,1772,Gaming
U14650,35,Other,Bangalore,OnePlus,iOS,11.5,14.4,153.2,85,2.4,1805,5.7,0.4,1396,Entertainment
U14651,53,Other,Hyderabad,OnePlus,Android,6.2,10.1,195.3,174,2.0,8037,1.6,3.7,575,Gaming
U14652,40,Other,Pune,Apple,Android,11.5,42.5,138.0,11,6.0,6464,7.0,1.5,1425,Education
U14653,27,Female,Ahmedabad,Samsung,Android,6.3,40.4,194.1,55,5.5,4189,1.0,1.1,826,Gaming
U14654,35,Other,Chennai,Vivo,iOS,1.1,21.8,148.1,69,2.7,1407,6.1,1.7,862,Entertainment
U14655,57,Other,Mumbai,Motorola,Android,5.9,36.2,144.3,101,6.0,867,5.2,0.8,1757,Gaming
U14656,32,Female,Lucknow,OnePlus,iOS,10.4,32.3,76.0,193,1.0,1824,6.0,2.8,1276,Entertainment
U14657,42,Other,Ahmedabad,OnePlus,iOS,2.2,30.6,167.6,97,5.6,8221,5.3,0.7,1096,Work
U14658,41,Male,Pune,Realme,Android,9.0,27.3,69.7,148,1.8,2497,6.3,4.2,1497,Education
U14659,34,Male,Jaipur,Vivo,Android,3.1,20.8,86.8,72,5.8,5376,4.4,1.7,989,Entertainment
U14660,38,Female,Kolkata,OnePlus,Android,8.8,33.4,85.7,65,2.6,2887,5.2,0.9,1810,Social Media
U14661,56,Male,Lucknow,Motorola,iOS,7.1,14.4,55.3,128,5.3,7166,2.4,2.9,623,Entertainment
U14662,55,Female,Delhi,Motorola,Android,3.9,15.5,8.6,129,1.9,1169,5.2,3.6,1823,Entertainment
U14663,37,Male,Pune,Oppo,Android,1.1,32.0,274.7,75,5.6,2430,5.6,0.7,741,Entertainment
U14664,57,Female,Pune,Apple,iOS,2.0,12.5,295.7,36,2.6,8264,3.8,1.1,1525,Work
U14665,51,Male,Chennai,Xiaomi,iOS,9.5,15.9,122.3,163,3.8,7139,2.8,3.7,1103,Social Media
U14666,21,Other,Mumbai,Google Pixel,iOS,10.9,28.8,9.0,75,6.0,5953,1.0,4.4,232,Gaming
U14667,51,Other,Pune,Vivo,iOS,1.3,33.5,6.2,144,2.1,5567,3.0,1.0,1446,Social Media
U14668,41,Female,Mumbai,Google Pixel,Android,6.7,19.0,79.4,127,5.6,6768,4.7,1.0,1156,Education
U14669,23,Female,Pune,Motorola,iOS,4.6,36.8,195.4,123,0.7,8911,2.1,4.9,586,Education
U14670,57,Male,Hyderabad,OnePlus,Android,2.1,40.3,132.2,109,2.1,1542,3.4,3.3,1039,Entertainment
U14671,44,Other,Lucknow,OnePlus,Android,11.5,12.1,251.6,74,3.5,5038,1.7,0.7,1643,Social Media
U14672,46,Other,Chennai,Realme,iOS,3.1,45.9,192.4,104,4.2,416,4.1,5.0,1778,Education
U14673,34,Male,Chennai,Motorola,Android,3.8,37.6,136.6,28,2.8,9152,5.1,3.5,918,Work
U14674,30,Male,Pune,Xiaomi,iOS,8.0,49.8,257.2,149,2.3,3885,1.1,4.0,1285,Social Media
U14675,58,Female,Delhi,Apple,Android,8.5,34.0,84.5,89,2.2,6589,5.4,1.4,480,Work
U14676,16,Other,Kolkata,Oppo,iOS,10.0,48.3,138.5,187,3.9,6572,5.4,2.7,1720,Social Media
U14677,19,Female,Chennai,Samsung,Android,8.8,3.8,23.0,25,4.0,9574,3.5,1.1,192,Education
U14678,27,Male,Pune,Oppo,iOS,1.3,21.1,240.8,35,2.8,9262,6.6,1.5,1053,Work
U14679,25,Male,Chennai,Motorola,Android,11.1,28.3,283.2,118,2.3,4761,4.8,2.4,1881,Entertainment
U14680,34,Other,Delhi,OnePlus,iOS,3.8,28.0,129.0,66,5.0,4465,3.9,4.3,995,Education
U14681,52,Other,Delhi,Apple,iOS,7.8,32.9,109.0,51,4.1,7959,5.7,4.1,1346,Gaming
U14682,42,Other,Delhi,Google Pixel,iOS,7.7,1.8,14.3,88,0.6,2775,2.1,3.2,1677,Education
U14683,50,Male,Ahmedabad,Xiaomi,iOS,8.0,30.9,111.6,147,1.2,1139,2.9,0.6,279,Education
U14684,30,Other,Kolkata,Vivo,iOS,5.2,24.1,228.6,160,4.7,5314,5.4,1.3,1921,Education
U14685,37,Male,Lucknow,Xiaomi,iOS,1.6,4.3,157.9,110,4.7,8908,4.3,3.1,225,Social Media
U14686,22,Female,Hyderabad,Realme,iOS,1.4,2.5,145.2,127,3.4,1621,2.6,3.5,1043,Work
U14687,48,Female,Jaipur,Realme,Android,7.2,27.1,123.5,32,2.1,9618,2.5,2.1,335,Gaming
U14688,35,Female,Mumbai,Nokia,Android,8.8,14.1,108.8,26,3.2,8374,6.6,3.3,1541,Work
U14689,16,Other,Pune,Oppo,iOS,6.7,27.0,295.5,167,3.8,1857,7.8,2.3,1260,Gaming
U14690,39,Female,Ahmedabad,OnePlus,Android,1.9,22.5,290.7,102,4.8,7706,2.1,0.6,918,Gaming
U14691,17,Male,Mumbai,Xiaomi,iOS,4.4,23.8,145.6,141,3.8,8514,1.0,3.8,572,Entertainment
U14692,48,Male,Ahmedabad,Apple,iOS,5.6,14.3,53.6,27,5.7,8557,1.1,2.8,1716,Social Media
U14693,55,Male,Mumbai,Samsung,iOS,7.2,2.7,38.2,160,2.3,8354,4.8,0.2,724,Education
U14694,44,Other,Lucknow,Realme,Android,8.9,33.9,169.1,107,2.5,8000,0.5,2.7,722,Education
U14695,21,Female,Bangalore,OnePlus,iOS,1.8,12.8,112.3,183,3.7,7640,0.6,3.8,166,Education
U14696,50,Male,Lucknow,Apple,iOS,2.2,40.8,142.1,89,1.9,9808,3.2,3.1,1998,Work
U14697,21,Female,Lucknow,OnePlus,Android,10.1,38.3,102.6,70,2.6,7362,3.0,3.8,1934,Gaming
U14698,42,Other,Chennai,OnePlus,iOS,7.3,16.6,255.0,78,1.3,6339,0.8,2.8,1549,Entertainment
U14699,34,Other,Chennai,Samsung,Android,8.0,46.7,153.5,132,5.2,1479,7.5,1.5,158,Entertainment
U14700,29,Other,Chennai,OnePlus,iOS,9.9,3.4,36.9,93,6.0,4057,1.5,4.1,1652,Gaming
U14701,57,Male,Delhi,OnePlus,iOS,2.1,8.5,189.4,111,0.7,5946,0.8,1.3,1527,Education
U14702,45,Female,Pune,Vivo,iOS,8.7,5.8,135.4,162,4.3,8225,2.4,1.9,1017,Gaming
U14703,24,Male,Delhi,Xiaomi,Android,1.8,48.4,131.8,60,1.1,5861,3.5,1.5,349,Work
U14704,34,Male,Hyderabad,Google Pixel,iOS,2.2,46.5,222.3,81,3.2,3961,4.8,1.4,963,Work
U14705,52,Male,Delhi,Samsung,iOS,10.6,18.8,116.1,111,1.9,8286,4.2,1.7,407,Work
U14706,55,Female,Hyderabad,Google Pixel,Android,7.0,27.4,157.6,161,2.9,3792,2.2,0.3,1119,Entertainment
U14707,39,Male,Bangalore,Nokia,Android,1.2,28.3,114.8,20,4.9,5855,4.3,3.9,1738,Entertainment
U14708,56,Male,Mumbai,Xiaomi,iOS,6.3,25.9,267.6,119,2.8,3088,6.8,2.0,192,Gaming
U14709,57,Other,Mumbai,OnePlus,Android,1.2,41.6,15.4,178,3.3,1469,3.7,2.6,586,Work
U14710,44,Male,Kolkata,Xiaomi,iOS,11.6,29.5,257.0,158,2.0,4649,6.2,3.1,421,Gaming
U14711,28,Female,Jaipur,Xiaomi,iOS,1.0,29.1,217.5,149,4.7,8544,6.6,3.7,416,Entertainment
U14712,15,Other,Hyderabad,Vivo,iOS,10.2,30.4,103.7,88,0.9,2665,0.5,1.5,215,Social Media
U14713,45,Female,Delhi,Xiaomi,Android,3.1,24.9,249.1,72,1.9,8012,5.6,1.7,1549,Work
U14714,20,Male,Lucknow,Motorola,iOS,7.1,27.8,198.6,89,2.0,7308,1.9,2.0,378,Education
U14715,39,Male,Chennai,Google Pixel,Android,6.8,15.2,291.0,44,1.5,4301,4.6,2.0,173,Gaming
U14716,56,Male,Ahmedabad,Samsung,iOS,5.1,39.6,82.9,25,4.2,6091,6.5,0.6,1586,Gaming
U14717,52,Female,Lucknow,Vivo,Android,11.9,40.3,165.2,139,2.1,1786,3.5,0.2,622,Gaming
U14718,26,Female,Kolkata,OnePlus,iOS,4.3,36.9,225.0,45,1.2,2094,1.3,0.3,1964,Gaming
U14719,58,Other,Hyderabad,Oppo,Android,11.4,15.9,6.6,90,4.2,6726,4.1,1.4,425,Gaming
U14720,47,Female,Kolkata,OnePlus,iOS,3.8,47.6,224.1,30,2.6,6962,4.3,3.0,1504,Education
U14721,58,Other,Jaipur,Apple,iOS,1.4,35.4,210.7,97,5.5,4953,7.8,3.3,627,Education
U14722,55,Female,Bangalore,Oppo,Android,1.2,22.3,90.4,74,2.1,8811,4.9,4.3,1809,Gaming
U14723,17,Male,Mumbai,Vivo,iOS,8.4,22.8,220.3,200,5.1,9798,3.5,0.0,958,Education
U14724,44,Other,Delhi,Vivo,Android,3.3,4.2,67.8,173,5.0,4834,3.9,2.9,1328,Gaming
U14725,45,Other,Bangalore,OnePlus,Android,8.0,33.6,65.9,110,0.8,4275,1.1,0.0,421,Social Media
U14726,25,Other,Delhi,Realme,Android,4.5,37.8,134.8,106,3.4,4932,5.9,2.7,333,Entertainment
U14727,48,Other,Jaipur,Nokia,iOS,6.5,6.4,259.1,135,1.8,795,5.0,2.4,711,Work
U14728,36,Male,Lucknow,Samsung,iOS,10.3,23.9,184.2,156,4.7,6685,0.9,3.6,1346,Work
U14729,54,Male,Hyderabad,Google Pixel,Android,11.4,45.7,213.1,147,1.6,8249,7.7,1.0,1197,Work
U14730,30,Female,Lucknow,Nokia,Android,9.4,44.4,148.0,92,5.4,3668,1.3,0.2,1994,Entertainment
U14731,56,Male,Kolkata,OnePlus,iOS,4.7,6.9,208.1,93,0.9,8032,4.5,0.7,1674,Entertainment
U14732,48,Male,Jaipur,Xiaomi,Android,9.6,3.7,170.5,85,2.5,272,4.4,3.5,1234,Work
U14733,46,Male,Ahmedabad,OnePlus,iOS,7.5,34.0,218.8,124,4.3,760,4.2,2.6,765,Gaming
U14734,16,Female,Bangalore,OnePlus,Android,2.1,46.3,151.2,51,2.9,6116,2.3,1.7,880,Work
U14735,46,Male,Mumbai,Samsung,Android,5.1,38.7,108.2,151,3.4,5288,5.3,3.0,378,Education
U14736,21,Other,Pune,Realme,iOS,1.9,42.0,119.3,178,4.8,7249,6.3,4.0,213,Work
U14737,29,Male,Chennai,Vivo,iOS,12.0,18.4,195.5,87,2.2,4867,2.2,2.8,677,Education
U14738,30,Other,Chennai,Nokia,iOS,9.4,49.2,284.6,75,5.3,9370,1.8,3.2,1003,Education
U14739,21,Other,Ahmedabad,Google Pixel,Android,3.4,46.2,256.4,188,3.8,3553,5.2,3.9,1457,Work
U14740,58,Other,Mumbai,Realme,Android,9.7,26.8,255.5,192,1.6,563,3.6,0.6,1976,Education
U14741,58,Female,Chennai,Motorola,iOS,1.7,5.6,232.1,22,1.2,6231,2.1,3.7,1549,Social Media
U14742,57,Male,Pune,Vivo,Android,8.7,9.3,174.0,121,5.1,7131,2.6,0.1,1583,Entertainment
U14743,49,Female,Hyderabad,Xiaomi,iOS,2.9,46.9,226.3,138,5.6,3242,3.4,3.0,1230,Gaming
U14744,30,Other,Delhi,Oppo,iOS,6.0,17.9,241.5,154,1.2,8638,5.8,2.1,1986,Social Media
U14745,48,Female,Chennai,Samsung,Android,10.9,9.4,118.4,72,6.0,3806,6.4,2.9,1863,Work
U14746,53,Male,Pune,Oppo,Android,10.7,30.0,284.9,111,4.3,9167,0.7,1.2,1945,Education
U14747,59,Female,Kolkata,OnePlus,iOS,6.5,46.5,137.6,68,4.2,7221,3.9,1.7,500,Gaming
U14748,30,Female,Mumbai,OnePlus,Android,3.4,33.5,60.9,193,5.6,2025,6.8,3.7,1352,Entertainment
U14749,34,Other,Bangalore,Oppo,iOS,2.3,28.1,96.6,91,1.6,2015,4.5,0.6,181,Social Media
U14750,46,Other,Pune,Samsung,Android,7.2,45.3,35.1,104,3.8,3673,7.3,1.0,1211,Social Media
U14751,53,Male,Mumbai,Vivo,iOS,7.3,7.4,12.3,88,2.3,832,7.9,0.3,375,Education
U14752,19,Other,Bangalore,Samsung,Android,9.8,11.2,41.9,167,1.7,4961,0.6,4.7,1174,Social Media
U14753,35,Female,Pune,Xiaomi,iOS,4.8,30.0,238.1,47,1.7,6719,3.9,2.3,1370,Entertainment
U14754,41,Other,Ahmedabad,Samsung,Android,4.6,7.6,213.2,99,3.4,3036,3.4,1.4,597,Gaming
U14755,49,Other,Mumbai,Apple,iOS,10.8,25.7,271.3,151,3.1,8495,7.5,4.2,946,Entertainment
U14756,56,Male,Bangalore,Nokia,iOS,5.4,42.3,255.9,167,1.7,1447,6.6,4.4,856,Work
U14757,36,Female,Bangalore,OnePlus,iOS,1.3,27.0,153.6,26,5.5,4049,2.7,0.4,1877,Entertainment
U14758,16,Female,Lucknow,Nokia,Android,1.4,4.5,151.5,16,1.5,7906,0.9,3.7,1833,Education
U14759,33,Other,Chennai,Nokia,iOS,8.8,41.4,197.7,183,1.4,8013,0.6,2.6,533,Entertainment
U14760,50,Male,Pune,Xiaomi,iOS,9.6,12.0,26.6,139,0.9,2317,2.5,4.5,849,Entertainment
U14761,34,Other,Chennai,Motorola,Android,2.6,45.4,62.6,151,2.9,4312,0.7,4.1,1695,Entertainment
U14762,15,Male,Pune,Vivo,Android,8.2,1.4,96.2,105,4.8,1838,4.3,3.5,591,Gaming
U14763,20,Female,Ahmedabad,Realme,Android,5.2,22.4,164.9,196,2.5,6847,2.6,5.0,768,Social Media
U14764,60,Other,Jaipur,Nokia,iOS,6.3,23.4,253.8,97,0.8,8958,4.8,4.3,1643,Entertainment
U14765,59,Other,Hyderabad,Motorola,iOS,6.7,22.8,248.0,138,3.9,9391,6.8,1.4,981,Social Media
U14766,55,Female,Lucknow,Realme,Android,4.7,13.5,282.4,50,3.0,7521,1.2,3.2,206,Work
U14767,26,Male,Ahmedabad,OnePlus,iOS,12.0,38.8,41.2,87,4.1,2163,1.7,5.0,1440,Gaming
U14768,48,Female,Chennai,Xiaomi,Android,8.4,26.5,136.3,111,1.5,5660,1.2,1.2,320,Education
U14769,36,Male,Pune,Oppo,iOS,8.5,27.8,7.4,79,3.8,1734,2.6,3.8,1364,Education
U14770,51,Other,Kolkata,Xiaomi,iOS,11.4,41.5,273.1,11,2.4,2678,6.3,1.6,652,Education
U14771,43,Other,Jaipur,Google Pixel,iOS,3.2,33.8,11.8,10,5.2,4449,3.6,3.0,1920,Entertainment
U14772,24,Male,Pune,Apple,iOS,2.0,29.4,150.6,65,5.7,1027,3.4,1.1,1712,Social Media
U14773,46,Male,Hyderabad,Samsung,iOS,9.3,40.3,167.4,187,5.3,8982,4.5,2.5,1098,Entertainment
U14774,16,Other,Lucknow,Apple,iOS,9.4,21.2,176.5,113,3.6,8838,1.0,0.0,1014,Education
U14775,56,Other,Kolkata,Oppo,iOS,9.2,46.0,206.1,13,1.9,4986,1.9,3.5,750,Entertainment
U14776,43,Female,Kolkata,Xiaomi,Android,6.1,46.2,112.0,182,5.6,2847,5.7,3.4,324,Education
U14777,45,Other,Pune,Nokia,Android,9.5,42.3,206.8,164,2.2,6570,7.8,2.3,1250,Social Media
U14778,54,Female,Delhi,Nokia,iOS,4.3,15.3,194.6,16,4.9,8230,6.4,4.1,1776,Social Media
U14779,48,Female,Pune,Motorola,Android,1.1,35.7,18.2,91,2.3,6667,4.8,0.6,207,Education
U14780,32,Male,Jaipur,Google Pixel,Android,8.8,41.8,166.3,14,4.9,7156,2.4,3.7,1350,Education
U14781,36,Male,Hyderabad,Xiaomi,iOS,5.1,18.3,266.7,66,2.5,8797,4.4,1.2,1093,Work
U14782,31,Other,Bangalore,Vivo,iOS,7.4,7.5,159.0,103,3.4,8180,4.9,2.3,316,Work
U14783,51,Female,Hyderabad,Apple,iOS,2.5,32.6,83.2,114,3.8,8918,4.7,2.4,664,Education
U14784,58,Female,Kolkata,Oppo,Android,7.5,22.2,203.3,181,1.5,9175,1.1,1.5,410,Social Media
U14785,45,Other,Lucknow,Nokia,iOS,11.3,18.1,296.3,69,5.0,3446,4.9,4.8,1821,Education
U14786,43,Other,Hyderabad,Realme,Android,3.8,7.8,275.6,199,4.5,345,7.5,2.3,1495,Entertainment
U14787,30,Male,Pune,Realme,iOS,3.9,26.3,14.2,116,2.4,3978,3.5,0.8,1902,Education
U14788,23,Male,Mumbai,OnePlus,iOS,6.4,17.5,213.4,70,5.8,955,3.2,0.4,417,Work
U14789,24,Other,Mumbai,OnePlus,Android,9.7,25.7,298.3,105,6.0,6178,2.0,3.6,1993,Work
U14790,42,Other,Ahmedabad,OnePlus,iOS,10.3,18.1,35.2,151,5.9,3642,5.0,4.5,313,Gaming
U14791,27,Female,Bangalore,Vivo,Android,5.9,11.1,75.6,183,1.3,8451,7.1,2.0,1661,Education
U14792,47,Male,Kolkata,Nokia,Android,9.0,32.6,149.8,99,1.0,8390,6.0,3.8,1924,Education
U14793,16,Male,Mumbai,Google Pixel,iOS,5.5,18.0,124.9,176,1.0,2463,4.8,0.1,1192,Entertainment
U14794,33,Female,Delhi,Vivo,iOS,7.7,45.3,73.4,195,2.9,4181,2.9,4.9,343,Gaming
U14795,31,Male,Bangalore,OnePlus,iOS,4.1,32.0,127.8,179,2.7,2419,7.1,0.6,1162,Work
U14796,23,Female,Mumbai,Vivo,iOS,6.8,11.9,279.5,142,6.0,843,7.2,3.2,419,Education
U14797,20,Other,Delhi,Oppo,Android,9.7,32.0,45.1,16,5.3,8774,0.7,4.4,1383,Entertainment
U14798,20,Female,Chennai,Google Pixel,Android,8.4,20.7,287.8,63,4.8,5053,0.7,2.1,1303,Work
U14799,30,Male,Chennai,Google Pixel,Android,8.8,7.5,48.7,74,3.1,2281,0.7,4.1,1491,Gaming
U14800,45,Other,Hyderabad,Apple,iOS,5.4,33.1,45.4,35,2.0,2087,3.2,0.8,1003,Gaming
U14801,30,Other,Ahmedabad,OnePlus,Android,9.9,17.7,54.5,116,2.8,2075,3.4,4.9,634,Social Media
U14802,32,Other,Pune,Realme,Android,5.0,16.3,290.0,89,4.9,3082,2.9,4.3,829,Gaming
U14803,51,Female,Delhi,Oppo,Android,8.0,14.1,163.4,94,2.4,1577,6.9,1.7,1859,Social Media
U14804,16,Male,Lucknow,Nokia,Android,2.5,42.6,195.9,135,1.9,5563,2.1,1.1,463,Entertainment
U14805,55,Male,Kolkata,Xiaomi,iOS,4.3,37.8,57.7,170,4.1,1374,4.6,3.6,950,Education
U14806,33,Other,Lucknow,Xiaomi,iOS,1.7,23.7,10.5,195,1.3,1830,2.5,1.8,279,Entertainment
U14807,47,Other,Jaipur,Samsung,Android,1.8,16.2,195.5,104,4.6,5565,5.0,1.4,977,Education
U14808,42,Male,Bangalore,Motorola,Android,2.7,14.7,44.7,163,3.9,6329,5.4,1.6,840,Entertainment
U14809,27,Other,Lucknow,Nokia,iOS,2.2,14.3,47.3,46,1.1,5596,6.1,3.7,1965,Entertainment
U14810,42,Other,Lucknow,Apple,Android,6.0,17.7,264.9,147,5.0,7458,1.5,3.4,697,Education
U14811,28,Female,Bangalore,Nokia,iOS,4.5,43.6,220.6,28,5.4,5485,3.1,3.4,1046,Gaming
U14812,50,Other,Delhi,Samsung,iOS,5.9,48.3,253.7,95,0.6,3321,3.3,2.9,688,Entertainment
U14813,51,Female,Delhi,Apple,Android,9.9,22.0,233.3,110,0.6,8573,1.8,2.9,1426,Work
U14814,38,Male,Mumbai,Motorola,Android,2.3,3.7,171.9,136,1.2,6085,3.7,0.5,1077,Work
U14815,24,Male,Lucknow,Apple,Android,4.3,3.6,119.2,176,1.1,9525,1.4,0.1,308,Education
U14816,55,Male,Delhi,Nokia,Android,10.8,18.7,235.6,17,2.6,4869,5.7,0.3,1900,Work
U14817,58,Female,Bangalore,Samsung,iOS,4.8,1.2,185.2,177,4.2,4091,5.4,4.3,1946,Work
U14818,26,Other,Kolkata,OnePlus,iOS,11.3,5.8,294.5,100,2.5,9033,3.1,2.1,1641,Work
U14819,54,Male,Ahmedabad,Nokia,Android,4.6,11.7,90.6,110,4.2,3147,4.1,0.7,1206,Gaming
U14820,32,Male,Mumbai,Samsung,Android,5.4,47.8,45.8,16,4.2,9977,4.4,4.4,1045,Education
U14821,51,Female,Pune,Oppo,Android,4.0,45.5,16.5,186,3.2,6504,4.3,2.4,589,Work
U14822,45,Other,Pune,Nokia,Android,7.3,42.3,283.9,45,1.8,4836,6.4,0.7,1701,Entertainment
U14823,49,Female,Kolkata,OnePlus,Android,3.0,41.7,185.5,178,0.6,4835,6.9,2.8,160,Entertainment
U14824,28,Female,Hyderabad,Nokia,iOS,5.1,40.3,101.3,191,4.6,5504,4.8,0.5,445,Entertainment
U14825,27,Female,Chennai,Realme,Android,11.6,32.0,138.4,133,0.8,9914,2.6,4.6,1124,Entertainment
U14826,19,Male,Mumbai,OnePlus,Android,5.4,37.8,269.6,131,4.9,7099,5.3,1.9,387,Entertainment
U14827,58,Male,Lucknow,Xiaomi,iOS,10.0,32.0,206.3,187,4.2,6448,3.8,2.1,1098,Gaming
U14828,58,Male,Chennai,Xiaomi,Android,3.5,18.4,40.3,160,3.0,3518,1.6,5.0,1061,Work
U14829,42,Male,Chennai,Nokia,iOS,4.5,5.6,68.7,143,3.6,236,1.1,0.8,311,Gaming
U14830,51,Male,Mumbai,Motorola,iOS,6.1,48.6,29.1,29,2.2,4208,2.9,3.6,1469,Work
U14831,32,Female,Mumbai,Vivo,iOS,11.8,5.8,157.5,45,5.1,2944,2.8,2.8,721,Education
U14832,51,Male,Ahmedabad,Nokia,iOS,3.5,41.0,33.6,166,4.8,697,7.9,2.8,1571,Entertainment
U14833,22,Male,Jaipur,Google Pixel,iOS,4.4,47.6,277.3,93,4.6,7243,3.4,2.5,1427,Social Media
U14834,57,Other,Hyderabad,Oppo,iOS,5.0,38.1,49.4,190,2.8,6795,6.1,4.6,347,Gaming
U14835,19,Other,Kolkata,Motorola,iOS,1.6,49.3,88.1,92,1.6,1518,2.0,1.4,125,Gaming
U14836,38,Male,Jaipur,Motorola,iOS,1.7,42.6,194.0,15,0.6,3914,7.4,4.6,914,Social Media
U14837,36,Other,Hyderabad,Nokia,Android,6.6,38.5,60.3,78,2.8,1490,3.5,4.6,377,Gaming
U14838,49,Female,Ahmedabad,Apple,Android,3.0,36.9,234.2,26,3.5,162,4.1,4.0,655,Social Media
U14839,52,Female,Mumbai,Google Pixel,iOS,8.0,25.6,34.4,70,4.1,2654,7.2,1.8,1072,Entertainment
U14840,57,Female,Kolkata,Apple,Android,7.8,44.2,8.4,163,4.0,379,2.3,0.7,1181,Work
U14841,25,Male,Lucknow,Oppo,Android,2.5,18.6,47.0,110,0.6,586,3.3,0.0,1783,Work
U14842,33,Other,Hyderabad,Nokia,Android,4.9,1.0,162.6,53,0.7,9659,3.2,2.7,515,Work
U14843,57,Female,Pune,OnePlus,iOS,3.1,39.2,245.9,200,4.9,9961,7.3,3.9,312,Social Media
U14844,33,Other,Pune,Oppo,Android,4.5,17.7,235.7,171,5.7,9724,4.0,0.8,1811,Social Media
U14845,42,Female,Mumbai,Google Pixel,Android,3.7,41.4,261.5,70,3.9,1299,2.6,1.7,1764,Entertainment
U14846,53,Male,Pune,Xiaomi,iOS,1.1,46.2,153.9,26,4.3,1148,4.0,0.6,1726,Education
U14847,56,Female,Jaipur,Samsung,iOS,3.5,20.1,155.4,98,3.0,2110,7.0,3.4,167,Social Media
U14848,40,Male,Mumbai,Vivo,iOS,9.9,36.1,160.0,56,4.8,4878,1.6,3.5,525,Gaming
U14849,37,Male,Bangalore,Realme,Android,10.2,3.9,21.3,159,2.3,6739,0.8,0.9,953,Gaming
U14850,51,Male,Ahmedabad,Motorola,iOS,12.0,16.7,297.3,188,4.5,513,6.3,5.0,1976,Social Media
U14851,49,Male,Ahmedabad,Motorola,iOS,8.7,3.8,172.7,94,3.5,4528,0.5,2.1,1995,Work
U14852,51,Male,Jaipur,OnePlus,Android,10.2,21.6,189.2,141,1.3,4782,4.8,2.3,939,Entertainment
U14853,50,Other,Hyderabad,Realme,iOS,1.9,41.0,51.1,25,2.3,6771,7.6,4.8,1205,Social Media
U14854,29,Other,Mumbai,OnePlus,Android,2.1,10.1,262.4,200,2.9,7129,6.9,3.6,869,Work
U14855,44,Female,Hyderabad,Samsung,iOS,6.0,42.7,262.2,96,2.8,8346,0.8,4.6,1269,Entertainment
U14856,43,Female,Bangalore,Xiaomi,Android,5.1,32.0,261.6,185,4.8,500,6.4,1.6,192,Work
U14857,54,Female,Bangalore,Apple,Android,8.9,26.6,31.2,187,3.3,5231,6.1,4.6,576,Gaming
U14858,57,Other,Bangalore,Samsung,iOS,1.4,24.5,104.5,31,3.1,620,1.5,5.0,776,Education
U14859,47,Female,Delhi,Apple,iOS,7.3,31.8,70.2,149,4.5,2765,2.1,0.0,653,Education
U14860,38,Other,Kolkata,Vivo,Android,5.2,49.4,113.4,55,1.1,9949,3.0,3.2,1609,Entertainment
U14861,49,Female,Ahmedabad,Google Pixel,iOS,9.5,9.6,252.3,195,5.7,6681,0.8,0.2,289,Gaming
U14862,50,Other,Ahmedabad,Motorola,iOS,11.6,5.0,133.3,113,4.7,7194,4.0,4.4,1063,Work
U14863,50,Male,Hyderabad,Samsung,iOS,7.0,41.3,67.4,87,4.5,9005,4.8,3.0,1543,Social Media
U14864,41,Male,Ahmedabad,Oppo,iOS,5.5,9.0,146.7,177,3.3,7122,1.8,5.0,1606,Entertainment
U14865,48,Female,Bangalore,Nokia,iOS,3.2,9.3,44.1,43,1.1,2662,0.6,1.4,477,Work
U14866,23,Other,Kolkata,Oppo,iOS,2.9,47.9,224.6,71,5.7,2381,2.5,1.4,988,Work
U14867,37,Female,Ahmedabad,Apple,iOS,9.3,41.4,245.8,66,4.8,3942,6.5,1.2,1654,Gaming
U14868,54,Female,Lucknow,Realme,iOS,5.4,6.5,295.3,178,1.5,8498,3.0,1.1,876,Entertainment
U14869,15,Male,Lucknow,Nokia,Android,1.6,21.1,93.4,34,0.6,6714,3.2,3.1,926,Gaming
U14870,24,Male,Lucknow,Apple,Android,3.4,12.5,115.6,59,4.7,949,6.0,2.5,1389,Entertainment
U14871,43,Female,Jaipur,Apple,Android,11.4,8.2,139.4,105,4.5,6134,7.3,1.6,124,Gaming
U14872,17,Female,Lucknow,Google Pixel,Android,6.4,3.0,185.1,95,3.9,4437,4.4,1.9,918,Education
U14873,21,Female,Chennai,OnePlus,Android,10.1,18.9,267.9,186,4.9,4189,0.6,2.2,344,Entertainment
U14874,54,Female,Ahmedabad,Nokia,Android,2.0,42.3,105.4,67,0.5,6727,2.0,2.5,1733,Gaming
U14875,50,Other,Ahmedabad,Nokia,iOS,9.3,24.6,279.8,48,4.8,3800,0.9,2.2,1599,Entertainment
U14876,56,Female,Bangalore,Apple,iOS,1.0,20.4,267.8,159,2.8,6948,3.6,2.8,1411,Education
U14877,46,Female,Delhi,Realme,iOS,2.4,22.9,132.1,14,4.0,7020,6.1,4.5,1779,Work
U14878,44,Other,Pune,Apple,Android,4.3,32.1,64.8,91,3.6,7212,3.4,4.2,1036,Education
U14879,28,Male,Hyderabad,Realme,iOS,11.9,33.2,5.4,184,4.9,7550,5.1,3.1,877,Education
U14880,20,Male,Pune,Realme,iOS,6.0,15.3,244.0,165,5.9,5918,5.0,2.6,317,Education
U14881,49,Female,Pune,Motorola,Android,1.3,12.7,84.1,188,3.4,2610,2.6,1.6,195,Gaming
U14882,58,Other,Ahmedabad,Xiaomi,Android,1.2,44.8,297.4,86,5.7,4196,6.7,2.8,997,Gaming
U14883,50,Male,Delhi,Motorola,iOS,11.7,32.7,211.4,58,4.1,3543,1.2,3.2,133,Work
U14884,40,Other,Kolkata,Xiaomi,iOS,5.7,32.5,54.4,153,5.0,5256,4.6,3.8,1396,Work
U14885,60,Female,Jaipur,Oppo,iOS,6.4,38.7,165.7,114,1.8,8019,5.7,0.1,158,Social Media
U14886,15,Other,Lucknow,Samsung,iOS,7.8,22.4,272.6,15,2.3,447,2.0,1.7,679,Work
U14887,40,Female,Lucknow,Realme,iOS,10.6,43.6,46.8,30,5.6,8819,4.1,2.4,1182,Work
U14888,20,Other,Hyderabad,Samsung,Android,2.6,9.0,235.3,33,3.5,8577,4.4,2.9,1045,Education
U14889,44,Male,Bangalore,Samsung,Android,4.9,50.0,177.1,30,3.2,7314,0.6,0.2,1080,Entertainment
U14890,39,Other,Ahmedabad,Nokia,Android,1.1,47.8,51.4,200,5.5,1680,4.8,2.2,251,Gaming
U14891,48,Other,Lucknow,OnePlus,iOS,6.5,26.6,145.5,148,5.2,6259,1.2,1.2,879,Work
U14892,26,Other,Chennai,Vivo,iOS,9.3,42.8,54.7,99,2.4,2653,0.9,4.9,1479,Education
U14893,20,Other,Delhi,Realme,Android,8.6,9.3,81.7,70,2.9,2678,7.2,2.7,920,Education
U14894,30,Male,Ahmedabad,Apple,Android,9.7,28.0,293.4,88,3.7,7980,6.0,2.3,775,Work
U14895,26,Female,Mumbai,Nokia,iOS,1.9,28.1,10.4,103,3.8,7393,2.3,0.2,129,Social Media
U14896,35,Other,Chennai,Nokia,iOS,3.1,22.2,158.8,194,1.5,683,7.4,0.0,527,Social Media
U14897,23,Female,Lucknow,Vivo,iOS,8.9,27.5,25.5,188,3.8,4698,1.7,2.3,1700,Gaming
U14898,57,Female,Lucknow,Google Pixel,Android,9.8,1.4,291.8,162,2.4,6507,6.7,3.8,710,Education
U14899,15,Other,Ahmedabad,Samsung,Android,5.1,45.3,174.4,26,5.8,1001,1.5,1.9,1618,Work
U14900,54,Other,Mumbai,Xiaomi,iOS,7.0,4.9,52.8,45,4.5,5563,4.4,3.7,271,Gaming
U14901,23,Female,Pune,Vivo,Android,1.2,31.0,247.0,122,1.3,8618,3.8,1.5,1292,Education
U14902,26,Female,Kolkata,Samsung,iOS,5.0,41.2,42.6,39,1.8,1678,5.7,0.4,1200,Gaming
U14903,48,Female,Lucknow,Google Pixel,iOS,11.5,31.4,275.5,120,0.7,9624,2.5,0.9,1584,Social Media
U14904,44,Female,Chennai,Apple,iOS,8.4,30.9,144.2,146,5.9,2720,4.2,3.6,1432,Education
U14905,49,Male,Delhi,Apple,iOS,11.2,30.1,287.0,170,0.8,568,1.5,1.0,1973,Entertainment
U14906,45,Female,Bangalore,Apple,iOS,2.4,48.8,54.4,42,1.2,8039,7.8,0.4,1910,Gaming
U14907,50,Male,Bangalore,Nokia,iOS,7.9,24.4,160.3,110,4.1,2420,6.3,2.4,1944,Education
U14908,46,Other,Jaipur,OnePlus,iOS,8.2,42.7,154.3,37,2.3,5422,6.5,1.5,984,Work
U14909,59,Other,Jaipur,Google Pixel,Android,5.0,36.3,78.5,142,4.3,1605,4.8,2.4,1744,Work
U14910,44,Male,Hyderabad,Oppo,iOS,4.8,30.1,143.7,88,2.6,1897,1.9,4.1,1097,Gaming
U14911,59,Male,Pune,Realme,Android,6.6,9.0,291.7,49,1.6,5102,1.0,3.1,706,Gaming
U14912,31,Female,Mumbai,Realme,iOS,10.4,7.4,223.3,54,0.6,4036,7.4,0.7,307,Social Media
U14913,44,Other,Ahmedabad,Google Pixel,Android,6.6,19.9,218.7,92,3.8,6571,0.5,2.4,333,Entertainment
U14914,50,Male,Hyderabad,Realme,iOS,6.9,30.7,145.1,193,4.1,9884,0.8,4.6,586,Gaming
U14915,57,Other,Lucknow,Nokia,Android,8.4,38.4,145.6,136,3.9,8525,1.5,1.6,1557,Social Media
U14916,16,Male,Delhi,Oppo,iOS,10.4,40.7,184.2,62,4.0,4627,5.0,3.2,942,Education
U14917,31,Female,Lucknow,Apple,Android,7.3,1.2,34.0,97,3.6,9031,7.6,2.6,590,Entertainment
U14918,35,Female,Lucknow,Apple,Android,9.2,47.3,28.6,147,3.7,8009,1.3,2.6,854,Education
U14919,15,Other,Bangalore,Xiaomi,Android,8.4,35.1,287.5,175,4.1,5054,7.3,4.7,422,Work
U14920,44,Female,Delhi,Realme,iOS,9.0,41.6,157.0,42,5.6,5648,6.5,4.6,445,Gaming
U14921,31,Male,Pune,Google Pixel,Android,11.5,48.8,163.3,151,5.5,696,7.6,0.0,885,Social Media
U14922,46,Other,Pune,Samsung,Android,6.5,31.8,133.6,177,0.8,6110,3.6,1.7,1911,Social Media
U14923,45,Female,Hyderabad,Xiaomi,Android,5.5,2.1,242.0,111,5.0,2608,2.6,4.5,149,Social Media
U14924,58,Other,Hyderabad,Samsung,iOS,5.6,29.3,241.2,69,1.4,108,2.1,4.4,334,Work
U14925,55,Other,Jaipur,Xiaomi,iOS,3.4,2.1,273.2,48,2.5,8163,2.5,3.9,156,Gaming
U14926,22,Other,Bangalore,Oppo,Android,10.2,24.1,179.9,56,4.4,1848,4.8,0.5,1543,Education
U14927,52,Female,Bangalore,Motorola,Android,6.0,28.4,64.7,166,1.2,8692,2.3,1.2,1759,Work
U14928,27,Male,Jaipur,Nokia,Android,3.6,15.2,101.3,191,5.1,3936,7.1,3.4,573,Entertainment
U14929,37,Male,Kolkata,Oppo,Android,4.0,3.9,257.4,92,1.8,9965,8.0,0.6,1153,Education
U14930,43,Male,Pune,Xiaomi,iOS,5.8,21.4,155.1,143,1.0,9575,2.5,1.3,630,Work
U14931,19,Male,Bangalore,Nokia,iOS,11.4,49.5,20.6,82,4.2,4016,6.4,1.8,967,Entertainment
U14932,57,Female,Chennai,Realme,iOS,3.3,49.5,82.9,182,4.7,3618,7.1,4.5,112,Work
U14933,24,Male,Ahmedabad,Apple,Android,5.2,23.7,174.1,78,4.7,2633,3.8,3.9,1320,Social Media
U14934,33,Other,Pune,Xiaomi,iOS,8.7,9.6,24.4,59,1.0,9619,5.8,4.2,572,Gaming
U14935,15,Female,Delhi,Vivo,Android,3.0,30.9,170.3,169,2.3,6855,4.3,4.4,626,Social Media
U14936,47,Other,Bangalore,Samsung,iOS,11.4,15.4,296.3,99,5.9,3245,0.9,1.4,1155,Entertainment
U14937,15,Male,Lucknow,OnePlus,iOS,1.0,1.4,134.2,102,3.2,1479,3.3,0.0,808,Entertainment
U14938,22,Male,Hyderabad,Xiaomi,iOS,6.3,23.6,70.3,36,3.0,5373,2.7,0.1,149,Work
U14939,16,Male,Ahmedabad,Motorola,Android,7.8,22.2,198.6,158,1.0,2103,2.4,3.3,1297,Gaming
U14940,35,Male,Chennai,Oppo,iOS,8.8,39.1,20.7,20,2.4,5803,4.7,4.6,1967,Education
U14941,15,Male,Pune,Motorola,Android,5.1,30.7,266.5,73,3.4,7448,5.1,4.2,878,Gaming
U14942,59,Other,Bangalore,Google Pixel,Android,2.1,2.2,218.3,199,4.0,2293,6.5,4.3,1631,Education
U14943,52,Male,Mumbai,Vivo,Android,4.4,17.5,77.5,150,4.1,583,7.0,0.8,1913,Work
U14944,57,Other,Kolkata,Realme,iOS,2.7,23.7,157.8,181,4.1,7702,5.4,2.4,225,Gaming
U14945,33,Male,Kolkata,Apple,iOS,7.5,21.7,273.0,12,2.1,1500,7.9,0.1,1846,Social Media
U14946,56,Male,Kolkata,Realme,iOS,4.5,24.2,288.5,162,0.9,8113,0.6,1.4,1869,Education
U14947,36,Male,Ahmedabad,Nokia,iOS,2.6,15.6,108.2,41,6.0,6921,5.4,4.1,850,Entertainment
U14948,27,Other,Bangalore,OnePlus,iOS,10.3,18.9,202.3,199,2.2,5120,4.4,1.5,525,Education
U14949,51,Male,Pune,Nokia,Android,3.8,46.3,281.9,96,4.8,7771,7.0,3.9,1025,Work
U14950,30,Female,Pune,Samsung,iOS,4.2,37.1,198.9,76,1.3,6705,7.6,2.3,163,Education
U14951,46,Other,Hyderabad,Motorola,iOS,12.0,10.2,227.0,183,4.5,3007,5.3,0.7,1377,Social Media
U14952,25,Male,Hyderabad,Apple,iOS,10.1,20.4,44.3,51,3.0,3852,0.9,3.9,509,Gaming
U14953,32,Other,Pune,Google Pixel,Android,10.0,49.4,11.7,72,2.2,7684,5.4,4.9,1829,Entertainment
U14954,31,Other,Bangalore,Vivo,Android,7.7,45.6,179.7,79,3.2,2461,5.4,4.9,1959,Entertainment
U14955,45,Male,Chennai,Samsung,Android,5.7,28.1,173.3,16,3.9,426,7.1,3.6,833,Entertainment
U14956,17,Female,Delhi,Samsung,iOS,11.9,12.7,177.6,162,3.1,9267,5.9,0.6,952,Social Media
U14957,41,Female,Mumbai,Realme,iOS,1.8,29.0,239.9,174,2.8,5140,4.7,4.8,1677,Entertainment
U14958,32,Other,Lucknow,Oppo,Android,8.9,23.3,173.2,195,3.1,7940,7.7,0.3,1694,Education
U14959,51,Male,Lucknow,Vivo,iOS,7.8,14.8,59.6,34,5.1,2212,7.0,2.0,813,Social Media
U14960,55,Female,Bangalore,Motorola,iOS,2.5,37.3,229.6,145,4.2,2650,3.7,1.2,589,Work
U14961,52,Female,Bangalore,Google Pixel,Android,11.1,31.5,49.4,176,2.6,3283,2.2,2.6,987,Education
U14962,52,Female,Pune,Apple,Android,11.8,8.2,208.3,41,1.1,4164,2.0,4.7,764,Gaming
U14963,40,Other,Lucknow,OnePlus,iOS,8.6,16.4,239.9,60,3.3,5731,0.8,2.5,608,Work
U14964,42,Other,Ahmedabad,Apple,Android,2.4,29.1,25.6,180,2.6,9556,7.7,4.1,1447,Social Media
U14965,17,Other,Jaipur,Vivo,iOS,7.1,2.7,275.9,159,5.1,385,7.7,1.5,564,Gaming
U14966,50,Female,Chennai,Apple,iOS,2.3,29.5,253.7,97,4.5,2513,7.6,3.0,978,Social Media
U14967,59,Other,Chennai,Realme,iOS,7.3,10.5,155.5,147,3.1,1474,3.6,0.7,259,Social Media
U14968,15,Female,Mumbai,Apple,iOS,8.0,28.1,173.8,184,4.6,1281,0.9,2.8,135,Social Media
U14969,16,Male,Mumbai,Apple,Android,8.3,33.8,161.3,120,3.6,5884,2.4,3.3,1015,Work
U14970,20,Female,Pune,Apple,Android,2.0,33.2,208.5,16,0.7,1783,3.2,0.3,463,Gaming
U14971,17,Male,Bangalore,OnePlus,Android,10.3,39.2,113.6,66,3.3,4152,2.4,0.3,1935,Social Media
U14972,38,Female,Hyderabad,Google Pixel,iOS,5.5,39.4,219.1,114,4.5,3640,5.3,4.4,1409,Work
U14973,51,Female,Hyderabad,Google Pixel,iOS,8.1,4.8,157.8,101,0.9,3420,0.8,3.4,1890,Work
U14974,46,Male,Hyderabad,Google Pixel,Android,2.6,31.3,153.9,194,2.0,6713,2.0,2.7,896,Social Media
U14975,57,Other,Mumbai,Xiaomi,Android,11.0,31.6,206.1,48,1.7,7028,2.8,1.3,1817,Work
U14976,38,Male,Ahmedabad,Samsung,iOS,11.6,7.1,167.4,155,4.4,3324,1.9,0.2,614,Education
U14977,41,Female,Chennai,Xiaomi,Android,3.5,24.4,220.2,179,2.6,1919,4.1,1.8,1657,Gaming
U14978,28,Other,Mumbai,Motorola,Android,7.6,6.4,92.2,147,1.0,7934,4.1,3.9,1228,Entertainment
U14979,56,Male,Hyderabad,Oppo,iOS,5.2,37.6,57.3,164,1.1,9771,2.3,3.0,676,Education
U14980,46,Other,Hyderabad,OnePlus,Android,1.5,20.9,262.0,13,5.1,9326,6.8,2.6,1650,Gaming
U14981,39,Female,Kolkata,Apple,Android,9.1,34.9,46.4,88,1.3,6617,2.0,1.7,822,Education
U14982,21,Other,Kolkata,Motorola,iOS,4.1,8.9,70.7,36,4.1,5311,2.8,3.2,1423,Entertainment
U14983,51,Male,Bangalore,OnePlus,iOS,3.6,33.1,192.3,161,4.8,9826,1.3,0.0,1707,Entertainment
U14984,54,Male,Mumbai,Vivo,Android,7.0,9.1,241.6,49,4.4,1532,3.5,4.0,1277,Education
U14985,21,Female,Pune,OnePlus,iOS,10.8,25.1,68.1,189,1.2,857,6.2,3.2,1851,Social Media
U14986,60,Male,Hyderabad,Oppo,Android,2.7,30.7,114.1,197,1.2,7999,4.2,4.1,1444,Social Media
U14987,36,Other,Pune,Motorola,iOS,10.9,21.9,93.6,112,0.9,9712,4.4,2.4,1784,Work
U14988,56,Other,Jaipur,Xiaomi,iOS,1.6,12.4,242.8,46,5.8,8257,7.2,1.9,1293,Education
U14989,52,Female,Hyderabad,Motorola,iOS,5.2,14.2,68.4,114,3.7,8445,2.5,4.8,1109,Work
U14990,20,Male,Kolkata,Vivo,iOS,8.7,11.1,252.0,59,4.9,7965,5.8,3.6,1428,Social Media
U14991,19,Other,Lucknow,OnePlus,Android,1.5,12.4,223.6,118,4.4,5623,2.4,2.8,965,Social Media
U14992,16,Other,Ahmedabad,Apple,Android,3.9,21.2,5.8,85,4.1,3790,1.4,5.0,293,Social Media
U14993,49,Male,Delhi,Xiaomi,iOS,8.3,18.9,156.5,122,2.7,5715,1.3,4.5,210,Social Media
U14994,54,Female,Pune,Nokia,iOS,5.4,14.8,175.1,165,1.5,4900,5.8,1.7,1318,Gaming
U14995,23,Female,Delhi,Google Pixel,Android,4.9,27.4,44.3,127,0.8,8506,5.3,0.9,1269,Social Media
U14996,45,Other,Chennai,Nokia,iOS,5.1,11.4,179.3,19,3.7,5079,7.9,2.6,1614,Gaming
U14997,26,Female,Jaipur,Vivo,iOS,4.8,4.5,259.4,117,1.6,462,6.8,3.6,1438,Work
U14998,15,Male,Lucknow,Motorola,Android,3.4,1.2,196.6,74,5.7,1431,2.8,0.3,1989,Work
U14999,56,Other,Bangalore,Motorola,Android,1.3,7.1,32.3,155,2.6,9513,0.9,2.2,1762,Entertainment
U15000,22,Female,Ahmedabad,Nokia,iOS,7.4,37.1,53.3,12,4.3,5740,4.7,1.1,902,Education
U15001,46,Female,Ahmedabad,Realme,Android,10.1,44.6,120.7,156,1.3,6831,2.5,2.9,1751,Work
U15002,35,Other,Pune,Nokia,iOS,4.0,37.5,34.8,30,4.5,2295,6.2,1.0,345,Gaming
U15003,19,Female,Chennai,Nokia,iOS,3.7,30.2,247.1,196,1.6,741,4.1,2.4,1960,Entertainment
U15004,57,Female,Jaipur,Google Pixel,Android,5.7,19.8,93.2,139,5.5,2544,6.2,4.3,1561,Social Media
U15005,57,Male,Jaipur,Samsung,iOS,6.0,34.3,47.8,65,2.3,8817,3.5,0.5,1556,Education
U15006,27,Male,Mumbai,Oppo,iOS,8.8,1.3,30.7,144,5.0,4659,2.3,2.0,1354,Social Media
U15007,36,Male,Pune,Google Pixel,iOS,1.2,37.6,10.1,169,5.6,5951,3.1,0.6,463,Entertainment
U15008,49,Female,Lucknow,Vivo,iOS,6.2,3.2,7.3,77,0.6,5168,0.9,4.8,794,Gaming
U15009,35,Male,Jaipur,OnePlus,Android,10.6,2.6,286.1,123,4.7,9841,7.0,2.7,1509,Social Media
U15010,36,Other,Chennai,Vivo,iOS,8.3,24.3,271.8,47,5.6,2655,3.3,4.6,1222,Gaming
U15011,54,Male,Delhi,Vivo,Android,8.7,2.3,194.9,104,1.2,9630,1.0,3.9,1290,Work
U15012,40,Male,Kolkata,Motorola,Android,5.9,33.5,43.3,200,2.0,9537,3.7,4.7,1629,Work
U15013,21,Other,Lucknow,Vivo,Android,7.4,14.5,293.4,22,4.8,8255,2.3,2.2,1075,Gaming
U15014,35,Male,Chennai,Google Pixel,Android,8.3,19.8,251.4,43,2.7,5268,6.0,1.6,1560,Entertainment
U15015,50,Male,Chennai,Motorola,Android,2.4,2.8,231.5,73,0.8,4336,5.3,1.4,1294,Gaming
U15016,46,Male,Pune,Vivo,Android,3.9,36.3,200.7,188,1.3,9027,2.4,3.9,443,Entertainment
U15017,58,Female,Kolkata,Apple,Android,4.8,12.8,135.6,72,5.0,7788,1.7,2.5,1405,Social Media
U15018,50,Other,Mumbai,Nokia,iOS,1.1,11.5,71.1,86,3.9,6763,1.1,4.7,1866,Education
U15019,49,Other,Jaipur,Vivo,Android,1.0,13.7,189.6,120,1.3,8244,1.9,4.6,1250,Work
U15020,41,Female,Ahmedabad,Motorola,iOS,8.9,17.6,84.6,181,6.0,5506,5.0,4.5,213,Social Media
U15021,33,Other,Bangalore,Apple,iOS,7.7,34.9,114.3,103,2.1,7583,2.6,2.1,1775,Social Media
U15022,17,Other,Bangalore,Motorola,iOS,3.4,1.9,126.9,41,3.3,9498,5.7,3.4,382,Social Media
U15023,27,Other,Jaipur,Vivo,iOS,5.8,13.9,261.7,118,3.4,9329,3.2,1.3,913,Entertainment
U15024,22,Male,Jaipur,Nokia,iOS,4.4,38.8,41.7,43,3.6,1238,1.3,3.3,1124,Entertainment
U15025,54,Other,Ahmedabad,Nokia,iOS,1.4,18.2,206.7,99,4.9,7549,4.5,0.3,1085,Work
U15026,19,Female,Lucknow,Realme,iOS,9.8,40.3,153.8,56,1.0,5681,2.1,3.9,1086,Social Media
U15027,55,Female,Pune,Oppo,Android,11.4,48.5,192.3,171,4.2,8691,3.7,0.2,636,Work
U15028,25,Female,Jaipur,OnePlus,iOS,11.2,29.4,63.7,140,3.8,3025,7.8,0.5,1688,Social Media
U15029,20,Other,Pune,Oppo,Android,3.3,4.7,227.3,159,1.6,6112,4.1,2.6,813,Gaming
U15030,26,Female,Delhi,Xiaomi,Android,10.7,37.3,144.7,131,3.9,6630,1.5,2.3,1455,Entertainment
U15031,37,Other,Jaipur,Samsung,Android,6.9,30.9,197.8,67,2.9,8685,7.9,2.4,1103,Entertainment
U15032,40,Female,Pune,Realme,Android,10.4,45.7,148.9,60,0.7,682,1.3,2.3,947,Gaming
U15033,59,Male,Ahmedabad,Apple,iOS,5.5,18.8,185.6,143,3.8,3972,4.1,3.4,1158,Education
U15034,38,Female,Jaipur,Vivo,iOS,9.9,36.0,92.0,58,4.4,3989,3.7,2.6,1084,Gaming
U15035,32,Female,Jaipur,Realme,Android,6.8,10.1,126.8,40,3.9,7521,4.2,2.7,1626,Work
U15036,50,Male,Bangalore,Nokia,Android,3.6,30.9,276.2,66,4.3,2429,1.2,1.8,792,Work
U15037,45,Male,Ahmedabad,Xiaomi,iOS,7.9,40.3,258.5,77,4.8,6915,7.2,1.1,752,Entertainment
U15038,22,Other,Lucknow,Nokia,Android,4.2,39.7,297.2,200,3.4,8956,7.1,2.9,899,Gaming
U15039,33,Male,Chennai,Samsung,Android,10.7,40.7,147.9,161,3.2,2659,3.2,0.9,1975,Gaming
U15040,37,Male,Mumbai,OnePlus,iOS,2.4,22.3,126.6,105,3.8,369,3.6,1.9,1906,Gaming
U15041,47,Female,Delhi,Samsung,Android,4.5,36.9,233.8,80,2.6,1815,3.2,2.0,507,Work
U15042,59,Other,Bangalore,Samsung,iOS,7.9,13.5,115.4,139,4.6,3262,7.1,1.0,1839,Work
U15043,60,Female,Chennai,Oppo,iOS,10.2,47.5,203.8,199,0.6,5809,7.3,4.6,184,Entertainment
U15044,19,Other,Chennai,Realme,Android,2.2,42.1,64.4,119,1.4,2784,0.9,3.9,328,Education
U15045,22,Other,Chennai,Xiaomi,Android,7.1,13.5,259.8,126,5.7,715,7.6,1.5,521,Gaming
U15046,22,Female,Ahmedabad,Xiaomi,Android,11.2,30.0,237.2,64,1.6,6452,2.1,1.8,1212,Social Media
U15047,23,Male,Pune,Google Pixel,iOS,11.6,11.9,46.4,66,5.5,9839,4.4,1.1,159,Entertainment
U15048,39,Male,Lucknow,Nokia,Android,2.3,5.2,247.8,71,4.5,1740,4.2,2.9,1999,Education
U15049,59,Other,Bangalore,Realme,iOS,4.6,39.4,219.5,133,3.7,1190,4.3,2.4,1343,Work
U15050,35,Female,Chennai,Nokia,Android,7.1,11.2,120.4,16,4.0,880,3.8,4.2,1920,Education
U15051,41,Other,Pune,OnePlus,Android,7.3,21.7,83.7,136,3.5,1150,1.5,1.1,136,Entertainment
U15052,36,Male,Ahmedabad,OnePlus,iOS,2.7,39.6,72.0,105,1.8,6196,5.3,2.5,1480,Work
U15053,15,Female,Hyderabad,Motorola,Android,4.0,15.8,36.3,80,5.6,8200,4.0,2.0,408,Gaming
U15054,41,Other,Hyderabad,Samsung,Android,5.1,6.8,37.0,88,3.8,164,3.0,2.0,1739,Gaming
U15055,43,Other,Jaipur,Samsung,Android,9.6,17.7,141.0,70,2.5,1213,2.7,1.0,1358,Work
U15056,22,Male,Mumbai,Realme,Android,8.4,49.2,206.2,117,1.5,9188,4.3,4.4,226,Entertainment
U15057,35,Male,Delhi,Apple,Android,2.1,30.8,124.7,29,3.6,1591,6.4,4.5,475,Entertainment
U15058,47,Other,Delhi,Apple,iOS,11.0,48.7,212.4,89,5.7,7418,3.7,1.2,1046,Entertainment
U15059,52,Female,Kolkata,Motorola,Android,11.2,33.8,80.9,142,2.7,8870,6.0,3.1,1714,Education
U15060,27,Other,Chennai,Realme,Android,2.9,13.0,94.2,28,3.3,573,2.3,4.5,1102,Entertainment
U15061,16,Other,Ahmedabad,Google Pixel,iOS,10.4,15.4,279.8,100,1.4,5379,3.6,1.5,1777,Gaming
U15062,47,Other,Lucknow,Motorola,Android,11.4,26.8,118.4,149,5.7,9843,2.1,2.8,1333,Social Media
U15063,44,Other,Ahmedabad,Xiaomi,iOS,3.5,8.8,29.4,107,1.8,7999,4.4,1.8,1802,Entertainment
U15064,51,Other,Mumbai,Samsung,iOS,11.3,16.1,7.1,187,4.3,7407,0.7,3.2,1329,Entertainment
U15065,27,Male,Hyderabad,Google Pixel,Android,1.9,10.2,64.5,178,2.1,7233,4.8,2.4,1254,Gaming
U15066,34,Male,Bangalore,Xiaomi,Android,8.8,42.5,134.3,92,3.4,4299,3.7,3.8,920,Education
U15067,57,Other,Bangalore,Nokia,iOS,6.5,12.4,250.8,119,4.1,2673,7.2,0.7,831,Work
U15068,45,Male,Ahmedabad,Samsung,Android,7.9,47.3,65.4,169,3.6,9012,4.8,0.7,1521,Work
U15069,32,Female,Chennai,OnePlus,iOS,5.1,4.5,265.1,90,1.8,1044,2.7,3.6,1433,Education
U15070,37,Male,Jaipur,Nokia,iOS,6.9,49.6,59.4,30,4.0,9638,5.1,4.2,226,Work
U15071,52,Female,Mumbai,Nokia,iOS,6.2,7.9,125.0,23,4.9,1047,0.7,0.4,295,Social Media
U15072,26,Other,Delhi,Samsung,Android,11.4,37.0,167.4,73,3.2,5282,5.0,3.7,363,Entertainment
U15073,40,Male,Pune,Realme,iOS,2.7,13.0,47.5,161,4.6,7462,6.7,0.9,1890,Entertainment
U15074,45,Male,Kolkata,Nokia,Android,6.3,34.5,204.8,56,1.9,512,3.6,3.3,1626,Social Media
U15075,35,Male,Jaipur,Realme,iOS,2.1,39.5,140.7,17,2.6,7170,3.3,0.1,1708,Education
U15076,18,Other,Hyderabad,Apple,Android,7.8,8.2,66.0,95,1.3,4944,7.9,0.8,774,Education
U15077,54,Male,Jaipur,Xiaomi,iOS,1.3,41.2,115.8,168,2.4,6215,6.6,4.4,1737,Work
U15078,56,Other,Jaipur,Motorola,iOS,4.2,30.3,96.1,58,1.3,9326,2.4,3.0,1712,Entertainment
U15079,46,Female,Delhi,Oppo,Android,8.8,5.7,127.7,129,1.2,9440,3.0,2.7,1186,Education
U15080,15,Other,Lucknow,OnePlus,iOS,6.9,5.7,166.3,170,2.5,3168,7.8,3.7,737,Social Media
U15081,26,Male,Chennai,Motorola,Android,11.3,18.8,117.7,191,5.3,3046,3.2,1.7,335,Work
U15082,53,Male,Chennai,Nokia,iOS,6.1,27.2,130.6,167,5.9,3132,1.0,3.9,371,Social Media
U15083,32,Male,Mumbai,Apple,iOS,11.1,24.0,201.3,135,2.7,3865,4.8,2.3,847,Education
U15084,54,Female,Jaipur,Xiaomi,Android,10.2,30.2,290.2,161,3.1,8069,3.4,4.6,1011,Education
U15085,40,Male,Bangalore,Nokia,iOS,8.9,46.4,38.6,19,5.3,9209,4.7,3.4,1873,Work
U15086,60,Other,Hyderabad,OnePlus,iOS,6.7,28.5,248.0,91,3.9,8895,4.6,0.8,458,Social Media
U15087,40,Other,Lucknow,OnePlus,Android,3.4,7.2,138.1,146,3.3,7393,5.2,3.4,1908,Education
U15088,18,Male,Pune,Nokia,iOS,1.7,41.8,219.4,183,3.7,5157,2.4,2.2,1607,Education
U15089,59,Male,Jaipur,Google Pixel,iOS,5.9,27.1,214.9,34,0.7,5315,7.5,1.7,459,Work
U15090,25,Male,Chennai,OnePlus,iOS,10.3,4.6,171.3,169,2.4,2554,1.9,1.9,1994,Gaming
U15091,60,Other,Ahmedabad,Xiaomi,Android,7.9,11.0,288.4,163,4.5,4530,5.5,1.2,659,Social Media
U15092,35,Other,Delhi,Samsung,iOS,10.8,31.2,122.3,125,4.1,4848,7.2,1.8,283,Social Media
U15093,39,Male,Pune,Nokia,iOS,9.2,24.2,261.4,36,3.6,5296,2.7,1.8,645,Gaming
U15094,59,Other,Bangalore,Vivo,Android,1.7,32.3,92.6,198,4.5,2062,6.4,3.0,701,Entertainment
U15095,58,Female,Delhi,Oppo,Android,10.9,46.2,192.8,110,3.6,9391,2.5,1.3,160,Gaming
U15096,19,Male,Ahmedabad,Oppo,Android,7.4,43.5,90.2,173,4.7,8929,2.0,4.9,956,Work
U15097,45,Male,Jaipur,Nokia,iOS,5.8,36.2,169.9,82,5.9,1431,3.2,1.4,1556,Work
U15098,16,Female,Hyderabad,Nokia,Android,1.7,42.6,20.7,58,2.8,5089,4.4,2.2,359,Gaming
U15099,25,Other,Mumbai,Xiaomi,iOS,2.8,47.2,151.8,154,2.3,4037,4.0,2.2,1706,Education
U15100,15,Female,Kolkata,Vivo,iOS,9.1,13.8,153.1,113,3.0,7977,4.1,3.8,627,Education
U15101,58,Female,Pune,Oppo,iOS,8.6,1.6,140.6,148,2.0,7013,5.5,3.1,555,Gaming
U15102,37,Male,Pune,OnePlus,Android,8.9,37.8,148.9,186,3.9,3083,6.0,2.0,1985,Gaming
U15103,30,Male,Lucknow,Xiaomi,Android,9.0,32.8,210.7,168,5.3,6315,0.8,3.8,914,Education
U15104,29,Other,Kolkata,Vivo,Android,7.8,45.2,100.2,83,2.9,2671,1.6,3.8,635,Education
U15105,50,Male,Hyderabad,Oppo,Android,4.2,21.0,109.1,146,2.8,1563,0.6,4.3,624,Education
U15106,46,Female,Chennai,Apple,Android,10.1,21.0,77.0,35,5.2,8786,1.8,1.8,1440,Gaming
U15107,27,Female,Mumbai,Vivo,iOS,1.4,32.9,249.8,40,1.4,6329,4.5,1.7,1192,Work
U15108,35,Other,Pune,Samsung,iOS,8.8,20.0,165.1,40,2.1,3345,7.8,3.6,556,Education
U15109,50,Female,Hyderabad,Google Pixel,iOS,8.9,47.1,299.5,173,0.7,9119,2.3,4.6,957,Gaming
U15110,40,Other,Jaipur,Nokia,iOS,8.1,31.4,182.6,171,2.2,6876,2.0,3.3,1192,Education
U15111,44,Other,Jaipur,Vivo,Android,9.2,39.9,88.2,185,1.3,9931,2.5,0.6,1598,Work
U15112,58,Other,Hyderabad,Samsung,iOS,2.5,19.1,213.6,57,2.6,1724,5.0,2.7,405,Entertainment
U15113,32,Female,Hyderabad,Google Pixel,iOS,7.4,32.3,36.5,14,4.4,7024,6.7,1.4,976,Social Media
U15114,54,Other,Bangalore,Motorola,iOS,9.8,9.7,172.5,107,4.3,8684,3.9,0.6,1633,Work
U15115,45,Female,Ahmedabad,OnePlus,Android,5.7,40.3,77.0,40,5.5,1486,0.7,3.9,668,Entertainment
U15116,16,Male,Chennai,Google Pixel,iOS,5.4,29.3,15.6,151,1.2,5203,4.8,2.6,1473,Social Media
U15117,23,Female,Hyderabad,Samsung,Android,6.9,27.4,38.8,159,5.5,2757,6.7,2.4,815,Education
U15118,16,Other,Delhi,Oppo,iOS,5.5,16.5,53.8,178,2.7,4771,1.1,3.3,1665,Gaming
U15119,34,Male,Bangalore,Xiaomi,iOS,2.3,20.5,241.3,119,4.8,7662,4.4,3.2,1694,Entertainment
U15120,56,Male,Ahmedabad,Apple,iOS,6.6,20.2,95.0,106,0.7,7421,5.0,0.6,377,Social Media
U15121,35,Other,Chennai,Motorola,Android,7.0,25.4,285.4,62,1.1,8208,4.8,2.1,1871,Gaming
U15122,40,Female,Jaipur,Samsung,Android,4.4,25.2,47.2,124,4.0,203,1.8,3.7,1930,Gaming
U15123,18,Male,Delhi,Oppo,iOS,7.2,34.6,244.1,115,3.0,3052,4.0,2.9,831,Education
U15124,22,Male,Chennai,Samsung,Android,2.9,39.2,286.7,105,5.9,5708,0.6,2.5,1401,Entertainment
U15125,48,Female,Ahmedabad,Oppo,Android,8.8,24.4,194.8,59,3.4,3901,4.7,4.7,113,Education
U15126,30,Other,Lucknow,Samsung,iOS,8.7,7.9,202.2,191,0.8,1521,1.4,3.8,1616,Education
U15127,28,Male,Chennai,Vivo,Android,4.0,49.6,272.1,38,1.7,7769,1.0,1.0,1804,Gaming
U15128,49,Male,Pune,Xiaomi,Android,11.1,49.5,132.8,67,5.0,5347,5.5,0.3,1564,Education
U15129,47,Other,Pune,OnePlus,Android,1.6,29.8,292.3,81,5.0,1663,2.7,1.2,1033,Gaming
U15130,50,Other,Pune,Samsung,Android,2.7,27.6,110.2,161,1.2,2099,4.6,0.1,1059,Education
U15131,32,Female,Delhi,Xiaomi,iOS,3.7,21.1,64.9,125,1.2,9766,7.8,2.1,1875,Gaming
U15132,24,Male,Pune,Realme,iOS,2.8,16.5,249.2,24,0.6,6782,7.9,2.4,506,Gaming
U15133,24,Male,Mumbai,Samsung,iOS,10.2,17.5,153.9,81,5.3,4175,2.6,2.9,722,Gaming
U15134,51,Female,Jaipur,Samsung,iOS,9.1,14.0,229.9,13,4.5,6607,2.8,1.5,283,Education
U15135,28,Female,Ahmedabad,Nokia,iOS,3.3,5.8,228.6,27,3.4,5932,4.9,4.7,1844,Gaming
U15136,52,Other,Lucknow,Oppo,iOS,1.7,33.5,134.2,59,3.3,6185,4.2,2.3,1397,Entertainment
U15137,32,Other,Chennai,OnePlus,Android,9.2,23.2,278.3,131,5.7,5740,1.2,4.7,1965,Education
U15138,44,Female,Jaipur,Samsung,Android,4.4,27.5,82.2,72,3.2,4807,6.6,1.8,678,Entertainment
U15139,22,Male,Pune,OnePlus,Android,4.8,10.9,286.5,113,2.6,3836,1.6,0.1,831,Social Media
U15140,36,Female,Mumbai,Xiaomi,iOS,3.8,26.6,41.6,171,2.7,3694,7.4,4.8,1398,Gaming
U15141,18,Female,Hyderabad,Xiaomi,iOS,11.4,20.7,36.3,50,4.6,5309,6.7,4.2,1043,Entertainment
U15142,38,Female,Hyderabad,OnePlus,iOS,7.8,44.1,83.1,196,5.1,4787,2.0,1.1,435,Work
U15143,16,Female,Lucknow,Apple,Android,3.5,42.4,237.7,188,0.6,7756,5.9,4.4,860,Entertainment
U15144,19,Other,Chennai,Nokia,Android,7.6,8.0,289.2,151,3.6,6306,1.8,1.8,1496,Education
U15145,51,Male,Mumbai,Nokia,iOS,11.5,21.3,250.1,19,3.4,3754,6.5,4.0,976,Social Media
U15146,15,Male,Mumbai,Samsung,iOS,2.8,12.9,152.1,63,4.8,5119,3.0,0.7,1987,Education
U15147,46,Male,Hyderabad,Vivo,iOS,1.9,11.0,15.2,95,6.0,4136,6.4,0.3,1426,Work
U15148,48,Female,Hyderabad,Realme,Android,7.3,45.7,54.5,145,0.7,9936,4.7,3.0,1655,Social Media
U15149,55,Female,Lucknow,Xiaomi,iOS,6.6,18.3,200.3,130,1.2,8941,2.9,4.8,572,Gaming
U15150,22,Male,Delhi,Motorola,iOS,3.2,39.8,11.1,159,3.8,226,0.8,5.0,993,Social Media
U15151,45,Male,Jaipur,Nokia,Android,11.6,38.6,186.7,39,4.5,6300,4.0,4.2,1530,Social Media
U15152,22,Male,Bangalore,Oppo,Android,11.9,22.4,93.0,14,3.3,1686,4.2,4.1,1568,Work
U15153,27,Other,Ahmedabad,Oppo,iOS,3.3,37.7,12.0,62,5.2,3862,2.8,4.8,217,Social Media
U15154,53,Female,Chennai,Nokia,Android,6.1,22.4,157.7,19,2.0,8764,1.1,4.9,419,Gaming
U15155,21,Other,Kolkata,Vivo,Android,10.4,48.4,98.9,47,0.8,1506,5.9,1.8,348,Gaming
U15156,34,Female,Lucknow,Nokia,iOS,11.0,11.5,98.0,105,4.1,4383,6.8,1.0,614,Social Media
U15157,21,Other,Bangalore,Realme,Android,8.3,25.0,61.8,175,2.3,6075,1.5,3.3,204,Work
U15158,59,Male,Chennai,Nokia,Android,1.6,8.6,279.9,88,4.4,7471,3.7,3.2,1638,Entertainment
U15159,19,Other,Kolkata,OnePlus,Android,3.0,8.4,215.0,20,5.7,2031,2.2,1.8,302,Gaming
U15160,44,Other,Kolkata,OnePlus,iOS,11.6,21.9,49.1,38,4.6,9229,6.7,0.1,239,Social Media
U15161,26,Other,Kolkata,Vivo,iOS,5.4,11.7,211.1,122,1.9,4163,2.4,0.1,1913,Entertainment
U15162,48,Other,Hyderabad,Oppo,Android,5.7,23.9,284.4,98,4.3,2893,8.0,1.4,1279,Education
U15163,20,Male,Kolkata,OnePlus,iOS,5.5,1.7,241.6,104,3.3,5707,6.6,2.1,1515,Social Media
U15164,18,Male,Bangalore,Samsung,Android,4.0,48.2,100.6,103,5.6,6244,3.8,2.0,240,Work
U15165,56,Male,Hyderabad,Nokia,iOS,6.2,18.6,206.2,138,1.7,5917,3.6,0.9,760,Entertainment
U15166,20,Male,Delhi,Motorola,iOS,8.5,2.7,11.6,113,3.9,2703,1.9,4.6,991,Education
U15167,17,Other,Mumbai,Xiaomi,Android,10.8,39.2,180.1,69,5.9,2258,1.8,4.6,1319,Gaming
U15168,21,Male,Hyderabad,OnePlus,Android,10.7,16.5,73.0,129,5.7,8163,2.5,1.6,1269,Social Media
U15169,49,Male,Bangalore,Samsung,iOS,9.8,14.0,192.7,57,0.6,3774,7.4,0.4,533,Entertainment
U15170,21,Male,Delhi,Nokia,iOS,6.8,31.6,18.4,20,4.8,812,7.0,0.7,1249,Entertainment
U15171,41,Female,Hyderabad,Vivo,iOS,5.5,27.9,283.3,27,5.1,8686,3.7,1.5,524,Education
U15172,42,Male,Hyderabad,Samsung,Android,9.1,37.2,74.2,159,5.2,5303,1.3,4.0,874,Social Media
U15173,20,Other,Delhi,Realme,iOS,10.9,6.7,61.3,140,0.5,9117,7.0,3.4,1887,Entertainment
U15174,23,Male,Chennai,Nokia,Android,3.6,16.8,229.3,60,1.2,2018,4.7,0.3,1779,Education
U15175,31,Other,Kolkata,Vivo,Android,8.2,20.4,61.4,95,4.9,5468,4.7,1.4,835,Education
U15176,37,Female,Chennai,Oppo,Android,11.5,20.4,89.1,182,1.8,8515,7.0,0.4,591,Work
U15177,27,Female,Chennai,Apple,Android,6.1,46.7,152.1,117,1.4,6674,3.7,2.7,1584,Gaming
U15178,57,Male,Pune,Motorola,iOS,7.7,12.6,248.8,128,4.7,7389,5.6,0.2,616,Social Media
U15179,53,Female,Chennai,Realme,Android,10.7,27.3,134.6,14,4.3,8860,2.3,4.4,1953,Entertainment
U15180,50,Male,Lucknow,Xiaomi,Android,5.7,3.5,194.9,123,3.4,9801,5.4,3.2,1939,Social Media
U15181,23,Female,Jaipur,Samsung,iOS,9.7,28.5,65.0,69,2.4,3581,4.3,0.5,1295,Entertainment
U15182,57,Male,Hyderabad,Nokia,Android,9.1,27.0,15.8,143,5.7,2893,5.4,2.0,1806,Social Media
U15183,45,Female,Hyderabad,Google Pixel,iOS,11.1,11.7,168.4,164,1.8,9547,1.4,1.9,322,Work
U15184,46,Female,Kolkata,Samsung,iOS,5.5,2.9,203.7,194,4.9,1971,1.2,0.9,550,Entertainment
U15185,22,Other,Delhi,Google Pixel,iOS,4.8,19.8,245.0,187,3.4,8454,1.2,4.7,1672,Entertainment
U15186,43,Female,Jaipur,OnePlus,Android,11.8,25.5,208.4,164,0.5,2193,6.6,4.7,1984,Gaming
U15187,17,Female,Mumbai,Motorola,Android,3.7,44.3,210.7,91,2.2,2275,1.5,1.1,729,Education
U15188,55,Male,Jaipur,Xiaomi,Android,11.1,47.0,168.5,15,3.8,5197,5.9,1.5,603,Education
U15189,32,Male,Mumbai,Samsung,iOS,8.5,28.8,292.4,24,2.7,1799,1.6,2.3,1560,Gaming
U15190,15,Female,Jaipur,Apple,Android,6.8,41.2,232.7,90,3.2,6535,4.6,2.8,247,Gaming
U15191,56,Female,Kolkata,Xiaomi,Android,7.2,31.5,148.4,17,1.6,4871,5.6,4.2,1669,Work
U15192,21,Other,Pune,Motorola,iOS,3.2,32.0,47.9,194,4.0,7205,1.3,3.9,1886,Social Media
U15193,16,Other,Bangalore,Oppo,iOS,5.6,6.1,50.5,109,5.5,7294,7.2,4.1,314,Education
U15194,18,Male,Chennai,Oppo,Android,6.5,42.7,274.8,108,2.8,5634,4.7,3.2,1217,Social Media
U15195,30,Female,Delhi,Realme,iOS,1.8,45.3,62.2,154,3.9,8732,6.6,0.8,1820,Gaming
U15196,28,Male,Pune,Xiaomi,Android,3.4,11.3,18.7,62,2.0,4170,3.4,1.3,870,Education
U15197,58,Male,Jaipur,Google Pixel,iOS,5.3,43.9,261.6,98,4.6,3171,7.3,0.5,1735,Gaming
U15198,56,Other,Delhi,OnePlus,iOS,9.9,13.6,78.9,19,3.7,1451,3.6,3.5,795,Gaming
U15199,41,Male,Hyderabad,Motorola,iOS,2.4,29.9,204.3,157,5.4,9106,3.7,2.5,1796,Gaming
U15200,23,Male,Delhi,Nokia,Android,6.8,31.6,185.3,93,3.9,4814,4.6,0.7,1632,Work
U15201,15,Other,Bangalore,Xiaomi,iOS,7.2,49.6,104.6,199,0.9,6981,6.5,3.8,1176,Work
U15202,59,Female,Kolkata,Google Pixel,iOS,6.1,32.4,31.2,144,0.9,7961,2.4,2.5,921,Education
U15203,41,Other,Lucknow,Google Pixel,Android,3.0,1.1,77.0,192,3.6,760,2.3,4.5,1228,Social Media
U15204,18,Other,Chennai,OnePlus,iOS,2.9,5.6,215.6,167,5.9,6106,0.5,1.2,1690,Work
U15205,31,Female,Lucknow,Motorola,iOS,3.9,6.3,82.7,84,4.4,2990,4.1,4.5,1998,Education
U15206,44,Male,Bangalore,Realme,Android,7.1,27.6,5.3,183,3.4,3770,4.1,2.4,415,Work
U15207,26,Other,Jaipur,Google Pixel,iOS,10.3,40.6,141.5,68,3.0,4785,5.1,2.9,1068,Entertainment
U15208,33,Male,Kolkata,Xiaomi,iOS,6.3,45.2,7.7,55,5.6,4271,6.5,2.3,1157,Gaming
U15209,21,Other,Hyderabad,Vivo,Android,6.0,25.7,70.0,121,4.3,1538,4.0,0.4,767,Entertainment
U15210,42,Male,Hyderabad,Samsung,Android,8.3,47.9,33.4,120,1.6,2618,4.2,4.6,414,Gaming
U15211,30,Male,Jaipur,Motorola,iOS,11.4,25.4,216.6,174,1.0,9353,7.6,1.6,718,Entertainment
U15212,39,Female,Mumbai,OnePlus,Android,1.3,37.4,266.6,67,6.0,2536,4.9,3.0,1296,Work
U15213,59,Male,Hyderabad,Vivo,iOS,10.4,34.4,181.8,133,4.9,5940,2.4,0.2,866,Gaming
U15214,60,Female,Delhi,Nokia,iOS,7.9,23.2,295.8,198,3.8,4283,2.3,1.7,1907,Education
U15215,21,Male,Delhi,Xiaomi,iOS,10.9,44.6,75.5,46,2.9,2244,6.6,2.0,1407,Work
U15216,30,Female,Delhi,Xiaomi,iOS,10.2,41.0,120.9,41,3.4,4836,5.4,3.8,1038,Education
U15217,54,Female,Jaipur,OnePlus,iOS,3.8,41.4,66.9,174,5.4,2455,6.0,1.9,1410,Gaming
U15218,20,Other,Hyderabad,Vivo,iOS,3.9,29.7,278.3,27,4.6,3035,3.7,4.2,1642,Education
U15219,22,Male,Bangalore,Motorola,iOS,1.8,8.3,256.5,151,4.5,5953,5.6,2.7,1394,Work
U15220,21,Female,Kolkata,Google Pixel,Android,1.6,48.2,212.3,118,5.8,4910,4.6,0.4,1916,Work
U15221,30,Male,Jaipur,Nokia,Android,4.3,48.6,68.4,102,3.1,5451,6.7,0.4,329,Gaming
U15222,16,Female,Pune,Nokia,iOS,6.8,32.8,212.6,14,3.3,3257,1.0,0.8,1527,Entertainment
U15223,25,Male,Bangalore,Google Pixel,iOS,6.4,9.6,72.0,140,3.8,5714,1.9,4.5,413,Work
U15224,40,Female,Delhi,Realme,iOS,9.3,26.2,33.1,108,4.2,9445,1.2,0.8,1486,Gaming
U15225,45,Female,Hyderabad,Samsung,iOS,4.9,37.5,231.8,145,4.9,262,3.8,4.0,432,Social Media
U15226,26,Male,Kolkata,Xiaomi,iOS,6.5,31.1,64.9,165,5.2,2972,1.0,3.7,1883,Gaming
U15227,21,Other,Delhi,Nokia,iOS,8.8,41.8,82.4,45,1.6,9763,6.4,4.7,1828,Work
U15228,39,Female,Pune,Motorola,Android,1.7,6.7,5.4,133,3.3,624,4.8,3.9,151,Social Media
U15229,50,Female,Hyderabad,Google Pixel,iOS,3.6,6.6,6.0,48,4.2,9443,5.3,4.0,1807,Work
U15230,16,Male,Ahmedabad,Samsung,iOS,10.5,4.8,165.0,197,3.6,9445,2.9,1.4,1685,Social Media
U15231,19,Male,Lucknow,Xiaomi,Android,4.4,27.4,226.1,43,2.2,3477,3.4,0.0,325,Gaming
U15232,31,Female,Kolkata,Realme,iOS,2.1,3.5,190.0,116,3.5,221,5.1,0.2,509,Gaming
U15233,16,Male,Lucknow,Motorola,iOS,10.6,46.9,182.1,46,4.6,5007,6.9,2.6,1619,Entertainment
U15234,36,Other,Mumbai,OnePlus,iOS,3.5,33.9,167.2,162,1.7,494,2.7,1.7,1225,Work
U15235,41,Other,Hyderabad,Samsung,iOS,2.6,11.8,117.0,108,5.6,9215,2.0,3.7,1204,Education
U15236,33,Male,Bangalore,Vivo,iOS,4.8,39.4,128.5,187,5.8,1302,3.1,4.0,430,Work
U15237,48,Other,Chennai,Oppo,iOS,3.2,40.2,235.7,25,0.8,5962,2.5,3.2,1210,Gaming
U15238,35,Other,Mumbai,Motorola,iOS,7.9,1.7,206.7,11,3.6,3420,7.1,1.5,278,Education
U15239,56,Other,Ahmedabad,Samsung,iOS,3.1,9.7,32.1,137,4.8,7357,1.1,1.7,937,Social Media
U15240,35,Other,Delhi,Samsung,Android,6.1,33.9,74.3,51,1.3,3087,2.6,4.3,1162,Education
U15241,19,Other,Lucknow,Nokia,iOS,6.7,2.9,166.7,55,1.4,3879,1.8,2.0,238,Entertainment
U15242,48,Female,Delhi,Motorola,iOS,3.3,46.4,89.0,15,5.8,8035,3.4,1.0,1987,Gaming
U15243,45,Other,Pune,Oppo,iOS,4.2,12.8,96.3,67,3.1,2819,6.9,2.5,1531,Entertainment
U15244,23,Male,Lucknow,Nokia,iOS,3.1,7.1,259.8,53,2.8,545,2.3,3.5,1559,Entertainment
U15245,36,Female,Pune,Oppo,iOS,3.3,19.1,159.6,171,2.3,588,7.8,2.3,825,Gaming
U15246,50,Other,Mumbai,Xiaomi,Android,10.3,20.4,110.4,54,1.7,1181,5.1,1.2,1697,Work
U15247,43,Female,Kolkata,Samsung,Android,8.7,21.6,118.1,192,1.8,5831,5.7,3.3,624,Social Media
U15248,26,Other,Hyderabad,Apple,iOS,5.6,11.6,211.0,186,6.0,7455,1.9,3.8,1452,Education
U15249,39,Female,Chennai,Motorola,Android,8.5,22.5,211.5,89,3.5,8817,2.8,2.3,1052,Gaming
U15250,37,Other,Chennai,OnePlus,Android,8.7,14.0,190.8,28,1.1,6650,5.1,2.9,1507,Entertainment
U15251,37,Male,Chennai,Realme,iOS,6.3,41.8,228.5,165,0.8,1016,2.5,3.1,591,Work
U15252,35,Male,Pune,OnePlus,iOS,9.7,32.1,86.2,33,5.5,4886,3.2,1.7,1435,Work
U15253,31,Other,Bangalore,Realme,iOS,4.8,47.5,60.1,191,1.7,989,2.6,4.8,1529,Gaming
U15254,52,Male,Chennai,Oppo,Android,6.4,20.3,130.6,34,1.3,278,3.5,2.4,811,Education
U15255,18,Female,Mumbai,Google Pixel,iOS,3.0,17.4,230.6,150,3.8,7949,5.1,1.1,702,Work
U15256,39,Male,Ahmedabad,Xiaomi,Android,11.7,40.5,247.0,30,0.6,1341,4.6,3.4,1071,Social Media
U15257,47,Male,Bangalore,OnePlus,Android,9.1,31.5,200.4,30,1.9,9732,3.2,1.9,1466,Gaming
U15258,40,Other,Bangalore,Realme,Android,9.5,35.4,294.1,72,2.7,4909,4.6,2.2,1272,Work
U15259,18,Female,Lucknow,Apple,Android,1.8,40.7,218.8,179,3.2,3189,7.2,0.2,110,Education
U15260,37,Female,Kolkata,OnePlus,Android,3.1,34.6,182.2,173,5.8,6438,8.0,0.2,846,Work
U15261,58,Female,Bangalore,Xiaomi,iOS,5.3,16.3,154.6,98,1.9,3696,7.8,4.8,1666,Entertainment
U15262,25,Male,Jaipur,Oppo,iOS,3.0,39.5,281.3,70,1.6,4762,5.3,0.6,1703,Social Media
U15263,17,Female,Ahmedabad,Xiaomi,Android,8.0,31.1,221.3,147,4.6,3073,7.3,4.6,661,Entertainment
U15264,33,Male,Kolkata,Motorola,Android,7.7,39.7,86.6,69,5.0,6778,4.8,3.5,1090,Social Media
U15265,24,Male,Bangalore,Nokia,iOS,1.2,32.5,289.5,180,1.2,4347,2.2,3.3,1516,Education
U15266,23,Male,Delhi,Xiaomi,iOS,11.8,10.1,258.5,32,2.5,9952,5.5,0.3,390,Work
U15267,34,Male,Lucknow,Apple,iOS,7.2,34.4,175.7,48,4.7,8119,7.4,2.8,786,Education
U15268,32,Male,Delhi,Nokia,iOS,8.7,12.1,121.0,176,5.0,1642,6.2,2.0,1981,Work
U15269,41,Female,Delhi,Vivo,iOS,2.3,23.4,246.8,161,4.9,5499,5.4,1.2,1041,Entertainment
U15270,44,Male,Jaipur,Vivo,Android,3.0,3.6,285.9,118,2.2,515,6.1,1.0,724,Gaming
U15271,35,Female,Bangalore,Apple,iOS,5.7,9.7,138.9,51,3.3,1241,1.6,3.5,590,Gaming
U15272,56,Male,Hyderabad,Nokia,iOS,5.3,1.9,30.2,99,1.8,9110,3.2,2.7,899,Education
U15273,20,Male,Kolkata,Samsung,iOS,6.6,35.0,33.6,71,0.8,5198,3.0,0.5,377,Gaming
U15274,29,Male,Jaipur,Motorola,Android,11.3,15.8,70.2,13,6.0,4128,7.4,3.2,992,Education
U15275,22,Male,Kolkata,Motorola,iOS,7.7,4.5,22.8,28,4.5,9491,7.0,2.4,1692,Social Media
U15276,52,Male,Mumbai,Vivo,iOS,10.1,4.6,173.1,129,5.6,6898,7.4,4.5,1035,Gaming
U15277,22,Male,Mumbai,Samsung,iOS,8.0,26.0,272.8,177,5.7,4605,4.1,0.7,532,Gaming
U15278,49,Female,Delhi,Apple,Android,1.5,4.7,110.5,87,1.7,1111,3.9,1.7,1976,Education
U15279,56,Male,Pune,Vivo,iOS,11.6,13.0,300.0,79,3.8,6348,3.2,0.9,1631,Gaming
U15280,37,Female,Delhi,Xiaomi,Android,11.1,34.2,197.3,10,5.7,855,6.9,0.4,1152,Entertainment
U15281,49,Other,Jaipur,Google Pixel,iOS,5.8,7.9,198.9,37,3.3,8697,2.5,4.6,1843,Gaming
U15282,22,Female,Chennai,Realme,iOS,1.7,46.0,130.6,75,3.3,1053,3.0,2.1,1483,Gaming
U15283,24,Other,Chennai,Vivo,iOS,2.1,18.3,237.3,13,2.1,963,3.3,0.3,215,Gaming
U15284,35,Female,Chennai,Apple,Android,2.5,9.1,256.3,124,3.2,8668,6.9,0.6,1035,Entertainment
U15285,16,Other,Pune,Samsung,Android,5.1,12.6,287.1,32,1.3,6878,7.1,4.5,1201,Education
U15286,20,Other,Hyderabad,Google Pixel,Android,9.6,32.8,53.8,67,4.2,5966,5.9,2.2,1121,Gaming
U15287,50,Other,Hyderabad,Vivo,Android,6.9,45.9,55.8,30,2.8,4846,7.4,2.4,1162,Social Media
U15288,34,Female,Chennai,OnePlus,Android,4.8,35.4,232.0,49,5.4,4405,7.6,2.7,1053,Social Media
U15289,15,Female,Lucknow,Samsung,Android,7.4,4.9,89.8,36,2.0,6699,5.1,0.5,1824,Social Media
U15290,29,Other,Ahmedabad,OnePlus,Android,5.5,45.6,138.3,131,5.3,5649,1.2,0.2,524,Entertainment
U15291,48,Male,Jaipur,Google Pixel,iOS,5.9,12.0,54.7,53,2.8,2266,3.3,3.6,648,Gaming
U15292,50,Female,Ahmedabad,Realme,iOS,4.0,47.3,247.8,50,2.5,1108,6.8,4.8,377,Gaming
U15293,58,Male,Jaipur,Google Pixel,Android,2.0,25.2,215.5,112,4.4,7817,3.7,3.0,1085,Education
U15294,51,Male,Chennai,Nokia,Android,8.8,49.5,32.3,129,2.7,5635,5.3,3.6,1472,Entertainment
U15295,56,Female,Delhi,Samsung,iOS,6.3,36.3,133.5,121,5.4,7808,8.0,2.7,159,Gaming
U15296,40,Female,Delhi,Nokia,Android,10.4,11.2,72.0,95,5.5,6624,4.4,1.0,933,Social Media
U15297,25,Female,Ahmedabad,Google Pixel,Android,2.6,5.1,198.2,125,2.3,8999,6.2,3.3,1854,Entertainment
U15298,45,Other,Kolkata,Apple,iOS,2.3,24.2,240.5,100,1.2,5473,5.9,0.0,231,Gaming
U15299,50,Other,Kolkata,Realme,iOS,4.7,20.1,291.2,64,2.9,4156,5.3,3.3,1450,Education
U15300,37,Male,Bangalore,Vivo,Android,3.1,42.2,37.5,63,5.5,3326,4.2,1.9,879,Work
U15301,47,Female,Bangalore,Samsung,iOS,5.9,15.2,270.7,39,2.5,9370,1.3,4.9,694,Work
U15302,22,Other,Ahmedabad,OnePlus,Android,10.5,34.0,270.0,122,1.2,2443,3.5,3.1,1597,Gaming
U15303,35,Female,Hyderabad,OnePlus,Android,9.4,48.8,41.2,125,3.9,7073,4.3,3.5,751,Social Media
U15304,51,Female,Chennai,Motorola,iOS,3.9,18.1,47.7,47,1.2,1958,3.8,1.7,901,Work
U15305,22,Other,Bangalore,Xiaomi,Android,10.5,3.9,164.0,73,5.5,8404,0.9,2.2,806,Entertainment
U15306,44,Male,Lucknow,Google Pixel,iOS,8.9,17.2,153.4,93,1.1,9639,4.5,1.2,119,Entertainment
U15307,38,Other,Delhi,Realme,Android,3.2,27.5,223.2,191,1.9,9154,5.7,2.7,560,Social Media
U15308,58,Female,Lucknow,Google Pixel,Android,6.7,30.9,235.7,73,4.2,7197,1.9,3.8,829,Education
U15309,37,Male,Lucknow,Realme,iOS,11.3,44.1,65.8,63,2.6,734,3.7,0.0,924,Work
U15310,21,Other,Bangalore,OnePlus,Android,3.5,39.8,38.9,69,2.6,2831,4.2,1.6,470,Work
U15311,16,Male,Kolkata,Google Pixel,iOS,8.0,2.6,177.6,27,5.0,1934,7.2,2.2,783,Entertainment
U15312,49,Other,Pune,Apple,iOS,7.4,16.3,287.6,183,3.5,4256,1.9,3.9,1663,Work
U15313,35,Male,Hyderabad,Samsung,Android,9.4,26.4,187.6,95,1.1,545,6.4,0.6,1247,Education
U15314,45,Male,Chennai,Realme,iOS,10.9,7.7,123.3,94,4.0,4979,4.2,1.2,809,Gaming
U15315,59,Female,Pune,Nokia,iOS,4.7,39.1,292.5,200,0.8,9606,6.9,3.2,1988,Social Media
U15316,31,Female,Pune,Google Pixel,Android,3.4,33.6,56.1,34,4.1,4165,4.6,3.3,220,Entertainment
U15317,33,Female,Bangalore,Google Pixel,Android,5.2,43.4,250.6,61,5.5,6281,0.6,1.9,860,Gaming
U15318,55,Other,Lucknow,Realme,Android,8.0,24.5,283.3,122,2.9,7370,2.5,2.9,984,Work
U15319,26,Male,Mumbai,Samsung,Android,7.0,20.7,297.4,144,5.4,9736,5.7,3.8,1509,Social Media
U15320,55,Male,Chennai,Realme,iOS,9.6,16.4,183.6,128,2.2,6022,6.8,1.3,1918,Entertainment
U15321,17,Other,Jaipur,Motorola,iOS,4.5,37.0,237.1,99,1.5,3387,7.8,0.7,876,Work
U15322,51,Other,Ahmedabad,Google Pixel,iOS,9.9,33.4,186.9,187,3.8,3147,3.9,1.8,1155,Gaming
U15323,57,Male,Pune,OnePlus,iOS,1.5,34.9,65.2,32,5.2,1666,7.7,2.2,316,Entertainment
U15324,42,Male,Pune,OnePlus,iOS,6.1,27.4,205.7,95,4.8,8959,4.8,0.3,303,Work
U15325,22,Other,Delhi,Oppo,iOS,4.0,41.1,43.9,93,5.8,2838,7.5,2.9,145,Entertainment
U15326,16,Male,Mumbai,OnePlus,Android,11.2,2.2,78.9,44,1.2,9157,5.3,4.9,918,Social Media
U15327,25,Female,Jaipur,Oppo,Android,6.4,12.4,158.2,37,1.0,4332,2.6,1.8,781,Entertainment
U15328,41,Other,Lucknow,Samsung,iOS,10.8,34.8,278.3,17,2.4,3962,2.1,0.8,992,Social Media
U15329,24,Other,Jaipur,Nokia,Android,6.7,19.3,180.3,64,5.9,1712,4.6,0.8,922,Entertainment
U15330,31,Female,Hyderabad,Samsung,iOS,2.2,42.4,120.9,16,0.6,5779,4.6,1.2,334,Work
U15331,54,Other,Hyderabad,Motorola,iOS,2.0,45.0,107.8,30,3.0,3697,7.0,1.5,374,Work
U15332,30,Female,Chennai,Vivo,Android,6.8,47.0,227.9,43,2.0,2041,1.0,4.1,926,Gaming
U15333,27,Other,Pune,Google Pixel,iOS,1.9,17.6,141.6,29,5.3,7384,6.8,2.2,650,Entertainment
U15334,18,Other,Pune,Samsung,iOS,11.9,41.1,60.1,93,0.8,5007,2.7,1.9,1710,Work
U15335,51,Other,Mumbai,OnePlus,iOS,11.2,23.2,64.4,112,2.6,3893,3.9,0.6,167,Social Media
U15336,60,Female,Kolkata,Vivo,Android,1.9,39.5,25.1,61,2.7,5682,1.7,4.4,1485,Social Media
U15337,44,Other,Mumbai,Oppo,Android,4.3,30.5,188.4,63,3.8,7462,3.6,4.6,326,Entertainment
U15338,27,Female,Hyderabad,OnePlus,iOS,4.6,45.3,81.3,130,4.2,9002,5.5,3.7,296,Education
U15339,34,Male,Kolkata,Realme,iOS,2.7,41.2,174.8,53,4.8,9344,6.5,0.3,1302,Gaming
U15340,18,Male,Pune,Realme,Android,3.6,46.4,277.9,66,1.4,384,6.5,1.1,1336,Entertainment
U15341,26,Female,Delhi,Oppo,iOS,7.7,16.2,51.7,178,3.4,1458,0.8,1.7,754,Entertainment
U15342,46,Female,Ahmedabad,Samsung,iOS,6.3,37.1,140.0,100,3.8,4910,1.2,2.0,926,Work
U15343,43,Female,Delhi,Samsung,iOS,7.7,38.8,59.2,23,4.6,4950,7.3,0.5,1970,Education
U15344,28,Male,Ahmedabad,Vivo,iOS,1.7,40.2,244.4,132,0.6,5739,2.0,0.8,1329,Work
U15345,20,Other,Pune,Apple,iOS,2.1,7.4,267.1,60,2.7,6451,2.7,2.8,137,Entertainment
U15346,34,Other,Ahmedabad,Vivo,Android,9.6,29.2,257.6,36,2.8,5454,2.2,4.8,483,Entertainment
U15347,31,Male,Bangalore,Vivo,Android,4.3,23.4,153.2,13,2.7,8047,3.6,1.0,350,Gaming
U15348,59,Female,Hyderabad,Samsung,iOS,5.9,16.7,288.3,29,4.5,6240,5.8,1.4,1271,Gaming
U15349,41,Male,Ahmedabad,Xiaomi,iOS,10.6,47.5,139.8,135,1.3,2618,4.8,2.7,1002,Social Media
U15350,32,Male,Mumbai,Vivo,Android,7.0,31.0,21.8,176,4.8,7048,3.0,0.4,807,Entertainment
U15351,40,Male,Pune,Apple,Android,2.4,21.5,227.8,58,1.7,5993,3.3,1.1,649,Education
U15352,40,Other,Hyderabad,Samsung,iOS,4.1,32.1,193.0,49,4.0,7840,1.6,0.5,1816,Education
U15353,32,Female,Ahmedabad,Samsung,iOS,1.1,23.7,11.2,117,2.4,4982,1.1,4.0,1493,Education
U15354,30,Female,Ahmedabad,Nokia,iOS,9.8,25.0,25.2,25,1.3,4995,6.5,0.2,826,Education
U15355,47,Male,Chennai,Xiaomi,Android,8.0,32.4,221.0,78,2.9,9763,6.8,0.5,1434,Work
U15356,50,Other,Mumbai,Xiaomi,Android,8.8,30.9,45.4,22,5.3,9574,4.3,0.9,875,Education
U15357,47,Other,Kolkata,Realme,iOS,3.1,45.7,292.3,87,4.6,7848,7.0,0.6,1770,Gaming
U15358,33,Other,Bangalore,OnePlus,iOS,5.5,27.0,126.3,99,3.6,4154,1.3,3.1,1591,Gaming
U15359,53,Female,Pune,Nokia,Android,4.9,14.0,26.9,188,5.5,6997,7.5,2.9,755,Education
U15360,44,Male,Jaipur,Motorola,Android,5.3,38.1,167.3,36,4.2,5914,5.7,0.2,1368,Work
U15361,55,Male,Chennai,Xiaomi,Android,5.8,27.1,25.5,119,3.7,7826,3.3,2.1,1063,Entertainment
U15362,60,Female,Jaipur,Nokia,iOS,1.8,33.6,99.3,181,2.4,5220,0.7,3.3,1987,Entertainment
U15363,57,Male,Jaipur,Apple,Android,5.0,32.6,141.2,100,0.5,1539,7.9,0.6,300,Social Media
U15364,58,Male,Lucknow,Oppo,iOS,6.9,5.3,164.2,156,4.1,175,1.8,4.9,1615,Education
U15365,40,Female,Pune,Realme,iOS,9.9,2.0,271.9,73,3.4,3220,0.7,2.2,1410,Education
U15366,44,Female,Mumbai,Apple,Android,10.6,2.8,92.3,14,2.0,9327,7.9,2.8,1490,Social Media
U15367,60,Female,Delhi,Realme,Android,11.1,41.2,235.0,82,1.9,2002,7.0,3.9,1997,Gaming
U15368,48,Other,Pune,Xiaomi,Android,3.6,44.9,27.9,106,3.7,4236,5.7,0.6,1478,Gaming
U15369,19,Female,Pune,Vivo,Android,12.0,38.4,132.8,56,5.0,5382,2.8,3.3,1620,Entertainment
U15370,52,Female,Ahmedabad,Realme,iOS,10.9,25.8,137.8,96,4.0,8530,5.6,4.3,995,Social Media
U15371,23,Male,Ahmedabad,Realme,Android,11.4,6.7,223.5,100,2.4,6614,4.4,2.3,771,Entertainment
U15372,25,Male,Bangalore,Xiaomi,iOS,11.6,16.2,143.3,21,5.3,4343,3.6,0.4,550,Gaming
U15373,49,Other,Kolkata,Google Pixel,iOS,10.0,14.4,145.9,105,3.9,2868,5.7,0.9,1086,Education
U15374,52,Male,Kolkata,Nokia,Android,8.4,37.4,103.8,171,2.5,6647,4.4,4.4,925,Entertainment
U15375,36,Other,Chennai,Samsung,Android,3.4,13.9,284.4,190,5.3,2378,7.6,3.7,1472,Social Media
U15376,54,Male,Hyderabad,Samsung,iOS,5.7,41.4,277.5,84,3.1,6368,3.1,1.4,1622,Work
U15377,20,Female,Chennai,Motorola,iOS,2.0,29.7,236.9,59,0.7,7241,7.8,2.0,1728,Education
U15378,52,Other,Jaipur,Oppo,iOS,8.6,43.5,128.8,32,5.1,5639,5.0,2.3,947,Work
U15379,43,Other,Hyderabad,Motorola,iOS,11.8,33.3,93.9,53,4.4,4003,6.9,1.7,1064,Social Media
U15380,53,Male,Chennai,Oppo,iOS,11.6,40.0,5.5,11,3.7,7027,5.3,3.0,677,Entertainment
U15381,39,Male,Lucknow,Vivo,iOS,4.8,17.1,296.1,48,0.8,1064,1.1,2.4,1645,Entertainment
U15382,43,Male,Bangalore,Realme,Android,9.8,24.9,56.0,52,4.4,5850,3.2,4.7,1256,Entertainment
U15383,49,Female,Pune,Oppo,iOS,9.8,8.3,286.6,187,5.4,165,0.6,1.5,980,Gaming
U15384,19,Male,Pune,Nokia,Android,6.4,9.1,94.9,117,4.2,6517,7.1,2.3,336,Gaming
U15385,22,Other,Delhi,OnePlus,iOS,3.5,36.5,261.9,161,5.6,6974,4.3,4.6,863,Social Media
U15386,17,Male,Jaipur,Motorola,Android,4.9,45.2,119.5,52,4.2,2360,6.0,0.3,378,Social Media
U15387,52,Female,Lucknow,Motorola,Android,7.8,9.6,81.7,59,2.8,9312,6.9,2.3,690,Gaming
U15388,26,Female,Bangalore,Realme,iOS,7.2,6.3,261.4,115,2.7,3632,3.5,3.8,235,Work
U15389,54,Male,Pune,Vivo,Android,1.4,9.3,214.5,89,4.7,5471,7.6,2.6,1645,Gaming
U15390,37,Other,Hyderabad,Oppo,Android,11.3,18.2,108.4,118,5.0,8808,1.9,1.1,1238,Social Media
U15391,24,Other,Hyderabad,Google Pixel,Android,10.0,47.3,93.5,173,1.2,7373,3.5,0.6,1417,Education
U15392,49,Other,Jaipur,Realme,iOS,5.8,39.3,60.5,190,1.3,9979,3.4,2.6,1952,Entertainment
U15393,17,Other,Chennai,Vivo,Android,7.0,46.4,179.5,129,4.3,8861,6.0,0.3,1734,Social Media
U15394,39,Female,Mumbai,Samsung,Android,11.8,39.2,97.4,168,3.4,763,2.0,3.1,1596,Entertainment
U15395,56,Other,Delhi,Xiaomi,Android,8.6,16.0,253.1,111,2.8,5362,4.7,2.4,1981,Work
U15396,54,Male,Chennai,Xiaomi,iOS,1.6,34.1,260.6,134,5.4,8090,4.4,4.4,1116,Social Media
U15397,56,Male,Hyderabad,Nokia,iOS,4.4,37.6,19.4,134,3.4,637,2.9,3.8,1729,Entertainment
U15398,58,Female,Chennai,Xiaomi,Android,11.1,2.8,265.7,199,1.4,6486,3.5,3.0,1766,Gaming
U15399,30,Female,Delhi,Xiaomi,iOS,8.5,26.1,243.8,50,3.5,4872,1.5,1.2,1303,Entertainment
U15400,55,Other,Pune,Oppo,iOS,9.3,35.8,60.2,25,4.4,4003,6.3,2.2,569,Social Media
U15401,36,Female,Bangalore,Apple,Android,9.4,37.9,105.7,114,5.3,7130,5.3,1.6,228,Education
U15402,26,Female,Mumbai,Motorola,iOS,12.0,45.9,182.1,116,5.3,2081,6.4,0.2,277,Work
U15403,37,Male,Jaipur,Realme,Android,10.9,13.3,40.8,195,2.8,4324,4.0,0.7,1939,Entertainment
U15404,31,Female,Delhi,Samsung,Android,1.8,20.8,283.0,12,3.6,8143,2.1,0.3,1441,Social Media
U15405,35,Male,Jaipur,Nokia,Android,2.2,22.1,164.5,59,4.6,5604,6.6,4.8,247,Entertainment
U15406,52,Female,Pune,Apple,Android,11.9,36.7,253.9,32,5.3,1645,3.3,3.7,679,Education
U15407,51,Female,Kolkata,Xiaomi,iOS,3.3,34.3,87.3,49,3.4,6135,7.0,2.3,1745,Social Media
U15408,60,Other,Kolkata,Nokia,iOS,2.5,11.0,40.5,100,1.0,6140,7.2,3.5,1424,Education
U15409,50,Male,Jaipur,Samsung,Android,2.0,13.9,172.5,57,1.6,2990,4.0,2.7,110,Gaming
U15410,49,Male,Kolkata,Google Pixel,Android,10.1,1.7,143.6,22,3.5,9588,4.7,1.6,1678,Education
U15411,25,Male,Jaipur,Motorola,iOS,2.2,43.5,192.1,103,3.9,4483,3.7,1.6,872,Gaming
U15412,49,Female,Jaipur,Motorola,iOS,11.2,45.8,67.1,58,3.5,6560,6.9,2.8,1742,Education
U15413,29,Other,Bangalore,Xiaomi,Android,5.2,40.1,109.9,143,0.9,4844,6.7,2.9,1637,Entertainment
U15414,17,Male,Pune,Motorola,iOS,1.5,29.6,110.6,161,2.3,7297,6.2,0.6,551,Social Media
U15415,47,Female,Hyderabad,Oppo,iOS,1.3,17.3,170.4,155,2.6,109,7.3,3.5,1704,Entertainment
U15416,32,Other,Bangalore,Motorola,Android,11.9,5.5,184.5,60,5.4,6868,7.8,2.9,867,Gaming
U15417,24,Female,Kolkata,Samsung,iOS,2.6,42.8,260.3,101,0.9,4394,0.9,1.0,643,Gaming
U15418,19,Other,Kolkata,Motorola,iOS,10.0,37.7,14.1,169,4.5,5330,3.6,1.1,1637,Gaming
U15419,22,Other,Chennai,Motorola,iOS,2.7,45.4,172.6,39,6.0,6742,5.1,3.2,1408,Gaming
U15420,25,Male,Chennai,Motorola,Android,9.3,24.5,21.6,147,4.0,9529,7.7,4.1,334,Social Media
U15421,40,Other,Hyderabad,Motorola,Android,7.9,29.3,240.7,147,5.2,8276,4.6,1.7,377,Gaming
U15422,48,Male,Bangalore,Apple,iOS,5.8,29.0,198.9,113,4.6,312,6.6,3.8,1607,Education
U15423,52,Male,Delhi,Vivo,Android,11.7,23.9,252.4,140,5.5,6045,2.4,0.5,690,Education
U15424,47,Female,Pune,Nokia,iOS,1.0,39.7,195.5,164,5.3,5928,5.9,2.2,1762,Gaming
U15425,30,Male,Lucknow,Vivo,Android,10.2,22.9,138.7,88,2.4,3492,7.4,4.6,1828,Gaming
U15426,22,Male,Kolkata,Samsung,iOS,1.7,4.8,53.6,169,1.5,5859,8.0,4.1,1340,Gaming
U15427,44,Male,Pune,Nokia,Android,4.1,22.3,18.0,85,0.7,127,1.1,2.0,127,Gaming
U15428,35,Other,Jaipur,Vivo,iOS,2.4,29.3,266.5,50,1.1,8546,6.5,2.1,421,Social Media
U15429,37,Male,Kolkata,Nokia,Android,7.6,7.4,286.9,147,3.9,5177,1.1,4.3,1994,Entertainment
U15430,54,Male,Kolkata,Samsung,Android,11.4,9.7,74.6,12,3.9,9614,5.9,1.4,1062,Entertainment
U15431,35,Female,Chennai,Apple,iOS,5.5,11.3,292.5,113,5.5,2745,7.6,2.4,1665,Education
U15432,51,Other,Bangalore,Vivo,iOS,5.7,6.3,122.6,124,5.6,4625,5.9,3.8,736,Social Media
U15433,32,Other,Delhi,Apple,iOS,3.4,6.5,25.2,83,3.1,8905,1.0,2.0,394,Education
U15434,37,Male,Ahmedabad,Google Pixel,iOS,2.3,11.6,89.5,156,1.5,4872,5.9,2.2,1778,Education
U15435,48,Female,Lucknow,OnePlus,iOS,6.7,12.3,275.1,137,5.0,8804,0.8,0.8,1906,Work
U15436,32,Male,Ahmedabad,Nokia,iOS,4.7,1.2,219.2,26,4.4,5713,7.3,1.7,1539,Work
U15437,31,Female,Delhi,Motorola,Android,3.1,39.2,184.1,156,3.7,5028,2.6,0.5,1891,Gaming
U15438,51,Male,Kolkata,OnePlus,Android,6.1,19.2,56.3,64,5.6,3443,3.0,1.6,850,Education
U15439,50,Other,Pune,OnePlus,Android,11.3,7.5,108.9,62,0.9,6170,3.9,3.7,483,Work
U15440,50,Other,Kolkata,OnePlus,iOS,6.4,31.4,105.5,38,4.9,9031,1.0,2.6,1718,Work
U15441,31,Female,Jaipur,Google Pixel,Android,6.9,43.9,236.0,45,1.8,9752,3.5,0.0,1993,Work
U15442,37,Female,Pune,Oppo,Android,5.8,10.9,203.0,144,1.0,9921,3.3,3.0,1575,Education
U15443,44,Female,Chennai,Xiaomi,Android,9.5,43.4,15.9,15,2.9,1622,6.6,1.9,753,Social Media
U15444,56,Other,Bangalore,Realme,Android,1.1,20.7,171.8,102,3.3,2841,5.4,1.8,1129,Work
U15445,37,Other,Hyderabad,Google Pixel,Android,8.7,28.1,63.0,68,5.9,1470,0.9,3.0,1533,Work
U15446,59,Male,Ahmedabad,Xiaomi,Android,1.2,4.8,88.8,102,2.5,3226,2.4,0.6,1315,Entertainment
U15447,25,Other,Kolkata,Realme,iOS,11.6,15.0,45.4,139,2.5,7646,1.1,4.1,389,Work
U15448,34,Male,Lucknow,Oppo,Android,8.5,45.8,255.8,23,2.6,7691,4.6,3.8,881,Entertainment
U15449,40,Male,Pune,Realme,Android,4.9,2.6,137.0,91,2.7,9345,4.5,0.8,611,Gaming
U15450,28,Female,Hyderabad,OnePlus,Android,3.6,39.2,130.1,137,3.9,7222,4.4,2.2,212,Work
U15451,43,Other,Chennai,Google Pixel,Android,11.9,6.9,38.9,181,1.4,4191,1.4,2.0,324,Social Media
U15452,22,Female,Bangalore,Vivo,Android,10.8,1.2,295.3,45,1.9,4035,4.8,3.8,743,Education
U15453,53,Other,Bangalore,Realme,iOS,3.9,2.3,18.5,181,1.8,4379,5.4,4.9,253,Work
U15454,42,Female,Chennai,OnePlus,iOS,6.1,26.3,84.1,10,2.0,5380,2.6,0.8,290,Social Media
U15455,22,Other,Lucknow,Google Pixel,iOS,5.4,48.9,292.6,149,4.9,7138,2.7,3.7,1064,Gaming
U15456,25,Other,Jaipur,Google Pixel,Android,2.6,1.3,222.0,152,4.3,6608,3.5,2.0,210,Social Media
U15457,22,Female,Chennai,Apple,iOS,7.1,44.9,22.9,184,1.5,5552,5.9,4.6,1491,Education
U15458,46,Female,Jaipur,Motorola,iOS,9.5,26.4,166.7,78,3.0,5383,7.6,1.7,856,Work
U15459,44,Female,Hyderabad,Motorola,iOS,1.3,39.3,118.2,16,1.4,8250,3.6,2.5,1410,Social Media
U15460,25,Other,Bangalore,Apple,Android,7.0,45.8,290.5,97,0.8,1356,5.1,4.8,942,Gaming
U15461,17,Female,Hyderabad,Realme,Android,2.1,30.7,182.3,30,6.0,7020,1.6,1.7,1960,Gaming
U15462,57,Female,Lucknow,Realme,iOS,5.2,27.5,186.8,171,2.5,2171,7.6,4.4,769,Entertainment
U15463,27,Male,Hyderabad,Apple,iOS,5.2,31.1,29.6,63,2.3,9158,3.8,3.8,1886,Social Media
U15464,55,Other,Kolkata,Apple,Android,5.2,44.5,155.1,12,5.2,3172,3.0,3.1,746,Social Media
U15465,60,Other,Bangalore,Motorola,iOS,11.8,11.4,295.6,136,4.8,6404,4.4,1.6,1635,Gaming
U15466,51,Female,Mumbai,Samsung,Android,5.8,49.9,130.6,70,0.9,5744,1.9,0.5,1747,Education
U15467,47,Other,Bangalore,Google Pixel,Android,2.8,14.0,84.0,20,5.2,7446,0.6,4.6,751,Social Media
U15468,32,Female,Bangalore,Xiaomi,Android,5.4,48.4,264.5,123,4.7,9220,1.1,2.7,634,Education
U15469,38,Male,Pune,Oppo,iOS,2.5,38.2,52.0,30,2.1,2477,2.7,3.7,773,Entertainment
U15470,32,Male,Kolkata,Realme,iOS,8.3,6.1,195.1,45,5.7,7094,6.5,3.2,1626,Education
U15471,15,Female,Jaipur,Oppo,iOS,11.1,42.9,250.9,32,2.5,1532,3.0,2.2,1346,Work
U15472,59,Other,Chennai,OnePlus,Android,6.9,37.0,254.7,26,3.7,8642,5.0,3.9,1806,Education
U15473,36,Female,Chennai,Samsung,Android,9.8,27.1,204.9,62,4.9,1327,1.4,2.9,1872,Entertainment
U15474,49,Female,Mumbai,OnePlus,Android,3.0,24.3,88.8,118,4.0,6934,4.5,0.4,337,Gaming
U15475,33,Male,Chennai,Apple,Android,9.7,24.0,67.7,181,3.9,7533,5.2,0.2,712,Education
U15476,54,Male,Hyderabad,Motorola,iOS,2.6,36.3,38.0,21,1.0,5065,7.3,3.9,1101,Gaming
U15477,35,Male,Chennai,Xiaomi,Android,11.2,9.6,131.3,95,1.3,6351,2.3,1.4,580,Education
U15478,48,Female,Hyderabad,Apple,Android,10.6,37.2,296.8,122,3.2,3878,1.3,0.1,1125,Education
U15479,16,Male,Ahmedabad,Motorola,Android,9.4,33.0,293.0,75,5.6,5985,7.0,4.4,1209,Entertainment
U15480,16,Male,Ahmedabad,Nokia,iOS,9.2,6.0,210.4,177,2.7,4907,3.8,0.3,1088,Entertainment
U15481,33,Female,Bangalore,Nokia,Android,7.4,20.0,91.2,199,2.7,7538,0.6,3.5,1303,Education
U15482,30,Other,Mumbai,Realme,Android,2.3,40.6,33.8,30,1.3,2362,0.7,3.6,1188,Work
U15483,51,Female,Delhi,Google Pixel,iOS,10.6,6.6,295.7,173,1.6,6519,4.8,3.4,1705,Gaming
U15484,15,Other,Hyderabad,Xiaomi,iOS,7.1,11.5,252.9,50,2.8,2935,4.0,0.4,946,Gaming
U15485,16,Male,Pune,Vivo,Android,6.4,14.5,264.4,40,2.2,9632,3.3,2.8,628,Gaming
U15486,19,Female,Lucknow,Samsung,iOS,1.7,23.1,179.1,193,4.9,8787,6.1,1.0,333,Entertainment
U15487,31,Female,Hyderabad,Apple,Android,1.6,2.6,242.4,166,1.5,2561,1.3,1.1,1800,Work
U15488,60,Female,Hyderabad,Vivo,Android,7.2,36.0,79.0,123,1.2,2214,3.8,0.3,126,Work
U15489,28,Other,Bangalore,Vivo,Android,1.4,25.6,202.4,74,1.7,8469,2.5,0.3,1701,Work
U15490,27,Other,Delhi,Vivo,Android,11.4,44.0,293.7,21,1.0,7858,6.8,1.1,1049,Work
U15491,29,Male,Kolkata,Apple,iOS,8.2,39.5,271.0,66,5.7,4055,3.7,1.2,1314,Social Media
U15492,51,Female,Ahmedabad,Samsung,Android,9.1,48.4,51.7,14,3.4,6101,5.7,4.5,949,Education
U15493,59,Other,Delhi,Vivo,iOS,2.7,30.3,114.9,116,1.1,9507,1.9,2.1,990,Gaming
U15494,19,Male,Hyderabad,Oppo,Android,8.4,34.2,116.5,135,1.1,9884,2.7,3.8,410,Social Media
U15495,48,Other,Delhi,Samsung,iOS,7.5,39.8,83.8,193,5.3,8148,5.7,3.1,1240,Gaming
U15496,56,Male,Kolkata,Google Pixel,Android,3.5,16.2,163.1,36,0.8,6184,2.2,0.5,1149,Entertainment
U15497,37,Female,Kolkata,Google Pixel,Android,12.0,10.7,191.4,18,1.2,8230,0.9,2.4,241,Work
U15498,43,Female,Pune,Realme,Android,1.1,26.4,171.8,93,4.1,7722,2.0,4.7,1824,Work
U15499,60,Other,Mumbai,Nokia,iOS,1.9,36.2,48.8,105,1.2,6527,4.0,3.6,1330,Education
U15500,49,Other,Bangalore,Google Pixel,Android,5.4,3.6,235.6,42,3.7,4058,0.7,2.2,166,Gaming
U15501,20,Female,Jaipur,Nokia,iOS,4.6,3.2,19.7,44,5.2,8918,7.9,4.8,859,Entertainment
U15502,29,Other,Pune,Oppo,iOS,7.2,19.8,122.6,27,0.6,5217,1.1,4.8,1119,Work
U15503,32,Male,Pune,Vivo,Android,7.3,15.4,107.4,198,1.9,1560,5.5,2.5,137,Gaming
U15504,25,Female,Chennai,Apple,Android,4.6,14.6,278.2,93,3.5,5112,0.7,4.3,1349,Entertainment
U15505,51,Male,Delhi,Google Pixel,Android,1.4,16.7,121.1,189,4.2,5217,6.2,3.0,644,Education
U15506,53,Other,Bangalore,Xiaomi,iOS,9.4,22.5,148.0,178,1.9,9105,4.9,1.7,1738,Education
U15507,34,Male,Ahmedabad,Apple,iOS,11.9,18.3,266.6,141,5.4,575,7.2,0.8,1396,Gaming
U15508,21,Female,Pune,Vivo,Android,11.8,24.5,295.2,83,1.4,5881,6.3,3.4,352,Entertainment
U15509,43,Male,Bangalore,Xiaomi,iOS,9.9,6.2,237.9,133,5.5,1491,2.2,1.4,1710,Education
U15510,35,Female,Lucknow,Vivo,Android,3.0,23.0,37.1,111,3.5,918,5.4,1.3,1084,Entertainment
U15511,55,Male,Mumbai,Xiaomi,iOS,4.5,9.7,230.7,110,5.7,139,2.8,3.9,466,Work
U15512,31,Female,Lucknow,Vivo,iOS,3.5,36.3,129.1,12,0.7,388,2.8,3.2,721,Education
U15513,28,Male,Kolkata,Nokia,iOS,3.8,31.9,61.2,106,1.1,6439,7.9,5.0,807,Work
U15514,15,Other,Lucknow,Google Pixel,Android,7.2,30.6,153.3,181,2.3,2713,6.9,1.6,1907,Social Media
U15515,28,Male,Chennai,Vivo,Android,6.1,21.4,112.4,159,3.8,2679,2.8,0.8,693,Education
U15516,41,Other,Chennai,Realme,Android,8.6,22.5,176.6,69,3.3,4947,6.6,2.7,721,Social Media
U15517,31,Male,Jaipur,Motorola,Android,10.0,14.9,208.9,46,1.5,9598,3.1,2.6,453,Entertainment
U15518,19,Female,Bangalore,Nokia,Android,4.2,18.3,210.1,155,4.3,4180,5.7,4.9,569,Gaming
U15519,39,Other,Ahmedabad,Realme,iOS,4.8,38.3,256.1,140,4.6,211,4.3,4.6,1962,Social Media
U15520,22,Other,Lucknow,Nokia,Android,2.2,25.5,70.9,177,4.4,7992,1.0,2.4,938,Education
U15521,19,Female,Kolkata,Motorola,Android,2.5,3.2,169.7,173,1.9,1519,1.7,4.4,419,Gaming
U15522,55,Female,Hyderabad,Apple,Android,3.2,43.8,252.2,162,2.7,6755,1.8,3.4,1253,Work
U15523,29,Male,Jaipur,Apple,iOS,5.7,49.9,156.0,80,1.8,4753,5.6,4.5,1807,Education
U15524,39,Other,Jaipur,Samsung,iOS,8.5,2.0,203.2,127,1.3,3190,6.1,3.6,260,Gaming
U15525,32,Other,Delhi,Oppo,iOS,6.8,7.2,57.6,164,4.2,2494,4.1,1.5,1145,Entertainment
U15526,40,Male,Chennai,Google Pixel,Android,7.1,13.6,161.9,11,5.2,6283,3.4,1.0,201,Entertainment
U15527,19,Other,Mumbai,Motorola,Android,7.1,12.7,168.4,64,6.0,9917,1.4,4.4,896,Entertainment
U15528,32,Other,Jaipur,Motorola,iOS,6.0,9.5,194.4,19,1.0,2549,7.6,2.9,1667,Social Media
U15529,15,Other,Bangalore,Oppo,Android,6.0,43.3,115.8,89,5.7,9603,7.5,3.1,812,Work
U15530,57,Other,Pune,Xiaomi,iOS,6.4,15.3,203.2,143,4.8,4399,7.0,4.5,1284,Work
U15531,28,Other,Kolkata,Motorola,iOS,1.9,30.7,88.8,160,4.5,5059,4.4,2.8,1326,Entertainment
U15532,28,Female,Chennai,Samsung,Android,7.6,26.8,285.1,180,3.9,5534,6.4,4.7,1483,Social Media
U15533,30,Female,Jaipur,Motorola,iOS,10.0,1.1,206.6,60,5.0,2677,1.5,0.1,272,Social Media
U15534,56,Female,Lucknow,Google Pixel,Android,6.3,45.3,271.3,34,5.7,9006,3.0,4.9,101,Gaming
U15535,52,Female,Hyderabad,Google Pixel,iOS,4.2,12.4,260.9,23,3.8,2325,4.6,0.4,408,Entertainment
U15536,35,Female,Jaipur,Vivo,Android,5.3,25.5,163.4,106,5.5,2806,7.5,0.9,1934,Social Media
U15537,29,Male,Chennai,Samsung,Android,11.4,41.9,173.7,87,4.0,8659,3.3,0.2,853,Education
U15538,21,Other,Mumbai,Google Pixel,iOS,1.3,33.0,246.5,132,5.6,760,2.0,3.0,113,Work
U15539,38,Other,Kolkata,Nokia,Android,9.4,28.9,115.5,23,2.5,8569,2.7,0.4,192,Entertainment
U15540,27,Female,Bangalore,Realme,Android,1.0,1.2,186.7,196,2.8,8912,7.2,4.6,755,Education
U15541,18,Other,Pune,Google Pixel,iOS,4.5,37.1,147.1,105,2.3,8605,6.1,0.1,817,Entertainment
U15542,31,Female,Bangalore,Apple,iOS,11.1,20.5,190.1,72,4.3,1695,3.8,1.5,743,Social Media
U15543,25,Female,Chennai,Realme,Android,2.2,26.4,16.5,180,0.6,729,1.4,1.3,1810,Gaming
U15544,35,Other,Kolkata,Realme,Android,6.6,25.0,237.4,155,0.6,3021,5.2,2.4,892,Work
U15545,55,Other,Lucknow,OnePlus,iOS,3.1,18.0,265.7,126,1.3,8687,5.1,1.3,1039,Gaming
U15546,57,Female,Bangalore,Nokia,Android,10.1,7.5,265.9,155,3.2,8374,1.4,2.1,1702,Social Media
U15547,47,Other,Jaipur,Motorola,iOS,3.6,36.3,283.2,128,1.4,1979,0.9,4.5,1564,Work
U15548,57,Other,Ahmedabad,Oppo,iOS,4.9,23.7,94.0,134,1.7,7802,7.3,1.7,1155,Gaming
U15549,53,Other,Kolkata,Apple,Android,4.9,29.0,198.6,44,5.8,9446,7.6,3.5,1701,Gaming
U15550,51,Other,Kolkata,Xiaomi,Android,1.3,2.1,33.3,141,5.5,598,4.1,3.3,1018,Entertainment
U15551,53,Male,Jaipur,Google Pixel,iOS,7.2,8.5,184.8,34,3.7,5022,1.4,2.5,1425,Entertainment
U15552,37,Male,Delhi,Google Pixel,iOS,4.7,31.3,8.9,191,3.0,3078,4.3,1.3,1322,Gaming
U15553,55,Other,Lucknow,Google Pixel,iOS,5.7,2.8,243.6,33,0.7,6292,4.1,3.6,1804,Social Media
U15554,39,Other,Ahmedabad,Xiaomi,Android,11.0,5.4,137.9,99,3.4,3633,1.8,4.8,294,Gaming
U15555,16,Female,Mumbai,Apple,Android,1.1,33.2,72.4,132,2.8,1350,3.8,1.8,392,Gaming
U15556,24,Female,Delhi,Apple,iOS,9.8,38.4,186.0,14,1.4,388,2.3,4.4,421,Education
U15557,19,Male,Ahmedabad,Motorola,iOS,1.2,22.5,174.9,107,1.5,2835,6.4,3.8,1956,Entertainment
U15558,41,Male,Delhi,Samsung,iOS,10.1,43.3,108.7,157,1.0,3198,4.4,3.5,1345,Gaming
U15559,56,Other,Kolkata,Xiaomi,Android,2.0,2.2,10.9,194,3.4,6676,6.2,4.3,897,Education
U15560,19,Female,Chennai,Samsung,iOS,4.1,2.5,286.3,165,1.6,989,4.4,4.5,826,Education
U15561,21,Male,Chennai,Xiaomi,Android,7.4,46.9,71.7,173,3.7,8997,6.2,1.4,449,Gaming
U15562,42,Male,Hyderabad,Apple,Android,11.9,11.7,122.8,135,2.1,8932,6.7,4.7,111,Gaming
U15563,26,Female,Bangalore,Xiaomi,Android,7.9,23.3,236.1,13,4.0,7237,7.7,0.9,456,Education
U15564,25,Female,Pune,Apple,iOS,11.7,3.3,127.7,49,1.1,2598,3.0,2.5,1414,Entertainment
U15565,57,Other,Mumbai,Oppo,Android,10.3,22.2,76.5,21,2.8,1607,3.5,0.6,981,Entertainment
U15566,60,Female,Hyderabad,OnePlus,iOS,6.6,27.5,66.7,192,5.0,3985,4.1,1.4,1827,Education
U15567,31,Female,Bangalore,Motorola,iOS,8.7,12.9,269.6,140,2.9,223,4.9,0.0,1939,Entertainment
U15568,53,Female,Ahmedabad,Nokia,Android,8.1,33.2,44.2,133,1.9,736,5.2,1.9,309,Work
U15569,54,Other,Pune,Google Pixel,iOS,9.3,19.7,147.6,79,2.7,6080,3.4,0.6,1551,Education
U15570,45,Female,Mumbai,Oppo,Android,4.7,10.7,221.2,133,2.3,5885,4.0,4.5,1228,Social Media
U15571,53,Other,Mumbai,Motorola,Android,8.4,12.9,163.4,157,1.7,1888,8.0,1.1,1603,Work
U15572,59,Other,Chennai,Nokia,iOS,4.9,30.6,133.0,103,3.0,7067,4.6,2.6,1668,Work
U15573,54,Other,Kolkata,Realme,iOS,4.5,11.0,230.2,167,3.9,771,3.5,1.0,1714,Entertainment
U15574,33,Male,Ahmedabad,OnePlus,iOS,7.4,44.3,106.7,110,4.1,7826,5.9,1.2,144,Work
U15575,56,Female,Pune,OnePlus,Android,9.3,39.9,196.7,16,3.7,2330,8.0,1.5,1022,Social Media
U15576,32,Male,Bangalore,Motorola,Android,4.8,35.1,133.6,84,2.2,347,4.6,1.9,184,Entertainment
U15577,42,Other,Bangalore,Realme,iOS,3.3,16.7,289.7,159,1.2,2383,3.1,1.3,1936,Education
U15578,31,Female,Kolkata,Google Pixel,iOS,4.0,21.3,296.7,40,3.9,4450,2.3,4.9,348,Entertainment
U15579,21,Male,Bangalore,OnePlus,iOS,8.8,33.1,80.8,187,3.8,8358,3.4,2.4,647,Education
U15580,47,Male,Hyderabad,Samsung,iOS,10.9,1.2,239.8,176,1.1,2259,3.6,1.4,1369,Entertainment
U15581,39,Male,Pune,Xiaomi,Android,11.2,11.7,55.1,76,4.2,2100,7.7,2.9,352,Gaming
U15582,48,Female,Jaipur,Google Pixel,Android,2.3,13.5,229.9,132,1.7,4112,5.3,4.4,860,Social Media
U15583,52,Male,Hyderabad,Nokia,iOS,4.2,15.5,44.3,162,2.9,1271,1.8,1.8,764,Education
U15584,45,Male,Lucknow,Samsung,iOS,6.5,38.0,53.5,186,2.4,7791,6.2,3.6,743,Work
U15585,57,Female,Pune,Samsung,Android,10.2,42.1,209.6,121,3.6,4434,2.6,3.2,1951,Education
U15586,32,Female,Delhi,Xiaomi,Android,3.2,43.9,16.7,163,4.3,6372,4.5,2.1,787,Education
U15587,37,Female,Jaipur,Vivo,Android,8.4,7.3,197.6,13,5.5,9658,6.0,3.5,745,Entertainment
U15588,33,Male,Pune,Motorola,Android,7.9,43.1,76.3,101,5.7,2682,4.2,1.2,1172,Social Media
U15589,17,Male,Pune,OnePlus,iOS,11.0,34.9,64.1,23,2.9,6867,1.0,2.8,533,Entertainment
U15590,32,Male,Hyderabad,Xiaomi,iOS,8.3,14.3,268.6,27,2.0,3905,1.9,0.6,1424,Entertainment
U15591,49,Other,Bangalore,Realme,Android,7.1,29.8,70.5,168,5.9,5482,6.3,0.7,1856,Education
U15592,25,Female,Chennai,Realme,iOS,10.0,17.1,89.7,38,3.4,6095,6.1,4.3,1693,Social Media
U15593,17,Female,Delhi,Google Pixel,Android,8.1,36.3,216.3,63,2.8,2070,7.8,3.6,1093,Entertainment
U15594,59,Male,Delhi,Nokia,Android,5.9,27.3,192.3,136,4.9,2966,2.6,3.1,1370,Social Media
U15595,58,Other,Pune,Vivo,Android,11.2,42.9,244.5,15,5.6,9063,5.2,0.1,1944,Gaming
U15596,33,Male,Ahmedabad,Vivo,iOS,1.3,21.7,221.8,188,1.8,3593,3.0,0.6,425,Gaming
U15597,58,Other,Chennai,Nokia,iOS,7.4,18.2,137.0,85,2.2,4537,7.2,3.2,1299,Entertainment
U15598,26,Male,Pune,Motorola,Android,5.5,16.1,65.2,91,1.8,8131,6.8,2.5,1361,Social Media
U15599,23,Male,Pune,Nokia,Android,1.4,22.1,123.7,125,5.4,6846,6.3,1.2,1537,Entertainment
U15600,34,Male,Delhi,Apple,iOS,5.9,35.9,142.6,164,3.1,9808,7.6,2.0,1172,Social Media
U15601,26,Other,Delhi,Google Pixel,iOS,6.3,9.1,66.5,104,4.3,2695,1.6,0.1,1371,Education
U15602,59,Other,Ahmedabad,Google Pixel,Android,11.9,43.5,101.4,125,4.9,6519,6.8,1.7,1508,Entertainment
U15603,51,Male,Mumbai,Apple,iOS,3.3,46.8,30.6,17,4.1,3900,4.7,4.8,1298,Social Media
U15604,58,Male,Chennai,Samsung,Android,4.3,35.9,193.5,69,4.1,3604,5.1,3.8,883,Entertainment
U15605,44,Female,Jaipur,OnePlus,iOS,7.3,6.3,228.1,191,2.8,6216,5.0,2.8,1651,Entertainment
U15606,46,Female,Kolkata,Nokia,iOS,4.8,30.0,38.7,108,5.3,206,1.8,1.4,1923,Social Media
U15607,34,Female,Bangalore,Apple,iOS,9.4,35.4,236.3,91,2.4,1071,3.7,3.4,423,Social Media
U15608,52,Male,Chennai,Oppo,Android,7.8,14.0,31.4,18,3.6,9120,7.7,3.8,562,Entertainment
U15609,52,Other,Bangalore,Vivo,Android,10.4,13.1,218.9,200,0.7,2633,2.1,0.5,921,Gaming
U15610,22,Female,Hyderabad,Nokia,Android,3.9,10.0,102.9,10,1.3,5981,6.5,0.2,944,Entertainment
U15611,37,Female,Chennai,Google Pixel,iOS,3.4,20.2,114.5,119,0.5,7806,4.2,0.3,1288,Social Media
U15612,43,Other,Hyderabad,Apple,iOS,4.2,47.5,65.4,171,3.9,9775,0.6,2.3,143,Gaming
U15613,24,Other,Lucknow,OnePlus,iOS,10.6,40.1,259.0,92,0.6,5821,0.6,0.5,678,Work
U15614,50,Other,Pune,Xiaomi,iOS,7.6,2.2,31.6,140,2.0,3196,2.7,0.3,622,Education
U15615,17,Female,Hyderabad,OnePlus,iOS,4.2,19.3,246.4,128,2.5,8996,1.3,0.7,487,Work
U15616,38,Male,Jaipur,Apple,Android,8.9,29.2,234.1,107,4.2,547,2.1,2.9,1154,Gaming
U15617,46,Male,Chennai,Nokia,iOS,11.1,36.5,183.0,114,5.1,6035,5.6,3.5,902,Entertainment
U15618,58,Female,Chennai,Realme,Android,1.2,13.5,171.4,186,2.0,1064,2.5,3.9,1008,Work
U15619,22,Male,Ahmedabad,Vivo,iOS,3.4,26.7,6.8,200,5.3,8564,3.7,3.0,459,Gaming
U15620,48,Female,Ahmedabad,Google Pixel,iOS,11.9,21.4,127.4,195,4.1,9934,7.5,4.6,1327,Work
U15621,44,Other,Lucknow,Xiaomi,iOS,8.3,42.8,228.6,23,4.5,7095,7.6,2.6,827,Entertainment
U15622,57,Male,Bangalore,Vivo,Android,5.6,49.5,52.7,57,0.9,4547,6.9,0.8,1612,Entertainment
U15623,21,Other,Hyderabad,Vivo,Android,8.3,11.9,275.0,123,3.0,3426,0.6,4.0,210,Work
U15624,26,Female,Ahmedabad,OnePlus,iOS,3.7,47.2,261.1,180,1.5,7706,6.3,0.5,998,Work
U15625,60,Female,Mumbai,OnePlus,iOS,2.5,31.5,17.1,109,2.6,7772,6.4,4.7,637,Entertainment
U15626,31,Male,Delhi,Xiaomi,iOS,8.5,31.0,242.9,110,1.4,4970,4.3,2.5,1718,Work
U15627,18,Male,Jaipur,Motorola,iOS,9.4,6.5,83.9,158,5.3,6914,3.3,3.5,644,Education
U15628,28,Male,Bangalore,Samsung,iOS,3.8,21.3,130.4,136,4.5,3111,2.9,4.9,1684,Education
U15629,38,Male,Kolkata,Xiaomi,iOS,2.8,19.7,138.1,95,1.3,1764,4.0,4.3,256,Social Media
U15630,21,Female,Pune,Samsung,iOS,1.6,8.5,182.2,85,0.5,181,7.7,0.4,1936,Entertainment
U15631,34,Female,Jaipur,Nokia,iOS,8.2,4.7,120.6,144,1.8,6245,3.9,0.7,766,Social Media
U15632,32,Other,Ahmedabad,Motorola,Android,11.0,43.9,125.6,15,2.2,5989,6.2,3.4,703,Education
U15633,21,Other,Ahmedabad,Samsung,Android,6.5,5.8,218.6,22,1.1,8930,2.3,4.6,481,Social Media
U15634,47,Female,Delhi,OnePlus,Android,11.9,29.7,129.5,165,0.8,5849,5.8,3.9,937,Social Media
U15635,27,Male,Hyderabad,Oppo,iOS,3.2,23.4,122.0,89,4.8,3439,7.7,0.5,1657,Education
U15636,33,Male,Jaipur,Apple,iOS,8.6,44.6,17.3,30,5.6,2638,1.2,4.5,1397,Social Media
U15637,16,Other,Bangalore,Nokia,iOS,11.9,10.4,110.5,41,5.2,4597,5.6,0.6,628,Social Media
U15638,27,Other,Bangalore,Google Pixel,Android,1.4,37.1,89.6,185,1.8,9611,7.5,3.3,1523,Social Media
U15639,37,Other,Delhi,Realme,iOS,3.0,33.4,80.6,200,3.3,2132,3.0,0.6,1562,Education
U15640,56,Female,Lucknow,Realme,Android,11.2,29.4,201.3,93,4.3,6293,0.6,1.6,1660,Gaming
U15641,59,Male,Delhi,Apple,Android,10.3,36.1,278.3,162,3.4,1704,7.8,0.5,910,Education
U15642,39,Male,Kolkata,Apple,iOS,10.3,11.9,15.2,163,1.0,4683,4.7,0.3,462,Social Media
U15643,48,Other,Kolkata,Xiaomi,iOS,2.8,6.6,174.2,149,2.7,6208,5.6,3.1,1901,Social Media
U15644,46,Female,Hyderabad,Motorola,Android,10.7,22.0,31.0,38,1.6,5194,1.5,1.6,197,Education
U15645,46,Male,Lucknow,Xiaomi,Android,11.5,24.5,176.2,124,1.6,2831,5.3,3.8,1149,Education
U15646,54,Other,Kolkata,OnePlus,Android,11.2,49.3,126.7,28,0.9,6293,2.7,1.4,1573,Work
U15647,48,Other,Jaipur,Apple,iOS,2.3,19.2,185.2,161,3.9,2954,6.0,0.1,393,Gaming
U15648,59,Other,Mumbai,Realme,iOS,9.0,40.4,42.4,111,1.7,6083,6.2,4.3,1387,Work
U15649,38,Female,Delhi,Motorola,Android,5.4,2.4,194.7,182,2.2,7276,3.8,3.8,1115,Social Media
U15650,34,Female,Pune,Samsung,Android,9.8,40.7,170.4,112,2.4,2891,1.9,2.9,1385,Education
U15651,35,Female,Bangalore,Motorola,iOS,7.1,34.9,204.8,123,4.8,2756,5.6,4.7,1103,Work
U15652,32,Female,Ahmedabad,Nokia,iOS,5.5,33.1,265.3,62,2.6,9691,3.3,2.6,645,Work
U15653,60,Female,Hyderabad,Xiaomi,iOS,4.0,17.7,173.0,116,2.0,5678,4.0,0.7,1999,Gaming
U15654,40,Male,Jaipur,Nokia,iOS,6.0,4.9,13.7,143,4.7,6929,7.2,0.2,865,Entertainment
U15655,34,Female,Lucknow,Apple,Android,7.2,34.4,77.5,80,3.9,4028,0.7,1.3,1801,Social Media
U15656,55,Other,Ahmedabad,OnePlus,Android,4.2,49.5,16.4,149,5.8,2431,7.7,4.2,1671,Entertainment
U15657,35,Female,Lucknow,Apple,iOS,10.1,9.5,270.4,132,3.5,6752,6.3,4.8,274,Social Media
U15658,57,Other,Hyderabad,Motorola,iOS,5.6,31.6,255.1,46,4.3,6847,3.7,0.6,743,Gaming
U15659,37,Female,Chennai,Xiaomi,Android,4.9,49.1,24.4,169,2.0,7138,1.3,4.3,1577,Gaming
U15660,16,Other,Mumbai,Nokia,Android,8.1,49.0,7.7,56,3.7,2724,3.1,3.0,1213,Social Media
U15661,29,Male,Jaipur,OnePlus,Android,3.8,5.4,96.8,94,4.9,5612,6.3,5.0,528,Education
U15662,52,Female,Jaipur,Vivo,Android,6.3,7.2,17.7,106,3.4,5524,1.9,1.1,133,Education
U15663,48,Male,Hyderabad,OnePlus,iOS,10.6,30.4,265.3,165,5.8,1729,5.7,3.7,675,Entertainment
U15664,23,Other,Mumbai,Apple,Android,4.1,8.4,296.9,25,4.1,8405,2.3,1.3,416,Entertainment
U15665,60,Male,Hyderabad,Vivo,Android,1.6,15.8,273.2,17,1.3,9403,7.8,1.0,1678,Gaming
U15666,24,Female,Pune,Oppo,Android,7.9,11.3,23.7,100,4.5,6324,2.1,2.8,173,Work
U15667,45,Other,Mumbai,Apple,Android,4.0,29.2,146.1,168,0.6,4261,5.8,3.8,1581,Gaming
U15668,18,Female,Mumbai,Samsung,iOS,2.9,27.0,271.9,70,1.5,9575,6.9,3.3,1570,Work
U15669,48,Male,Bangalore,Samsung,iOS,11.5,35.3,263.7,39,0.7,1329,3.5,4.3,308,Entertainment
U15670,25,Male,Kolkata,Apple,iOS,5.4,26.6,75.5,95,4.1,9836,5.2,2.4,872,Entertainment
U15671,30,Male,Chennai,Apple,iOS,12.0,18.1,290.9,143,1.4,2096,6.6,1.4,633,Work
U15672,25,Other,Pune,Vivo,iOS,9.2,3.9,120.8,139,5.7,1745,1.5,1.7,1754,Social Media
U15673,22,Female,Kolkata,Vivo,Android,8.8,44.0,147.9,176,4.2,3629,6.1,0.6,865,Entertainment
U15674,36,Other,Mumbai,OnePlus,iOS,4.5,34.6,169.5,81,2.7,7144,6.4,4.8,1522,Entertainment
U15675,54,Male,Bangalore,Google Pixel,Android,1.6,33.1,168.9,43,1.2,7148,6.0,3.0,1804,Work
U15676,25,Male,Bangalore,Motorola,iOS,11.0,35.5,69.7,129,4.0,4009,1.1,2.6,353,Education
U15677,21,Other,Hyderabad,Apple,iOS,4.7,16.2,263.5,157,1.0,2722,0.9,3.2,418,Education
U15678,44,Female,Jaipur,Xiaomi,Android,8.1,34.4,163.8,178,3.7,4886,3.0,1.2,1168,Education
U15679,50,Other,Kolkata,Vivo,iOS,5.8,20.4,60.1,82,4.2,1504,2.4,2.7,1789,Gaming
U15680,43,Male,Ahmedabad,Apple,Android,8.4,35.4,39.6,184,1.7,3854,7.3,0.7,583,Entertainment
U15681,37,Female,Mumbai,Apple,Android,5.0,43.8,268.1,13,3.4,1813,5.4,4.1,1426,Entertainment
U15682,30,Male,Jaipur,Vivo,Android,1.2,5.9,166.0,41,2.6,9134,1.9,2.6,1343,Gaming
U15683,30,Male,Chennai,Xiaomi,Android,11.3,32.9,122.4,94,1.7,4830,6.1,0.5,949,Entertainment
U15684,37,Other,Delhi,Realme,Android,8.9,40.6,203.6,196,5.7,7245,5.1,4.4,412,Work
U15685,27,Male,Hyderabad,Samsung,Android,7.0,35.8,118.1,174,1.8,516,6.2,2.4,1626,Entertainment
U15686,15,Female,Bangalore,OnePlus,Android,3.7,32.8,43.0,200,5.7,249,3.2,2.0,986,Gaming
U15687,48,Female,Delhi,Xiaomi,Android,7.3,26.3,292.5,110,3.8,4092,5.4,0.3,365,Social Media
U15688,49,Male,Mumbai,Nokia,iOS,3.6,20.4,42.3,151,3.8,8043,6.1,1.3,361,Gaming
U15689,35,Male,Pune,Oppo,iOS,5.2,21.2,241.8,67,3.4,5848,7.5,4.8,1211,Education
U15690,40,Male,Pune,Samsung,Android,8.2,23.9,171.8,74,2.2,4306,2.8,0.3,1129,Education
U15691,35,Other,Kolkata,Xiaomi,iOS,6.1,44.8,71.3,57,5.2,8817,0.5,2.2,215,Work
U15692,38,Other,Kolkata,OnePlus,iOS,10.6,48.6,191.8,180,2.6,1879,1.1,1.4,1430,Social Media
U15693,53,Female,Mumbai,Vivo,Android,5.7,12.5,176.4,97,3.3,447,5.4,1.7,1790,Education
U15694,59,Other,Hyderabad,Vivo,iOS,2.6,41.3,219.1,178,5.1,3713,4.9,4.2,934,Entertainment
U15695,16,Female,Lucknow,Vivo,iOS,6.4,45.1,211.5,108,4.6,5974,3.4,1.8,1737,Work
U15696,41,Male,Kolkata,Apple,Android,11.7,6.4,212.4,25,4.7,9750,1.0,2.2,483,Education
U15697,30,Other,Mumbai,Realme,Android,10.1,8.3,164.4,199,2.9,7338,4.4,1.5,1604,Education
U15698,15,Male,Pune,Apple,iOS,10.4,32.7,152.4,139,2.3,7478,6.8,0.6,1736,Education
U15699,58,Other,Mumbai,Xiaomi,iOS,2.6,47.0,5.7,173,5.5,5612,6.2,2.4,564,Entertainment
U15700,43,Male,Kolkata,Apple,iOS,10.8,29.6,251.8,48,2.1,3320,6.4,0.5,1545,Work
U15701,28,Female,Kolkata,Xiaomi,Android,2.4,44.7,15.0,10,4.5,3460,0.8,0.2,163,Social Media
U15702,47,Female,Ahmedabad,Oppo,iOS,1.5,44.0,83.7,19,4.1,8312,7.9,5.0,970,Work
U15703,46,Other,Ahmedabad,Realme,Android,7.7,46.3,186.6,116,0.6,2573,6.0,2.7,115,Gaming
U15704,19,Female,Mumbai,Motorola,Android,4.9,3.7,257.8,17,1.3,2685,7.3,1.8,777,Social Media
U15705,20,Female,Lucknow,Xiaomi,iOS,4.1,21.0,5.4,177,5.8,7080,3.9,3.8,832,Education
U15706,52,Female,Pune,Realme,Android,11.6,36.1,58.8,40,0.5,8191,6.1,4.1,1301,Education
U15707,50,Male,Mumbai,Nokia,iOS,4.8,28.4,221.2,46,5.5,2568,7.3,0.7,1133,Work
U15708,58,Male,Hyderabad,OnePlus,Android,7.3,20.7,156.7,65,1.1,5931,3.2,3.9,653,Entertainment
U15709,32,Male,Delhi,Xiaomi,Android,2.8,28.5,123.0,17,1.7,3412,0.6,4.5,746,Entertainment
U15710,58,Other,Lucknow,Nokia,iOS,8.4,4.8,149.2,16,5.0,3125,4.2,4.6,146,Work
U15711,48,Female,Kolkata,Xiaomi,iOS,9.9,49.7,8.7,159,4.6,2854,4.7,3.0,627,Gaming
U15712,20,Female,Bangalore,OnePlus,iOS,11.2,21.4,25.3,164,0.6,9380,3.9,4.6,1355,Gaming
U15713,50,Male,Hyderabad,Motorola,Android,8.0,18.1,215.7,189,5.1,9551,4.0,2.7,1348,Gaming
U15714,40,Male,Jaipur,Realme,Android,5.7,34.5,160.2,69,4.0,1598,3.6,1.9,1226,Entertainment
U15715,40,Female,Hyderabad,OnePlus,Android,11.7,23.3,268.9,126,3.6,9857,1.5,2.1,653,Social Media
U15716,54,Male,Ahmedabad,Samsung,Android,5.8,20.4,46.5,141,1.5,8041,4.6,0.9,1893,Education
U15717,55,Female,Lucknow,Motorola,iOS,8.8,33.3,81.3,177,1.3,2983,3.1,4.5,734,Work
U15718,18,Male,Lucknow,Google Pixel,Android,5.8,35.0,90.0,155,1.4,4841,7.9,1.5,939,Social Media
U15719,48,Other,Pune,Xiaomi,iOS,1.6,33.2,11.8,102,0.6,5319,3.0,0.6,1315,Social Media
U15720,21,Female,Hyderabad,OnePlus,iOS,3.7,10.6,275.0,184,4.8,2657,6.7,0.4,121,Work
U15721,20,Male,Ahmedabad,Nokia,iOS,11.9,37.7,142.0,10,2.6,1922,3.2,0.9,1207,Entertainment
U15722,56,Other,Hyderabad,Realme,Android,10.2,9.2,84.8,68,3.3,2432,5.6,4.9,921,Social Media
U15723,34,Male,Delhi,Apple,iOS,5.9,7.5,285.0,155,0.9,8971,0.7,4.6,694,Entertainment
U15724,40,Other,Jaipur,Motorola,Android,8.2,42.8,80.4,132,1.4,6631,6.0,0.1,1330,Gaming
U15725,30,Male,Mumbai,Nokia,Android,11.3,6.3,162.3,177,3.7,5960,7.0,3.8,329,Entertainment
U15726,52,Male,Delhi,Xiaomi,iOS,6.3,29.1,118.3,188,0.9,7437,2.9,2.7,400,Entertainment
U15727,39,Male,Delhi,Motorola,Android,5.7,6.1,46.2,90,3.1,7611,3.2,0.4,438,Education
U15728,43,Female,Delhi,Vivo,iOS,4.0,2.1,229.8,18,5.4,4275,1.3,0.6,147,Education
U15729,55,Other,Ahmedabad,Realme,Android,2.5,8.4,56.1,162,1.0,2808,6.1,2.6,1791,Education
U15730,40,Male,Bangalore,Apple,Android,10.0,26.9,79.4,97,5.6,8443,5.7,1.6,999,Social Media
U15731,49,Female,Mumbai,Motorola,iOS,3.7,41.5,168.1,158,2.2,5799,1.3,0.8,1399,Gaming
U15732,19,Other,Lucknow,Apple,iOS,11.4,38.8,150.0,164,2.7,8410,5.6,4.3,936,Gaming
U15733,36,Male,Delhi,Apple,iOS,6.8,42.5,168.1,181,2.5,2703,1.1,0.0,144,Work
U15734,43,Other,Hyderabad,Apple,iOS,3.5,22.8,76.3,30,5.6,4754,2.5,2.8,696,Gaming
U15735,17,Male,Mumbai,Nokia,Android,7.5,34.9,134.4,181,3.7,5702,3.4,2.4,151,Education
U15736,51,Other,Jaipur,Motorola,Android,5.5,43.7,262.0,54,4.1,1509,2.3,0.6,1059,Education
U15737,60,Other,Delhi,Xiaomi,Android,11.7,24.2,67.4,10,3.6,709,5.3,1.5,545,Entertainment
U15738,24,Female,Ahmedabad,Nokia,iOS,3.5,22.2,129.8,88,3.4,4461,1.4,3.1,447,Gaming
U15739,20,Female,Chennai,Nokia,iOS,9.8,36.8,293.1,127,5.2,1877,6.1,3.8,686,Social Media
U15740,35,Female,Kolkata,Realme,Android,5.1,46.9,81.5,102,2.1,944,2.3,4.0,686,Gaming
U15741,51,Other,Bangalore,OnePlus,iOS,9.6,41.7,120.0,147,4.3,2685,0.8,0.1,871,Entertainment
U15742,45,Male,Ahmedabad,Apple,iOS,10.4,1.9,297.9,51,5.0,4098,2.7,4.9,146,Gaming
U15743,48,Male,Jaipur,Apple,Android,2.9,42.6,110.0,50,0.7,8207,0.6,0.3,1059,Work
U15744,33,Other,Chennai,Nokia,Android,3.3,22.9,208.8,193,2.0,396,6.5,5.0,1662,Education
U15745,21,Female,Mumbai,OnePlus,Android,2.5,44.1,296.4,97,3.3,2600,4.7,2.8,517,Work
U15746,20,Other,Kolkata,Realme,Android,7.3,22.8,249.2,195,5.2,2817,3.7,0.9,273,Education
U15747,19,Other,Bangalore,Nokia,Android,3.7,29.7,31.3,59,3.9,7909,7.5,1.7,376,Work
U15748,35,Female,Jaipur,Samsung,iOS,4.8,34.8,79.1,59,2.9,683,7.3,3.2,1678,Entertainment
U15749,59,Male,Pune,Oppo,iOS,1.9,48.8,108.8,141,4.8,439,3.9,0.4,893,Gaming
U15750,45,Female,Lucknow,Nokia,Android,7.9,6.8,285.4,80,2.8,3873,3.3,1.7,1605,Work
U15751,20,Other,Chennai,Realme,Android,4.6,39.8,87.3,61,0.7,9911,2.4,2.4,142,Entertainment
U15752,57,Female,Lucknow,Google Pixel,Android,10.2,27.8,209.5,65,3.9,2877,5.3,5.0,892,Entertainment
U15753,59,Female,Mumbai,Xiaomi,Android,6.0,30.8,248.1,37,1.6,5240,2.2,1.0,140,Work
U15754,34,Male,Mumbai,Vivo,iOS,2.9,46.1,191.3,93,1.1,7251,3.9,1.3,304,Entertainment
U15755,50,Other,Bangalore,Samsung,Android,1.3,17.6,146.3,118,3.6,7328,3.0,0.8,192,Social Media
U15756,32,Female,Jaipur,Vivo,iOS,7.0,45.1,122.4,67,4.9,8326,6.4,2.9,1800,Social Media
U15757,26,Other,Jaipur,Xiaomi,iOS,5.5,15.4,132.7,101,4.2,7065,7.9,4.7,1360,Work
U15758,24,Female,Bangalore,OnePlus,Android,4.6,12.3,134.0,78,0.9,2394,6.2,3.4,451,Education
U15759,18,Other,Hyderabad,Vivo,Android,7.6,22.3,254.5,60,5.7,3775,5.2,4.3,1721,Gaming
U15760,41,Female,Ahmedabad,Google Pixel,iOS,4.8,42.4,262.2,199,5.9,4815,5.5,1.0,1476,Social Media
U15761,51,Female,Bangalore,OnePlus,iOS,1.5,20.6,181.1,78,5.2,2785,3.7,4.8,1214,Gaming
U15762,18,Female,Jaipur,OnePlus,iOS,7.7,26.5,238.2,22,4.0,3059,2.7,1.6,1477,Education
U15763,43,Female,Jaipur,Google Pixel,Android,8.3,32.0,169.6,127,5.6,2214,2.4,2.8,1275,Work
U15764,49,Male,Hyderabad,Vivo,iOS,4.2,11.2,287.5,50,4.8,2907,1.8,3.3,604,Work
U15765,23,Male,Chennai,Xiaomi,iOS,11.2,17.0,174.2,88,5.8,8418,5.5,1.3,1011,Social Media
U15766,33,Other,Delhi,OnePlus,Android,2.7,38.9,22.2,167,4.2,4918,6.4,2.4,1558,Gaming
U15767,44,Female,Jaipur,Nokia,Android,3.6,11.9,12.4,194,2.7,3717,4.1,2.5,1892,Gaming
U15768,34,Male,Mumbai,Samsung,Android,11.3,9.3,127.5,107,1.1,7271,1.5,4.0,1136,Entertainment
U15769,33,Other,Pune,Vivo,Android,1.8,47.4,66.4,73,4.9,7757,6.6,3.1,419,Entertainment
U15770,27,Male,Hyderabad,Nokia,iOS,4.7,35.7,6.0,35,1.1,8016,7.1,3.7,655,Entertainment
U15771,25,Other,Chennai,Vivo,Android,8.7,9.2,255.4,89,2.5,4163,5.2,3.2,106,Entertainment
U15772,18,Male,Delhi,OnePlus,Android,11.0,34.1,207.9,95,1.0,7544,4.6,4.5,545,Work
U15773,36,Female,Kolkata,Vivo,iOS,10.9,24.1,186.9,107,1.9,3997,5.4,2.1,1897,Social Media
U15774,34,Male,Bangalore,Nokia,iOS,11.3,36.5,215.5,149,3.5,9654,6.0,0.6,1148,Work
U15775,24,Male,Jaipur,Nokia,iOS,10.7,11.8,243.3,149,5.9,1218,2.4,2.4,528,Education
U15776,45,Other,Ahmedabad,OnePlus,iOS,1.2,22.7,188.1,154,2.2,199,7.3,4.6,1650,Work
U15777,46,Female,Ahmedabad,Motorola,iOS,4.3,2.7,63.8,169,3.1,6655,1.2,4.2,365,Education
U15778,29,Male,Hyderabad,Vivo,iOS,8.5,31.3,113.9,51,5.4,6680,3.3,2.2,886,Education
U15779,18,Female,Bangalore,Google Pixel,iOS,9.0,34.9,125.4,12,3.5,5618,4.2,0.8,639,Social Media
U15780,42,Male,Bangalore,Motorola,iOS,2.4,2.6,195.8,12,3.9,2192,7.8,2.8,460,Education
U15781,21,Other,Pune,Samsung,Android,3.1,27.4,37.9,26,2.9,159,0.9,0.8,1817,Social Media
U15782,43,Female,Delhi,Google Pixel,iOS,2.3,42.1,88.5,54,2.2,9289,3.9,1.2,783,Entertainment
U15783,37,Male,Bangalore,Xiaomi,Android,10.2,11.5,146.0,23,5.2,7952,7.7,3.0,1563,Entertainment
U15784,29,Female,Mumbai,Nokia,iOS,2.5,20.5,102.1,198,3.5,5625,7.5,0.3,607,Work
U15785,17,Male,Delhi,Vivo,iOS,8.4,44.2,182.7,72,3.2,8241,3.5,2.0,1156,Education
U15786,48,Other,Bangalore,Motorola,iOS,4.3,49.6,220.9,163,2.9,7494,7.7,1.6,819,Work
U15787,52,Female,Pune,Samsung,Android,3.3,24.4,201.4,66,4.2,4561,2.0,4.0,1944,Entertainment
U15788,50,Female,Pune,Google Pixel,iOS,5.3,20.9,70.2,122,5.0,7727,8.0,0.7,593,Work
U15789,22,Male,Lucknow,Apple,iOS,2.2,45.8,218.5,62,4.8,9647,4.2,3.5,192,Education
U15790,30,Other,Pune,Apple,Android,8.3,29.1,195.8,57,1.8,9063,6.9,0.9,1640,Entertainment
U15791,34,Other,Delhi,Google Pixel,iOS,4.3,35.6,174.4,16,1.4,3826,7.2,3.0,1970,Social Media
U15792,57,Other,Jaipur,OnePlus,Android,11.5,49.0,69.2,181,0.7,5508,3.5,1.2,346,Social Media
U15793,46,Male,Ahmedabad,Apple,iOS,11.8,19.1,158.0,18,2.2,5887,4.6,1.4,804,Entertainment
U15794,19,Male,Hyderabad,Xiaomi,iOS,6.8,19.4,275.9,187,1.4,9477,6.2,2.5,736,Gaming
U15795,24,Male,Hyderabad,Google Pixel,iOS,11.7,13.6,10.4,146,5.0,7139,1.1,0.0,1628,Gaming
U15796,36,Other,Ahmedabad,Samsung,iOS,8.8,18.7,170.4,182,2.7,7821,7.9,0.7,182,Entertainment
U15797,24,Male,Lucknow,Google Pixel,iOS,3.3,32.5,177.5,137,5.7,2266,3.5,4.3,1325,Gaming
U15798,29,Female,Lucknow,Vivo,iOS,7.0,40.2,153.9,29,1.4,2775,6.1,2.9,800,Entertainment
U15799,40,Male,Bangalore,Xiaomi,Android,4.6,20.7,284.9,143,3.1,4474,5.1,4.3,325,Gaming
U15800,31,Other,Jaipur,Realme,iOS,7.0,37.8,122.4,56,4.7,8574,5.1,1.3,135,Education
U15801,52,Male,Mumbai,OnePlus,Android,3.3,16.7,81.8,149,1.8,3426,1.1,1.9,1673,Social Media
U15802,15,Other,Kolkata,OnePlus,iOS,10.0,37.8,137.2,184,5.6,6413,2.3,1.1,1046,Work
U15803,17,Female,Kolkata,Google Pixel,Android,1.2,24.6,101.1,32,3.1,5999,3.6,3.2,1749,Work
U15804,24,Male,Chennai,Oppo,Android,2.4,12.4,86.9,124,1.3,1298,1.3,4.6,1200,Gaming
U15805,43,Other,Chennai,Oppo,iOS,6.4,16.8,54.3,70,4.8,5336,4.2,1.0,1613,Gaming
U15806,26,Female,Mumbai,Nokia,iOS,5.3,30.5,282.5,135,4.2,6140,1.8,2.7,289,Education
U15807,18,Female,Bangalore,Xiaomi,iOS,11.3,12.9,220.0,184,5.2,5505,3.2,0.6,557,Social Media
U15808,45,Other,Ahmedabad,OnePlus,iOS,6.0,15.8,73.1,135,3.1,6132,3.3,0.0,356,Education
U15809,18,Other,Hyderabad,Realme,iOS,7.5,27.9,288.5,51,0.7,7726,1.9,2.3,488,Social Media
U15810,26,Other,Kolkata,Oppo,Android,5.7,44.0,129.9,147,2.8,4526,6.4,3.9,609,Gaming
U15811,20,Male,Bangalore,Realme,iOS,8.2,22.7,104.1,136,1.8,9427,0.7,2.8,778,Entertainment
U15812,44,Female,Pune,Vivo,iOS,4.7,9.8,54.7,27,3.9,7482,3.5,1.1,208,Work
U15813,32,Female,Kolkata,Samsung,Android,5.7,20.4,31.6,103,1.3,9761,7.4,4.2,1581,Gaming
U15814,35,Female,Ahmedabad,Oppo,iOS,7.2,33.5,10.3,33,4.5,8812,6.1,3.5,1917,Social Media
U15815,34,Female,Bangalore,Oppo,iOS,8.1,32.0,68.5,26,5.5,5710,2.0,2.2,260,Entertainment
U15816,40,Female,Delhi,Realme,iOS,3.4,3.1,261.1,189,5.9,7541,6.2,0.3,759,Work
U15817,38,Other,Mumbai,Vivo,iOS,2.3,41.4,222.5,116,2.7,4281,3.2,4.8,1156,Entertainment
U15818,23,Male,Hyderabad,Google Pixel,Android,3.8,47.4,270.4,72,5.4,1982,3.6,2.7,1907,Work
U15819,39,Female,Kolkata,Realme,Android,11.0,20.7,258.4,49,3.4,2960,5.3,2.8,324,Entertainment
U15820,24,Male,Bangalore,Google Pixel,iOS,10.0,47.8,171.7,35,2.3,5015,5.1,1.4,921,Education
U15821,28,Other,Kolkata,Oppo,iOS,7.0,33.0,169.7,86,2.0,8824,6.0,3.8,523,Social Media
U15822,39,Male,Chennai,Realme,iOS,6.6,2.4,299.3,68,5.1,7095,5.8,3.2,561,Gaming
U15823,19,Other,Bangalore,Oppo,iOS,10.6,30.6,292.2,40,5.3,4789,5.3,4.4,1486,Education
U15824,41,Other,Pune,Google Pixel,iOS,11.2,3.7,99.7,45,4.1,3720,2.2,4.2,1879,Entertainment
U15825,28,Male,Hyderabad,Realme,iOS,11.4,17.9,226.4,175,1.4,1615,0.7,1.9,116,Social Media
U15826,30,Female,Kolkata,Apple,Android,10.1,12.8,203.0,164,4.4,5197,2.7,0.5,984,Gaming
U15827,39,Other,Bangalore,Samsung,Android,11.1,29.7,99.5,111,5.0,2070,3.6,4.4,1820,Education
U15828,31,Male,Lucknow,Xiaomi,Android,10.2,7.2,107.9,16,2.4,5773,4.0,3.6,597,Work
U15829,55,Female,Hyderabad,Apple,Android,11.6,23.6,74.5,113,4.1,4822,5.1,4.6,591,Gaming
U15830,53,Female,Pune,Realme,iOS,4.5,32.1,152.6,175,4.0,3697,5.4,4.3,1866,Social Media
U15831,39,Female,Ahmedabad,Apple,Android,2.5,25.0,275.8,57,3.2,1442,7.8,1.4,468,Social Media
U15832,59,Male,Jaipur,Samsung,iOS,11.4,2.6,110.7,132,1.1,2680,6.3,1.2,739,Social Media
U15833,50,Female,Lucknow,Nokia,iOS,3.8,8.9,181.2,10,1.3,6757,5.2,1.2,495,Social Media
U15834,59,Male,Pune,Google Pixel,iOS,4.2,24.2,41.4,42,1.1,4481,5.6,1.7,1940,Gaming
U15835,57,Other,Chennai,Realme,iOS,10.8,49.9,120.9,172,1.9,2909,7.1,4.9,1124,Entertainment
U15836,51,Female,Pune,Google Pixel,iOS,1.5,40.9,283.6,198,2.0,4314,4.5,0.8,669,Work
U15837,28,Male,Bangalore,OnePlus,iOS,11.2,4.5,193.4,79,5.8,6806,6.2,0.1,1210,Work
U15838,40,Female,Pune,Samsung,iOS,3.8,34.4,209.7,21,2.8,9428,6.9,3.6,670,Gaming
U15839,34,Male,Lucknow,Oppo,Android,11.4,27.9,241.4,59,4.7,8023,0.9,3.9,1267,Entertainment
U15840,44,Other,Mumbai,Vivo,Android,6.7,28.3,75.1,142,5.3,4503,0.6,3.3,379,Work
U15841,19,Male,Ahmedabad,OnePlus,Android,4.6,22.2,48.1,131,4.1,5403,5.3,1.5,680,Social Media
U15842,47,Male,Chennai,OnePlus,iOS,8.9,45.2,40.3,127,1.9,5250,3.8,3.1,997,Social Media
U15843,38,Male,Delhi,Apple,Android,7.9,42.3,93.0,49,2.2,3401,7.1,5.0,692,Gaming
U15844,38,Female,Jaipur,Motorola,Android,9.4,22.6,198.6,16,4.9,2591,7.6,2.6,1499,Entertainment
U15845,47,Female,Ahmedabad,Motorola,Android,9.2,5.9,67.2,95,5.7,8557,4.2,3.4,819,Gaming
U15846,40,Other,Chennai,Google Pixel,iOS,3.9,7.3,50.4,188,3.1,7970,5.4,2.3,1466,Entertainment
U15847,51,Female,Jaipur,Vivo,Android,7.9,19.9,87.5,24,1.4,6839,3.3,1.7,1918,Work
U15848,30,Other,Mumbai,OnePlus,Android,2.0,28.6,235.7,57,4.6,1884,3.3,3.2,855,Social Media
U15849,46,Other,Ahmedabad,Apple,iOS,9.1,41.7,199.3,75,5.5,5652,5.3,3.0,856,Education
U15850,24,Other,Delhi,Google Pixel,iOS,11.3,7.6,79.3,122,0.8,7467,7.8,1.2,381,Gaming
U15851,50,Male,Lucknow,Nokia,Android,1.9,45.2,182.9,78,2.6,1577,4.5,1.5,842,Social Media
U15852,19,Male,Mumbai,Realme,iOS,10.9,32.0,264.8,124,3.9,8474,5.3,4.6,1151,Gaming
U15853,32,Other,Ahmedabad,Vivo,Android,4.1,41.6,25.3,68,4.0,875,7.2,2.4,1467,Social Media
U15854,57,Female,Delhi,Apple,Android,5.6,40.9,238.0,22,5.7,7178,5.4,2.3,1003,Entertainment
U15855,37,Male,Chennai,Google Pixel,Android,8.9,31.3,39.4,20,5.0,4011,4.2,2.0,1218,Gaming
U15856,30,Male,Bangalore,Nokia,iOS,8.8,8.0,126.6,147,1.1,9700,0.9,0.8,435,Education
U15857,20,Male,Chennai,OnePlus,Android,3.0,35.8,160.4,136,5.3,2728,0.7,1.8,559,Work
U15858,30,Male,Pune,Xiaomi,iOS,8.6,15.1,224.4,109,3.2,8154,5.3,0.1,657,Entertainment
U15859,60,Female,Lucknow,Google Pixel,iOS,10.3,16.7,73.9,95,5.2,1292,7.7,1.2,1064,Entertainment
U15860,20,Female,Jaipur,Vivo,iOS,10.8,23.8,261.8,163,5.0,9613,7.0,1.3,461,Entertainment
U15861,27,Other,Bangalore,Apple,Android,10.9,5.1,105.9,51,2.6,3448,5.1,4.0,269,Gaming
U15862,55,Other,Pune,Motorola,iOS,11.0,8.7,8.7,123,0.8,5410,1.4,3.3,757,Entertainment
U15863,50,Male,Mumbai,Apple,iOS,10.5,37.3,117.6,17,5.3,7258,1.3,0.1,1836,Work
U15864,41,Other,Ahmedabad,Realme,iOS,9.6,27.5,211.4,34,3.7,5964,2.8,0.3,156,Gaming
U15865,38,Female,Chennai,Google Pixel,Android,2.2,22.8,125.3,90,3.7,856,3.2,1.1,565,Work
U15866,29,Female,Lucknow,Google Pixel,Android,4.7,28.3,257.1,88,5.3,6804,1.8,4.6,914,Entertainment
U15867,25,Other,Delhi,Motorola,Android,9.2,8.4,98.5,34,1.9,1540,5.3,1.2,1246,Social Media
U15868,58,Male,Bangalore,Apple,Android,9.4,46.3,63.9,81,3.9,8919,5.9,2.0,1637,Social Media
U15869,17,Male,Kolkata,Xiaomi,Android,4.7,34.3,101.2,17,2.7,8577,6.1,4.1,718,Social Media
U15870,18,Male,Hyderabad,Realme,iOS,11.8,10.9,166.3,93,5.6,2849,5.8,0.9,1856,Gaming
U15871,17,Male,Pune,Google Pixel,Android,7.8,22.8,15.9,190,2.0,4535,6.7,3.0,175,Education
U15872,46,Other,Pune,Nokia,iOS,10.8,1.7,44.7,150,5.1,5603,6.7,0.7,1357,Work
U15873,27,Other,Mumbai,Vivo,iOS,9.8,15.7,181.1,150,3.7,4257,7.5,0.4,429,Entertainment
U15874,32,Female,Lucknow,Samsung,iOS,5.2,9.1,216.7,54,2.4,3135,7.8,0.5,1606,Entertainment
U15875,41,Other,Mumbai,OnePlus,Android,9.0,42.0,77.5,76,1.0,9029,1.5,4.1,1956,Social Media
U15876,59,Female,Hyderabad,Apple,Android,1.2,25.9,132.3,82,4.2,1669,4.2,2.6,309,Education
U15877,51,Other,Pune,Nokia,Android,1.1,2.2,66.1,172,4.7,3965,7.7,0.4,915,Gaming
U15878,18,Other,Pune,OnePlus,Android,11.3,34.6,215.2,63,4.6,8906,3.9,3.8,673,Social Media
U15879,27,Female,Kolkata,Nokia,Android,6.5,28.9,17.3,62,6.0,1299,3.9,1.2,959,Gaming
U15880,40,Male,Mumbai,Xiaomi,Android,8.3,19.8,93.9,37,2.0,4430,5.1,0.8,507,Gaming
U15881,21,Other,Chennai,Vivo,Android,7.0,3.8,235.3,78,5.0,5023,2.7,4.5,121,Work
U15882,34,Other,Jaipur,Motorola,iOS,11.4,49.7,136.6,165,4.2,3244,1.1,1.6,134,Gaming
U15883,56,Other,Kolkata,Samsung,iOS,5.2,4.7,51.4,81,2.5,5440,3.5,1.3,375,Entertainment
U15884,38,Female,Chennai,OnePlus,iOS,2.0,20.2,47.2,121,4.7,4152,1.6,4.5,1148,Entertainment
U15885,25,Female,Pune,OnePlus,iOS,11.7,8.6,282.4,131,3.8,1664,3.9,4.5,1969,Work
U15886,57,Female,Mumbai,Oppo,Android,1.6,4.2,64.1,136,3.5,5287,3.3,1.1,765,Entertainment
U15887,31,Male,Ahmedabad,Xiaomi,Android,4.2,21.1,103.4,61,5.4,8184,7.3,2.2,529,Social Media
U15888,22,Female,Chennai,Samsung,iOS,4.7,47.4,104.2,187,5.1,3327,7.7,4.9,1837,Entertainment
U15889,26,Female,Hyderabad,Samsung,iOS,10.8,26.7,33.9,182,4.8,1965,6.7,0.6,1012,Gaming
U15890,32,Male,Kolkata,Xiaomi,Android,8.3,15.5,191.3,123,3.8,9187,2.3,4.7,218,Gaming
U15891,60,Other,Hyderabad,Oppo,iOS,7.8,47.8,109.7,114,2.8,4133,1.1,2.5,1561,Education
U15892,29,Female,Hyderabad,Vivo,Android,9.2,31.0,18.0,99,0.9,4139,6.9,2.9,576,Gaming
U15893,22,Female,Chennai,Realme,Android,8.9,45.5,11.5,138,4.2,6099,4.3,4.1,936,Work
U15894,34,Female,Bangalore,Xiaomi,Android,6.2,43.7,248.4,10,5.5,954,1.4,3.8,323,Social Media
U15895,50,Female,Delhi,Oppo,Android,10.2,13.3,104.3,118,5.4,2218,4.6,1.9,115,Education
U15896,43,Other,Kolkata,Apple,iOS,4.7,20.0,243.2,62,4.8,2769,3.6,2.9,1457,Education
U15897,58,Other,Delhi,Google Pixel,Android,7.9,42.4,83.6,63,1.3,4412,4.2,2.4,1982,Work
U15898,22,Female,Pune,Xiaomi,Android,9.0,23.4,284.9,147,1.4,1017,0.7,1.7,1368,Education
U15899,42,Female,Bangalore,Samsung,iOS,3.6,17.9,227.2,61,2.1,8584,2.9,1.4,457,Work
U15900,34,Other,Mumbai,Vivo,Android,11.9,49.3,71.5,195,1.1,1116,6.7,4.0,642,Social Media
U15901,54,Other,Kolkata,OnePlus,Android,2.9,31.8,254.4,199,0.8,2516,1.0,3.0,256,Social Media
U15902,52,Female,Pune,Vivo,iOS,2.9,23.0,155.2,78,2.2,6327,7.7,1.4,1479,Social Media
U15903,43,Male,Jaipur,Motorola,iOS,9.9,49.6,95.6,93,4.6,7797,3.7,3.8,1626,Gaming
U15904,16,Female,Chennai,Oppo,iOS,10.2,34.2,256.7,48,0.8,918,4.5,0.5,1995,Education
U15905,58,Other,Lucknow,Xiaomi,Android,2.4,45.9,61.1,61,2.2,3246,7.9,0.3,579,Social Media
U15906,46,Other,Chennai,Vivo,Android,4.3,13.6,74.8,96,1.5,3939,5.0,5.0,1972,Entertainment
U15907,46,Other,Chennai,Nokia,iOS,10.6,48.1,133.9,143,4.5,1127,7.0,3.9,1129,Work
U15908,24,Other,Pune,Motorola,Android,10.1,44.6,116.7,63,2.7,1977,6.2,2.1,1917,Social Media
U15909,44,Female,Jaipur,Realme,Android,4.7,2.4,138.6,172,3.9,7780,6.7,1.9,281,Work
U15910,21,Male,Pune,Google Pixel,Android,5.7,46.5,250.4,153,2.2,3597,1.4,1.5,165,Work
U15911,32,Male,Pune,Oppo,Android,9.2,20.7,74.7,88,1.8,6680,0.8,3.1,1290,Education
U15912,45,Female,Chennai,OnePlus,iOS,6.6,5.4,41.7,200,2.5,3939,6.5,3.8,1948,Entertainment
U15913,32,Male,Hyderabad,Nokia,iOS,3.9,40.1,90.2,199,5.9,2656,2.0,0.8,335,Social Media
U15914,54,Female,Ahmedabad,Vivo,iOS,10.7,11.5,37.3,142,4.6,6043,2.5,0.9,1683,Work
U15915,27,Other,Mumbai,Motorola,iOS,3.5,48.9,143.9,190,5.6,9316,3.8,1.9,300,Work
U15916,31,Female,Delhi,Motorola,iOS,8.0,23.1,113.7,141,5.7,3687,7.8,1.3,1928,Social Media
U15917,53,Other,Pune,Nokia,iOS,8.4,49.9,83.6,55,4.2,5854,4.5,4.6,1440,Gaming
U15918,20,Female,Bangalore,Nokia,Android,9.8,11.0,258.6,41,2.5,6352,5.8,2.3,742,Education
U15919,36,Male,Bangalore,Google Pixel,iOS,6.9,18.3,249.1,130,1.9,1233,0.5,0.8,1931,Gaming
U15920,45,Other,Pune,Nokia,iOS,10.2,49.8,41.6,50,2.2,8931,2.0,2.1,708,Entertainment
U15921,36,Male,Jaipur,Motorola,Android,11.9,49.2,26.6,128,2.5,9191,2.6,2.4,227,Gaming
U15922,59,Male,Mumbai,Google Pixel,Android,8.8,7.9,187.9,79,4.2,2677,4.0,2.0,1699,Education
U15923,20,Other,Bangalore,Motorola,Android,7.5,24.8,139.7,194,3.3,6526,3.3,0.4,467,Gaming
U15924,49,Female,Lucknow,Oppo,Android,11.1,11.7,48.2,136,1.9,9407,4.4,3.5,452,Education
U15925,23,Other,Mumbai,Vivo,iOS,6.6,45.3,186.2,145,4.8,9628,3.7,3.8,1168,Social Media
U15926,23,Female,Bangalore,Vivo,Android,2.4,27.6,61.2,54,1.4,5558,2.2,2.1,1537,Gaming
U15927,44,Female,Ahmedabad,Realme,Android,11.6,41.5,28.7,182,2.1,3021,5.0,0.6,1053,Education
U15928,43,Other,Lucknow,Nokia,iOS,9.3,8.0,220.3,119,4.7,195,7.3,1.0,1548,Work
U15929,18,Male,Chennai,Apple,iOS,8.5,27.9,49.2,151,0.6,1755,0.5,1.5,1467,Education
U15930,27,Other,Chennai,Motorola,Android,1.3,48.0,150.4,191,2.2,4230,3.3,0.7,1159,Gaming
U15931,41,Other,Kolkata,Xiaomi,iOS,9.6,25.9,153.7,69,4.9,8081,0.6,3.5,1024,Gaming
U15932,17,Male,Delhi,Xiaomi,Android,10.6,30.5,298.3,99,4.1,7064,4.5,4.9,1684,Gaming
U15933,35,Male,Mumbai,Samsung,Android,5.4,19.9,110.8,129,2.0,1243,2.2,1.0,300,Gaming
U15934,45,Male,Lucknow,Nokia,Android,11.1,22.3,280.4,42,0.8,9321,3.0,1.7,727,Entertainment
U15935,22,Male,Bangalore,Realme,iOS,1.5,29.8,115.2,86,4.5,766,4.5,1.9,126,Education
U15936,44,Other,Bangalore,Oppo,iOS,2.1,20.7,62.0,84,3.5,4427,6.0,0.9,1054,Education
U15937,48,Male,Lucknow,Google Pixel,iOS,3.4,41.9,104.3,163,4.0,1469,2.7,1.5,631,Education
U15938,57,Other,Bangalore,Oppo,iOS,9.4,20.7,124.3,29,2.7,4789,3.8,0.2,881,Work
U15939,26,Other,Hyderabad,Google Pixel,Android,8.4,21.0,257.4,112,4.5,8175,1.4,3.6,1725,Education
U15940,50,Male,Pune,Nokia,iOS,2.1,46.1,86.5,25,4.6,9099,3.8,2.8,258,Work
U15941,44,Female,Ahmedabad,Vivo,iOS,6.0,9.3,48.7,27,4.3,8473,5.3,2.7,1701,Social Media
U15942,30,Other,Lucknow,Vivo,iOS,10.0,2.8,120.1,174,1.0,5159,3.7,2.5,1366,Social Media
U15943,35,Male,Lucknow,Vivo,iOS,11.0,31.8,225.5,198,3.9,9336,5.8,1.5,832,Entertainment
U15944,49,Female,Jaipur,Motorola,Android,11.1,1.6,12.7,51,3.0,9144,4.2,3.2,617,Entertainment
U15945,41,Other,Mumbai,Motorola,Android,11.8,10.3,103.1,78,2.5,6337,2.0,2.5,1121,Gaming
U15946,31,Male,Hyderabad,Apple,iOS,2.7,19.4,204.8,133,1.4,7601,3.1,3.2,1969,Social Media
U15947,39,Female,Lucknow,Realme,iOS,4.5,8.4,45.6,127,4.7,3468,4.6,4.3,400,Work
U15948,31,Other,Bangalore,Google Pixel,Android,8.9,5.6,254.7,47,3.6,7908,7.1,3.4,808,Work
U15949,25,Male,Kolkata,OnePlus,Android,11.5,17.2,149.2,147,3.2,2476,7.3,2.7,342,Social Media
U15950,46,Other,Mumbai,Google Pixel,iOS,1.6,10.2,195.7,25,3.1,9871,4.1,3.9,260,Education
U15951,54,Other,Jaipur,Xiaomi,iOS,4.4,29.1,179.5,64,2.1,3552,7.9,2.9,770,Education
U15952,30,Female,Chennai,Realme,Android,1.1,48.1,41.5,53,4.3,6714,6.2,4.1,843,Education
U15953,53,Other,Ahmedabad,Apple,Android,7.6,37.2,166.3,19,4.4,7310,6.7,0.7,1895,Work
U15954,28,Female,Ahmedabad,Realme,iOS,11.2,41.0,185.9,114,5.8,6405,6.2,4.7,1575,Social Media
U15955,30,Female,Chennai,Xiaomi,iOS,11.5,48.7,123.9,133,3.5,8899,1.6,1.0,547,Education
U15956,53,Female,Chennai,Nokia,Android,5.8,12.0,192.6,15,2.4,6139,2.7,3.1,1875,Education
U15957,37,Other,Chennai,Nokia,iOS,3.6,38.5,31.4,30,4.3,166,5.4,0.7,1921,Education
U15958,57,Male,Delhi,Google Pixel,Android,6.3,38.6,14.9,96,3.0,1902,3.9,2.8,1329,Social Media
U15959,27,Male,Jaipur,Vivo,iOS,11.5,16.5,283.2,181,2.8,1427,0.8,4.4,571,Work
U15960,38,Male,Chennai,Samsung,iOS,4.3,32.9,211.5,33,0.9,8901,2.8,3.3,519,Entertainment
U15961,37,Male,Jaipur,Vivo,iOS,10.4,36.0,35.8,142,1.0,6256,6.5,4.9,1978,Education
U15962,57,Male,Bangalore,Xiaomi,Android,8.2,14.7,27.4,68,1.6,1929,7.9,4.6,1709,Social Media
U15963,41,Other,Mumbai,Samsung,Android,3.8,20.2,149.6,168,0.7,7720,4.2,1.0,1542,Gaming
U15964,40,Female,Kolkata,Samsung,Android,10.5,25.3,165.0,84,3.1,2934,1.3,4.3,1885,Education
U15965,53,Female,Bangalore,Google Pixel,iOS,3.6,6.9,143.2,31,3.3,7134,5.1,3.1,182,Social Media
U15966,20,Female,Hyderabad,Nokia,Android,1.3,35.5,136.8,16,4.7,1642,5.4,4.3,243,Gaming
U15967,47,Female,Mumbai,Oppo,Android,7.6,46.1,154.4,169,0.9,548,7.8,0.3,576,Gaming
U15968,38,Other,Ahmedabad,Vivo,Android,2.1,5.0,257.4,84,3.0,7473,2.8,0.3,736,Work
U15969,60,Female,Pune,Samsung,iOS,1.5,10.9,59.1,72,3.1,6259,7.8,0.1,1323,Work
U15970,37,Other,Lucknow,Oppo,Android,3.8,13.6,282.6,119,4.9,7113,4.9,2.0,1978,Education
U15971,17,Male,Lucknow,Xiaomi,Android,2.9,1.4,285.6,65,5.1,176,0.6,4.6,466,Entertainment
U15972,48,Female,Kolkata,Realme,iOS,9.0,24.4,31.2,88,3.5,6004,5.2,3.4,573,Gaming
U15973,23,Other,Bangalore,Oppo,Android,3.7,7.8,95.7,136,1.1,4969,7.5,0.4,1837,Social Media
U15974,33,Other,Ahmedabad,Oppo,Android,5.7,1.5,99.7,51,3.0,1768,7.6,2.5,926,Work
U15975,26,Female,Ahmedabad,Apple,Android,4.3,46.7,82.0,59,5.2,9845,6.4,0.8,736,Education
U15976,18,Female,Jaipur,Google Pixel,iOS,1.7,5.7,68.0,78,5.5,7796,6.7,1.8,913,Gaming
U15977,48,Female,Pune,OnePlus,Android,7.7,26.6,102.3,54,2.2,3924,1.0,3.1,490,Social Media
U15978,25,Female,Hyderabad,Oppo,Android,2.5,29.8,16.4,196,3.4,3909,2.5,5.0,869,Education
U15979,50,Male,Delhi,Google Pixel,iOS,6.4,20.1,271.7,65,4.5,3270,2.8,0.8,282,Gaming
U15980,31,Female,Ahmedabad,Samsung,Android,5.6,20.5,295.6,25,1.2,393,1.4,2.9,1698,Social Media
U15981,33,Male,Lucknow,Apple,iOS,2.6,38.4,218.3,82,1.4,1033,3.8,4.8,1155,Gaming
U15982,43,Other,Jaipur,Nokia,Android,10.4,26.8,271.1,175,4.2,8924,2.0,3.8,1368,Education
U15983,26,Male,Pune,Xiaomi,iOS,1.3,5.8,77.7,198,5.0,8457,5.0,1.4,1129,Gaming
U15984,55,Female,Pune,Samsung,Android,9.8,33.3,173.4,52,3.9,5415,2.5,1.3,712,Education
U15985,40,Male,Lucknow,Samsung,iOS,9.5,10.2,158.9,88,3.3,8265,3.6,4.4,1202,Work
U15986,36,Other,Bangalore,Vivo,Android,3.0,13.9,298.5,126,1.8,9040,0.7,1.9,1050,Social Media
U15987,37,Female,Jaipur,Vivo,iOS,4.9,19.3,85.5,87,5.0,2741,4.6,3.6,880,Entertainment
U15988,49,Other,Pune,Xiaomi,Android,8.9,16.5,213.5,51,3.5,6300,4.1,2.4,597,Social Media
U15989,23,Female,Bangalore,Google Pixel,iOS,8.7,6.4,197.3,58,0.8,582,6.3,3.0,857,Gaming
U15990,17,Other,Kolkata,Apple,Android,3.0,11.6,9.2,35,4.8,8131,7.5,0.4,1234,Gaming
U15991,26,Female,Kolkata,Apple,Android,9.4,26.2,178.0,137,1.0,1416,4.3,1.7,637,Gaming
U15992,32,Other,Jaipur,Samsung,Android,4.8,14.9,86.8,135,2.1,2111,0.9,2.6,1897,Gaming
U15993,24,Female,Kolkata,Oppo,Android,7.7,18.6,185.6,68,6.0,1740,1.6,4.7,648,Social Media
U15994,57,Other,Mumbai,Google Pixel,iOS,1.6,1.8,91.6,104,0.9,1544,3.3,1.1,971,Entertainment
U15995,54,Female,Kolkata,Motorola,iOS,7.0,2.7,128.8,58,3.8,3325,7.2,3.3,234,Education
U15996,46,Other,Delhi,Oppo,iOS,1.7,13.9,216.9,111,3.3,6495,5.5,1.8,623,Social Media
U15997,38,Male,Jaipur,Xiaomi,Android,10.2,20.9,243.0,143,3.1,993,7.1,0.9,1734,Social Media
U15998,42,Male,Bangalore,Motorola,Android,2.5,18.2,153.6,195,3.8,9297,3.6,2.9,766,Gaming
U15999,34,Other,Delhi,Vivo,iOS,4.3,46.5,120.2,147,5.3,4552,6.8,0.2,1038,Social Media
U16000,52,Male,Mumbai,Google Pixel,iOS,12.0,25.6,30.1,98,5.0,786,1.8,3.4,1084,Gaming
U16001,48,Male,Delhi,Apple,iOS,1.2,35.8,289.5,120,3.0,3455,3.8,4.9,1961,Social Media
U16002,53,Female,Kolkata,Xiaomi,iOS,10.0,2.5,141.9,51,1.0,8165,3.5,4.2,1263,Education
U16003,44,Male,Chennai,Realme,Android,9.2,1.3,238.7,131,1.7,3196,1.6,3.2,668,Work
U16004,41,Male,Kolkata,Samsung,iOS,3.2,17.4,207.3,175,3.2,930,0.6,3.9,1973,Gaming
U16005,47,Male,Chennai,Motorola,iOS,2.9,1.7,47.4,51,4.7,3864,5.1,3.3,1177,Social Media
U16006,41,Male,Ahmedabad,Vivo,Android,7.2,44.0,169.7,99,3.2,7766,1.7,4.8,1376,Social Media
U16007,41,Male,Hyderabad,OnePlus,Android,4.8,44.2,88.3,95,1.5,5528,3.5,1.6,1046,Gaming
U16008,42,Female,Kolkata,OnePlus,iOS,8.0,29.5,231.9,116,1.2,3179,5.9,2.5,1595,Work
U16009,56,Male,Lucknow,Apple,iOS,4.6,23.1,83.5,18,2.0,9352,5.5,0.4,1170,Entertainment
U16010,51,Female,Ahmedabad,Vivo,iOS,5.3,10.5,161.0,107,2.8,5918,5.2,0.6,1628,Entertainment
U16011,40,Male,Mumbai,Apple,Android,4.7,5.7,65.4,80,5.3,6504,1.8,3.1,1710,Gaming
U16012,59,Female,Kolkata,Vivo,Android,5.2,6.5,232.5,16,4.5,9295,3.7,1.0,1050,Entertainment
U16013,22,Female,Pune,OnePlus,Android,6.2,29.4,134.2,125,4.1,1425,6.9,4.1,256,Social Media
U16014,41,Male,Chennai,Google Pixel,Android,1.2,20.9,247.4,107,3.5,3033,1.8,1.7,717,Gaming
U16015,28,Female,Kolkata,Google Pixel,Android,1.0,14.0,249.5,44,1.7,4677,4.4,0.7,1085,Social Media
U16016,19,Other,Jaipur,Nokia,Android,11.6,2.2,86.1,190,1.3,6776,0.7,1.2,937,Education
U16017,41,Other,Lucknow,Xiaomi,Android,6.3,29.6,247.3,179,2.6,2911,5.6,1.4,1658,Gaming
U16018,36,Other,Ahmedabad,Samsung,iOS,1.5,13.3,167.7,50,4.5,3813,7.6,1.9,1611,Social Media
U16019,59,Other,Hyderabad,Motorola,Android,9.8,8.9,208.3,155,4.2,7353,1.5,5.0,1404,Gaming
U16020,57,Other,Kolkata,Oppo,Android,7.5,18.6,285.0,117,4.4,426,1.6,3.8,1571,Social Media
U16021,22,Other,Lucknow,Nokia,Android,5.0,37.7,220.2,55,2.9,4073,3.0,4.9,1565,Education
U16022,35,Other,Bangalore,Apple,Android,3.5,49.7,113.4,172,2.6,6615,6.4,1.7,770,Work
U16023,16,Other,Hyderabad,Oppo,Android,1.6,17.6,22.7,22,4.9,7853,8.0,1.4,1492,Work
U16024,36,Female,Delhi,Realme,Android,4.2,25.8,78.5,183,3.3,4522,6.4,4.6,1139,Entertainment
U16025,48,Male,Hyderabad,Realme,Android,2.8,35.1,174.8,156,2.3,1366,5.8,1.7,1865,Entertainment
U16026,27,Male,Pune,OnePlus,Android,7.2,7.5,199.4,100,4.2,2418,3.3,1.2,1069,Education
U16027,58,Male,Jaipur,OnePlus,Android,9.0,21.7,222.5,140,1.8,1598,6.5,0.5,181,Gaming
U16028,23,Female,Chennai,Oppo,Android,2.3,31.7,154.4,121,4.8,7660,6.4,0.7,1927,Work
U16029,49,Male,Kolkata,Google Pixel,iOS,6.4,17.9,119.0,150,2.8,1378,3.1,0.0,1481,Social Media
U16030,38,Male,Ahmedabad,Xiaomi,iOS,7.3,41.1,244.2,60,0.6,7734,5.8,1.7,777,Entertainment
U16031,37,Male,Kolkata,Google Pixel,iOS,11.7,33.2,183.9,195,1.0,1424,4.6,4.8,264,Gaming
U16032,27,Male,Chennai,Vivo,iOS,6.3,47.5,187.1,24,5.6,6217,6.3,0.8,1682,Gaming
U16033,23,Other,Kolkata,Nokia,Android,7.7,3.1,121.4,37,5.8,1805,4.5,2.0,1631,Entertainment
U16034,41,Male,Lucknow,Samsung,Android,8.1,7.6,198.4,30,5.8,185,0.6,4.5,1558,Education
U16035,54,Female,Lucknow,Motorola,Android,1.5,37.9,165.4,184,5.4,8730,4.5,4.0,918,Entertainment
U16036,16,Male,Pune,Apple,Android,6.2,29.4,41.5,144,3.3,2960,4.3,0.3,726,Education
U16037,19,Other,Ahmedabad,Realme,Android,9.3,16.2,107.8,193,5.2,175,7.5,4.5,1224,Education
U16038,19,Female,Chennai,Realme,Android,4.4,10.3,104.9,190,4.1,8782,5.0,1.2,756,Work
U16039,52,Other,Lucknow,Nokia,iOS,7.0,17.1,113.8,44,1.6,1895,4.2,3.1,660,Social Media
U16040,59,Other,Lucknow,Samsung,iOS,9.9,39.7,11.2,48,2.4,8980,7.8,1.9,1552,Entertainment
U16041,42,Female,Pune,Xiaomi,iOS,11.0,33.1,204.3,186,2.4,7671,2.8,3.1,777,Education
U16042,51,Other,Kolkata,Realme,iOS,1.4,1.4,134.5,136,1.0,4617,4.0,2.6,1693,Entertainment
U16043,20,Other,Mumbai,Realme,Android,5.8,5.7,102.6,72,4.4,3497,7.5,0.4,1981,Education
U16044,34,Male,Bangalore,Oppo,Android,11.1,39.8,26.4,126,5.1,7577,3.3,1.7,1053,Education
U16045,37,Male,Jaipur,Xiaomi,Android,11.8,34.0,278.3,200,2.9,156,5.1,1.7,1767,Social Media
U16046,33,Male,Ahmedabad,Xiaomi,Android,3.7,3.0,50.5,59,5.3,4058,0.6,2.9,1888,Gaming
U16047,38,Other,Mumbai,Samsung,Android,6.8,5.2,261.2,81,1.1,3269,4.2,0.6,1851,Entertainment
U16048,17,Other,Delhi,Apple,Android,9.1,21.9,58.7,175,3.4,3051,6.3,4.2,502,Entertainment
U16049,24,Male,Kolkata,Motorola,Android,9.5,28.1,31.7,158,1.1,3283,4.8,4.6,1338,Gaming
U16050,54,Female,Chennai,Oppo,Android,1.7,45.8,148.6,145,5.6,7409,3.1,0.5,861,Work
U16051,17,Male,Kolkata,Motorola,Android,10.5,7.5,170.5,163,1.1,1369,0.8,0.5,1069,Social Media
U16052,53,Other,Kolkata,Vivo,Android,11.6,26.9,71.1,120,1.0,1293,5.4,1.5,1979,Entertainment
U16053,39,Male,Pune,OnePlus,iOS,6.8,8.9,196.4,108,1.8,8391,6.7,0.7,1835,Education
U16054,26,Male,Mumbai,Apple,Android,2.6,4.9,136.6,54,3.4,7478,6.3,4.7,1161,Gaming
U16055,45,Male,Lucknow,Vivo,Android,8.1,30.4,164.5,162,1.9,2282,0.7,4.7,1193,Social Media
U16056,57,Female,Delhi,Vivo,iOS,5.8,5.8,134.2,180,5.6,9545,4.0,2.7,995,Work
U16057,16,Male,Ahmedabad,Vivo,Android,9.5,23.4,50.6,162,2.0,1995,2.1,2.9,754,Gaming
U16058,57,Female,Ahmedabad,Motorola,Android,8.9,28.8,149.0,107,5.6,3040,5.6,3.9,1975,Work
U16059,45,Other,Chennai,Nokia,Android,10.4,42.0,81.6,196,2.0,886,1.1,2.8,512,Work
U16060,38,Male,Pune,Google Pixel,Android,1.7,23.4,192.0,75,4.1,2194,6.3,0.2,1223,Work
U16061,41,Male,Hyderabad,Vivo,iOS,2.7,17.5,128.0,189,4.8,2369,1.0,2.6,1453,Work
U16062,19,Male,Ahmedabad,Samsung,Android,9.8,16.8,281.3,167,1.6,6162,5.4,2.9,1255,Work
U16063,52,Other,Jaipur,Nokia,Android,5.5,42.6,25.5,172,5.2,5724,5.3,0.7,465,Gaming
U16064,17,Other,Lucknow,Vivo,iOS,4.3,26.7,85.7,117,3.7,3859,5.6,0.4,380,Gaming
U16065,30,Other,Chennai,Nokia,iOS,10.1,6.4,246.8,187,2.0,6245,3.7,1.5,247,Gaming
U16066,28,Female,Kolkata,Samsung,iOS,2.4,40.2,141.8,127,4.0,8758,7.2,2.6,1254,Work
U16067,28,Female,Delhi,Oppo,iOS,2.2,18.0,166.9,80,1.1,6568,0.8,0.2,119,Social Media
U16068,27,Male,Jaipur,Samsung,iOS,1.6,29.2,239.1,116,4.6,6722,0.7,4.6,1082,Work
U16069,33,Other,Pune,Xiaomi,Android,5.0,34.6,158.5,94,4.4,4407,2.1,4.9,1411,Education
U16070,42,Male,Chennai,Xiaomi,iOS,10.0,10.2,215.9,74,5.8,9256,3.9,3.3,375,Work
U16071,21,Other,Hyderabad,OnePlus,iOS,5.9,6.0,71.0,100,2.6,109,7.5,2.3,522,Education
U16072,21,Female,Lucknow,Oppo,Android,2.5,43.5,122.9,10,3.2,896,1.8,4.9,1295,Gaming
U16073,47,Male,Lucknow,OnePlus,Android,4.3,31.0,247.3,85,5.2,7020,2.9,1.7,1624,Work
U16074,17,Male,Bangalore,Apple,Android,1.1,37.3,113.4,93,4.6,9448,7.3,3.4,1495,Gaming
U16075,53,Other,Jaipur,Apple,Android,12.0,15.8,296.2,61,4.3,4092,2.2,1.5,1020,Social Media
U16076,31,Female,Lucknow,OnePlus,Android,2.3,5.9,285.9,30,2.3,1715,3.8,2.1,1746,Work
U16077,26,Other,Bangalore,Apple,Android,11.9,10.2,42.4,23,4.1,3752,5.0,3.3,912,Work
U16078,40,Other,Hyderabad,Motorola,Android,2.4,3.9,47.9,127,4.9,2441,6.4,0.9,1719,Work
U16079,60,Female,Kolkata,OnePlus,iOS,8.6,37.2,114.0,71,1.0,1929,4.1,2.6,136,Gaming
U16080,50,Female,Ahmedabad,Xiaomi,Android,8.4,48.7,18.0,86,4.8,4087,5.6,3.3,543,Education
U16081,39,Male,Pune,Oppo,Android,3.4,26.8,191.4,64,1.0,4662,3.7,3.2,1947,Education
U16082,21,Male,Jaipur,Google Pixel,iOS,10.2,37.6,120.8,78,2.7,4447,3.8,1.5,1883,Education
U16083,56,Male,Hyderabad,Apple,Android,11.5,40.7,34.4,189,0.6,8686,3.0,1.8,1888,Education
U16084,51,Female,Lucknow,Samsung,Android,10.2,11.3,75.2,62,3.0,4572,7.2,1.2,862,Gaming
U16085,51,Female,Lucknow,Google Pixel,iOS,5.2,30.4,62.1,161,4.2,7159,6.7,5.0,1289,Education
U16086,47,Other,Kolkata,OnePlus,Android,9.8,12.3,84.6,56,2.7,7158,7.1,1.8,1299,Social Media
U16087,25,Other,Lucknow,Apple,iOS,10.1,30.3,54.5,17,5.8,1567,5.5,3.4,1999,Social Media
U16088,20,Male,Jaipur,Apple,Android,11.1,6.5,90.6,112,2.4,9498,0.6,3.1,107,Social Media
U16089,26,Female,Hyderabad,Xiaomi,Android,1.6,16.9,254.5,97,5.9,7421,6.2,3.4,1882,Education
U16090,23,Male,Ahmedabad,Oppo,Android,2.7,46.2,151.1,75,5.7,6478,5.0,4.9,258,Education
U16091,17,Female,Jaipur,Vivo,Android,1.0,14.1,229.8,81,5.2,2812,1.1,0.4,1688,Gaming
U16092,36,Other,Delhi,OnePlus,Android,8.4,23.4,53.5,181,3.8,4540,1.5,2.3,1057,Gaming
U16093,28,Male,Lucknow,Apple,iOS,11.8,28.1,252.9,33,5.4,4036,4.3,3.0,1315,Work
U16094,49,Male,Delhi,OnePlus,Android,2.4,49.0,207.9,166,0.6,7888,6.4,3.8,504,Social Media
U16095,59,Female,Chennai,Motorola,Android,8.5,47.3,140.8,20,2.5,7018,2.9,1.1,1590,Social Media
U16096,46,Male,Pune,Apple,Android,8.8,11.4,136.3,56,3.3,9515,6.0,4.5,450,Entertainment
U16097,17,Male,Delhi,Apple,Android,10.6,40.0,241.5,67,4.8,7836,2.1,4.5,738,Gaming
U16098,40,Female,Mumbai,Motorola,iOS,3.8,8.2,186.8,71,5.3,6462,2.9,2.7,1347,Gaming
U16099,15,Other,Kolkata,Google Pixel,Android,5.3,36.8,217.0,75,4.4,2754,5.8,5.0,1112,Entertainment
U16100,46,Female,Bangalore,OnePlus,Android,6.1,3.0,110.7,87,1.6,1082,7.1,3.4,957,Education
U16101,37,Male,Jaipur,Google Pixel,Android,3.3,29.0,277.7,99,0.9,2284,7.9,0.9,1355,Entertainment
U16102,22,Male,Pune,Nokia,Android,7.4,2.1,130.6,15,0.5,1847,2.3,5.0,350,Education
U16103,46,Male,Jaipur,Oppo,Android,1.8,14.9,245.4,179,1.1,7924,3.0,1.2,1887,Entertainment
U16104,21,Other,Delhi,Vivo,iOS,3.3,37.4,242.1,10,4.2,6723,5.6,1.9,861,Gaming
U16105,15,Female,Delhi,Google Pixel,iOS,7.5,19.4,69.5,171,3.0,4269,6.9,4.6,547,Work
U16106,50,Other,Chennai,Realme,iOS,2.0,45.0,90.5,83,3.5,3510,3.9,0.1,1408,Gaming
U16107,20,Female,Bangalore,Realme,iOS,8.1,39.1,263.5,99,3.7,2203,1.7,1.3,1249,Gaming
U16108,28,Female,Pune,Vivo,Android,10.4,33.4,72.4,95,4.9,2047,7.6,2.3,1895,Work
U16109,47,Male,Delhi,Samsung,Android,4.3,15.2,127.0,12,2.5,5709,7.2,0.1,1128,Social Media
U16110,27,Other,Hyderabad,Xiaomi,Android,8.8,27.0,173.4,126,4.7,4243,7.2,3.7,1270,Social Media
U16111,54,Male,Delhi,Vivo,Android,11.5,3.0,19.8,183,4.5,8310,2.1,2.5,1720,Work
U16112,49,Other,Jaipur,Vivo,Android,3.6,44.6,185.6,73,2.1,9448,2.1,3.4,1945,Entertainment
U16113,48,Female,Kolkata,Realme,Android,6.8,25.1,5.4,70,4.5,4342,2.5,0.9,1565,Entertainment
U16114,38,Female,Hyderabad,Motorola,iOS,2.1,3.0,196.0,160,3.6,8359,0.8,4.8,1391,Gaming
U16115,20,Male,Lucknow,Motorola,iOS,5.0,29.8,66.3,190,2.7,7048,6.7,2.4,1069,Gaming
U16116,51,Female,Hyderabad,Oppo,Android,8.9,20.8,194.9,145,5.2,2498,3.2,2.6,1274,Gaming
U16117,30,Male,Lucknow,Vivo,iOS,11.8,12.0,255.1,57,5.5,5264,6.0,3.6,1680,Gaming
U16118,46,Female,Jaipur,Samsung,Android,5.5,12.2,57.2,72,4.6,4084,1.1,0.9,598,Social Media
U16119,58,Female,Chennai,Oppo,iOS,4.9,22.4,223.3,135,5.6,8556,0.8,2.4,650,Social Media
U16120,43,Other,Pune,Google Pixel,iOS,3.0,41.4,24.3,99,1.4,9840,3.2,2.8,721,Gaming
U16121,18,Female,Bangalore,Samsung,iOS,9.4,8.4,26.0,175,4.9,3540,6.6,3.3,1720,Entertainment
U16122,21,Female,Mumbai,Oppo,Android,2.3,32.9,241.2,167,4.4,3376,7.4,2.6,495,Social Media
U16123,31,Other,Bangalore,Motorola,Android,11.9,41.9,6.2,13,1.5,3550,3.4,2.6,1721,Gaming
U16124,32,Other,Bangalore,Oppo,Android,11.9,48.0,251.7,53,4.7,4671,0.8,0.9,678,Entertainment
U16125,49,Other,Bangalore,Realme,Android,9.3,29.8,77.3,75,3.7,397,5.9,0.8,941,Gaming
U16126,16,Male,Lucknow,Motorola,Android,6.2,18.3,247.9,43,4.9,1300,6.5,4.5,108,Work
U16127,42,Other,Hyderabad,Nokia,iOS,3.4,15.3,71.7,102,1.6,4597,3.4,0.8,191,Entertainment
U16128,35,Other,Ahmedabad,Motorola,iOS,2.2,7.7,171.1,55,2.1,124,6.2,0.5,1018,Education
U16129,19,Male,Chennai,OnePlus,Android,4.3,41.4,157.8,44,2.3,1622,5.4,4.6,1310,Work
U16130,25,Other,Jaipur,Realme,iOS,10.6,29.6,139.3,52,5.3,6279,4.6,3.9,1567,Gaming
U16131,42,Other,Lucknow,Vivo,iOS,7.8,21.7,180.2,129,4.5,7162,2.9,4.0,805,Gaming
U16132,20,Female,Hyderabad,Realme,Android,6.4,46.9,71.4,96,2.2,8821,5.5,4.7,1593,Gaming
U16133,35,Female,Ahmedabad,Samsung,iOS,4.4,19.3,249.2,150,2.9,9352,4.5,0.5,1094,Education
U16134,20,Female,Mumbai,Apple,Android,5.9,9.6,207.1,175,0.7,5556,3.8,1.8,1311,Work
U16135,39,Other,Bangalore,OnePlus,Android,3.9,13.4,17.3,76,4.8,3478,7.6,2.3,1174,Education
U16136,48,Male,Hyderabad,Nokia,Android,2.9,17.8,197.6,190,4.7,5670,5.9,1.6,724,Work
U16137,18,Female,Delhi,Oppo,iOS,6.9,45.4,63.0,66,2.5,502,7.0,4.2,1601,Education
U16138,50,Female,Delhi,OnePlus,iOS,1.8,14.2,208.9,24,1.1,499,2.3,2.8,605,Social Media
U16139,26,Female,Ahmedabad,Oppo,Android,4.2,10.2,223.1,73,4.2,6770,2.2,0.2,616,Education
U16140,31,Other,Pune,Nokia,iOS,4.1,13.7,194.3,157,1.6,6766,5.6,3.6,1534,Work
U16141,46,Male,Mumbai,Motorola,iOS,10.1,21.5,42.9,191,5.5,5842,4.5,3.9,435,Social Media
U16142,44,Male,Pune,Xiaomi,Android,5.7,8.2,109.8,170,5.4,4583,3.3,0.2,1792,Gaming
U16143,36,Female,Pune,Google Pixel,iOS,11.7,3.4,190.5,71,0.6,5159,6.6,1.1,277,Entertainment
U16144,27,Other,Lucknow,Realme,iOS,1.5,12.3,162.3,174,4.0,8519,7.8,4.9,1694,Social Media
U16145,30,Male,Hyderabad,Samsung,Android,3.2,31.2,92.2,65,5.6,9490,6.3,4.9,267,Work
U16146,23,Female,Lucknow,Oppo,iOS,2.8,1.8,142.0,82,0.9,5089,7.6,3.0,1261,Entertainment
U16147,53,Female,Chennai,Samsung,Android,9.7,26.8,261.1,171,2.0,2838,6.6,4.5,1461,Social Media
U16148,15,Female,Chennai,Xiaomi,iOS,10.2,28.2,205.5,23,5.0,535,5.8,0.5,1828,Work
U16149,25,Male,Ahmedabad,Motorola,iOS,3.0,48.4,89.8,109,4.5,2457,2.1,1.8,478,Education
U16150,31,Male,Ahmedabad,Vivo,Android,10.7,48.8,10.6,34,2.1,6378,3.6,2.8,361,Entertainment
U16151,19,Female,Bangalore,Vivo,iOS,7.4,9.0,190.3,104,3.8,8897,7.0,4.0,921,Gaming
U16152,15,Female,Chennai,OnePlus,iOS,3.0,33.4,289.9,60,1.4,7281,2.0,1.2,131,Education
U16153,56,Female,Bangalore,Samsung,Android,11.3,23.3,166.7,144,4.3,6443,2.8,2.3,1044,Work
U16154,20,Male,Kolkata,Xiaomi,iOS,9.6,28.4,32.1,124,4.3,4260,2.3,4.9,341,Social Media
U16155,59,Female,Ahmedabad,Motorola,iOS,11.7,33.6,275.9,200,2.9,9060,6.7,1.7,1657,Entertainment
U16156,33,Other,Ahmedabad,Apple,iOS,10.7,5.7,281.6,33,2.8,8891,4.1,3.2,546,Social Media
U16157,51,Male,Delhi,Google Pixel,iOS,6.5,36.9,265.6,89,3.9,8996,2.6,3.0,364,Social Media
U16158,37,Other,Hyderabad,Nokia,iOS,1.2,49.3,156.6,83,2.4,9543,1.6,1.6,857,Entertainment
U16159,28,Male,Jaipur,Motorola,iOS,1.4,24.5,75.2,130,2.0,9890,7.5,3.8,1460,Work
U16160,38,Male,Pune,Oppo,iOS,8.9,28.2,177.9,72,5.8,2144,2.9,3.9,382,Entertainment
U16161,41,Female,Ahmedabad,Oppo,iOS,11.0,13.2,158.3,87,3.1,3422,2.4,0.3,1871,Education
U16162,16,Other,Mumbai,Apple,iOS,6.2,11.0,256.1,184,4.7,4274,3.3,4.3,236,Education
U16163,42,Male,Bangalore,Realme,Android,10.6,12.4,94.4,21,5.3,7644,1.2,2.0,1526,Social Media
U16164,17,Female,Hyderabad,Google Pixel,Android,3.5,5.9,119.2,16,5.2,1303,5.9,0.9,572,Entertainment
U16165,37,Female,Lucknow,Xiaomi,Android,5.8,15.7,12.9,100,5.9,7838,3.0,3.2,630,Social Media
U16166,21,Other,Pune,Vivo,iOS,1.8,1.1,275.0,197,5.4,9856,6.8,2.8,862,Education
U16167,34,Male,Mumbai,Nokia,iOS,4.1,27.3,14.1,18,4.3,4040,2.5,1.9,302,Education
U16168,34,Male,Delhi,Nokia,iOS,7.2,35.5,36.7,200,1.4,2781,2.7,1.1,956,Social Media
U16169,46,Female,Ahmedabad,Samsung,Android,1.1,45.7,86.4,100,3.0,9501,4.9,3.1,1784,Work
U16170,43,Male,Ahmedabad,Motorola,Android,4.4,47.0,104.5,38,0.9,3333,3.9,2.9,124,Entertainment
U16171,45,Other,Jaipur,Xiaomi,iOS,2.3,23.9,289.5,73,4.4,2115,3.0,2.7,671,Gaming
U16172,46,Male,Lucknow,Apple,iOS,3.5,7.3,175.3,48,3.2,1454,2.1,0.2,1647,Social Media
U16173,35,Other,Pune,Xiaomi,iOS,1.8,24.9,87.1,115,1.4,4519,3.1,0.7,309,Education
U16174,52,Other,Kolkata,OnePlus,Android,2.4,22.6,207.9,51,4.2,7554,7.5,4.4,505,Work
U16175,57,Male,Kolkata,Motorola,iOS,5.4,30.3,36.6,92,4.5,3543,5.8,1.4,381,Work
U16176,51,Male,Hyderabad,Vivo,iOS,6.2,44.9,215.7,47,3.6,5531,3.8,1.9,718,Education
U16177,30,Female,Delhi,Nokia,Android,1.0,30.6,197.7,103,2.3,9195,1.4,0.5,538,Social Media
U16178,46,Other,Lucknow,OnePlus,iOS,4.4,24.9,276.5,67,2.0,4917,7.2,5.0,1769,Gaming
U16179,45,Other,Chennai,OnePlus,Android,11.3,14.3,175.4,127,3.2,5680,6.1,2.7,1293,Work
U16180,26,Female,Chennai,Samsung,iOS,9.8,41.1,288.5,35,2.1,8631,6.6,0.5,1534,Work
U16181,47,Male,Jaipur,Motorola,Android,8.9,17.9,142.6,124,4.8,995,6.8,0.9,344,Education
U16182,45,Male,Chennai,Nokia,iOS,9.5,33.6,108.8,124,2.0,7301,3.2,0.6,300,Social Media
U16183,15,Female,Mumbai,Google Pixel,Android,2.0,39.6,27.8,41,5.6,9551,1.7,4.3,1476,Gaming
U16184,54,Female,Lucknow,Oppo,Android,2.2,42.5,271.6,163,5.3,1290,5.9,4.1,362,Social Media
U16185,60,Female,Delhi,Apple,Android,6.1,26.3,86.8,124,3.1,7857,3.1,4.5,554,Gaming
U16186,21,Male,Bangalore,Oppo,Android,10.2,9.8,278.1,119,1.8,6921,0.7,4.0,281,Entertainment
U16187,52,Male,Ahmedabad,Nokia,iOS,6.0,47.4,20.7,22,4.2,2821,3.5,2.6,1239,Work
U16188,24,Other,Hyderabad,Xiaomi,Android,10.0,40.1,156.3,172,0.6,3600,6.5,4.6,1348,Entertainment
U16189,44,Male,Kolkata,Motorola,iOS,10.9,3.9,21.7,140,2.7,2500,0.8,0.2,448,Work
U16190,19,Male,Jaipur,Vivo,Android,1.5,23.4,23.8,15,4.4,8588,7.7,1.9,1003,Work
U16191,48,Male,Ahmedabad,Samsung,iOS,7.2,4.3,258.3,119,1.6,6634,2.6,4.3,1281,Gaming
U16192,55,Female,Mumbai,Google Pixel,iOS,3.8,39.4,141.9,196,1.3,4009,2.9,4.0,952,Entertainment
U16193,51,Male,Kolkata,Nokia,Android,6.6,36.9,16.4,122,2.3,7214,7.1,2.1,146,Work
U16194,47,Male,Delhi,Motorola,iOS,4.7,28.8,79.5,21,1.4,5935,1.3,1.3,379,Social Media
U16195,34,Other,Bangalore,Vivo,Android,4.7,11.4,231.2,113,0.5,292,2.7,1.5,1406,Entertainment
U16196,22,Other,Ahmedabad,OnePlus,iOS,7.6,3.4,64.1,42,1.1,8488,6.4,1.3,1701,Gaming
U16197,44,Female,Delhi,Samsung,Android,6.8,20.6,291.6,71,1.4,2663,5.7,1.7,410,Social Media
U16198,35,Female,Pune,Vivo,iOS,7.7,30.2,223.5,101,1.1,3213,4.8,4.4,472,Work
U16199,22,Male,Hyderabad,Oppo,iOS,2.5,26.1,94.1,157,5.7,1426,1.0,2.8,1364,Social Media
U16200,19,Other,Pune,Nokia,Android,8.0,46.0,62.9,199,2.3,337,4.2,1.7,1432,Work
U16201,57,Female,Jaipur,Vivo,Android,8.9,27.4,83.0,134,2.6,9766,6.0,2.2,1825,Gaming
U16202,52,Other,Delhi,Motorola,Android,8.2,33.6,96.7,184,0.6,3623,2.6,2.2,1650,Entertainment
U16203,57,Male,Jaipur,OnePlus,iOS,5.9,39.6,199.9,142,5.4,8206,0.7,1.8,422,Social Media
U16204,38,Female,Bangalore,OnePlus,iOS,4.5,32.8,182.3,144,1.7,502,2.0,0.3,1826,Work
U16205,24,Male,Jaipur,Google Pixel,iOS,9.3,10.7,66.5,166,2.0,6039,1.6,3.5,1950,Education
U16206,49,Other,Chennai,Motorola,iOS,8.6,6.4,54.7,112,4.3,3996,0.7,3.8,523,Gaming
U16207,56,Female,Mumbai,Motorola,iOS,11.0,28.9,146.9,146,2.9,6065,2.0,1.3,197,Entertainment
U16208,28,Female,Hyderabad,Xiaomi,iOS,8.8,15.5,86.3,73,3.1,5233,3.7,2.8,845,Work
U16209,17,Male,Kolkata,Vivo,Android,1.1,33.9,248.0,136,3.3,7759,1.0,1.5,234,Entertainment
U16210,25,Other,Mumbai,Google Pixel,Android,9.5,31.5,270.7,179,4.9,6810,3.5,4.0,1466,Education
U16211,47,Other,Jaipur,Oppo,iOS,7.0,29.2,214.6,87,4.1,5037,5.8,1.9,987,Social Media
U16212,17,Female,Hyderabad,Motorola,iOS,11.3,9.8,24.5,48,0.5,2866,7.7,4.0,1520,Gaming
U16213,39,Male,Chennai,Google Pixel,iOS,7.5,48.2,24.2,142,2.1,8121,7.7,0.3,1933,Social Media
U16214,37,Other,Jaipur,Vivo,Android,4.3,49.8,50.3,44,2.9,4017,7.3,4.3,586,Social Media
U16215,54,Other,Pune,Oppo,Android,9.4,12.5,258.0,20,4.3,6574,5.3,0.7,1018,Gaming
U16216,39,Female,Chennai,OnePlus,iOS,2.5,29.3,235.1,157,2.4,2840,4.6,1.6,249,Education
U16217,58,Female,Ahmedabad,Samsung,iOS,5.6,43.5,293.2,90,0.8,5249,7.1,3.3,723,Social Media
U16218,45,Male,Kolkata,Apple,Android,7.1,34.2,213.7,72,3.8,4822,5.8,1.1,550,Entertainment
U16219,38,Female,Ahmedabad,Samsung,Android,2.0,49.1,87.5,115,0.8,4387,3.1,2.9,522,Education
U16220,37,Female,Bangalore,Oppo,Android,10.2,8.3,46.9,175,4.0,4084,2.4,3.4,879,Social Media
U16221,33,Other,Bangalore,Motorola,Android,4.8,22.0,42.4,152,4.1,8652,3.6,2.5,517,Work
U16222,31,Male,Chennai,Vivo,iOS,9.7,3.8,218.4,167,1.6,8619,2.9,4.3,264,Entertainment
U16223,40,Male,Hyderabad,Nokia,Android,9.4,49.1,18.3,84,2.3,5280,3.0,3.7,139,Social Media
U16224,55,Other,Ahmedabad,Xiaomi,Android,7.1,15.1,283.2,77,0.7,4413,1.4,1.3,961,Work
U16225,21,Male,Kolkata,Vivo,Android,8.8,43.7,23.0,199,5.5,6685,3.8,3.4,358,Social Media
U16226,50,Male,Bangalore,Realme,iOS,10.8,38.7,53.7,106,2.8,4001,2.2,4.4,274,Entertainment
U16227,34,Other,Chennai,Samsung,Android,3.6,38.6,186.0,184,3.0,3938,3.2,4.7,1801,Gaming
U16228,43,Female,Lucknow,Apple,Android,6.0,41.4,230.2,60,1.3,5383,2.9,0.4,116,Entertainment
U16229,28,Female,Kolkata,Vivo,Android,5.3,46.7,234.6,68,3.0,1595,0.8,2.3,1424,Social Media
U16230,20,Female,Lucknow,Apple,iOS,6.2,1.2,86.0,108,5.4,2760,4.9,4.5,170,Education
U16231,29,Male,Bangalore,Samsung,Android,5.4,32.1,265.7,14,4.4,3599,5.0,0.6,486,Education
U16232,24,Female,Bangalore,Nokia,iOS,4.0,25.6,147.5,56,2.0,4585,3.5,0.5,1239,Work
U16233,18,Male,Delhi,Nokia,Android,1.7,12.0,116.3,60,4.4,274,5.9,1.7,436,Work
U16234,57,Female,Delhi,Realme,iOS,6.7,11.2,126.3,97,1.8,8853,5.9,3.6,955,Gaming
U16235,16,Female,Hyderabad,OnePlus,iOS,11.9,14.0,78.8,127,5.0,7829,0.6,4.3,776,Entertainment
U16236,23,Other,Pune,Motorola,Android,3.4,39.7,104.2,62,2.8,1667,5.5,3.9,756,Social Media
U16237,54,Other,Hyderabad,Nokia,Android,6.1,4.6,249.9,122,2.6,1965,7.2,4.0,1254,Entertainment
U16238,40,Male,Delhi,OnePlus,iOS,7.8,46.7,105.7,88,4.3,1875,2.3,0.7,801,Social Media
U16239,27,Male,Kolkata,Oppo,Android,7.5,32.1,125.3,98,0.8,9863,4.9,3.0,916,Gaming
U16240,20,Male,Bangalore,Samsung,Android,1.5,48.0,238.2,127,1.6,4565,1.1,4.5,1113,Gaming
U16241,21,Male,Hyderabad,Oppo,Android,4.0,3.0,123.8,70,1.9,6641,2.7,0.6,1327,Entertainment
U16242,49,Male,Lucknow,OnePlus,Android,11.4,3.1,84.7,163,5.2,947,3.4,4.5,755,Gaming
U16243,16,Female,Lucknow,Nokia,Android,10.3,2.6,70.4,157,2.7,5871,6.1,0.9,1064,Gaming
U16244,41,Other,Lucknow,Apple,Android,1.9,4.3,89.9,81,2.5,8460,6.6,0.8,861,Entertainment
U16245,21,Male,Hyderabad,Oppo,Android,6.7,25.3,224.8,170,4.2,8917,1.1,4.5,1617,Education
U16246,46,Other,Chennai,Vivo,Android,4.9,8.6,7.2,107,3.8,6476,6.5,2.2,445,Entertainment
U16247,20,Male,Lucknow,Realme,Android,10.1,16.9,179.8,74,1.8,2802,4.5,1.2,517,Gaming
U16248,15,Female,Bangalore,OnePlus,Android,4.7,23.3,64.4,65,4.7,3147,0.6,5.0,945,Gaming
U16249,57,Other,Delhi,Vivo,Android,2.3,46.4,258.6,122,1.3,2739,4.4,2.1,668,Gaming
U16250,43,Female,Jaipur,OnePlus,Android,6.5,4.8,77.0,100,4.5,1046,2.3,4.9,462,Gaming
U16251,23,Female,Pune,OnePlus,iOS,5.0,42.3,10.7,184,4.3,8889,7.6,1.9,1829,Gaming
U16252,49,Male,Lucknow,Vivo,Android,1.6,29.6,179.6,173,1.1,6401,5.9,2.1,1449,Gaming
U16253,28,Female,Jaipur,Google Pixel,Android,6.6,17.9,297.8,189,3.6,2747,6.8,1.4,1932,Social Media
U16254,16,Male,Bangalore,Apple,Android,2.2,5.0,274.3,74,4.6,4263,7.9,1.2,1241,Work
U16255,38,Male,Pune,Samsung,iOS,10.3,12.8,252.3,188,1.6,8623,1.7,0.2,1842,Gaming
U16256,36,Other,Pune,Vivo,Android,8.1,41.1,230.3,112,3.2,9079,2.7,2.5,1891,Entertainment
U16257,60,Male,Ahmedabad,Apple,iOS,6.1,40.5,230.9,135,1.7,8840,7.1,3.2,1032,Gaming
U16258,42,Male,Kolkata,Google Pixel,Android,2.0,18.0,42.9,54,1.9,9635,3.8,3.5,104,Work
U16259,38,Female,Bangalore,Xiaomi,Android,11.7,32.9,82.0,31,5.6,8694,5.0,0.0,1269,Entertainment
U16260,21,Other,Delhi,OnePlus,iOS,2.3,28.8,279.6,78,5.0,140,2.3,4.3,358,Education
U16261,29,Male,Kolkata,Xiaomi,Android,3.1,16.8,24.4,42,4.8,6984,7.9,4.2,1980,Gaming
U16262,49,Male,Hyderabad,Oppo,Android,10.2,17.6,81.3,108,2.6,6970,0.8,3.8,1871,Social Media
U16263,29,Other,Hyderabad,Nokia,iOS,11.4,13.8,14.6,153,1.2,2836,1.3,0.6,593,Entertainment
U16264,25,Female,Pune,Vivo,iOS,4.3,46.4,274.1,140,3.8,5665,0.7,2.5,435,Entertainment
U16265,45,Other,Mumbai,Vivo,Android,8.3,7.1,240.4,89,0.7,9278,6.1,5.0,461,Education
U16266,21,Male,Lucknow,Oppo,iOS,1.3,47.7,285.0,105,2.7,233,7.0,1.5,373,Work
U16267,28,Male,Ahmedabad,Nokia,Android,11.0,42.6,182.5,193,5.0,1135,1.5,0.7,742,Education
U16268,44,Female,Pune,Google Pixel,Android,6.8,13.8,95.0,167,3.3,6823,7.5,1.5,268,Social Media
U16269,48,Other,Ahmedabad,Apple,iOS,1.9,13.1,255.2,85,1.9,9780,7.8,0.8,419,Entertainment
U16270,16,Male,Delhi,Apple,Android,7.1,42.8,106.5,23,3.0,9784,4.2,2.4,1155,Education
U16271,43,Other,Chennai,Oppo,Android,2.4,17.3,214.8,199,2.7,9911,5.1,1.7,258,Work
U16272,55,Male,Pune,Oppo,iOS,10.4,13.1,254.0,146,3.7,1000,6.1,0.8,1833,Work
U16273,45,Female,Pune,Vivo,iOS,6.7,35.3,87.5,118,0.6,3936,6.1,2.2,1634,Social Media
U16274,41,Other,Mumbai,Oppo,Android,10.7,26.6,169.6,84,5.8,3342,1.3,2.1,744,Entertainment
U16275,22,Female,Bangalore,Oppo,Android,1.4,14.0,169.1,89,4.8,8032,5.4,0.6,981,Gaming
U16276,49,Male,Ahmedabad,Samsung,Android,1.4,10.6,295.5,190,2.0,6260,2.0,2.3,567,Social Media
U16277,24,Female,Kolkata,Samsung,Android,1.5,38.8,297.8,35,4.3,547,6.3,2.5,564,Gaming
U16278,40,Other,Pune,Nokia,iOS,11.9,1.1,168.3,169,3.6,6303,6.8,4.9,742,Gaming
U16279,52,Female,Kolkata,Xiaomi,iOS,7.2,25.0,136.0,39,3.3,1911,5.9,2.2,1467,Social Media
U16280,55,Female,Kolkata,Samsung,Android,10.3,28.3,60.1,186,2.9,7785,6.5,4.3,1562,Work
U16281,15,Other,Bangalore,Samsung,Android,4.5,9.7,140.4,160,1.0,2441,4.6,1.7,1908,Social Media
U16282,21,Female,Ahmedabad,OnePlus,iOS,8.8,26.4,217.1,25,1.3,475,5.0,4.5,1896,Entertainment
U16283,55,Male,Lucknow,Nokia,Android,9.3,22.9,93.2,21,1.2,6237,6.1,0.5,601,Gaming
U16284,26,Female,Kolkata,Apple,Android,9.1,8.7,207.6,182,2.1,1304,4.3,3.4,1083,Education
U16285,26,Other,Kolkata,Nokia,iOS,10.2,16.7,127.3,108,1.0,2405,6.7,3.4,1678,Education
U16286,53,Other,Lucknow,Apple,iOS,10.8,3.7,135.1,196,5.1,7146,2.7,2.4,1384,Gaming
U16287,46,Male,Lucknow,Motorola,iOS,3.7,47.3,278.8,80,4.2,8779,0.5,1.4,886,Entertainment
U16288,43,Male,Kolkata,Google Pixel,iOS,3.7,41.7,179.4,180,5.8,2253,1.3,1.9,1451,Gaming
U16289,45,Other,Hyderabad,Apple,iOS,6.2,34.1,290.0,139,2.5,7635,1.2,2.7,213,Gaming
U16290,47,Other,Mumbai,OnePlus,iOS,11.4,9.5,15.1,62,4.7,9076,7.8,5.0,599,Education
U16291,58,Other,Hyderabad,Oppo,Android,7.2,42.9,69.6,68,5.7,7827,3.9,4.1,1382,Social Media
U16292,55,Other,Ahmedabad,Apple,Android,11.7,20.6,200.0,18,2.5,8237,0.8,2.2,1581,Education
U16293,23,Female,Delhi,OnePlus,Android,9.1,33.2,225.8,65,5.7,7021,6.6,4.2,1851,Gaming
U16294,33,Other,Ahmedabad,Vivo,iOS,8.0,5.0,235.8,131,4.1,5767,4.2,3.2,602,Education
U16295,56,Female,Pune,Oppo,Android,4.8,40.4,54.4,106,4.4,1678,5.8,2.9,1644,Gaming
U16296,55,Other,Jaipur,OnePlus,iOS,2.0,36.9,72.3,124,4.9,3017,6.1,0.2,1161,Social Media
U16297,22,Other,Chennai,Nokia,Android,6.3,27.1,288.6,84,5.1,3319,3.1,0.2,551,Gaming
U16298,15,Female,Kolkata,Oppo,iOS,4.6,32.5,218.1,116,0.7,8302,1.9,2.1,1645,Education
U16299,15,Other,Chennai,Vivo,iOS,2.2,4.7,267.9,59,5.5,9807,2.4,1.9,323,Entertainment
U16300,45,Female,Pune,Oppo,iOS,4.8,17.2,75.6,80,1.6,5435,6.8,4.0,1002,Work
U16301,47,Male,Jaipur,Samsung,iOS,12.0,8.8,177.3,98,1.2,321,2.8,0.9,384,Work
U16302,53,Male,Lucknow,Xiaomi,Android,9.6,20.9,224.9,175,2.0,1594,7.2,1.6,196,Work
U16303,46,Male,Bangalore,Realme,Android,2.1,7.8,229.1,41,2.3,1249,4.2,1.3,308,Social Media
U16304,57,Other,Ahmedabad,Motorola,iOS,11.8,48.3,94.4,41,5.6,5031,7.6,1.4,1739,Work
U16305,50,Female,Jaipur,Oppo,Android,2.5,37.1,57.2,60,2.4,4177,6.0,1.9,1532,Education
U16306,26,Other,Bangalore,Oppo,Android,4.2,27.6,47.1,195,1.9,7415,2.9,4.8,1284,Entertainment
U16307,31,Male,Lucknow,Motorola,Android,7.7,11.6,44.2,197,1.1,2116,7.1,4.2,1418,Social Media
U16308,58,Male,Delhi,Realme,iOS,2.2,38.8,61.2,119,4.4,5311,5.9,0.6,1803,Gaming
U16309,17,Male,Kolkata,Xiaomi,iOS,8.3,25.8,290.8,114,5.8,7868,1.8,2.2,830,Entertainment
U16310,24,Other,Hyderabad,Xiaomi,Android,9.3,15.6,46.4,174,3.5,1740,2.5,1.2,418,Entertainment
U16311,53,Male,Delhi,Google Pixel,iOS,6.7,2.4,75.7,61,0.8,2463,5.7,4.9,1218,Social Media
U16312,16,Other,Hyderabad,Nokia,iOS,9.6,13.0,216.4,184,4.1,9613,0.7,3.8,1131,Work
U16313,30,Other,Lucknow,Xiaomi,iOS,7.7,10.1,84.2,188,1.1,2907,1.2,0.4,155,Social Media
U16314,35,Female,Jaipur,Xiaomi,Android,10.0,34.3,126.8,150,2.7,2125,3.6,0.7,258,Education
U16315,25,Other,Hyderabad,Oppo,iOS,6.6,44.4,145.4,32,5.1,7354,7.2,0.8,316,Work
U16316,44,Other,Mumbai,Samsung,iOS,1.8,8.6,69.4,100,1.6,592,0.7,4.8,239,Social Media
U16317,53,Other,Delhi,Apple,iOS,2.1,26.4,101.3,50,1.7,7335,0.6,0.1,456,Entertainment
U16318,22,Other,Bangalore,Xiaomi,iOS,10.3,28.6,67.6,85,4.1,1333,0.5,1.7,1854,Gaming
U16319,34,Other,Ahmedabad,Xiaomi,iOS,6.8,41.9,162.0,106,4.5,9749,2.4,0.7,1867,Entertainment
U16320,17,Male,Hyderabad,Apple,iOS,3.1,28.8,102.6,148,2.6,9307,7.2,3.0,406,Entertainment
U16321,53,Other,Kolkata,Xiaomi,Android,3.1,41.0,120.1,172,2.6,8779,5.3,4.5,1522,Gaming
U16322,25,Male,Chennai,Motorola,Android,6.5,39.0,20.9,38,3.0,7469,4.6,3.4,444,Gaming
U16323,16,Other,Pune,Google Pixel,iOS,11.4,12.0,215.4,167,2.2,5135,0.7,4.5,817,Education
U16324,33,Other,Lucknow,Motorola,iOS,1.1,15.5,53.8,11,3.7,3361,1.1,2.0,144,Gaming
U16325,58,Female,Lucknow,Xiaomi,Android,8.2,47.0,85.3,113,1.2,2807,5.6,1.2,1093,Social Media
U16326,25,Female,Mumbai,Motorola,iOS,2.5,25.2,101.6,116,2.7,8450,3.8,4.0,1380,Entertainment
U16327,22,Female,Kolkata,OnePlus,iOS,6.4,42.9,179.6,37,5.3,5239,3.5,0.6,1523,Social Media
U16328,15,Female,Hyderabad,Google Pixel,iOS,3.4,17.0,103.3,154,1.0,7445,4.7,2.0,1771,Work
U16329,32,Female,Chennai,Apple,Android,11.7,35.8,10.5,78,2.9,3259,4.4,4.5,1562,Gaming
U16330,42,Male,Mumbai,Nokia,iOS,11.8,9.9,92.5,41,2.2,8165,7.1,1.0,1871,Education
U16331,50,Other,Jaipur,Google Pixel,Android,4.4,15.2,268.0,123,1.0,5838,1.2,3.1,1663,Work
U16332,35,Male,Pune,Motorola,Android,6.2,26.2,36.0,115,1.9,9495,4.8,1.8,1853,Social Media
U16333,59,Female,Chennai,Vivo,Android,7.8,29.0,51.1,100,1.7,7500,0.6,1.5,1613,Work
U16334,56,Female,Mumbai,Nokia,Android,9.5,33.1,116.0,23,3.2,9744,4.7,3.7,283,Entertainment
U16335,23,Other,Ahmedabad,Motorola,iOS,7.0,8.3,252.8,172,3.9,5342,5.9,1.2,1707,Work
U16336,15,Male,Hyderabad,Google Pixel,Android,4.9,45.0,254.3,141,4.6,2505,3.1,0.9,982,Social Media
U16337,37,Female,Hyderabad,Realme,Android,5.9,42.2,199.8,84,4.5,6956,7.5,0.7,1969,Education
U16338,39,Male,Ahmedabad,Realme,iOS,10.0,41.9,15.8,176,4.2,1310,1.2,1.4,1290,Entertainment
U16339,34,Other,Mumbai,Vivo,iOS,4.2,37.3,265.2,194,5.5,5619,2.2,3.3,1336,Education
U16340,43,Other,Chennai,Google Pixel,iOS,10.5,6.0,227.1,81,1.4,5027,6.1,3.2,181,Gaming
U16341,55,Other,Chennai,Samsung,iOS,3.2,45.5,110.3,167,4.9,877,1.2,0.4,191,Social Media
U16342,44,Other,Pune,Samsung,iOS,11.8,13.7,225.0,88,3.0,2327,3.5,2.1,1570,Education
U16343,55,Other,Mumbai,Apple,Android,3.4,4.1,60.9,106,3.4,2568,4.4,0.9,1535,Work
U16344,57,Other,Lucknow,Samsung,Android,10.1,12.4,174.3,69,3.0,7563,7.5,2.1,670,Social Media
U16345,31,Other,Bangalore,OnePlus,Android,5.6,35.8,100.5,59,4.1,1152,2.3,3.3,1535,Education
U16346,58,Male,Lucknow,Nokia,iOS,8.0,39.0,96.9,182,3.5,878,6.8,1.1,1061,Gaming
U16347,42,Male,Lucknow,Nokia,iOS,5.0,48.4,107.1,195,5.6,9856,6.5,0.0,1682,Gaming
U16348,22,Male,Jaipur,Samsung,Android,2.2,38.2,173.9,33,2.4,1946,4.5,3.9,1672,Education
U16349,26,Male,Pune,Oppo,iOS,9.2,1.4,122.4,36,1.1,3704,6.2,1.4,1230,Education
U16350,32,Other,Delhi,Realme,Android,9.3,35.2,146.6,120,3.2,878,6.2,3.7,1326,Gaming
U16351,32,Male,Hyderabad,Vivo,Android,5.9,45.1,10.2,144,5.9,1602,7.7,1.2,929,Work
U16352,24,Female,Bangalore,Realme,iOS,4.6,7.5,49.9,51,5.8,5602,7.3,2.8,842,Social Media
U16353,20,Other,Bangalore,Oppo,Android,4.3,7.4,6.9,135,4.9,7209,6.6,3.5,443,Work
U16354,50,Other,Mumbai,Xiaomi,iOS,10.5,32.5,123.4,189,5.0,7802,3.5,2.4,844,Entertainment
U16355,34,Female,Lucknow,Oppo,Android,3.5,6.4,291.8,169,5.2,3195,7.7,4.3,459,Entertainment
U16356,18,Male,Mumbai,Samsung,Android,1.3,10.7,15.2,62,3.7,4173,5.5,4.0,1099,Entertainment
U16357,55,Male,Kolkata,Motorola,iOS,10.1,20.7,132.1,63,2.4,7593,7.4,0.1,663,Entertainment
U16358,26,Female,Bangalore,Samsung,iOS,4.0,24.1,231.0,167,1.3,7588,3.4,3.9,1299,Entertainment
U16359,23,Other,Mumbai,Motorola,iOS,4.1,2.9,89.2,167,1.4,3035,3.4,3.2,1274,Work
U16360,55,Female,Delhi,Samsung,iOS,1.2,12.7,83.4,76,2.5,9981,7.8,4.6,235,Social Media
U16361,17,Male,Delhi,Realme,Android,5.5,17.4,258.9,156,0.9,492,2.0,4.3,843,Social Media
U16362,48,Other,Mumbai,Samsung,iOS,9.4,46.3,185.4,115,3.1,4324,6.8,1.6,273,Education
U16363,49,Other,Hyderabad,Xiaomi,iOS,2.9,2.8,209.1,97,4.4,8753,4.9,4.1,1820,Education
U16364,31,Other,Hyderabad,Apple,iOS,4.2,21.1,142.2,146,5.3,1243,5.5,2.4,1909,Social Media
U16365,59,Other,Jaipur,Xiaomi,Android,10.6,22.8,208.9,101,5.2,6696,7.6,2.8,1312,Work
U16366,31,Other,Mumbai,Realme,iOS,10.3,15.2,268.1,108,0.6,3239,2.0,0.9,1587,Entertainment
U16367,23,Female,Mumbai,Samsung,iOS,8.8,47.0,52.7,78,0.8,6490,7.7,1.0,168,Education
U16368,45,Female,Hyderabad,Nokia,iOS,10.2,8.8,186.4,157,5.8,7030,7.9,4.9,654,Gaming
U16369,30,Male,Ahmedabad,Apple,Android,7.3,9.9,6.1,133,4.3,7306,7.2,1.3,1434,Social Media
U16370,58,Male,Chennai,Xiaomi,iOS,3.7,13.9,183.6,144,5.5,9250,1.0,1.2,1148,Work
U16371,38,Female,Bangalore,Realme,Android,1.6,10.3,263.6,145,5.9,7983,4.5,4.5,1392,Education
U16372,19,Male,Delhi,Nokia,Android,3.8,23.3,267.7,113,4.0,7028,6.2,5.0,851,Entertainment
U16373,23,Female,Hyderabad,Nokia,Android,9.4,42.5,230.5,118,3.4,3289,0.8,2.9,1167,Entertainment
U16374,22,Female,Delhi,Vivo,iOS,4.4,45.2,21.3,185,2.9,4272,6.5,1.0,296,Gaming
U16375,25,Other,Lucknow,Realme,iOS,11.9,17.0,140.9,152,5.6,8990,2.3,0.4,1346,Work
U16376,15,Other,Delhi,Realme,Android,1.5,43.2,76.9,97,1.8,2031,2.8,4.7,119,Work
U16377,51,Female,Chennai,Google Pixel,iOS,8.5,37.3,111.2,170,3.6,814,0.6,5.0,698,Entertainment
U16378,29,Female,Ahmedabad,Samsung,iOS,8.5,11.5,206.6,18,3.8,7327,2.5,4.1,1357,Social Media
U16379,18,Female,Mumbai,Oppo,Android,8.2,6.7,117.2,199,1.4,7113,3.5,2.9,1214,Social Media
U16380,36,Male,Hyderabad,Vivo,Android,1.2,29.3,165.5,181,4.0,7211,3.1,1.5,1029,Education
U16381,24,Male,Jaipur,OnePlus,iOS,11.8,40.8,59.0,91,2.4,2104,3.2,0.3,731,Entertainment
U16382,42,Other,Ahmedabad,Realme,Android,7.6,40.9,187.2,85,3.3,4559,4.9,0.5,949,Education
U16383,41,Male,Lucknow,Motorola,iOS,9.2,43.5,63.6,113,3.9,5629,2.3,1.5,1295,Social Media
U16384,16,Female,Bangalore,OnePlus,iOS,10.5,18.7,77.6,62,2.3,2500,3.0,3.5,1486,Work
U16385,15,Other,Mumbai,Apple,Android,11.9,6.4,165.5,86,5.9,4762,4.3,0.2,1882,Work
U16386,58,Female,Kolkata,Xiaomi,iOS,9.9,30.1,144.3,46,4.2,8108,7.2,4.3,839,Entertainment
U16387,44,Male,Jaipur,Oppo,Android,5.3,45.2,124.3,143,6.0,9889,4.1,0.1,646,Work
U16388,47,Male,Pune,Apple,Android,5.0,24.8,269.6,58,2.8,4046,3.6,4.5,660,Work
U16389,39,Male,Ahmedabad,Xiaomi,Android,5.2,25.2,164.0,74,1.5,3902,2.0,3.6,994,Entertainment
U16390,59,Other,Ahmedabad,Vivo,iOS,2.5,5.2,57.2,127,5.9,7590,2.1,2.3,997,Work
U16391,31,Other,Hyderabad,Vivo,Android,2.8,2.7,130.3,90,3.4,6676,5.8,3.6,116,Social Media
U16392,52,Male,Bangalore,Apple,Android,7.6,22.5,251.7,162,1.7,7271,5.8,2.4,1484,Gaming
U16393,27,Female,Pune,Nokia,iOS,9.5,9.6,131.5,169,4.4,9341,5.5,2.2,634,Gaming
U16394,58,Female,Kolkata,Nokia,Android,7.5,17.6,229.4,61,2.0,3262,5.0,3.6,661,Entertainment
U16395,17,Female,Kolkata,Vivo,Android,10.3,44.6,21.4,138,5.6,2946,6.5,1.2,490,Social Media
U16396,52,Other,Lucknow,Nokia,iOS,7.1,4.2,121.1,86,3.3,7188,2.3,4.5,992,Education
U16397,41,Female,Chennai,OnePlus,Android,4.3,11.5,111.1,118,4.9,7364,7.0,1.8,1674,Education
U16398,53,Female,Ahmedabad,Samsung,iOS,7.0,24.4,293.0,190,4.1,4288,7.3,3.7,898,Education
U16399,38,Male,Delhi,Nokia,Android,9.4,12.5,78.5,128,4.7,9632,6.0,4.1,1220,Social Media
U16400,18,Other,Ahmedabad,Google Pixel,iOS,3.8,16.1,269.5,27,3.6,3069,6.3,4.7,940,Entertainment
U16401,19,Female,Chennai,Apple,Android,6.5,24.5,95.4,194,3.1,2075,7.0,2.9,663,Work
U16402,15,Female,Jaipur,Motorola,Android,10.9,25.9,298.6,153,0.7,8300,2.1,2.5,1459,Social Media
U16403,59,Other,Lucknow,OnePlus,iOS,1.5,4.8,241.2,152,0.7,998,6.7,1.1,844,Work
U16404,18,Male,Jaipur,OnePlus,Android,1.4,8.8,133.1,97,3.1,4951,7.8,4.3,1217,Gaming
U16405,24,Female,Hyderabad,OnePlus,iOS,8.4,27.3,128.4,89,0.9,3811,5.9,4.7,1284,Work
U16406,42,Other,Jaipur,OnePlus,Android,7.5,34.4,208.7,185,1.6,8873,5.3,3.3,1511,Education
U16407,37,Male,Mumbai,Motorola,iOS,9.5,47.7,277.8,164,2.2,3929,7.8,0.3,177,Social Media
U16408,38,Female,Ahmedabad,Oppo,iOS,9.4,47.5,89.4,147,4.9,146,7.5,1.7,296,Education
U16409,30,Female,Chennai,OnePlus,iOS,5.0,45.5,121.3,180,3.4,4502,4.6,3.4,424,Entertainment
U16410,36,Male,Kolkata,Xiaomi,Android,11.5,6.4,123.7,171,2.7,397,0.8,1.5,1973,Gaming
U16411,54,Female,Kolkata,Nokia,Android,8.5,2.4,286.3,175,2.0,3756,4.1,3.5,1236,Gaming
U16412,15,Other,Delhi,Vivo,iOS,4.0,7.6,14.9,98,3.8,7583,6.6,0.9,1048,Education
U16413,27,Female,Delhi,Nokia,Android,11.6,41.6,210.6,189,5.3,3872,2.8,2.7,884,Work
U16414,23,Other,Jaipur,Xiaomi,iOS,7.5,39.7,48.7,100,4.0,7349,1.2,0.8,1757,Social Media
U16415,21,Female,Chennai,Nokia,iOS,8.2,26.0,299.2,186,5.4,6110,5.3,4.8,1687,Work
U16416,28,Female,Delhi,Vivo,Android,9.6,6.4,14.6,47,1.7,2253,4.1,2.9,992,Gaming
U16417,39,Other,Lucknow,Samsung,Android,2.8,5.8,185.4,189,4.3,8606,3.0,1.1,267,Work
U16418,48,Other,Chennai,Vivo,Android,5.2,42.3,290.5,176,2.8,3335,6.6,1.4,1527,Gaming
U16419,39,Female,Chennai,Oppo,iOS,5.5,20.0,265.9,169,4.7,5711,7.6,4.7,825,Education
U16420,27,Male,Bangalore,OnePlus,Android,5.9,18.5,9.9,91,2.2,9571,1.0,4.0,469,Social Media
U16421,32,Male,Bangalore,Xiaomi,iOS,10.2,7.7,197.2,27,1.2,9190,1.7,4.3,802,Education
U16422,41,Male,Lucknow,Google Pixel,Android,2.7,7.3,201.8,194,4.0,7410,5.8,4.1,1880,Work
U16423,40,Male,Pune,Apple,iOS,1.3,38.6,225.4,141,1.5,3230,1.4,3.7,1957,Work
U16424,21,Female,Pune,Nokia,iOS,7.2,40.2,69.1,104,1.7,5998,5.4,4.2,159,Work
U16425,43,Female,Kolkata,Samsung,Android,9.2,2.9,66.4,161,4.7,8705,7.3,0.3,1664,Education
U16426,46,Male,Kolkata,Google Pixel,Android,2.5,33.3,253.5,84,5.3,3274,2.9,0.1,299,Gaming
U16427,21,Female,Jaipur,Xiaomi,Android,9.6,8.7,71.8,58,4.0,2930,1.5,1.7,875,Education
U16428,49,Other,Mumbai,Vivo,Android,1.1,2.1,68.1,150,5.3,2868,5.8,4.6,1208,Gaming
U16429,53,Female,Ahmedabad,Samsung,Android,6.6,42.5,110.2,124,4.7,1996,7.0,0.2,838,Education
U16430,39,Male,Jaipur,Samsung,iOS,3.1,5.1,190.8,145,1.7,7165,3.0,3.1,1579,Gaming
U16431,46,Male,Delhi,Samsung,Android,2.7,32.2,19.0,19,3.3,7838,0.9,2.2,1146,Entertainment
U16432,28,Female,Chennai,Vivo,iOS,10.2,16.4,68.4,101,2.6,2268,2.8,0.4,1423,Work
U16433,47,Other,Mumbai,Xiaomi,iOS,4.7,33.3,242.0,107,2.6,2451,7.9,2.3,348,Social Media
U16434,40,Other,Kolkata,Nokia,iOS,4.0,15.3,193.2,92,2.5,730,4.0,3.1,1498,Education
U16435,49,Male,Mumbai,Oppo,Android,9.3,26.1,226.6,99,5.4,5158,0.6,2.4,978,Work
U16436,57,Female,Kolkata,Vivo,Android,10.1,7.2,55.0,12,2.8,8441,1.5,0.2,1355,Gaming
U16437,40,Male,Bangalore,Apple,Android,5.7,30.7,33.4,60,1.6,5263,6.6,2.8,1644,Social Media
U16438,58,Other,Mumbai,Nokia,Android,3.9,22.6,179.2,88,0.7,1904,1.8,0.3,488,Entertainment
U16439,49,Other,Kolkata,Nokia,iOS,10.3,32.0,180.8,165,1.3,9957,7.3,2.6,1392,Education
U16440,54,Other,Delhi,Nokia,Android,10.7,48.0,144.4,83,4.3,2595,0.8,2.5,378,Gaming
U16441,40,Male,Ahmedabad,Google Pixel,iOS,10.8,38.6,259.8,186,5.8,3509,3.2,2.2,786,Work
U16442,33,Other,Kolkata,Samsung,iOS,2.2,1.9,186.9,94,5.8,6890,1.3,2.8,1873,Entertainment
U16443,16,Female,Ahmedabad,Motorola,iOS,1.2,2.4,198.3,31,1.4,4333,6.8,3.1,360,Education
U16444,18,Female,Mumbai,Vivo,iOS,9.3,35.0,42.6,77,3.9,7089,6.7,3.5,1523,Education
U16445,31,Female,Bangalore,Xiaomi,Android,5.1,22.4,204.1,111,3.4,5973,1.8,3.6,827,Entertainment
U16446,47,Other,Pune,Nokia,Android,8.8,15.0,115.8,168,5.4,4589,4.6,3.9,414,Gaming
U16447,19,Female,Mumbai,OnePlus,Android,11.0,11.7,158.1,91,2.8,6631,1.6,4.1,566,Work
U16448,52,Other,Lucknow,Nokia,Android,3.1,10.9,179.9,69,0.9,9672,5.7,3.2,1712,Entertainment
U16449,42,Male,Jaipur,Google Pixel,iOS,1.7,11.2,208.8,198,5.8,1610,1.3,0.4,328,Entertainment
U16450,39,Other,Ahmedabad,OnePlus,Android,10.9,11.6,91.6,44,4.4,5621,4.0,0.9,1049,Education
U16451,56,Male,Mumbai,Google Pixel,Android,11.9,4.0,217.2,113,4.9,5015,6.3,4.3,246,Entertainment
U16452,32,Other,Bangalore,Google Pixel,iOS,8.7,47.3,111.9,172,5.9,4154,3.7,1.7,917,Social Media
U16453,55,Male,Kolkata,Google Pixel,iOS,1.6,36.8,143.6,164,2.4,6507,7.6,1.2,1261,Work
U16454,55,Other,Hyderabad,Nokia,Android,1.4,46.0,142.5,81,3.4,4650,2.2,1.3,190,Entertainment
U16455,19,Male,Hyderabad,Xiaomi,Android,6.1,5.7,296.0,136,3.1,6687,2.1,2.0,1075,Gaming
U16456,55,Female,Hyderabad,Vivo,Android,4.0,45.1,256.6,129,3.2,2073,0.9,2.8,1839,Education
U16457,30,Female,Kolkata,Nokia,Android,5.8,15.6,83.2,31,2.0,8236,5.5,2.4,939,Gaming
U16458,32,Other,Bangalore,Google Pixel,iOS,1.6,10.3,74.2,107,0.6,5679,0.7,0.5,1256,Gaming
U16459,27,Female,Mumbai,Realme,Android,10.6,10.7,241.9,200,4.8,5761,2.3,1.7,1718,Social Media
U16460,42,Female,Bangalore,Oppo,iOS,10.9,45.6,5.0,111,2.8,3540,6.6,3.6,1137,Entertainment
U16461,49,Male,Pune,Xiaomi,iOS,11.8,3.3,182.0,198,5.5,1738,1.2,4.4,1772,Work
U16462,25,Other,Mumbai,Apple,iOS,1.2,7.7,286.3,146,3.6,8246,1.5,4.5,811,Education
U16463,33,Male,Kolkata,Samsung,iOS,5.7,42.5,150.3,36,4.4,1130,3.5,2.3,265,Work
U16464,26,Female,Chennai,Vivo,iOS,11.4,4.7,278.6,177,1.7,4604,3.9,2.8,1473,Gaming
U16465,25,Male,Jaipur,Vivo,Android,7.5,15.2,122.0,89,3.7,8939,7.4,3.9,1221,Entertainment
U16466,29,Other,Ahmedabad,Apple,iOS,1.5,44.5,164.9,76,0.8,1385,5.8,4.0,1504,Social Media
U16467,51,Female,Mumbai,Motorola,iOS,9.6,33.1,64.8,198,1.9,4063,2.3,5.0,1445,Work
U16468,47,Male,Hyderabad,Nokia,Android,3.5,29.4,46.5,46,2.5,8039,7.9,4.9,1343,Social Media
U16469,15,Male,Ahmedabad,Nokia,Android,1.8,41.5,27.3,94,1.9,1683,3.0,2.3,306,Entertainment
U16470,37,Male,Chennai,Samsung,iOS,10.0,6.3,20.8,152,2.9,476,7.2,4.9,1948,Education
U16471,16,Other,Mumbai,Realme,iOS,8.7,6.7,215.3,100,1.1,3233,0.9,2.7,1232,Entertainment
U16472,34,Female,Jaipur,Samsung,iOS,8.8,6.4,298.6,26,3.6,7355,4.8,4.5,1031,Education
U16473,42,Other,Delhi,Samsung,Android,11.9,27.7,281.1,74,3.2,7813,0.6,0.9,1084,Education
U16474,47,Female,Pune,Vivo,Android,11.2,21.5,168.7,166,6.0,6444,2.3,0.3,260,Education
U16475,48,Male,Kolkata,Oppo,iOS,1.6,44.3,242.5,28,3.8,8501,1.7,2.4,1046,Work
U16476,24,Male,Ahmedabad,Realme,iOS,11.3,38.9,136.4,30,3.0,6812,3.1,1.3,995,Social Media
U16477,18,Female,Pune,Xiaomi,Android,4.7,25.5,70.2,92,0.6,3691,5.7,0.3,1034,Work
U16478,35,Other,Bangalore,Google Pixel,iOS,7.4,5.8,109.5,43,1.8,6486,4.2,0.2,817,Education
U16479,29,Other,Ahmedabad,OnePlus,iOS,3.2,21.3,294.1,135,3.3,7063,6.2,4.1,1460,Gaming
U16480,58,Other,Mumbai,OnePlus,iOS,7.6,33.4,186.9,167,4.9,8005,3.1,4.0,593,Entertainment
U16481,58,Male,Jaipur,Oppo,Android,1.4,17.6,35.3,57,1.6,5407,2.4,3.3,971,Work
U16482,53,Female,Pune,Vivo,iOS,11.8,10.2,47.1,153,3.6,3860,6.0,0.1,927,Social Media
U16483,41,Other,Delhi,Realme,Android,4.0,36.9,16.0,93,2.4,7140,7.6,0.4,1889,Work
U16484,18,Male,Jaipur,Xiaomi,iOS,5.9,28.5,172.3,94,2.8,2492,7.8,1.0,769,Entertainment
U16485,53,Female,Kolkata,Oppo,iOS,1.2,30.7,140.9,25,5.1,1785,7.4,3.8,1347,Gaming
U16486,48,Other,Hyderabad,Nokia,Android,5.2,7.7,239.5,144,1.4,8839,4.9,3.8,1995,Gaming
U16487,40,Female,Pune,Oppo,iOS,1.8,11.5,215.1,52,4.6,3039,8.0,0.2,1202,Gaming
U16488,55,Female,Bangalore,Vivo,Android,11.5,42.2,22.0,111,3.2,1935,1.5,4.1,539,Education
U16489,30,Male,Kolkata,Realme,Android,11.4,46.3,238.7,164,5.3,2908,4.5,2.3,339,Work
U16490,25,Male,Jaipur,Vivo,Android,7.1,32.7,102.0,60,1.9,3157,3.9,3.5,1967,Work
U16491,40,Female,Ahmedabad,Oppo,Android,10.0,42.8,170.8,29,1.8,1742,7.7,2.5,238,Education
U16492,36,Female,Kolkata,OnePlus,Android,6.2,18.9,295.0,70,1.2,3356,7.4,3.1,1570,Education
U16493,38,Female,Ahmedabad,Apple,Android,9.6,26.2,246.8,148,2.3,3989,1.8,1.2,605,Social Media
U16494,18,Male,Lucknow,Nokia,iOS,2.1,29.2,53.0,175,2.9,7779,3.2,4.5,871,Social Media
U16495,58,Female,Lucknow,OnePlus,Android,11.9,11.7,120.3,15,5.6,8319,2.9,1.1,704,Entertainment
U16496,44,Female,Kolkata,Motorola,iOS,9.0,38.8,82.0,163,1.9,1878,5.0,4.7,897,Work
U16497,54,Female,Chennai,Vivo,Android,3.5,1.0,148.5,158,2.7,5350,5.2,0.4,1287,Social Media
U16498,26,Male,Jaipur,Apple,Android,2.4,21.8,108.1,66,0.6,9064,2.4,3.2,1335,Education
U16499,52,Other,Kolkata,Samsung,Android,9.6,6.1,129.9,196,5.6,8745,4.6,4.7,1668,Entertainment
U16500,41,Male,Delhi,OnePlus,iOS,5.8,17.0,277.5,129,3.1,1288,7.7,4.4,504,Education
U16501,24,Other,Jaipur,OnePlus,iOS,2.3,5.3,206.4,118,4.4,7051,3.4,3.8,1918,Work
U16502,44,Male,Delhi,Vivo,Android,1.0,22.8,83.1,51,5.3,461,7.2,2.4,1110,Gaming
U16503,52,Other,Kolkata,Samsung,iOS,9.9,24.6,19.8,72,3.0,1453,2.7,2.1,1960,Gaming
U16504,29,Other,Jaipur,Xiaomi,iOS,8.8,13.5,28.8,120,0.6,1059,4.8,3.4,207,Education
U16505,33,Female,Kolkata,Motorola,Android,6.2,26.0,5.5,133,1.6,943,7.4,2.2,829,Education
U16506,54,Female,Delhi,Apple,iOS,3.7,43.9,68.6,159,4.9,9743,1.1,0.7,1824,Gaming
U16507,58,Other,Chennai,Realme,Android,1.4,21.2,102.9,55,5.1,6458,7.7,4.0,1788,Gaming
U16508,57,Female,Pune,OnePlus,iOS,7.7,31.1,196.5,173,3.3,1075,5.7,3.6,674,Work
U16509,30,Male,Pune,Nokia,Android,10.7,47.7,195.7,159,2.1,5712,5.9,2.5,1949,Entertainment
U16510,26,Female,Bangalore,Realme,Android,9.2,25.3,98.9,196,3.1,1783,3.1,2.5,107,Education
U16511,34,Other,Pune,OnePlus,Android,10.9,40.8,35.8,25,5.6,1478,7.3,2.8,183,Education
U16512,37,Female,Hyderabad,Nokia,iOS,11.4,40.5,201.6,70,1.4,8246,4.0,0.5,750,Work
U16513,38,Female,Jaipur,Nokia,iOS,5.7,26.2,85.9,23,2.0,4624,2.9,4.5,801,Education
U16514,24,Male,Chennai,Vivo,iOS,4.6,14.9,202.6,158,2.4,5047,2.0,3.8,990,Education
U16515,54,Other,Pune,Samsung,Android,8.3,27.1,270.4,155,1.8,9565,3.4,4.3,457,Social Media
U16516,60,Female,Kolkata,Realme,Android,4.5,16.8,152.6,116,0.6,3069,6.5,2.0,1017,Gaming
U16517,22,Female,Hyderabad,Xiaomi,iOS,5.7,2.3,30.3,107,4.2,8190,6.8,2.1,209,Entertainment
U16518,47,Other,Chennai,Vivo,iOS,7.2,34.0,139.6,15,4.1,242,3.8,0.7,196,Entertainment
U16519,46,Male,Chennai,Vivo,Android,11.8,1.9,70.0,161,3.0,626,2.0,1.1,978,Gaming
U16520,59,Other,Chennai,Apple,Android,9.5,48.9,50.6,89,4.1,3362,4.3,0.9,704,Social Media
U16521,47,Male,Ahmedabad,Google Pixel,iOS,2.7,11.0,54.1,65,0.8,6430,4.3,2.1,118,Gaming
U16522,42,Male,Mumbai,Vivo,Android,5.2,6.6,252.8,90,5.1,2670,4.3,0.4,1109,Entertainment
U16523,16,Female,Ahmedabad,Apple,Android,7.3,2.3,83.1,154,1.2,4023,2.1,4.5,1826,Gaming
U16524,19,Other,Chennai,Samsung,iOS,5.0,12.0,266.6,51,3.5,4660,2.0,1.7,1943,Entertainment
U16525,29,Other,Pune,Nokia,Android,9.0,41.7,149.4,11,2.2,8626,2.1,4.1,1404,Social Media
U16526,21,Female,Lucknow,Xiaomi,iOS,3.9,12.7,59.8,96,4.0,2110,0.9,2.9,554,Gaming
U16527,42,Male,Hyderabad,Google Pixel,iOS,3.4,8.7,70.3,183,5.3,1011,5.0,2.4,330,Education
U16528,33,Male,Jaipur,OnePlus,iOS,1.6,48.0,233.7,122,0.9,9101,3.6,3.8,1988,Entertainment
U16529,51,Other,Kolkata,Nokia,Android,7.4,10.0,52.7,43,5.1,1851,1.7,2.4,1136,Work
U16530,15,Male,Pune,OnePlus,iOS,8.3,32.3,177.4,30,6.0,947,3.3,1.3,480,Gaming
U16531,57,Other,Chennai,Vivo,iOS,1.5,49.0,182.7,68,3.8,2334,7.2,2.7,1044,Education
U16532,47,Female,Ahmedabad,Motorola,Android,2.1,14.7,86.5,135,6.0,2629,6.0,3.3,1568,Social Media
U16533,36,Other,Chennai,Nokia,iOS,2.0,3.9,109.9,22,5.0,2246,3.0,0.6,1104,Education
U16534,55,Female,Mumbai,Nokia,iOS,10.1,42.6,217.3,180,0.9,1737,5.4,0.4,1273,Education
U16535,31,Male,Ahmedabad,Google Pixel,iOS,11.8,23.6,85.7,56,0.7,6461,3.9,1.3,1491,Education
U16536,46,Female,Mumbai,Nokia,Android,11.7,7.1,88.5,82,3.6,9429,3.2,2.6,230,Gaming
U16537,15,Male,Ahmedabad,Realme,Android,10.0,5.9,261.5,69,2.4,4031,2.4,0.2,976,Entertainment
U16538,16,Female,Ahmedabad,Nokia,iOS,5.7,20.6,222.7,194,2.4,1315,1.6,1.4,1124,Work
U16539,24,Female,Mumbai,Samsung,Android,3.5,28.4,261.7,84,2.3,9890,6.1,3.8,1019,Entertainment
U16540,56,Male,Kolkata,Vivo,Android,8.1,5.6,12.1,187,1.2,7194,2.4,0.2,1081,Work
U16541,38,Other,Jaipur,OnePlus,iOS,9.1,8.0,106.7,169,1.0,7291,1.2,3.3,1401,Work
U16542,54,Female,Jaipur,Motorola,Android,5.0,49.6,78.6,70,5.4,9916,0.6,0.4,1729,Gaming
U16543,21,Female,Mumbai,OnePlus,Android,2.9,42.8,279.6,128,1.6,8481,3.4,2.6,1881,Gaming
U16544,18,Male,Lucknow,Google Pixel,iOS,4.5,2.5,258.6,181,1.8,6789,4.5,1.4,490,Entertainment
U16545,26,Male,Chennai,Xiaomi,Android,8.9,35.9,53.3,134,2.1,4820,4.5,3.9,477,Gaming
U16546,29,Female,Kolkata,Nokia,Android,8.0,3.1,16.7,61,1.1,5693,6.8,4.6,1883,Work
U16547,28,Male,Mumbai,Motorola,iOS,7.1,22.2,211.7,64,5.5,5956,7.1,1.5,966,Work
U16548,30,Other,Hyderabad,OnePlus,Android,9.9,32.7,66.9,96,5.6,4401,3.2,3.7,124,Social Media
U16549,22,Other,Lucknow,Xiaomi,Android,6.7,11.4,23.1,195,5.5,2139,1.0,1.5,1421,Education
U16550,48,Female,Bangalore,Oppo,iOS,3.2,7.1,262.3,10,0.5,4532,2.5,0.5,328,Work
U16551,27,Other,Pune,OnePlus,iOS,5.6,9.2,157.2,33,5.7,8820,2.9,2.2,718,Entertainment
U16552,58,Other,Delhi,OnePlus,iOS,10.3,39.7,78.3,113,5.5,9373,6.1,1.1,1009,Education
U16553,22,Female,Pune,Google Pixel,Android,8.7,44.8,75.2,105,3.0,2807,1.5,2.1,1649,Education
U16554,56,Male,Lucknow,Motorola,Android,5.2,19.5,102.6,84,5.1,8280,2.7,3.4,1802,Entertainment
U16555,24,Other,Jaipur,Apple,Android,9.3,5.0,139.4,92,4.0,2909,5.7,3.0,1179,Work
U16556,39,Male,Chennai,OnePlus,Android,2.3,28.7,76.8,58,5.9,7020,2.4,3.9,1749,Social Media
U16557,31,Female,Ahmedabad,Xiaomi,iOS,9.3,33.8,150.1,84,4.8,4416,2.6,3.4,910,Work
U16558,26,Other,Pune,Oppo,Android,4.3,40.0,67.7,96,0.8,714,5.6,1.8,801,Work
U16559,25,Other,Kolkata,Nokia,iOS,3.1,17.7,46.1,63,1.9,5443,3.8,2.3,630,Education
U16560,46,Female,Pune,Google Pixel,iOS,10.4,30.3,187.7,68,3.7,1358,4.6,1.3,1520,Social Media
U16561,58,Other,Kolkata,Nokia,iOS,9.0,5.6,21.1,115,5.4,318,7.2,2.4,311,Work
U16562,30,Other,Ahmedabad,Oppo,iOS,3.1,29.4,279.7,56,0.7,5913,5.4,2.1,1232,Entertainment
U16563,24,Other,Kolkata,Oppo,iOS,8.9,10.3,164.3,75,0.6,4286,1.1,1.3,820,Education
U16564,32,Male,Delhi,Nokia,iOS,5.2,7.4,244.7,37,5.7,3805,5.0,4.7,1924,Social Media
U16565,45,Female,Mumbai,Realme,Android,4.9,48.4,162.9,170,3.5,619,7.9,3.8,462,Entertainment
U16566,56,Male,Ahmedabad,Google Pixel,Android,1.6,36.2,77.9,119,2.0,8236,5.1,0.3,251,Gaming
U16567,33,Male,Lucknow,Oppo,Android,1.7,13.0,59.9,198,5.6,1945,3.9,0.6,1069,Gaming
U16568,46,Male,Delhi,Apple,iOS,2.2,6.8,130.4,11,1.9,8851,5.2,5.0,308,Entertainment
U16569,29,Female,Hyderabad,Nokia,Android,4.4,26.5,63.8,124,1.1,5974,2.9,1.5,1764,Social Media
U16570,31,Male,Hyderabad,Google Pixel,Android,8.9,28.5,176.6,137,5.8,817,7.9,1.4,1989,Entertainment
U16571,37,Male,Hyderabad,Nokia,Android,11.7,30.8,133.8,165,2.0,6533,5.6,2.2,456,Work
U16572,45,Female,Bangalore,OnePlus,iOS,6.8,16.5,96.1,78,3.1,3368,0.5,4.7,1976,Social Media
U16573,23,Male,Delhi,Xiaomi,iOS,5.6,23.9,189.6,119,5.2,3496,3.2,2.8,1115,Entertainment
U16574,23,Female,Chennai,Samsung,Android,6.3,5.8,181.1,151,3.1,5348,6.4,1.5,932,Entertainment
U16575,20,Other,Mumbai,Realme,iOS,8.9,19.7,188.8,153,2.0,7432,5.0,4.3,1269,Gaming
U16576,37,Other,Lucknow,Realme,iOS,7.3,41.6,20.0,86,4.8,1454,6.1,4.9,353,Work
U16577,47,Female,Bangalore,Motorola,iOS,3.0,4.6,46.4,32,2.2,3944,5.7,4.5,924,Education
U16578,55,Male,Kolkata,Vivo,iOS,1.6,38.3,253.9,156,3.5,1251,2.7,3.6,1559,Education
U16579,43,Male,Mumbai,Xiaomi,Android,4.6,1.6,212.6,83,5.8,4757,2.4,0.1,866,Gaming
U16580,30,Other,Chennai,Google Pixel,iOS,9.1,17.7,39.9,111,4.4,8211,4.0,3.9,210,Gaming
U16581,22,Male,Ahmedabad,Realme,Android,10.5,28.4,222.4,138,1.8,5029,4.7,1.3,711,Entertainment
U16582,28,Female,Ahmedabad,Nokia,Android,4.8,18.5,281.9,81,2.8,2683,7.5,4.7,142,Social Media
U16583,48,Other,Pune,Apple,iOS,10.1,22.1,157.6,90,4.3,873,6.8,0.4,1279,Entertainment
U16584,28,Female,Delhi,Google Pixel,iOS,1.8,9.0,45.4,102,2.1,3921,5.8,4.3,514,Entertainment
U16585,57,Male,Kolkata,Motorola,Android,1.2,20.1,171.8,24,3.0,3502,6.1,0.1,465,Entertainment
U16586,44,Female,Hyderabad,Nokia,Android,8.8,10.4,297.8,89,3.6,2106,7.2,3.6,583,Social Media
U16587,16,Other,Lucknow,Vivo,iOS,3.3,9.4,44.4,163,5.9,5726,5.0,3.9,708,Work
U16588,30,Male,Kolkata,Vivo,Android,2.4,45.9,261.4,46,2.7,8222,5.0,4.1,968,Social Media
U16589,31,Female,Lucknow,Samsung,iOS,10.7,43.4,34.7,168,3.3,9670,1.7,4.6,1075,Work
U16590,44,Other,Pune,Google Pixel,iOS,5.1,1.2,98.8,86,2.1,4041,1.8,4.4,1370,Work
U16591,60,Female,Kolkata,Nokia,Android,9.3,2.9,204.9,40,1.6,6304,3.1,0.7,1423,Gaming
U16592,22,Other,Jaipur,Oppo,Android,9.8,47.7,42.4,122,4.0,7304,1.0,2.0,1998,Education
U16593,22,Other,Chennai,Apple,iOS,5.3,37.5,259.9,149,3.2,9646,2.2,2.5,1631,Entertainment
U16594,26,Other,Lucknow,Xiaomi,iOS,6.8,48.8,163.3,112,3.2,4543,4.5,2.1,513,Work
U16595,19,Other,Mumbai,Realme,iOS,3.7,41.9,244.3,42,1.2,3890,5.5,3.7,662,Work
U16596,29,Other,Pune,Oppo,Android,6.0,15.2,251.0,155,4.8,7579,0.7,2.7,714,Entertainment
U16597,30,Female,Lucknow,Google Pixel,iOS,6.6,27.5,75.4,153,5.6,565,7.9,4.7,977,Gaming
U16598,37,Male,Hyderabad,Nokia,iOS,9.2,28.6,40.2,60,3.2,526,2.4,3.6,1293,Social Media
U16599,36,Female,Lucknow,Oppo,iOS,1.5,48.2,161.2,44,5.3,6884,4.8,2.7,1321,Entertainment
U16600,34,Female,Jaipur,OnePlus,Android,2.6,41.1,138.7,199,5.3,9447,1.4,4.1,725,Education
U16601,27,Male,Mumbai,Xiaomi,iOS,3.3,30.2,227.4,43,1.9,3405,3.1,4.1,1568,Education
U16602,58,Other,Chennai,Vivo,iOS,7.3,29.7,127.6,20,5.7,3055,6.9,0.9,108,Social Media
U16603,47,Other,Kolkata,Nokia,Android,3.4,5.8,6.4,82,4.7,9054,3.6,0.7,378,Education
U16604,20,Other,Chennai,Oppo,Android,11.8,37.1,193.7,148,5.7,652,4.8,3.0,1993,Education
U16605,19,Female,Ahmedabad,Motorola,Android,3.6,7.7,203.8,27,5.6,9740,5.7,0.6,246,Entertainment
U16606,26,Male,Lucknow,Apple,iOS,8.3,24.4,120.3,166,3.9,9177,5.6,0.7,1646,Gaming
U16607,30,Other,Bangalore,Samsung,Android,7.2,10.1,48.8,187,4.5,5151,1.9,3.8,1632,Education
U16608,18,Male,Kolkata,Motorola,Android,3.5,32.0,141.3,188,1.0,1212,3.5,0.2,1525,Work
U16609,50,Male,Chennai,Nokia,Android,10.6,43.0,247.6,12,3.8,9711,4.7,2.6,1318,Gaming
U16610,24,Female,Chennai,Apple,Android,6.8,44.4,207.0,163,5.2,2797,1.7,4.6,1746,Work
U16611,59,Male,Bangalore,Apple,Android,4.4,24.2,252.3,19,1.8,7985,6.5,4.2,1102,Work
U16612,24,Male,Chennai,Samsung,Android,10.0,26.0,214.8,148,2.2,3773,6.2,4.5,1216,Entertainment
U16613,15,Male,Hyderabad,Apple,Android,6.4,44.9,10.1,110,4.3,7419,6.1,3.8,1020,Social Media
U16614,42,Female,Jaipur,Google Pixel,Android,9.3,11.6,44.3,129,3.6,3948,3.3,2.4,177,Work
U16615,44,Male,Bangalore,Apple,Android,3.3,15.2,123.5,147,1.8,4792,7.6,3.5,1749,Work
U16616,57,Male,Delhi,Vivo,iOS,10.9,45.2,250.8,89,2.9,3494,6.9,4.3,129,Entertainment
U16617,15,Other,Bangalore,Motorola,Android,2.2,1.1,210.0,110,3.3,4180,1.8,0.9,1899,Entertainment
U16618,27,Female,Chennai,Nokia,Android,5.1,32.2,21.6,179,0.8,7136,5.4,3.2,142,Work
U16619,41,Female,Pune,Oppo,iOS,8.3,48.9,137.2,187,1.8,2428,4.4,2.4,695,Entertainment
U16620,51,Male,Kolkata,Google Pixel,iOS,4.3,31.1,25.4,20,0.9,5394,5.5,1.4,1183,Gaming
U16621,18,Other,Jaipur,Motorola,iOS,2.3,42.1,38.9,99,2.6,8908,2.7,4.1,298,Entertainment
U16622,15,Female,Jaipur,Google Pixel,iOS,8.9,35.6,281.1,38,5.4,1065,1.2,0.9,1255,Education
U16623,52,Other,Hyderabad,Motorola,Android,11.5,13.6,229.4,147,3.7,3980,4.0,0.4,939,Work
U16624,56,Other,Hyderabad,Apple,iOS,6.8,42.7,23.5,59,4.7,3411,3.1,4.1,568,Entertainment
U16625,59,Other,Kolkata,Google Pixel,iOS,7.5,45.4,167.5,144,4.4,3583,5.0,2.0,1924,Entertainment
U16626,40,Male,Chennai,Vivo,iOS,7.1,21.1,71.3,134,3.9,8012,5.2,3.8,1046,Entertainment
U16627,41,Female,Ahmedabad,Samsung,iOS,3.6,49.3,76.9,146,4.6,7084,6.2,3.1,410,Education
U16628,20,Female,Mumbai,Oppo,iOS,6.4,39.0,139.4,105,2.1,1715,7.7,3.6,829,Entertainment
U16629,56,Male,Hyderabad,Nokia,Android,7.2,30.2,204.0,132,5.3,4434,3.6,0.2,663,Education
U16630,42,Other,Jaipur,Xiaomi,Android,10.0,11.9,77.0,43,1.0,9096,5.0,3.8,812,Gaming
U16631,47,Female,Lucknow,Vivo,Android,7.3,49.9,93.7,27,2.8,4030,4.6,1.5,535,Education
U16632,51,Other,Kolkata,Realme,iOS,7.5,19.3,26.7,55,1.7,9902,1.6,2.4,701,Entertainment
U16633,59,Female,Hyderabad,Apple,Android,10.3,38.6,290.4,188,3.6,5832,7.0,2.5,1683,Gaming
U16634,52,Male,Hyderabad,Vivo,Android,6.1,16.1,134.5,165,2.2,9349,7.3,2.9,241,Education
U16635,42,Female,Hyderabad,Samsung,Android,10.2,3.9,249.3,102,6.0,2023,6.7,1.5,451,Work
U16636,41,Other,Mumbai,Xiaomi,Android,6.6,9.2,188.8,120,2.3,8869,3.4,1.3,562,Education
U16637,25,Male,Chennai,Vivo,Android,9.4,2.1,67.1,45,5.7,8006,7.8,3.8,112,Gaming
U16638,39,Male,Ahmedabad,Xiaomi,iOS,7.2,8.7,146.5,13,2.9,9702,2.2,2.4,1405,Social Media
U16639,41,Other,Bangalore,Samsung,Android,11.2,5.0,238.3,58,5.7,2528,7.9,4.5,729,Social Media
U16640,52,Other,Lucknow,Realme,iOS,5.8,3.3,182.1,27,3.3,2118,1.7,2.4,1176,Gaming
U16641,41,Female,Ahmedabad,Realme,Android,7.4,14.7,76.4,114,4.1,3132,7.8,3.1,671,Entertainment
U16642,58,Male,Jaipur,OnePlus,iOS,8.3,16.6,264.5,90,4.5,4576,4.9,3.5,1731,Gaming
U16643,22,Male,Kolkata,Oppo,Android,3.4,20.5,108.1,20,1.1,9429,4.0,0.5,1958,Work
U16644,46,Male,Jaipur,Xiaomi,Android,10.1,26.0,170.4,69,2.4,762,5.3,0.9,1670,Social Media
U16645,23,Other,Mumbai,OnePlus,iOS,7.1,29.2,73.5,135,2.1,1028,6.8,4.9,930,Gaming
U16646,32,Male,Hyderabad,Samsung,iOS,2.8,12.9,150.7,151,5.1,4427,4.1,1.5,301,Gaming
U16647,28,Female,Kolkata,Xiaomi,iOS,7.1,36.1,237.4,129,5.1,9694,5.4,1.1,1992,Entertainment
U16648,40,Female,Delhi,Realme,Android,7.8,7.9,180.3,180,4.5,2420,7.6,2.4,309,Social Media
U16649,49,Other,Jaipur,Apple,iOS,5.9,40.3,227.2,132,4.3,4112,5.2,2.6,1615,Entertainment
U16650,25,Female,Pune,Oppo,Android,4.7,4.4,205.8,40,3.1,1880,5.7,2.0,1551,Education
U16651,21,Female,Mumbai,Nokia,iOS,3.5,26.9,47.5,27,3.7,1047,7.0,3.6,1113,Gaming
U16652,21,Male,Kolkata,Vivo,iOS,10.6,16.9,178.6,40,5.7,6385,4.1,2.0,500,Work
U16653,48,Male,Kolkata,Realme,Android,1.3,36.9,117.2,14,5.1,6260,6.7,0.5,457,Entertainment
U16654,59,Female,Ahmedabad,Xiaomi,Android,9.7,12.4,183.4,174,1.3,9179,5.7,3.4,632,Gaming
U16655,16,Female,Mumbai,Apple,iOS,8.6,47.6,294.5,49,5.5,8245,1.9,1.8,1885,Gaming
U16656,40,Female,Jaipur,Vivo,Android,4.4,39.4,97.4,71,4.6,5923,6.4,4.7,771,Social Media
U16657,40,Other,Ahmedabad,Google Pixel,iOS,1.1,30.0,56.7,107,4.8,6899,7.2,1.1,230,Gaming
U16658,18,Male,Mumbai,Xiaomi,Android,4.0,33.0,239.1,148,4.1,5397,6.0,1.2,1104,Gaming
U16659,60,Male,Kolkata,Motorola,Android,10.2,38.2,146.7,23,4.3,4711,6.4,1.0,740,Education
U16660,42,Other,Hyderabad,Apple,Android,8.2,22.2,5.2,165,5.4,1729,1.3,2.5,711,Education
U16661,18,Male,Ahmedabad,Samsung,iOS,5.3,34.1,83.8,13,3.9,2214,1.6,3.1,1545,Education
U16662,34,Male,Ahmedabad,Xiaomi,iOS,8.5,17.1,235.1,108,2.9,2343,5.4,2.8,637,Entertainment
U16663,36,Other,Delhi,Apple,Android,2.7,21.9,28.9,54,2.4,7952,2.1,3.4,1640,Social Media
U16664,39,Female,Jaipur,Realme,Android,1.3,49.2,56.2,61,3.1,3956,7.6,2.1,1325,Social Media
U16665,32,Female,Hyderabad,Samsung,Android,2.6,3.0,294.5,176,6.0,340,7.3,4.4,1477,Work
U16666,26,Other,Lucknow,Google Pixel,iOS,11.9,7.6,95.2,106,2.8,5308,3.9,0.6,998,Work
U16667,41,Male,Chennai,Xiaomi,Android,4.8,8.4,291.5,83,0.7,3692,4.1,0.5,1574,Education
U16668,19,Female,Bangalore,OnePlus,iOS,4.3,8.9,190.1,35,2.7,7409,1.3,4.2,1904,Social Media
U16669,32,Female,Bangalore,Samsung,iOS,10.0,24.5,214.4,85,5.1,2110,3.8,3.8,1170,Gaming
U16670,30,Female,Delhi,OnePlus,iOS,11.0,22.9,138.1,75,2.5,5626,1.4,3.4,1356,Entertainment
U16671,23,Female,Jaipur,Samsung,Android,3.6,22.3,124.0,47,5.9,1428,1.7,4.5,678,Education
U16672,36,Male,Jaipur,Vivo,iOS,1.5,28.3,155.5,178,3.5,9127,6.0,4.8,1823,Entertainment
U16673,30,Female,Hyderabad,Vivo,Android,6.8,1.0,105.9,15,1.3,6124,1.2,2.3,1966,Work
U16674,25,Female,Chennai,Google Pixel,Android,9.2,40.1,177.2,174,5.1,1553,6.8,4.8,556,Education
U16675,29,Female,Ahmedabad,Xiaomi,iOS,6.2,14.4,269.0,79,1.4,2050,2.0,1.5,442,Social Media
U16676,17,Female,Kolkata,Nokia,iOS,2.9,6.7,281.8,195,2.1,369,4.1,2.2,499,Education
U16677,37,Female,Kolkata,OnePlus,iOS,7.6,20.2,229.5,48,2.9,164,4.9,4.4,1124,Social Media
U16678,35,Other,Lucknow,Oppo,iOS,7.2,16.9,180.0,133,1.9,1310,1.0,4.4,1786,Work
U16679,28,Female,Delhi,Nokia,iOS,8.5,19.0,265.6,30,1.9,1921,4.5,0.5,577,Social Media
U16680,44,Female,Delhi,OnePlus,Android,1.3,17.6,128.0,12,1.7,7625,5.5,2.2,1859,Education
U16681,41,Other,Pune,Google Pixel,iOS,3.0,31.9,187.2,95,1.2,7161,7.6,4.1,1272,Entertainment
U16682,28,Female,Mumbai,Google Pixel,iOS,6.4,13.3,42.5,181,5.5,7377,4.8,4.6,1313,Social Media
U16683,56,Other,Mumbai,Samsung,iOS,10.2,14.6,213.7,135,5.6,5863,5.1,1.1,1607,Gaming
U16684,27,Other,Delhi,Nokia,iOS,5.2,3.9,101.8,165,3.1,3994,5.7,1.7,1828,Work
U16685,28,Other,Ahmedabad,Realme,Android,10.3,18.2,110.0,44,5.4,6241,1.7,3.7,853,Entertainment
U16686,52,Other,Hyderabad,Apple,Android,3.7,26.7,11.8,65,1.4,9965,5.1,1.7,623,Work
U16687,41,Male,Jaipur,Samsung,Android,10.3,11.5,229.5,152,4.2,2035,6.1,2.2,713,Education
U16688,43,Male,Chennai,Oppo,Android,6.9,29.0,214.9,133,1.3,8283,0.9,0.2,272,Education
U16689,44,Male,Ahmedabad,Vivo,iOS,9.9,14.5,298.8,144,5.9,922,3.1,2.7,851,Education
U16690,35,Male,Lucknow,Oppo,Android,8.7,20.4,47.7,66,4.4,8167,6.7,4.1,1707,Education
U16691,29,Female,Lucknow,Apple,Android,9.8,33.4,63.6,101,0.7,3484,8.0,3.3,809,Education
U16692,55,Male,Mumbai,Vivo,iOS,3.6,21.2,217.8,168,4.2,3943,6.4,1.5,1907,Work
U16693,47,Female,Bangalore,Nokia,iOS,9.0,7.4,189.6,151,4.6,9574,2.6,4.8,1762,Social Media
U16694,43,Other,Kolkata,Xiaomi,iOS,11.4,27.3,39.9,111,5.5,5038,5.7,2.9,443,Social Media
U16695,31,Other,Hyderabad,Motorola,iOS,9.2,36.9,242.1,59,4.0,5342,1.4,3.9,733,Gaming
U16696,51,Other,Ahmedabad,Google Pixel,iOS,5.6,47.9,287.9,48,5.1,9073,3.6,4.0,1008,Gaming
U16697,50,Male,Delhi,Nokia,Android,4.4,16.5,156.0,156,1.1,4840,0.9,0.7,1980,Gaming
U16698,15,Other,Pune,Realme,iOS,3.7,42.1,62.5,156,4.3,1170,4.8,0.7,843,Work
U16699,56,Male,Pune,Apple,iOS,3.4,2.6,227.9,148,3.5,4131,6.4,0.6,1339,Entertainment
U16700,24,Male,Hyderabad,Motorola,iOS,10.3,43.3,265.2,187,1.1,7189,4.6,4.4,538,Entertainment
U16701,46,Male,Lucknow,Google Pixel,iOS,2.5,10.4,114.7,115,2.4,9765,7.4,2.9,416,Entertainment
U16702,29,Male,Ahmedabad,Vivo,iOS,4.4,17.1,283.2,93,1.5,8803,0.6,3.4,1597,Education
U16703,42,Other,Lucknow,Oppo,iOS,8.1,48.1,209.9,153,5.3,5255,2.0,2.0,790,Gaming
U16704,53,Female,Hyderabad,Realme,Android,2.5,41.1,100.2,43,5.3,4042,6.6,4.2,1460,Social Media
U16705,22,Female,Ahmedabad,Apple,Android,1.4,44.1,38.5,181,5.8,7528,1.3,2.2,1843,Work
U16706,54,Male,Chennai,Apple,iOS,9.8,7.5,52.4,97,0.7,6427,6.7,1.1,1672,Gaming
U16707,50,Male,Lucknow,Nokia,Android,2.4,48.2,161.1,32,3.5,5957,2.0,3.5,931,Social Media
U16708,40,Female,Ahmedabad,Apple,iOS,1.3,23.0,267.0,19,5.2,8210,7.9,2.3,296,Education
U16709,60,Male,Mumbai,Motorola,Android,2.2,19.1,277.2,139,1.0,8141,1.8,3.2,1086,Social Media
U16710,23,Male,Chennai,Samsung,Android,4.8,47.3,44.3,24,1.5,2764,1.5,0.0,523,Education
U16711,43,Other,Mumbai,Vivo,Android,5.6,40.6,288.7,161,0.6,405,7.7,4.6,342,Work
U16712,41,Other,Jaipur,Oppo,Android,7.2,9.5,182.4,137,1.2,9410,3.1,3.6,1568,Education
U16713,43,Female,Ahmedabad,Samsung,iOS,10.3,38.8,226.8,51,5.4,9312,4.5,3.1,1068,Social Media
U16714,44,Female,Ahmedabad,Google Pixel,Android,2.0,29.3,10.2,38,5.4,8486,0.6,2.1,691,Entertainment
U16715,47,Female,Delhi,Vivo,Android,4.3,48.1,97.6,92,3.4,3122,1.7,4.4,741,Entertainment
U16716,51,Female,Mumbai,Oppo,iOS,9.9,44.4,20.3,105,4.5,5082,7.8,2.5,131,Entertainment
U16717,51,Other,Chennai,Google Pixel,iOS,5.3,23.8,32.0,194,4.1,837,4.4,4.3,240,Education
U16718,54,Male,Mumbai,Motorola,iOS,5.2,35.3,49.9,158,3.7,1720,2.0,2.2,790,Work
U16719,32,Female,Mumbai,Oppo,Android,8.3,2.8,228.6,135,3.8,7954,6.5,1.6,974,Entertainment
U16720,17,Other,Mumbai,Motorola,iOS,1.0,35.0,295.7,132,2.0,8416,3.0,1.9,1783,Education
U16721,22,Male,Mumbai,Apple,Android,1.2,10.2,129.6,185,2.5,6198,3.8,3.1,1061,Social Media
U16722,34,Male,Mumbai,Samsung,iOS,11.8,21.5,266.5,81,6.0,7627,5.0,1.4,626,Social Media
U16723,34,Other,Lucknow,Apple,Android,10.5,30.0,43.4,99,4.0,3148,3.3,0.1,1852,Education
U16724,20,Other,Mumbai,Oppo,iOS,3.1,15.4,98.2,173,5.8,6540,7.2,4.1,133,Social Media
U16725,52,Female,Jaipur,Xiaomi,Android,10.4,46.7,192.8,148,4.7,5715,6.7,2.4,1760,Social Media
U16726,15,Female,Mumbai,Xiaomi,Android,3.0,49.7,119.0,104,4.5,9122,5.2,1.5,1133,Education
U16727,27,Female,Bangalore,Vivo,iOS,7.4,7.6,261.9,43,0.9,2246,3.4,2.3,434,Education
U16728,18,Male,Delhi,Samsung,Android,7.7,18.7,33.8,146,3.1,9175,6.4,2.5,1807,Social Media
U16729,22,Other,Jaipur,Google Pixel,iOS,5.4,39.5,33.3,60,4.4,5454,5.6,2.6,1857,Social Media
U16730,41,Female,Mumbai,Xiaomi,iOS,2.9,7.6,21.2,17,3.3,4257,4.3,1.3,1747,Gaming
U16731,24,Male,Lucknow,Realme,Android,9.7,22.2,48.8,199,0.6,8823,1.4,1.9,326,Social Media
U16732,34,Male,Delhi,Vivo,Android,10.0,20.4,20.8,32,4.4,7774,4.6,2.6,1117,Gaming
U16733,33,Male,Kolkata,Realme,iOS,3.7,5.2,26.1,197,5.6,9933,1.0,4.4,1504,Work
U16734,39,Male,Lucknow,Oppo,Android,9.2,38.4,190.8,15,4.6,2884,4.6,2.9,726,Entertainment
U16735,35,Female,Kolkata,Xiaomi,iOS,1.6,20.4,58.3,24,2.3,8269,6.2,3.4,1805,Education
U16736,43,Male,Mumbai,Google Pixel,iOS,4.5,22.2,22.3,47,4.7,6084,6.2,3.0,1295,Social Media
U16737,56,Female,Delhi,Oppo,iOS,5.4,27.7,220.2,54,1.3,1025,4.4,2.8,578,Work
U16738,46,Female,Jaipur,Apple,Android,10.3,24.7,21.2,70,2.8,6638,6.5,4.8,1817,Entertainment
U16739,33,Other,Hyderabad,Xiaomi,iOS,3.1,48.3,92.2,92,1.7,8259,7.7,3.4,825,Education
U16740,17,Other,Chennai,Apple,iOS,4.1,4.8,85.3,196,0.9,2890,5.2,2.2,772,Entertainment
U16741,18,Male,Jaipur,Vivo,Android,9.0,33.1,94.2,23,2.8,3308,4.2,3.6,1773,Social Media
U16742,41,Male,Hyderabad,Google Pixel,iOS,1.8,8.4,203.9,68,1.2,9712,3.8,3.7,1406,Work
U16743,52,Other,Kolkata,Apple,iOS,2.7,10.1,6.3,155,0.8,5286,6.0,1.3,1939,Work
U16744,60,Male,Mumbai,Oppo,Android,1.6,20.1,112.6,116,5.5,6308,5.5,1.0,1399,Gaming
U16745,36,Female,Kolkata,Google Pixel,Android,6.2,9.7,45.3,17,0.9,1195,3.8,4.2,740,Social Media
U16746,17,Other,Lucknow,Motorola,iOS,6.9,47.5,102.0,70,1.6,5839,4.7,2.6,1539,Education
U16747,29,Other,Lucknow,Realme,iOS,5.1,42.5,14.9,123,3.0,2773,6.0,4.4,986,Gaming
U16748,38,Other,Bangalore,Oppo,Android,5.0,32.7,116.0,182,4.4,1595,2.0,0.7,1222,Education
U16749,35,Male,Delhi,OnePlus,iOS,4.7,25.8,105.0,76,4.1,2529,6.7,3.5,1274,Entertainment
U16750,22,Female,Delhi,Nokia,Android,8.9,1.9,47.8,29,1.8,4915,4.7,3.0,321,Gaming
U16751,26,Male,Lucknow,Oppo,Android,3.6,9.9,113.5,32,5.1,2604,5.1,0.2,1305,Gaming
U16752,30,Other,Hyderabad,Nokia,iOS,2.8,12.8,268.8,113,5.6,6882,4.8,1.2,1708,Social Media
U16753,42,Female,Ahmedabad,Samsung,iOS,6.9,27.8,239.4,149,1.7,1005,3.7,3.6,398,Education
U16754,36,Other,Bangalore,Nokia,Android,5.4,26.0,55.6,104,2.4,5238,5.8,3.6,792,Education
U16755,27,Other,Lucknow,Oppo,iOS,6.4,10.2,189.1,194,5.6,9953,5.8,1.0,1723,Entertainment
U16756,30,Male,Delhi,Google Pixel,iOS,8.5,11.9,107.6,64,2.8,6569,4.6,1.4,103,Social Media
U16757,33,Male,Jaipur,Realme,Android,11.0,36.7,149.8,150,5.5,6626,7.1,2.2,660,Social Media
U16758,19,Other,Bangalore,Oppo,Android,3.5,12.8,130.7,196,2.7,6821,5.5,4.2,843,Work
U16759,38,Male,Jaipur,Realme,Android,9.7,5.1,192.9,48,1.3,4502,4.5,4.0,1189,Education
U16760,58,Female,Ahmedabad,Realme,iOS,3.8,43.1,8.8,31,1.0,2226,2.4,2.0,677,Education
U16761,33,Other,Pune,Realme,Android,9.9,28.6,34.6,164,2.7,7502,7.4,2.8,387,Work
U16762,52,Other,Pune,Oppo,iOS,3.7,28.8,138.1,161,3.8,3259,7.0,2.5,379,Social Media
U16763,35,Female,Chennai,OnePlus,Android,11.9,17.4,11.0,69,1.0,7522,0.7,1.8,1485,Social Media
U16764,53,Other,Bangalore,OnePlus,iOS,11.1,27.3,164.9,136,1.2,8279,5.2,3.4,540,Education
U16765,22,Other,Jaipur,Vivo,iOS,5.0,14.1,40.3,143,5.5,5822,8.0,0.3,1958,Entertainment
U16766,44,Male,Mumbai,Vivo,Android,3.5,16.2,282.9,64,3.1,7498,7.3,0.5,880,Social Media
U16767,37,Male,Jaipur,Nokia,iOS,9.9,3.0,247.4,62,1.7,8777,6.2,0.7,1181,Education
U16768,18,Other,Jaipur,Realme,iOS,4.7,3.5,203.9,98,2.9,3342,3.9,0.9,775,Entertainment
U16769,49,Other,Mumbai,Xiaomi,Android,6.5,7.9,286.4,25,2.9,5985,6.2,2.4,853,Social Media
U16770,18,Male,Chennai,Motorola,iOS,10.4,4.0,230.5,58,1.4,9686,6.8,4.6,147,Social Media
U16771,32,Male,Chennai,Samsung,Android,5.7,9.7,282.7,150,1.8,1168,1.8,5.0,981,Social Media
U16772,24,Male,Jaipur,OnePlus,Android,5.0,9.2,264.5,100,4.5,2792,6.5,1.7,720,Social Media
U16773,44,Female,Bangalore,Google Pixel,Android,3.8,37.1,256.1,158,3.3,2207,2.7,2.9,1880,Entertainment
U16774,32,Other,Jaipur,Vivo,iOS,11.9,9.0,9.1,18,3.2,7925,3.1,2.6,458,Work
U16775,40,Female,Hyderabad,Nokia,Android,2.6,21.1,153.4,71,4.5,6269,2.6,2.4,411,Work
U16776,44,Other,Ahmedabad,Motorola,Android,8.1,42.8,95.2,85,3.6,2763,5.2,4.5,1341,Social Media
U16777,15,Other,Ahmedabad,Realme,Android,3.4,47.6,102.7,44,3.1,2517,6.2,2.5,515,Social Media
U16778,27,Other,Ahmedabad,Samsung,iOS,7.2,28.3,177.9,198,4.4,5694,7.2,1.3,460,Work
U16779,15,Female,Hyderabad,Google Pixel,iOS,5.0,38.1,10.4,60,3.8,1936,3.8,0.4,852,Gaming
U16780,59,Female,Kolkata,Xiaomi,iOS,4.7,38.7,58.7,90,2.4,4832,6.8,4.4,1625,Work
U16781,53,Female,Delhi,Google Pixel,iOS,8.5,16.5,272.9,142,2.4,5613,7.8,0.4,365,Social Media
U16782,26,Male,Chennai,Oppo,iOS,7.0,35.5,146.1,49,2.8,2640,4.8,2.3,609,Work
U16783,50,Female,Delhi,Samsung,Android,3.6,46.7,243.0,139,4.8,6564,0.5,4.8,507,Education
U16784,30,Female,Ahmedabad,Apple,Android,8.8,11.8,254.8,89,0.9,1432,7.4,2.6,427,Gaming
U16785,15,Female,Mumbai,Nokia,iOS,9.2,23.5,91.1,70,5.0,8447,6.7,1.8,1079,Education
U16786,33,Female,Mumbai,Xiaomi,iOS,3.0,41.8,258.7,177,4.4,8755,4.2,3.5,1506,Work
U16787,38,Female,Bangalore,Google Pixel,Android,8.2,44.6,260.2,190,1.6,1533,7.4,2.9,189,Work
U16788,27,Female,Lucknow,Motorola,iOS,11.6,23.2,55.4,178,1.9,6772,3.8,3.8,397,Gaming
U16789,31,Female,Pune,Realme,iOS,1.6,21.8,172.5,69,3.3,2343,4.0,2.1,1600,Work
U16790,30,Female,Hyderabad,Google Pixel,iOS,5.0,3.2,13.0,149,2.0,7277,3.4,2.4,253,Gaming
U16791,17,Other,Hyderabad,Realme,iOS,3.8,6.8,23.5,54,1.3,7390,0.7,2.9,636,Entertainment
U16792,19,Other,Kolkata,OnePlus,Android,4.0,15.5,227.8,177,1.0,3771,2.9,4.8,1086,Gaming
U16793,34,Female,Pune,Apple,Android,2.3,49.5,202.2,152,5.1,2716,1.8,4.2,1675,Gaming
U16794,25,Male,Hyderabad,Apple,Android,1.7,49.5,275.1,174,0.7,7170,5.4,3.6,1133,Work
U16795,46,Female,Pune,Apple,Android,4.0,25.7,265.8,191,3.2,6584,2.2,3.8,1854,Education
U16796,26,Other,Hyderabad,Google Pixel,Android,9.2,44.6,35.5,197,5.4,3181,3.1,2.7,786,Social Media
U16797,38,Other,Jaipur,Oppo,iOS,7.8,30.6,61.9,88,3.9,6923,8.0,1.3,1250,Entertainment
U16798,47,Male,Pune,Realme,iOS,5.0,37.2,40.0,200,1.3,4076,4.2,3.3,924,Social Media
U16799,25,Female,Delhi,Motorola,iOS,11.3,31.4,276.0,26,1.0,3934,1.3,0.6,395,Gaming
U16800,58,Male,Delhi,Xiaomi,iOS,2.7,43.7,82.4,13,0.5,9733,5.6,2.2,1444,Entertainment
U16801,48,Other,Jaipur,Google Pixel,Android,7.5,7.0,78.9,52,1.0,5770,7.6,0.0,726,Social Media
U16802,29,Male,Delhi,Realme,iOS,11.6,16.1,174.5,47,2.4,3223,1.6,0.0,1018,Gaming
U16803,30,Male,Delhi,OnePlus,iOS,7.5,42.8,36.5,148,0.9,7777,4.0,0.0,1999,Education
U16804,53,Female,Lucknow,Apple,iOS,10.7,10.5,83.4,92,5.3,5457,2.5,2.7,1223,Social Media
U16805,16,Female,Jaipur,Vivo,Android,7.2,22.4,292.8,163,5.9,8438,6.0,3.1,1524,Gaming
U16806,55,Male,Delhi,Motorola,Android,11.4,14.4,171.3,155,4.7,1066,1.7,1.9,1249,Work
U16807,30,Male,Hyderabad,Realme,Android,3.6,34.4,99.5,194,2.2,9684,1.1,0.4,1350,Education
U16808,53,Other,Jaipur,Nokia,Android,7.4,12.3,203.8,40,3.4,4287,7.5,2.8,477,Social Media
U16809,36,Female,Kolkata,Vivo,Android,6.6,39.3,210.5,172,1.5,5538,4.4,4.4,1751,Entertainment
U16810,21,Female,Mumbai,Oppo,Android,7.5,37.5,270.8,180,4.2,1204,1.4,1.5,520,Social Media
U16811,38,Male,Mumbai,Nokia,Android,9.3,38.8,131.7,81,5.0,3171,5.5,4.3,718,Work
U16812,47,Male,Jaipur,Apple,iOS,7.3,30.0,250.8,42,5.0,4446,3.3,3.1,1870,Education
U16813,25,Female,Bangalore,Xiaomi,Android,8.7,25.5,36.8,64,2.8,5667,1.6,4.7,513,Work
U16814,29,Other,Bangalore,Nokia,Android,7.9,28.8,107.6,93,0.7,4849,3.1,1.4,1760,Education
U16815,49,Female,Kolkata,Oppo,Android,1.9,29.8,258.9,195,4.7,3326,0.5,4.1,769,Work
U16816,34,Male,Hyderabad,Samsung,iOS,5.4,34.5,217.6,122,4.6,4289,0.7,0.9,1841,Education
U16817,48,Male,Hyderabad,Apple,Android,11.3,26.2,33.2,200,2.8,2805,6.0,0.1,1877,Entertainment
U16818,29,Female,Kolkata,Realme,iOS,6.1,42.2,158.0,53,1.9,6668,6.5,4.9,805,Education
U16819,33,Other,Chennai,Vivo,Android,7.0,42.1,292.3,107,3.0,9945,3.3,4.4,475,Entertainment
U16820,45,Male,Pune,Apple,Android,8.5,30.9,6.4,165,2.5,236,3.9,3.3,1449,Social Media
U16821,42,Female,Chennai,Nokia,iOS,1.5,18.3,78.1,15,1.7,2107,1.4,0.9,1569,Work
U16822,49,Male,Kolkata,Motorola,Android,10.0,18.1,175.5,73,2.4,3803,7.1,3.1,765,Entertainment
U16823,59,Other,Ahmedabad,OnePlus,iOS,1.0,20.6,223.9,115,2.4,7580,1.4,2.8,268,Gaming
U16824,37,Other,Chennai,Oppo,Android,4.1,16.7,30.9,98,3.3,630,5.3,3.8,199,Gaming
U16825,34,Other,Kolkata,OnePlus,Android,10.0,9.3,270.4,183,4.5,5212,6.4,0.7,1264,Work
U16826,38,Female,Chennai,Samsung,Android,6.8,32.7,191.1,174,6.0,1344,7.9,2.1,1687,Gaming
U16827,29,Male,Lucknow,Apple,iOS,10.8,23.4,260.9,100,1.3,5226,1.9,0.7,1729,Social Media
U16828,43,Other,Lucknow,Oppo,iOS,11.0,23.6,69.0,150,3.7,3767,1.2,4.1,578,Education
U16829,23,Other,Lucknow,OnePlus,Android,7.7,13.8,81.9,125,5.8,1867,2.0,3.8,1697,Work
U16830,33,Female,Jaipur,Samsung,Android,5.6,27.1,298.5,85,4.5,9684,0.8,2.9,1409,Entertainment
U16831,58,Male,Chennai,Samsung,iOS,6.1,26.0,240.5,159,4.5,6165,6.3,3.1,1734,Gaming
U16832,25,Female,Jaipur,Xiaomi,Android,4.1,40.5,211.3,57,1.2,1497,3.3,2.1,141,Entertainment
U16833,52,Male,Bangalore,OnePlus,Android,7.0,12.4,195.9,141,1.5,7510,4.6,4.9,1553,Education
U16834,47,Female,Chennai,Samsung,iOS,11.5,6.8,293.2,183,2.0,4345,6.5,1.1,1148,Education
U16835,58,Other,Pune,Nokia,iOS,10.2,40.0,250.3,199,4.3,1271,1.9,0.9,525,Education
U16836,36,Male,Lucknow,Realme,Android,10.3,20.0,115.7,137,3.0,8528,4.5,0.2,501,Social Media
U16837,31,Female,Ahmedabad,Realme,iOS,10.6,4.7,193.1,125,2.1,143,5.9,1.9,944,Social Media
U16838,44,Female,Hyderabad,Samsung,iOS,1.5,7.0,174.0,51,3.6,5863,6.0,0.9,650,Social Media
U16839,47,Male,Jaipur,Google Pixel,Android,1.1,20.4,159.8,43,1.0,9311,6.2,3.3,214,Work
U16840,29,Male,Hyderabad,Motorola,Android,2.0,46.7,216.3,160,3.7,297,7.6,1.1,1285,Entertainment
U16841,44,Female,Delhi,Realme,Android,8.2,6.7,256.2,163,4.4,2230,7.2,1.9,402,Work
U16842,17,Other,Delhi,Xiaomi,iOS,4.7,43.7,73.4,25,4.6,9169,5.8,1.5,412,Gaming
U16843,39,Female,Jaipur,Nokia,iOS,7.7,5.7,138.7,123,3.9,7814,2.8,1.7,1832,Entertainment
U16844,50,Female,Lucknow,Vivo,iOS,11.0,29.7,218.5,141,1.8,1039,7.1,0.5,1634,Gaming
U16845,57,Other,Mumbai,OnePlus,Android,5.5,31.7,82.1,91,5.6,4479,3.9,3.9,817,Social Media
U16846,39,Other,Jaipur,Google Pixel,Android,6.7,44.8,252.2,157,3.4,4375,6.4,0.0,682,Work
U16847,32,Female,Bangalore,Xiaomi,iOS,5.6,7.8,88.7,151,0.9,8308,5.9,0.6,1357,Gaming
U16848,24,Male,Pune,OnePlus,iOS,8.2,27.3,31.2,161,4.5,2195,5.7,0.6,1331,Education
U16849,31,Other,Chennai,OnePlus,iOS,6.1,39.7,247.3,110,5.4,5698,5.4,4.5,378,Education
U16850,15,Female,Jaipur,Oppo,Android,8.2,40.0,62.2,148,1.9,7563,3.4,4.8,556,Entertainment
U16851,49,Male,Kolkata,Realme,iOS,9.0,3.3,70.0,186,1.8,2780,0.6,1.4,1852,Work
U16852,46,Male,Pune,Google Pixel,iOS,8.8,11.3,64.6,48,4.4,357,8.0,4.8,1484,Gaming
U16853,29,Other,Hyderabad,Motorola,Android,8.0,24.0,127.2,119,2.8,3759,7.1,2.4,1693,Work
U16854,29,Male,Jaipur,Realme,Android,7.9,34.5,269.4,135,5.2,9605,1.9,0.0,1142,Entertainment
U16855,16,Male,Hyderabad,Vivo,Android,7.4,25.9,224.5,28,3.4,1982,1.5,0.1,930,Gaming
U16856,54,Male,Delhi,Samsung,iOS,9.5,43.4,272.4,178,2.4,9816,4.6,1.4,1294,Entertainment
U16857,55,Other,Pune,Samsung,iOS,7.4,33.4,247.0,14,2.2,7296,3.6,3.9,924,Social Media
U16858,32,Other,Jaipur,Oppo,Android,6.0,34.0,106.5,152,3.5,6278,2.2,4.0,1372,Work
U16859,18,Male,Ahmedabad,Oppo,Android,3.2,38.2,31.6,83,2.1,6476,2.6,3.0,1542,Education
U16860,44,Male,Lucknow,Xiaomi,iOS,8.8,42.3,162.5,97,5.3,3134,7.8,3.0,1448,Entertainment
U16861,40,Female,Chennai,Apple,iOS,4.3,47.4,64.6,126,5.9,1547,4.7,0.9,580,Work
U16862,44,Male,Ahmedabad,OnePlus,Android,10.1,14.7,258.0,163,4.7,5127,0.7,3.4,240,Work
U16863,44,Male,Delhi,OnePlus,iOS,11.5,12.6,87.0,119,2.5,7739,2.9,2.2,1733,Entertainment
U16864,59,Female,Delhi,Realme,iOS,3.2,22.5,279.5,83,0.8,432,5.8,3.9,1049,Education
U16865,53,Other,Lucknow,Oppo,iOS,2.0,9.3,102.2,199,2.6,4445,3.1,3.4,1282,Work
U16866,23,Female,Lucknow,Nokia,Android,10.3,49.1,71.6,54,1.4,2056,1.3,0.5,1068,Entertainment
U16867,21,Other,Delhi,Samsung,iOS,2.0,25.0,266.4,150,3.9,5593,5.9,3.1,1976,Education
U16868,25,Male,Jaipur,Google Pixel,iOS,7.8,37.5,102.2,117,2.2,2837,5.2,2.4,585,Education
U16869,22,Other,Bangalore,Google Pixel,Android,8.4,6.4,224.7,110,1.6,4854,3.3,2.6,1185,Gaming
U16870,44,Female,Lucknow,Nokia,iOS,6.3,23.4,137.7,189,3.2,7973,1.6,0.8,689,Education
U16871,38,Other,Jaipur,Samsung,Android,8.1,44.2,203.5,122,1.1,4305,4.6,0.8,1773,Social Media
U16872,21,Other,Lucknow,Xiaomi,Android,11.3,14.0,199.5,155,2.5,5231,7.6,0.1,1713,Entertainment
U16873,29,Female,Delhi,Realme,iOS,5.4,34.4,192.4,153,2.9,8372,4.3,1.6,556,Gaming
U16874,34,Other,Ahmedabad,Samsung,iOS,2.5,45.6,53.9,119,2.6,3964,3.7,2.9,953,Entertainment
U16875,53,Other,Lucknow,Oppo,iOS,6.0,47.1,26.0,13,1.6,6919,3.8,1.6,1991,Gaming
U16876,20,Male,Pune,Samsung,iOS,8.3,23.1,182.2,188,3.4,1745,3.5,0.2,1258,Social Media
U16877,43,Female,Hyderabad,Nokia,Android,10.4,31.3,33.3,194,4.7,5911,0.8,3.1,136,Entertainment
U16878,50,Other,Mumbai,Nokia,Android,5.3,15.1,278.8,128,5.8,3358,6.3,2.1,1537,Education
U16879,53,Female,Kolkata,Oppo,Android,3.5,1.8,215.9,110,1.2,4649,4.7,3.9,1016,Education
U16880,15,Other,Chennai,Samsung,iOS,1.5,24.0,203.9,144,1.9,2932,3.0,4.2,384,Work
U16881,19,Male,Lucknow,Google Pixel,Android,2.0,34.9,281.2,168,3.4,5159,3.9,2.5,283,Entertainment
U16882,48,Other,Chennai,Google Pixel,Android,3.6,34.7,73.6,145,5.7,8068,2.6,2.6,495,Social Media
U16883,49,Male,Pune,OnePlus,Android,11.2,30.0,125.2,193,4.9,7161,2.6,4.3,282,Gaming
U16884,57,Other,Bangalore,Nokia,iOS,3.5,12.6,192.4,14,1.2,7976,6.9,3.9,1343,Social Media
U16885,43,Other,Jaipur,Oppo,Android,11.9,21.5,217.3,93,3.3,1893,4.1,1.4,954,Social Media
U16886,42,Male,Jaipur,Xiaomi,Android,1.2,15.3,21.1,42,3.7,2897,6.5,0.1,1140,Gaming
U16887,37,Male,Chennai,Motorola,Android,4.6,20.5,144.5,116,5.2,373,6.3,3.7,757,Work
U16888,17,Female,Pune,Motorola,iOS,8.6,30.6,270.6,74,1.8,9695,6.3,4.3,974,Entertainment
U16889,60,Other,Pune,Motorola,iOS,6.3,30.5,14.8,113,5.7,9019,7.2,0.2,1789,Gaming
U16890,43,Other,Mumbai,OnePlus,iOS,5.3,29.4,61.4,61,3.4,158,1.4,0.3,504,Social Media
U16891,59,Other,Delhi,OnePlus,iOS,8.1,36.3,98.7,17,3.6,2648,0.9,3.9,644,Work
U16892,53,Male,Lucknow,Realme,iOS,3.4,6.4,100.0,76,5.0,8593,1.4,3.0,1642,Entertainment
U16893,17,Male,Pune,Xiaomi,Android,7.6,31.5,117.6,89,5.5,629,5.6,4.8,1923,Social Media
U16894,35,Other,Kolkata,Vivo,iOS,4.8,16.1,144.2,150,4.2,3502,2.6,1.9,1065,Entertainment
U16895,57,Other,Ahmedabad,OnePlus,iOS,10.2,39.8,171.3,72,5.1,4147,4.8,0.6,1350,Education
U16896,46,Male,Pune,Apple,Android,9.9,17.4,242.1,181,5.2,1832,7.4,0.8,217,Work
U16897,22,Other,Kolkata,Vivo,Android,7.3,47.0,95.5,130,4.4,5956,4.9,2.1,1784,Education
U16898,45,Male,Lucknow,Google Pixel,iOS,10.8,39.4,179.2,141,2.7,9946,5.0,0.6,1905,Entertainment
U16899,31,Male,Bangalore,Nokia,iOS,5.7,49.9,10.4,92,3.9,5699,7.9,2.3,979,Work
U16900,43,Male,Mumbai,Xiaomi,iOS,10.1,35.4,239.5,59,6.0,6844,1.2,0.2,524,Social Media
U16901,24,Female,Pune,OnePlus,Android,9.6,34.1,146.3,188,5.9,9526,4.1,4.2,1294,Entertainment
U16902,38,Female,Delhi,Samsung,iOS,9.1,21.6,68.8,110,4.2,6739,5.5,3.5,790,Gaming
U16903,59,Male,Jaipur,Nokia,iOS,7.1,6.4,102.0,141,2.4,5654,3.6,4.8,173,Gaming
U16904,22,Female,Jaipur,Nokia,iOS,6.5,29.2,208.4,109,3.9,1452,2.2,4.1,1782,Education
U16905,27,Female,Kolkata,Apple,iOS,4.2,23.2,107.8,52,1.8,638,3.9,3.5,1331,Gaming
U16906,36,Male,Kolkata,OnePlus,Android,3.4,31.7,238.5,120,4.8,4003,7.4,4.8,1794,Entertainment
U16907,50,Other,Jaipur,Apple,iOS,7.0,27.8,265.4,61,5.7,821,5.5,2.2,703,Entertainment
U16908,35,Male,Mumbai,Xiaomi,iOS,5.4,47.4,110.5,74,1.9,7922,7.3,0.4,1180,Social Media
U16909,50,Female,Chennai,Nokia,iOS,3.6,3.1,84.8,162,4.7,3102,6.1,0.4,703,Education
U16910,22,Male,Bangalore,OnePlus,iOS,8.2,5.0,119.6,48,5.8,2875,5.4,4.4,1028,Entertainment
U16911,36,Male,Mumbai,Vivo,Android,8.4,8.1,235.2,48,2.8,5880,4.9,0.5,847,Social Media
U16912,20,Male,Mumbai,Xiaomi,Android,9.3,44.4,208.0,170,5.2,8912,5.1,3.5,1053,Work
U16913,29,Female,Mumbai,Xiaomi,Android,8.6,21.2,251.3,108,5.3,9895,3.8,2.4,570,Gaming
U16914,18,Female,Delhi,Google Pixel,iOS,8.6,27.2,162.0,19,3.7,7997,3.1,3.6,1945,Social Media
U16915,19,Female,Bangalore,Nokia,iOS,6.4,6.8,279.5,59,2.1,5159,2.3,4.7,472,Education
U16916,25,Male,Chennai,Nokia,Android,3.8,21.6,199.5,83,1.4,7438,0.9,4.2,527,Entertainment
U16917,25,Female,Pune,Nokia,Android,3.8,48.2,29.1,114,3.7,5601,5.8,2.1,628,Education
U16918,18,Male,Bangalore,Vivo,Android,8.7,3.2,69.1,63,2.0,891,7.4,4.4,444,Gaming
U16919,37,Male,Lucknow,Google Pixel,Android,8.2,33.6,179.7,39,2.3,8279,7.6,3.3,1353,Education
U16920,48,Female,Lucknow,Nokia,iOS,7.5,40.1,78.5,11,2.5,7114,6.7,0.6,1739,Work
U16921,51,Other,Pune,Nokia,Android,6.5,42.8,147.5,182,1.8,3369,1.2,1.0,1158,Work
U16922,28,Male,Pune,Apple,Android,4.4,46.6,267.9,116,4.6,4900,7.8,4.3,993,Education
U16923,15,Other,Ahmedabad,OnePlus,iOS,8.7,31.8,157.0,161,2.2,8013,1.1,1.8,569,Gaming
U16924,30,Female,Kolkata,Realme,Android,6.4,3.1,203.7,35,4.3,7674,1.5,3.7,386,Work
U16925,22,Male,Bangalore,Realme,iOS,1.5,36.0,176.2,164,4.1,9825,5.4,0.3,417,Social Media
U16926,38,Male,Hyderabad,Samsung,iOS,5.1,31.0,79.4,144,4.2,990,4.8,0.1,785,Work
U16927,58,Other,Lucknow,Oppo,Android,3.0,25.8,196.4,131,2.2,268,0.9,2.4,1107,Gaming
U16928,46,Female,Bangalore,Realme,Android,6.2,26.3,121.1,77,5.2,1629,4.9,3.8,630,Education
U16929,36,Female,Delhi,Nokia,Android,11.0,47.9,167.6,189,2.7,6002,0.9,3.0,1860,Gaming
U16930,26,Female,Bangalore,Google Pixel,iOS,7.3,7.9,157.6,193,4.4,5215,4.4,2.0,446,Gaming
U16931,17,Male,Pune,OnePlus,iOS,11.4,11.0,69.7,123,4.2,7695,5.3,2.9,1358,Entertainment
U16932,46,Female,Pune,Oppo,iOS,9.8,5.2,12.9,166,3.4,9883,2.6,1.4,1012,Work
U16933,57,Other,Mumbai,Motorola,Android,1.3,14.4,186.9,10,2.3,7205,7.3,4.1,1290,Entertainment
U16934,38,Other,Bangalore,Samsung,iOS,10.2,5.2,62.9,33,5.9,1419,3.0,0.5,502,Entertainment
U16935,57,Female,Pune,Samsung,Android,5.0,31.4,35.6,118,5.1,3772,7.3,3.2,945,Education
U16936,41,Male,Lucknow,Google Pixel,Android,8.4,36.2,139.2,153,0.7,8167,4.5,4.7,1736,Education
U16937,52,Female,Mumbai,Vivo,Android,6.9,31.2,262.6,196,5.4,7815,2.8,2.8,855,Gaming
U16938,34,Other,Hyderabad,Xiaomi,Android,11.1,38.5,262.1,50,1.3,1019,0.8,3.5,1994,Gaming
U16939,16,Female,Jaipur,Motorola,Android,6.3,18.2,189.9,163,2.3,5742,7.7,0.8,951,Social Media
U16940,51,Other,Pune,Vivo,iOS,1.6,10.5,64.1,97,2.9,5037,4.7,3.1,343,Work
U16941,60,Male,Kolkata,Google Pixel,Android,5.2,5.2,32.3,84,2.7,2770,0.7,2.3,1516,Entertainment
U16942,32,Female,Pune,Vivo,Android,4.2,36.8,45.5,124,1.9,9146,1.4,2.4,1443,Work
U16943,41,Other,Bangalore,Oppo,iOS,7.8,4.5,13.6,44,2.4,5336,0.8,3.3,459,Entertainment
U16944,33,Female,Kolkata,Apple,iOS,5.3,38.2,232.0,186,3.7,7074,7.6,2.4,1430,Gaming
U16945,60,Male,Chennai,Nokia,Android,11.4,7.9,279.3,100,2.9,5640,5.7,2.8,870,Education
U16946,47,Female,Hyderabad,Xiaomi,Android,7.4,6.9,290.3,49,1.7,6938,6.2,2.7,1433,Entertainment
U16947,54,Other,Chennai,Vivo,Android,7.4,8.8,276.4,150,0.9,1978,7.6,1.7,1260,Gaming
U16948,44,Female,Chennai,Vivo,Android,2.1,38.8,185.4,123,4.9,2117,4.0,1.4,103,Gaming
U16949,33,Female,Chennai,Vivo,Android,1.8,33.6,174.2,83,5.2,5609,1.7,4.6,695,Gaming
U16950,15,Female,Mumbai,Nokia,Android,7.7,25.7,95.1,135,3.1,6073,0.6,1.3,848,Work
U16951,37,Male,Kolkata,OnePlus,iOS,10.2,30.1,55.5,167,2.5,807,7.7,3.5,1812,Education
U16952,44,Male,Kolkata,Motorola,Android,1.3,17.5,133.2,159,2.5,5884,6.4,0.6,1003,Work
U16953,48,Male,Jaipur,Vivo,Android,11.6,7.0,50.6,56,2.0,6323,7.6,4.1,1341,Entertainment
U16954,39,Male,Jaipur,Oppo,Android,8.9,48.4,175.2,168,2.3,4008,7.1,2.7,167,Gaming
U16955,57,Other,Pune,OnePlus,Android,2.1,46.8,32.3,145,5.9,1919,1.3,3.0,1663,Education
U16956,24,Female,Pune,Apple,iOS,1.8,27.8,72.3,40,4.4,8390,1.1,3.9,839,Entertainment
U16957,24,Other,Delhi,Nokia,Android,3.5,14.6,189.0,98,2.3,5628,7.8,0.4,1381,Work
U16958,57,Male,Lucknow,OnePlus,iOS,5.4,16.1,76.3,199,5.1,3381,1.5,4.9,671,Work
U16959,38,Male,Kolkata,Realme,Android,11.3,47.6,221.2,13,5.4,573,2.8,3.3,1969,Social Media
U16960,27,Male,Lucknow,OnePlus,iOS,11.5,2.9,174.8,136,4.3,6614,4.0,1.2,272,Education
U16961,29,Female,Bangalore,Oppo,iOS,4.1,43.1,120.8,102,5.7,3256,3.4,0.7,1880,Entertainment
U16962,39,Male,Mumbai,Apple,Android,2.8,32.7,177.1,55,3.4,9225,7.9,3.6,367,Gaming
U16963,42,Female,Lucknow,Motorola,iOS,10.4,9.7,155.2,54,5.4,6878,6.5,1.4,316,Education
U16964,50,Female,Kolkata,Oppo,Android,1.4,41.3,85.6,141,5.7,2837,5.2,1.6,1123,Education
U16965,36,Female,Chennai,Xiaomi,iOS,10.2,14.5,27.3,159,5.5,2565,7.4,4.0,775,Education
U16966,30,Male,Pune,Oppo,Android,11.2,2.2,117.1,130,4.6,5055,1.3,4.7,1368,Education
U16967,45,Female,Mumbai,Oppo,iOS,8.6,5.2,53.9,77,0.6,4782,4.2,1.8,1512,Work
U16968,54,Female,Delhi,Xiaomi,Android,3.4,33.7,9.6,135,3.7,9695,5.0,1.6,1863,Entertainment
U16969,20,Male,Hyderabad,Vivo,Android,11.1,42.3,174.9,28,3.7,144,6.3,1.0,540,Social Media
U16970,56,Female,Jaipur,Xiaomi,iOS,11.4,18.9,290.7,151,3.4,1528,1.2,0.8,1593,Work
U16971,53,Male,Hyderabad,Google Pixel,Android,11.7,22.0,42.8,110,2.3,3340,3.1,2.7,1390,Education
U16972,27,Male,Bangalore,Apple,iOS,6.4,49.5,62.8,187,1.3,5924,0.5,4.7,1534,Entertainment
U16973,21,Male,Kolkata,Apple,Android,10.7,32.5,79.7,176,1.9,2301,4.7,5.0,1978,Education
U16974,50,Male,Jaipur,Google Pixel,iOS,9.3,18.2,78.4,21,2.3,8547,5.7,2.1,1220,Entertainment
U16975,59,Other,Chennai,Samsung,iOS,4.0,43.4,239.2,186,3.7,5034,1.4,0.4,1315,Social Media
U16976,37,Female,Delhi,Apple,iOS,10.6,7.7,267.6,52,1.8,3607,3.5,0.4,1690,Gaming
U16977,23,Female,Pune,Nokia,iOS,3.5,3.7,157.2,87,3.1,8078,3.5,0.4,1842,Gaming
U16978,50,Male,Chennai,Oppo,Android,4.7,23.9,110.6,35,3.3,8494,2.3,2.9,206,Entertainment
U16979,15,Other,Delhi,Motorola,iOS,4.1,46.3,234.3,40,2.0,8661,6.3,3.8,1265,Social Media
U16980,58,Other,Bangalore,Nokia,iOS,5.4,9.7,282.8,29,3.2,3282,4.9,0.4,776,Gaming
U16981,36,Other,Lucknow,Realme,iOS,1.4,24.3,142.8,186,3.9,8882,7.0,1.9,1959,Education
U16982,37,Other,Pune,Oppo,Android,8.8,39.4,166.0,113,3.9,7719,1.4,3.6,1591,Social Media
U16983,17,Female,Bangalore,Nokia,iOS,6.1,35.8,170.8,107,1.8,6538,7.7,1.1,1338,Work
U16984,51,Female,Jaipur,Xiaomi,iOS,10.7,6.0,224.6,141,3.9,5344,1.3,3.0,907,Social Media
U16985,28,Male,Lucknow,Realme,Android,10.4,27.6,32.6,41,3.7,8630,6.3,3.8,1805,Work
U16986,36,Female,Pune,Xiaomi,Android,10.8,27.6,295.9,137,2.8,8399,4.7,2.0,141,Gaming
U16987,21,Male,Mumbai,Nokia,Android,10.1,3.6,165.6,174,4.0,8421,7.6,4.6,1508,Social Media
U16988,41,Male,Chennai,Motorola,iOS,11.0,36.4,87.4,32,5.8,8369,6.1,0.4,1648,Education
U16989,19,Other,Delhi,Samsung,iOS,4.2,19.8,282.5,93,1.9,9325,4.1,3.9,1048,Social Media
U16990,46,Male,Kolkata,Realme,iOS,9.6,10.1,221.8,131,1.2,940,4.0,3.9,1861,Gaming
U16991,22,Other,Bangalore,Samsung,iOS,6.7,5.9,196.6,165,3.7,126,4.0,4.2,744,Gaming
U16992,28,Female,Mumbai,Oppo,Android,5.7,45.6,30.7,171,4.8,7197,6.8,1.1,1557,Gaming
U16993,23,Male,Mumbai,Vivo,Android,10.8,36.1,151.2,87,0.8,1759,6.6,3.4,488,Education
U16994,49,Female,Hyderabad,Vivo,iOS,7.1,18.8,154.0,44,0.7,105,5.5,3.7,421,Education
U16995,56,Female,Jaipur,Apple,iOS,9.1,30.6,160.5,43,4.1,8914,5.7,4.6,1715,Entertainment
U16996,31,Other,Hyderabad,OnePlus,Android,8.6,16.9,232.1,112,4.4,8150,2.4,4.5,1480,Entertainment
U16997,30,Female,Bangalore,Oppo,iOS,3.5,10.7,230.4,48,4.1,1413,3.1,3.7,1467,Social Media
U16998,21,Female,Jaipur,Motorola,iOS,6.5,43.5,204.9,88,5.2,671,2.7,1.1,170,Gaming
U16999,16,Female,Bangalore,Google Pixel,iOS,3.3,35.8,14.3,142,3.0,6507,6.6,2.2,309,Gaming
U17000,20,Male,Pune,Nokia,Android,6.9,31.8,109.3,80,3.7,8597,0.6,3.6,847,Education
U17001,19,Male,Ahmedabad,Vivo,iOS,6.1,47.5,259.6,128,3.9,1197,6.5,4.0,1435,Social Media
U17002,17,Other,Jaipur,Google Pixel,iOS,8.7,41.1,268.4,24,4.7,983,4.7,3.7,989,Social Media
U17003,29,Male,Ahmedabad,Apple,Android,5.4,48.3,51.8,82,4.1,7125,4.6,0.1,694,Gaming
U17004,51,Male,Mumbai,Oppo,iOS,11.7,25.4,115.1,63,3.7,9840,4.4,4.9,288,Entertainment
U17005,21,Male,Mumbai,Xiaomi,Android,6.3,27.5,59.3,62,2.0,3339,1.6,4.1,1722,Work
U17006,52,Male,Bangalore,Google Pixel,Android,9.8,7.3,189.4,34,4.4,5698,3.1,0.1,1126,Social Media
U17007,42,Other,Chennai,Realme,iOS,1.5,6.9,150.9,97,2.9,3046,0.6,3.2,790,Work
U17008,21,Other,Bangalore,OnePlus,iOS,3.8,23.0,244.9,46,2.0,1157,7.2,1.0,680,Gaming
U17009,16,Female,Chennai,Realme,iOS,2.7,42.5,101.9,30,2.8,6507,2.6,4.7,1102,Gaming
U17010,28,Other,Jaipur,Google Pixel,iOS,4.5,5.9,53.8,94,3.7,305,7.3,0.0,1336,Social Media
U17011,29,Female,Kolkata,Apple,iOS,3.4,39.5,19.0,22,4.9,4760,7.7,1.3,960,Education
U17012,21,Male,Ahmedabad,Realme,iOS,1.7,30.2,120.8,79,6.0,9023,5.3,3.9,1033,Work
U17013,35,Male,Mumbai,Motorola,Android,4.8,46.6,70.5,177,5.3,1718,5.9,1.4,1464,Social Media
U17014,59,Other,Pune,OnePlus,iOS,5.6,23.3,253.0,97,5.6,4809,3.9,4.7,1234,Work
U17015,16,Female,Delhi,Google Pixel,iOS,2.0,29.7,219.8,133,3.2,750,3.4,2.2,782,Work
U17016,59,Other,Chennai,Xiaomi,iOS,11.2,43.7,68.0,59,5.6,6971,5.5,1.6,979,Gaming
U17017,56,Other,Delhi,Motorola,Android,11.9,48.4,286.5,134,5.7,2337,1.4,3.4,998,Work
U17018,47,Other,Chennai,Google Pixel,Android,5.8,48.6,259.3,78,4.1,6785,6.4,1.2,381,Gaming
U17019,52,Other,Chennai,Apple,iOS,3.5,35.9,97.2,82,5.1,4788,1.5,0.5,393,Work
U17020,26,Female,Pune,Vivo,Android,2.3,46.9,226.3,19,5.1,4567,4.0,2.4,408,Work
U17021,51,Female,Delhi,Oppo,iOS,5.0,4.7,297.3,58,2.5,6513,4.7,0.3,1581,Education
U17022,60,Female,Pune,Xiaomi,Android,5.0,13.1,208.7,25,2.2,9806,4.6,4.1,561,Education
U17023,22,Male,Pune,Xiaomi,Android,5.0,48.8,198.0,91,3.9,3114,7.3,1.9,1659,Education
U17024,55,Male,Delhi,OnePlus,Android,2.2,28.4,249.6,135,2.5,6204,6.4,2.9,594,Entertainment
U17025,28,Male,Ahmedabad,Realme,Android,2.2,22.4,117.5,180,4.1,9670,4.9,1.6,776,Entertainment
U17026,45,Other,Pune,Oppo,Android,3.5,34.4,75.6,79,4.1,4484,2.3,0.4,823,Education
U17027,49,Female,Delhi,Vivo,Android,1.8,42.9,14.8,75,1.4,5430,3.3,2.2,1345,Work
U17028,47,Other,Lucknow,Google Pixel,iOS,7.5,49.5,106.4,67,5.7,4018,4.6,3.1,1612,Education
U17029,24,Female,Mumbai,Vivo,Android,3.2,13.0,240.2,147,4.2,5673,4.0,2.4,796,Social Media
U17030,28,Male,Pune,Google Pixel,iOS,7.0,15.1,146.1,151,3.5,4491,0.9,4.0,884,Entertainment
U17031,51,Female,Jaipur,Realme,iOS,3.5,48.4,109.4,184,5.5,610,1.5,1.4,782,Entertainment
U17032,18,Female,Jaipur,Xiaomi,Android,3.0,35.2,163.0,41,1.6,9721,5.5,1.0,1716,Work
U17033,46,Male,Mumbai,Google Pixel,Android,9.8,44.4,215.6,136,5.6,9158,3.8,1.0,770,Social Media
U17034,36,Male,Hyderabad,Google Pixel,iOS,3.3,20.9,178.8,34,5.9,483,1.2,1.8,825,Social Media
U17035,37,Other,Kolkata,Xiaomi,Android,9.9,39.2,276.8,50,5.8,4721,3.5,3.0,450,Social Media
U17036,26,Female,Bangalore,OnePlus,Android,1.7,29.3,85.8,49,2.1,5381,2.9,2.1,461,Education
U17037,49,Female,Chennai,Oppo,iOS,7.2,23.9,231.1,36,4.3,9116,6.9,4.2,1363,Education
U17038,56,Male,Jaipur,Motorola,iOS,11.4,47.2,76.6,148,3.2,8477,4.2,0.0,1840,Entertainment
U17039,55,Other,Lucknow,Vivo,iOS,6.7,24.8,282.2,113,0.8,2088,1.0,3.3,1565,Work
U17040,58,Female,Ahmedabad,Apple,iOS,6.4,39.5,263.6,101,1.7,2125,3.9,4.8,717,Education
U17041,60,Female,Delhi,Nokia,iOS,8.7,14.5,13.3,108,1.2,9126,6.0,2.6,1110,Gaming
U17042,54,Male,Lucknow,Realme,Android,1.2,36.6,235.8,51,3.7,5527,7.6,2.1,961,Work
U17043,23,Other,Lucknow,Realme,Android,6.3,10.1,53.0,100,3.8,552,7.0,4.5,379,Entertainment
U17044,41,Female,Jaipur,Nokia,iOS,2.6,44.6,135.1,14,3.3,6061,1.1,0.8,1296,Entertainment
U17045,55,Male,Lucknow,Oppo,Android,10.3,35.4,81.3,184,5.3,7636,2.5,0.7,792,Gaming
U17046,45,Other,Chennai,Vivo,Android,4.5,7.2,98.3,114,5.8,8628,1.5,1.5,1921,Gaming
U17047,33,Other,Mumbai,Apple,Android,10.6,7.1,61.8,90,3.4,3172,1.9,4.2,1642,Social Media
U17048,21,Male,Kolkata,Realme,Android,7.1,6.8,51.2,55,3.0,4249,7.7,3.7,1639,Gaming
U17049,49,Female,Bangalore,Oppo,iOS,2.2,7.7,48.2,56,4.4,1635,4.7,3.7,961,Gaming
U17050,56,Male,Ahmedabad,Realme,iOS,9.7,38.0,294.5,90,4.5,5272,5.2,2.7,1290,Work
U17051,42,Other,Jaipur,Nokia,iOS,3.0,5.6,264.3,98,1.2,8986,7.9,4.1,787,Gaming
U17052,19,Other,Chennai,Xiaomi,Android,3.5,2.3,113.5,156,5.2,7894,6.5,3.2,986,Gaming
U17053,24,Male,Kolkata,Xiaomi,Android,10.7,42.4,13.1,76,5.6,279,5.8,4.6,865,Gaming
U17054,19,Other,Pune,Nokia,iOS,6.5,10.2,188.6,45,1.4,4312,0.7,3.8,1477,Entertainment
U17055,23,Male,Hyderabad,Motorola,iOS,5.2,22.3,182.0,29,5.5,841,5.3,2.2,888,Gaming
U17056,30,Other,Jaipur,Oppo,Android,5.1,17.2,32.3,71,1.3,3137,3.0,1.2,1505,Social Media
U17057,25,Male,Mumbai,Xiaomi,Android,1.5,38.0,138.4,96,0.6,6444,4.5,1.7,1030,Entertainment
U17058,22,Male,Pune,Nokia,Android,3.5,4.6,43.0,83,1.6,6345,2.1,0.6,555,Gaming
U17059,54,Other,Kolkata,OnePlus,Android,5.0,27.9,161.0,135,0.6,5087,3.4,4.8,596,Gaming
U17060,59,Female,Kolkata,OnePlus,Android,6.2,6.4,17.6,23,0.6,1614,1.6,3.9,1782,Work
U17061,35,Other,Delhi,Samsung,Android,8.7,39.0,184.6,105,1.3,462,7.7,3.3,1638,Gaming
U17062,36,Male,Delhi,Vivo,iOS,5.7,49.8,58.6,95,3.8,1184,1.9,0.0,1397,Gaming
U17063,25,Female,Delhi,Vivo,iOS,6.4,20.0,86.5,62,4.4,6986,2.6,0.2,1535,Education
U17064,53,Female,Hyderabad,Realme,iOS,10.5,11.8,82.7,136,4.0,7751,6.0,0.8,1765,Entertainment
U17065,51,Other,Pune,Samsung,iOS,3.0,28.4,240.5,153,3.6,839,6.6,4.0,485,Gaming
U17066,16,Male,Mumbai,Realme,iOS,2.6,37.5,223.8,52,2.5,2586,8.0,0.5,1645,Entertainment
U17067,59,Male,Delhi,Oppo,Android,2.4,24.6,223.3,23,4.3,772,4.5,2.9,164,Entertainment
U17068,20,Other,Lucknow,Xiaomi,iOS,3.5,38.1,112.2,170,3.1,4290,6.7,3.5,123,Education
U17069,50,Other,Delhi,Google Pixel,iOS,3.5,28.7,23.9,126,2.4,3857,3.7,3.1,990,Work
U17070,41,Female,Ahmedabad,Nokia,Android,8.1,24.0,185.6,172,1.2,3546,4.8,0.3,1811,Entertainment
U17071,16,Other,Jaipur,Apple,Android,6.7,18.9,252.9,105,4.9,5417,7.6,0.9,1012,Education
U17072,39,Male,Pune,Vivo,iOS,3.6,33.7,37.7,98,3.8,8772,3.7,3.1,946,Gaming
U17073,22,Male,Ahmedabad,Motorola,Android,11.5,42.8,45.7,141,1.9,1848,5.0,4.7,1581,Social Media
U17074,51,Female,Lucknow,Nokia,Android,3.9,26.9,227.5,131,4.0,8352,4.9,0.8,1652,Entertainment
U17075,40,Female,Kolkata,Apple,iOS,5.4,37.3,92.8,28,2.3,9522,7.6,3.0,1183,Entertainment
U17076,20,Other,Lucknow,OnePlus,Android,5.2,11.3,37.9,80,4.3,9924,2.5,3.3,1247,Entertainment
U17077,30,Female,Lucknow,Oppo,iOS,10.6,12.8,253.0,28,2.4,6576,5.2,1.7,1369,Entertainment
U17078,21,Male,Bangalore,OnePlus,Android,7.0,31.3,196.5,162,2.1,5659,1.5,0.1,1939,Work
U17079,49,Female,Delhi,Samsung,Android,2.2,33.6,200.5,63,5.2,1942,3.0,3.7,490,Social Media
U17080,52,Female,Lucknow,Motorola,iOS,5.5,17.2,121.7,23,1.4,5034,1.4,4.4,1131,Social Media
U17081,53,Other,Mumbai,Google Pixel,iOS,1.2,18.2,184.9,87,1.7,5442,0.7,1.7,442,Education
U17082,34,Male,Mumbai,Nokia,iOS,2.9,11.1,276.0,74,0.6,7253,7.0,3.1,753,Entertainment
U17083,22,Female,Kolkata,Oppo,Android,9.9,44.5,18.1,58,1.3,5601,5.3,2.6,431,Gaming
U17084,15,Female,Chennai,Vivo,iOS,11.6,30.4,234.7,89,2.0,2773,4.4,2.6,1893,Education
U17085,40,Other,Chennai,Vivo,iOS,9.4,37.4,88.8,95,2.4,5029,6.3,3.0,1642,Gaming
U17086,27,Other,Pune,Nokia,iOS,8.2,44.7,17.4,168,3.2,5083,5.5,2.7,1334,Entertainment
U17087,30,Female,Ahmedabad,Samsung,Android,1.5,25.2,181.8,78,1.3,1823,5.8,3.5,1702,Entertainment
U17088,20,Other,Lucknow,Realme,iOS,2.8,23.0,21.6,193,5.9,4718,4.3,3.0,1755,Gaming
U17089,54,Male,Jaipur,OnePlus,Android,8.4,26.3,263.5,20,5.5,3487,4.4,1.2,1404,Education
U17090,28,Other,Delhi,OnePlus,iOS,3.2,41.0,166.1,110,3.0,2348,5.2,1.9,684,Social Media
U17091,46,Other,Mumbai,Apple,iOS,1.7,7.6,127.1,28,4.2,7336,3.9,1.7,805,Social Media
U17092,15,Female,Mumbai,Vivo,iOS,8.7,13.8,55.2,32,2.6,7375,1.8,1.8,282,Work
U17093,17,Other,Ahmedabad,Motorola,iOS,4.1,42.5,14.7,29,1.2,7732,5.4,0.5,1390,Education
U17094,42,Female,Hyderabad,OnePlus,Android,11.4,34.4,204.2,139,1.2,8240,7.6,0.2,1884,Entertainment
U17095,22,Male,Delhi,Vivo,Android,10.6,48.7,7.3,187,3.5,5333,2.6,1.6,199,Work
U17096,49,Male,Jaipur,Google Pixel,iOS,1.1,15.8,104.6,86,3.3,4113,4.6,2.4,449,Entertainment
U17097,60,Female,Pune,Samsung,iOS,8.7,19.1,190.7,30,3.9,3120,7.3,1.6,1096,Social Media
U17098,15,Male,Mumbai,Nokia,Android,7.6,22.7,13.7,34,2.5,1406,4.3,2.8,999,Gaming
U17099,28,Male,Mumbai,OnePlus,Android,7.0,30.7,36.9,95,1.0,8329,6.2,2.0,976,Gaming
U17100,39,Male,Delhi,Realme,iOS,4.5,8.7,240.7,81,5.7,9108,4.6,0.7,747,Social Media
U17101,48,Other,Bangalore,Nokia,iOS,7.1,21.4,84.4,117,5.8,9854,1.7,1.8,694,Work
U17102,33,Other,Hyderabad,Apple,iOS,11.9,1.6,81.3,42,2.7,2882,6.0,3.5,1688,Education
U17103,48,Female,Pune,Google Pixel,iOS,12.0,31.0,27.3,14,5.1,326,4.2,3.4,633,Education
U17104,59,Female,Pune,Google Pixel,iOS,5.6,22.4,165.8,13,2.6,2198,3.7,3.0,754,Entertainment
U17105,33,Male,Pune,Apple,Android,6.9,30.8,293.4,69,5.2,8785,2.7,0.6,1032,Education
U17106,40,Female,Hyderabad,Apple,iOS,5.6,26.6,98.7,180,5.4,8759,4.2,1.2,1849,Gaming
U17107,31,Other,Bangalore,Vivo,Android,3.7,6.5,282.3,139,1.2,2663,3.3,0.4,422,Work
U17108,54,Female,Bangalore,Xiaomi,Android,2.4,38.8,140.4,150,3.1,1666,5.9,1.2,1417,Work
U17109,18,Female,Lucknow,Google Pixel,Android,5.6,10.8,38.3,34,1.2,5468,7.8,1.9,1455,Work
U17110,18,Male,Bangalore,Xiaomi,iOS,11.3,2.2,290.1,157,4.3,1495,0.6,2.1,825,Entertainment
U17111,54,Female,Pune,Samsung,iOS,8.0,12.1,130.8,192,4.7,1557,2.7,3.6,1290,Work
U17112,21,Male,Ahmedabad,Realme,Android,8.7,37.5,204.5,86,2.5,2988,1.4,3.0,754,Entertainment
U17113,47,Male,Ahmedabad,Nokia,iOS,7.4,20.7,86.0,18,2.8,8270,4.6,4.8,1385,Social Media
U17114,37,Other,Mumbai,OnePlus,Android,10.9,10.4,288.4,200,5.6,1808,4.9,3.6,1250,Social Media
U17115,23,Other,Pune,OnePlus,Android,11.4,12.8,51.5,111,1.3,6852,5.9,3.8,1796,Entertainment
U17116,48,Other,Lucknow,OnePlus,Android,8.6,5.0,180.4,170,1.4,4271,6.7,2.7,1127,Work
U17117,23,Other,Kolkata,Apple,iOS,10.6,21.9,176.5,55,2.7,4804,4.7,3.7,1927,Gaming
U17118,45,Other,Chennai,Samsung,Android,1.9,32.2,115.1,82,4.2,669,0.8,1.0,730,Social Media
U17119,55,Male,Bangalore,Oppo,iOS,11.1,46.4,51.6,99,3.1,6640,3.3,0.0,1160,Entertainment
U17120,36,Female,Mumbai,Samsung,iOS,3.5,35.5,190.6,28,1.4,9631,5.7,2.7,1081,Work
U17121,29,Other,Pune,Xiaomi,Android,10.6,34.9,209.8,93,5.7,7707,7.7,1.2,1760,Work
U17122,41,Male,Lucknow,OnePlus,Android,9.8,18.1,178.4,126,4.9,602,4.3,1.4,1271,Education
U17123,30,Male,Chennai,Motorola,Android,3.7,48.6,16.8,92,1.3,6278,2.0,0.7,1621,Work
U17124,59,Female,Lucknow,Oppo,Android,3.7,7.1,148.7,20,4.9,6602,3.9,1.5,1514,Gaming
U17125,44,Female,Mumbai,Realme,iOS,3.5,22.6,153.4,42,1.6,6447,2.1,3.4,535,Work
U17126,45,Other,Hyderabad,Vivo,Android,10.0,2.6,289.5,74,4.0,1475,2.2,2.8,1476,Work
U17127,59,Female,Delhi,Nokia,Android,6.0,44.3,267.0,153,1.6,392,3.3,3.3,1220,Education
U17128,36,Female,Chennai,Motorola,Android,8.7,5.6,138.5,161,2.2,6249,7.3,4.0,1864,Gaming
U17129,42,Other,Kolkata,Nokia,Android,8.8,18.6,101.6,171,4.0,471,7.1,0.0,1884,Social Media
U17130,57,Other,Delhi,Google Pixel,iOS,2.5,23.6,239.7,130,2.8,816,7.8,4.2,533,Gaming
U17131,29,Other,Ahmedabad,Realme,iOS,11.0,11.9,113.8,95,1.6,4163,6.0,3.2,1493,Gaming
U17132,49,Female,Hyderabad,Samsung,iOS,6.2,34.2,285.0,20,1.5,4955,1.1,4.1,1618,Education
U17133,28,Other,Lucknow,Nokia,iOS,6.8,16.2,122.4,101,3.9,1422,4.5,3.2,757,Gaming
U17134,17,Female,Chennai,Google Pixel,Android,6.2,19.6,183.8,71,3.5,1322,4.9,0.8,1659,Social Media
U17135,29,Male,Hyderabad,Google Pixel,Android,5.8,41.3,271.5,200,5.9,6885,2.7,2.7,1256,Work
U17136,57,Other,Hyderabad,Nokia,Android,1.2,11.2,9.4,132,0.9,4300,6.2,0.9,1311,Entertainment
U17137,58,Other,Kolkata,OnePlus,iOS,4.0,22.3,9.5,106,1.5,4693,3.3,1.2,1408,Gaming
U17138,53,Other,Mumbai,Apple,Android,9.8,47.4,280.0,88,1.6,3921,3.9,0.5,1969,Education
U17139,32,Female,Bangalore,Google Pixel,Android,2.0,15.2,281.6,148,4.8,7414,3.4,1.0,481,Entertainment
U17140,28,Female,Kolkata,Vivo,Android,8.3,45.2,206.3,75,6.0,8012,3.1,0.3,1740,Social Media
U17141,26,Other,Ahmedabad,Google Pixel,iOS,6.4,14.2,217.7,96,2.7,5836,2.6,2.5,162,Work
U17142,21,Male,Ahmedabad,Xiaomi,iOS,7.8,37.4,291.3,81,1.0,7586,4.5,1.5,1949,Education
U17143,29,Other,Bangalore,Nokia,Android,11.3,14.8,24.4,34,2.1,3463,3.9,2.1,345,Work
U17144,49,Other,Ahmedabad,Motorola,Android,10.3,35.1,98.3,68,1.4,7557,2.8,2.7,471,Education
U17145,38,Male,Lucknow,Nokia,iOS,4.3,18.0,57.5,12,1.2,6958,5.7,4.8,1945,Education
U17146,49,Female,Hyderabad,Nokia,Android,6.3,16.0,7.6,147,4.9,3478,2.3,1.0,1235,Entertainment
U17147,44,Other,Pune,OnePlus,iOS,7.1,41.7,262.2,74,0.6,2480,3.8,2.0,1359,Education
U17148,37,Female,Kolkata,OnePlus,Android,7.7,17.9,22.9,148,1.1,8781,7.9,4.9,503,Gaming
U17149,53,Female,Hyderabad,Realme,Android,5.5,17.8,159.7,46,6.0,8641,5.2,4.4,326,Gaming
U17150,23,Male,Hyderabad,Nokia,iOS,5.6,46.9,284.6,177,3.4,4696,5.3,0.2,1159,Work
U17151,37,Male,Chennai,Nokia,iOS,9.7,39.6,73.0,97,1.1,296,7.4,1.2,1195,Entertainment
U17152,26,Male,Chennai,Vivo,Android,2.6,33.4,265.6,87,5.0,3980,4.3,1.9,739,Education
U17153,59,Male,Ahmedabad,Samsung,Android,6.3,4.0,273.3,68,4.7,9271,0.7,0.5,173,Social Media
U17154,48,Other,Delhi,Motorola,iOS,4.4,5.0,88.1,91,1.3,9088,1.8,0.1,1843,Work
U17155,35,Male,Pune,Realme,iOS,11.9,41.6,206.5,174,4.2,8597,0.7,4.7,1914,Education
U17156,17,Other,Lucknow,Apple,iOS,10.3,40.9,113.0,190,2.9,5060,5.7,2.2,830,Gaming
U17157,46,Other,Ahmedabad,Nokia,iOS,6.4,25.1,94.8,99,0.8,1789,0.8,3.5,1711,Education
U17158,46,Male,Pune,OnePlus,iOS,8.2,26.1,264.0,112,3.4,2433,7.5,1.7,1218,Entertainment
U17159,54,Female,Jaipur,Xiaomi,iOS,11.7,23.6,94.2,130,5.9,9602,3.9,4.0,580,Gaming
U17160,43,Male,Mumbai,Samsung,iOS,3.6,48.3,210.9,31,3.4,6285,6.9,2.8,397,Gaming
U17161,21,Female,Bangalore,Xiaomi,iOS,9.1,25.0,255.3,38,5.0,6043,3.4,3.1,209,Education
U17162,58,Male,Jaipur,Realme,Android,4.5,22.4,197.5,52,4.2,1751,2.7,0.7,287,Education
U17163,23,Male,Pune,Nokia,iOS,3.1,2.7,283.2,38,3.0,4467,6.6,4.0,1168,Education
U17164,15,Male,Jaipur,Nokia,Android,4.0,26.4,294.6,70,0.8,7153,6.2,3.2,311,Gaming
U17165,25,Female,Delhi,Samsung,Android,9.1,25.6,136.4,181,3.5,3810,6.3,0.4,1736,Work
U17166,35,Other,Hyderabad,Xiaomi,iOS,5.0,29.5,174.7,111,5.7,728,4.9,0.8,1608,Gaming
U17167,36,Female,Delhi,Samsung,Android,8.8,13.4,23.3,186,4.8,9568,7.6,0.1,984,Social Media
U17168,54,Male,Pune,Oppo,iOS,9.2,16.2,22.8,164,1.8,7746,8.0,1.5,1178,Social Media
U17169,21,Male,Ahmedabad,Oppo,iOS,5.1,45.7,283.2,199,5.0,2970,3.7,2.8,975,Work
U17170,59,Other,Chennai,Nokia,Android,9.9,23.8,200.9,147,3.5,5633,4.3,3.8,1872,Gaming
U17171,60,Other,Chennai,Oppo,Android,10.7,26.6,290.8,193,1.9,8091,6.1,0.8,1787,Entertainment
U17172,29,Female,Kolkata,Motorola,iOS,9.3,38.8,241.7,155,4.9,9510,5.3,1.1,1791,Entertainment
U17173,43,Female,Jaipur,Nokia,iOS,6.4,41.2,33.3,59,4.0,1386,4.2,4.2,1643,Social Media
U17174,55,Female,Pune,Realme,iOS,1.0,9.2,222.4,77,5.9,6985,1.3,1.9,1822,Entertainment
U17175,42,Other,Hyderabad,Nokia,iOS,12.0,32.1,188.6,94,2.1,7554,5.4,4.6,434,Entertainment
U17176,43,Other,Chennai,Vivo,Android,11.1,28.3,60.3,22,0.9,7479,5.4,0.9,663,Work
U17177,48,Male,Delhi,Google Pixel,Android,6.2,39.4,181.4,50,4.0,7041,7.2,4.1,404,Education
U17178,15,Male,Hyderabad,Google Pixel,Android,6.1,4.8,74.2,43,5.9,958,6.2,2.1,1127,Gaming
U17179,48,Female,Bangalore,Realme,iOS,6.0,25.6,260.5,32,3.6,4916,1.7,1.4,1616,Gaming
U17180,15,Female,Lucknow,Apple,iOS,11.2,30.4,64.0,103,2.1,5460,3.1,4.4,552,Work
U17181,55,Female,Lucknow,Samsung,Android,8.0,35.2,210.2,106,3.5,2967,2.2,0.8,1515,Entertainment
U17182,59,Other,Mumbai,Google Pixel,iOS,10.9,18.2,31.6,162,5.1,1284,2.4,1.5,1427,Work
U17183,60,Female,Chennai,Google Pixel,iOS,8.7,26.6,139.9,22,4.1,4679,1.1,1.3,194,Education
U17184,27,Female,Lucknow,Realme,Android,4.2,32.8,116.1,87,1.0,3095,3.3,2.3,693,Entertainment
U17185,40,Other,Kolkata,Oppo,iOS,1.3,37.0,37.5,83,3.8,1061,2.4,2.5,418,Gaming
U17186,34,Other,Ahmedabad,Xiaomi,Android,2.3,28.4,233.1,129,2.0,6982,6.1,2.3,374,Work
U17187,46,Female,Mumbai,Google Pixel,Android,4.4,13.8,286.9,168,4.3,2761,2.1,1.1,1225,Education
U17188,35,Female,Chennai,Nokia,Android,5.6,40.1,226.6,55,2.7,5704,6.6,1.9,1753,Social Media
U17189,60,Other,Mumbai,OnePlus,iOS,6.1,34.1,237.5,135,4.2,8478,6.3,2.8,228,Education
U17190,40,Other,Delhi,Motorola,Android,9.9,30.1,62.3,58,5.6,7812,6.5,0.8,136,Gaming
U17191,39,Male,Kolkata,Apple,Android,5.8,17.8,176.6,118,4.5,7320,5.8,1.0,382,Work
U17192,39,Other,Pune,Nokia,Android,5.6,11.0,170.3,31,5.2,6570,3.3,3.8,1003,Work
U17193,20,Other,Jaipur,OnePlus,Android,6.5,29.4,159.6,162,2.2,8775,4.0,2.6,603,Entertainment
U17194,60,Male,Kolkata,Motorola,Android,3.9,25.8,228.2,20,4.1,9524,1.7,4.2,1844,Social Media
U17195,25,Other,Jaipur,OnePlus,iOS,1.3,25.4,104.7,196,2.7,4927,5.9,0.7,1968,Gaming
U17196,46,Other,Mumbai,Oppo,Android,4.7,13.0,97.1,90,4.6,1597,6.3,4.0,821,Education
U17197,28,Female,Lucknow,Realme,iOS,9.0,24.8,256.6,123,5.1,4762,5.7,0.9,889,Education
U17198,26,Female,Mumbai,OnePlus,Android,2.0,27.8,272.9,108,1.8,2728,1.7,0.4,855,Work
U17199,18,Female,Ahmedabad,Apple,iOS,11.1,30.5,164.2,39,4.5,6766,3.2,2.5,930,Social Media
U17200,28,Male,Kolkata,Samsung,iOS,11.8,38.9,265.8,110,4.8,9103,2.8,3.9,1042,Entertainment
U17201,54,Female,Chennai,Samsung,Android,2.5,21.0,247.5,102,4.6,7771,0.6,3.3,901,Education
U17202,60,Other,Kolkata,Nokia,Android,9.5,9.5,126.3,195,1.7,987,2.1,2.1,1398,Gaming
U17203,50,Male,Lucknow,Nokia,iOS,8.9,27.8,128.4,146,2.3,9371,4.9,2.4,1898,Education
U17204,56,Male,Mumbai,OnePlus,Android,3.3,19.4,115.7,195,1.3,2637,7.1,3.7,1914,Gaming
U17205,21,Male,Hyderabad,Realme,Android,11.3,21.2,263.8,117,5.0,8778,5.0,4.8,1328,Education
U17206,18,Male,Ahmedabad,Oppo,Android,3.1,5.3,70.3,183,4.4,2674,7.8,3.7,1540,Social Media
U17207,35,Male,Lucknow,Apple,Android,2.1,13.4,40.2,22,4.2,2323,5.5,4.4,1065,Social Media
U17208,56,Male,Delhi,Motorola,iOS,11.0,34.2,184.9,133,4.1,6866,1.5,0.2,1777,Education
U17209,42,Female,Hyderabad,Realme,iOS,7.5,44.1,247.7,167,5.6,3607,4.9,4.2,1591,Social Media
U17210,19,Male,Chennai,Vivo,Android,6.9,27.1,293.9,96,1.2,9480,2.9,1.5,390,Work
U17211,25,Female,Chennai,Samsung,Android,9.3,33.4,294.3,152,4.6,7015,3.3,3.1,140,Education
U17212,31,Male,Chennai,Samsung,iOS,11.7,9.4,47.7,71,3.5,3010,2.3,2.6,182,Gaming
U17213,32,Female,Bangalore,Samsung,iOS,4.7,48.6,166.3,49,5.6,7610,1.9,3.3,888,Work
U17214,21,Female,Jaipur,Google Pixel,Android,10.1,44.5,32.5,77,1.2,7547,2.2,3.0,1158,Social Media
U17215,39,Male,Kolkata,Motorola,Android,2.1,4.0,49.3,71,2.1,5890,5.7,3.0,870,Social Media
U17216,50,Female,Jaipur,Xiaomi,iOS,3.5,28.1,266.7,166,3.8,8899,2.2,2.0,582,Social Media
U17217,40,Other,Kolkata,Vivo,Android,9.8,27.5,126.7,165,2.4,8055,4.3,1.4,620,Entertainment
U17218,54,Other,Hyderabad,Nokia,Android,5.2,21.8,275.8,200,0.8,3483,4.9,4.2,292,Social Media
U17219,46,Female,Ahmedabad,Samsung,Android,8.1,40.1,216.7,196,3.4,2220,3.9,0.5,493,Work
U17220,41,Female,Kolkata,Vivo,iOS,5.9,17.1,280.3,155,1.3,6939,1.8,0.1,1801,Gaming
U17221,22,Male,Ahmedabad,Oppo,Android,3.4,19.0,262.9,129,2.0,1856,2.4,2.9,1894,Social Media
U17222,52,Female,Ahmedabad,Xiaomi,iOS,1.3,40.0,274.4,48,1.6,6065,6.8,0.2,512,Work
U17223,24,Female,Jaipur,Oppo,iOS,1.2,1.5,27.1,74,5.1,8353,5.4,3.5,1310,Work
U17224,38,Other,Delhi,Vivo,iOS,2.2,39.8,218.5,71,4.1,2493,7.0,1.5,707,Gaming
U17225,18,Female,Bangalore,Realme,iOS,9.1,24.8,165.4,167,1.5,1956,5.3,1.9,458,Entertainment
U17226,27,Female,Pune,Motorola,Android,2.1,40.2,132.7,125,4.2,8075,5.0,3.3,1243,Education
U17227,56,Female,Bangalore,Motorola,Android,5.8,36.5,174.0,95,3.3,5257,3.8,4.8,1519,Education
U17228,25,Other,Lucknow,Motorola,iOS,8.6,22.0,41.2,149,4.5,4667,1.1,1.9,1067,Social Media
U17229,26,Female,Pune,Samsung,iOS,11.1,46.9,138.6,104,1.2,5645,7.0,5.0,654,Education
U17230,16,Female,Ahmedabad,Google Pixel,iOS,1.7,21.9,239.1,123,5.1,6805,8.0,2.8,1335,Social Media
U17231,55,Male,Ahmedabad,Motorola,iOS,6.8,39.2,200.8,160,3.2,1654,1.4,4.5,599,Entertainment
U17232,26,Other,Ahmedabad,Google Pixel,iOS,2.9,29.2,146.8,143,0.8,3371,1.1,4.0,1914,Gaming
U17233,15,Male,Chennai,OnePlus,iOS,11.9,10.9,64.1,59,1.8,6682,3.8,2.4,302,Work
U17234,56,Other,Bangalore,Samsung,Android,3.8,18.8,268.5,196,5.5,7937,4.9,2.0,1629,Gaming
U17235,16,Other,Mumbai,Apple,Android,9.3,8.9,86.6,27,1.9,1619,5.4,3.9,1069,Entertainment
U17236,48,Other,Chennai,Nokia,iOS,9.2,14.6,125.7,128,4.4,9269,7.4,0.8,964,Education
U17237,23,Other,Kolkata,Nokia,Android,8.1,19.5,80.1,132,1.8,3992,7.0,3.8,1796,Entertainment
U17238,42,Female,Delhi,OnePlus,iOS,4.8,18.1,268.8,51,3.2,4220,4.9,2.5,1860,Gaming
U17239,37,Male,Lucknow,Oppo,Android,10.1,6.7,165.0,146,5.1,7025,6.0,0.7,1680,Education
U17240,60,Female,Bangalore,Samsung,iOS,2.9,10.7,44.9,109,5.7,8460,4.1,0.7,811,Education
U17241,38,Other,Bangalore,Xiaomi,Android,2.5,39.3,153.5,129,1.2,6865,5.8,4.6,318,Social Media
U17242,58,Male,Ahmedabad,Realme,Android,9.4,14.8,237.5,16,1.7,6045,4.7,2.9,1419,Education
U17243,50,Male,Chennai,Oppo,iOS,3.4,43.1,185.3,200,4.4,1280,4.4,3.0,1254,Social Media
U17244,40,Male,Bangalore,OnePlus,iOS,6.6,7.1,271.7,45,5.8,3065,1.0,0.2,1566,Social Media
U17245,18,Other,Bangalore,OnePlus,Android,5.8,49.3,58.9,37,0.9,3515,7.2,4.0,1321,Gaming
U17246,53,Male,Ahmedabad,Oppo,Android,10.9,2.6,85.2,196,4.1,5449,5.8,2.0,151,Education
U17247,46,Female,Lucknow,Apple,Android,4.7,22.4,290.8,165,4.2,1927,1.1,4.3,1840,Social Media
U17248,39,Male,Ahmedabad,Google Pixel,iOS,7.7,28.3,37.6,190,2.8,939,1.6,0.8,305,Social Media
U17249,50,Female,Pune,OnePlus,Android,5.1,11.0,123.4,149,3.2,8576,3.8,1.4,406,Entertainment
U17250,54,Male,Ahmedabad,Vivo,Android,11.3,9.7,54.6,117,2.5,2273,6.7,0.4,1144,Work
U17251,47,Female,Kolkata,Motorola,Android,7.5,38.0,195.9,164,1.8,626,5.9,1.1,1392,Entertainment
U17252,24,Male,Ahmedabad,Motorola,iOS,7.3,34.9,170.6,188,1.2,5162,0.7,3.5,1291,Social Media
U17253,45,Other,Jaipur,Apple,Android,4.2,8.2,295.2,153,2.1,8525,4.3,2.6,892,Gaming
U17254,45,Other,Chennai,Samsung,iOS,8.4,47.9,40.6,103,5.4,7647,3.9,1.2,1265,Work
U17255,29,Other,Lucknow,Realme,iOS,9.7,44.3,170.2,83,2.4,9362,5.9,3.7,173,Education
U17256,32,Other,Chennai,Apple,iOS,8.0,30.4,160.1,181,5.1,2996,6.1,0.6,1073,Gaming
U17257,31,Female,Delhi,Xiaomi,Android,9.2,7.3,7.8,139,2.4,2477,7.4,0.5,1020,Gaming
U17258,45,Male,Lucknow,Samsung,iOS,9.6,17.5,119.7,86,4.0,7573,0.5,4.1,1524,Work
U17259,39,Female,Lucknow,Vivo,Android,9.1,38.1,225.8,120,3.8,7060,7.2,2.1,1185,Entertainment
U17260,51,Other,Hyderabad,Nokia,Android,3.2,5.2,127.6,87,2.1,5914,1.0,1.2,251,Work
U17261,60,Male,Delhi,Realme,Android,6.0,23.0,289.4,156,3.7,6872,5.3,3.7,1865,Gaming
U17262,49,Other,Hyderabad,Nokia,Android,3.9,13.4,177.7,188,2.6,634,1.2,2.9,353,Education
U17263,46,Other,Ahmedabad,Nokia,Android,8.3,37.4,7.1,96,5.4,3839,5.5,2.7,1681,Entertainment
U17264,57,Female,Chennai,Motorola,iOS,6.6,29.1,135.8,83,1.1,5852,2.7,4.5,1379,Education
U17265,36,Female,Ahmedabad,Google Pixel,Android,9.4,40.6,105.8,109,1.4,8349,7.1,4.3,1217,Gaming
U17266,16,Female,Delhi,Realme,iOS,10.3,2.4,241.2,143,1.2,3289,4.3,0.8,1056,Education
U17267,57,Male,Ahmedabad,Apple,Android,6.9,18.0,219.9,128,4.4,468,7.7,0.2,350,Entertainment
U17268,49,Female,Delhi,OnePlus,iOS,7.7,31.8,195.8,194,2.7,7458,3.8,4.2,1354,Entertainment
U17269,53,Female,Pune,Nokia,Android,7.9,48.7,154.9,150,2.3,8340,4.0,4.3,1630,Work
U17270,18,Other,Lucknow,Xiaomi,Android,2.2,8.3,9.7,56,1.3,7817,6.1,4.0,1523,Social Media
U17271,17,Other,Pune,Apple,Android,2.1,12.0,109.1,14,5.2,2178,5.4,5.0,1811,Gaming
U17272,40,Male,Mumbai,Apple,iOS,4.7,46.8,297.0,24,4.1,9198,1.7,0.6,518,Education
U17273,56,Male,Kolkata,OnePlus,iOS,7.3,38.0,110.9,23,2.4,1358,4.9,0.3,1563,Education
U17274,26,Other,Jaipur,OnePlus,Android,7.7,3.5,243.2,43,3.6,9275,3.1,3.5,1526,Social Media
U17275,42,Other,Jaipur,Nokia,Android,5.1,46.3,295.8,55,2.8,5637,1.2,3.0,1571,Education
U17276,16,Male,Hyderabad,Realme,Android,11.5,49.3,225.2,21,5.5,8406,7.2,2.8,1973,Work
U17277,60,Female,Lucknow,Nokia,Android,5.0,12.7,204.5,47,3.8,3472,6.8,3.6,1045,Social Media
U17278,51,Other,Delhi,Google Pixel,Android,5.6,41.0,232.2,78,4.7,7334,5.7,3.7,1517,Entertainment
U17279,32,Male,Mumbai,Oppo,Android,7.6,22.0,189.8,113,5.9,6080,5.5,2.0,1419,Work
U17280,41,Male,Ahmedabad,OnePlus,Android,9.5,36.5,287.3,125,0.7,1989,1.9,4.2,1405,Social Media
U17281,58,Female,Chennai,Samsung,Android,4.2,2.5,178.2,19,1.5,3115,1.5,1.0,190,Social Media
U17282,28,Male,Bangalore,Apple,iOS,10.1,4.9,140.0,86,5.0,4593,5.5,4.5,1731,Gaming
U17283,44,Male,Mumbai,Realme,Android,1.8,19.0,238.9,47,3.3,914,7.5,4.7,123,Gaming
U17284,28,Female,Ahmedabad,Oppo,iOS,10.0,48.1,213.2,69,2.7,8569,6.2,0.2,372,Education
U17285,33,Female,Delhi,Realme,iOS,1.7,23.3,199.2,79,3.5,4406,1.6,0.3,350,Education
U17286,49,Male,Bangalore,OnePlus,iOS,8.0,35.5,125.2,61,0.7,1222,1.2,1.2,991,Social Media
U17287,26,Other,Pune,Nokia,Android,4.8,23.1,7.9,108,0.6,135,0.7,1.7,379,Social Media
U17288,34,Male,Delhi,Nokia,iOS,1.8,3.1,221.0,59,2.0,4431,1.5,1.4,1241,Social Media
U17289,51,Other,Mumbai,Realme,Android,1.6,32.2,103.8,75,0.5,9390,4.9,0.0,1626,Work
U17290,41,Other,Kolkata,Samsung,Android,1.2,22.0,155.7,89,3.0,7656,0.7,3.1,1850,Entertainment
U17291,51,Other,Bangalore,Oppo,Android,5.7,34.1,101.0,171,1.6,2913,4.2,1.9,950,Work
U17292,42,Female,Pune,Oppo,Android,7.6,29.9,146.9,104,0.9,8392,7.4,0.8,375,Entertainment
U17293,45,Male,Kolkata,Realme,Android,8.7,16.0,222.3,146,4.5,8002,3.6,2.9,650,Entertainment
U17294,44,Other,Bangalore,Apple,Android,10.3,19.9,29.3,56,2.5,8015,2.6,0.3,1059,Social Media
U17295,59,Female,Delhi,OnePlus,Android,10.2,45.7,19.7,63,1.1,5959,4.3,2.7,886,Entertainment
U17296,53,Other,Mumbai,OnePlus,iOS,1.3,35.0,146.1,135,2.4,6489,3.9,3.5,711,Entertainment
U17297,44,Female,Chennai,Motorola,Android,8.7,2.0,192.6,134,4.7,6007,3.8,1.1,203,Education
U17298,23,Male,Jaipur,Motorola,Android,11.3,23.8,201.4,135,2.0,5519,5.0,0.9,553,Work
U17299,16,Male,Hyderabad,Xiaomi,Android,11.9,39.1,55.5,76,0.9,750,3.8,0.9,1384,Education
U17300,54,Male,Hyderabad,Motorola,iOS,8.2,32.8,114.2,106,4.9,5171,7.2,0.4,1362,Work
U17301,48,Male,Delhi,Realme,iOS,6.1,40.6,184.1,155,1.0,5023,6.9,3.6,353,Work
U17302,22,Male,Jaipur,Vivo,iOS,4.5,30.1,92.8,11,5.5,6244,1.8,3.5,478,Education
U17303,58,Other,Chennai,Motorola,iOS,2.0,10.3,167.7,183,2.6,4119,5.6,4.2,216,Entertainment
U17304,53,Female,Mumbai,Google Pixel,iOS,10.8,31.9,154.0,103,3.0,8653,0.5,1.3,1139,Entertainment
U17305,43,Other,Chennai,Google Pixel,Android,2.0,42.3,10.2,10,3.7,6501,5.5,0.6,250,Work
U17306,44,Female,Jaipur,Samsung,iOS,8.6,15.6,32.6,29,3.5,1689,1.9,2.8,1495,Education
U17307,58,Male,Jaipur,Apple,iOS,5.5,30.8,92.2,83,1.1,7843,3.4,3.6,243,Entertainment
U17308,55,Other,Bangalore,Oppo,Android,7.7,33.4,103.1,82,4.3,2949,7.0,3.9,100,Work
U17309,38,Female,Mumbai,Oppo,iOS,4.2,36.8,298.9,141,5.9,1283,4.0,1.3,1683,Gaming
U17310,21,Female,Chennai,Oppo,iOS,2.1,47.3,72.0,63,1.8,6904,3.5,3.5,1519,Education
U17311,18,Female,Lucknow,Xiaomi,Android,11.7,42.2,115.4,176,6.0,8436,4.6,0.2,115,Gaming
U17312,21,Female,Hyderabad,Motorola,iOS,8.6,45.2,113.9,125,5.3,3791,0.9,0.7,1396,Gaming
U17313,35,Female,Lucknow,Apple,iOS,4.9,19.3,262.9,182,3.5,532,2.3,1.1,1653,Education
U17314,49,Female,Jaipur,Realme,iOS,3.5,35.5,203.3,157,2.8,9844,1.3,1.4,668,Education
U17315,47,Female,Delhi,Apple,Android,5.0,47.9,262.7,120,1.5,3027,7.4,0.6,577,Social Media
U17316,54,Female,Mumbai,Realme,Android,10.9,43.8,48.7,48,5.1,3589,3.4,1.3,1685,Gaming
U17317,26,Female,Hyderabad,Google Pixel,Android,1.2,28.1,46.2,126,1.1,8791,1.9,3.0,850,Social Media
U17318,55,Male,Lucknow,Apple,iOS,2.0,25.3,277.9,81,1.8,4962,7.5,4.7,154,Entertainment
U17319,58,Male,Lucknow,OnePlus,Android,10.0,4.0,93.7,25,0.6,9415,2.6,2.8,446,Social Media
U17320,17,Other,Pune,Apple,Android,10.7,23.7,106.0,78,3.0,6660,0.6,1.5,731,Entertainment
U17321,42,Male,Bangalore,Realme,Android,7.6,15.7,194.0,182,0.9,8264,4.7,4.2,1929,Social Media
U17322,56,Male,Kolkata,Motorola,Android,11.3,20.7,135.0,81,1.6,4238,3.0,4.6,789,Work
U17323,54,Male,Lucknow,Xiaomi,iOS,1.8,18.2,254.7,106,5.6,8926,3.4,4.4,396,Gaming
U17324,59,Male,Mumbai,Google Pixel,iOS,7.9,13.3,76.4,181,1.3,9810,1.4,0.7,1597,Entertainment
U17325,22,Other,Mumbai,Motorola,Android,3.6,48.2,229.4,101,4.4,8414,7.4,4.2,429,Gaming
U17326,59,Male,Lucknow,Oppo,Android,6.4,11.8,47.3,141,2.1,6656,7.4,4.0,1304,Education
U17327,59,Other,Hyderabad,Google Pixel,Android,4.5,7.3,214.9,187,2.0,4317,2.9,3.9,745,Work
U17328,55,Other,Delhi,Google Pixel,Android,11.7,2.5,73.2,145,5.0,1523,5.9,3.4,722,Education
U17329,51,Male,Ahmedabad,Xiaomi,iOS,4.8,12.3,217.9,131,0.8,194,5.9,4.2,146,Work
U17330,49,Male,Bangalore,Oppo,Android,2.1,5.8,191.4,117,1.3,3049,6.6,3.2,530,Work
U17331,46,Male,Delhi,Motorola,Android,5.3,21.4,7.8,173,2.1,3239,2.1,3.9,328,Gaming
U17332,46,Male,Bangalore,Vivo,iOS,5.8,6.4,214.7,94,5.2,2558,4.8,3.7,340,Social Media
U17333,53,Male,Ahmedabad,Nokia,Android,1.2,13.5,114.2,171,5.2,1105,6.8,3.9,428,Work
U17334,30,Female,Bangalore,Vivo,iOS,10.5,11.5,234.7,156,5.4,6462,5.7,1.4,1621,Social Media
U17335,18,Female,Hyderabad,Google Pixel,iOS,11.2,24.5,281.9,34,4.7,9292,6.6,2.6,1892,Gaming
U17336,47,Other,Lucknow,Vivo,Android,7.9,48.8,36.3,69,5.0,8859,4.5,2.0,588,Education
U17337,54,Other,Delhi,Vivo,Android,1.2,20.3,207.0,71,5.6,7207,3.6,1.9,724,Social Media
U17338,17,Female,Kolkata,OnePlus,Android,2.7,21.3,245.2,94,3.3,8816,4.1,4.8,126,Gaming
U17339,60,Other,Jaipur,Vivo,iOS,2.7,15.1,161.3,196,0.6,3941,7.6,3.7,384,Gaming
U17340,41,Other,Lucknow,Samsung,Android,4.5,1.8,299.1,154,5.4,5304,3.2,1.3,222,Entertainment
U17341,19,Male,Ahmedabad,Nokia,Android,10.0,46.4,95.9,111,2.2,9711,5.9,1.3,928,Entertainment
U17342,55,Female,Mumbai,Vivo,iOS,8.3,48.1,221.1,189,5.2,8511,4.4,0.3,349,Education
U17343,18,Male,Pune,Oppo,iOS,11.3,39.0,221.7,90,5.7,3615,5.8,2.0,1749,Social Media
U17344,55,Female,Jaipur,Nokia,Android,2.8,41.6,17.3,136,3.4,703,5.8,3.0,691,Social Media
U17345,54,Female,Ahmedabad,Nokia,iOS,7.5,27.7,10.7,69,2.9,110,7.8,1.2,938,Gaming
U17346,43,Other,Chennai,Motorola,Android,5.6,19.7,80.3,185,5.7,8856,4.3,2.4,1257,Entertainment
U17347,25,Female,Chennai,Samsung,iOS,6.8,44.5,48.8,131,1.4,5779,4.8,4.5,1872,Entertainment
U17348,22,Female,Mumbai,Xiaomi,iOS,5.5,9.0,178.5,72,2.7,2103,2.7,4.2,1262,Gaming
U17349,35,Other,Mumbai,Vivo,Android,7.6,41.7,99.0,55,4.9,1685,5.7,3.1,316,Education
U17350,25,Other,Kolkata,Vivo,Android,2.9,3.2,215.5,97,3.3,7618,6.7,2.6,400,Social Media
U17351,32,Other,Hyderabad,Samsung,Android,11.8,6.6,224.1,174,0.6,7503,5.0,4.7,505,Social Media
U17352,18,Female,Pune,Apple,Android,8.4,33.8,41.1,192,3.1,6935,1.7,4.5,397,Social Media
U17353,35,Male,Jaipur,Vivo,Android,10.4,30.0,265.6,91,2.7,6000,5.9,2.0,1588,Entertainment
U17354,60,Male,Jaipur,Realme,Android,8.1,27.5,151.4,173,1.2,7515,4.8,3.0,1358,Gaming
U17355,17,Female,Bangalore,Motorola,Android,3.3,38.2,226.5,162,5.9,5625,2.7,3.4,1962,Gaming
U17356,44,Other,Lucknow,Oppo,iOS,3.9,24.8,291.1,135,2.2,6633,1.0,1.3,1882,Gaming
U17357,43,Female,Pune,Oppo,iOS,5.1,8.6,204.4,32,0.7,1789,2.5,0.5,998,Entertainment
U17358,60,Female,Ahmedabad,Vivo,Android,2.8,38.2,30.9,10,2.0,9260,2.9,2.9,1724,Social Media
U17359,58,Female,Kolkata,OnePlus,Android,7.9,26.8,216.0,135,5.3,8675,6.5,0.5,516,Work
U17360,31,Other,Kolkata,Oppo,Android,11.0,40.2,61.8,66,1.9,6246,1.6,3.0,451,Entertainment
U17361,47,Other,Pune,Apple,Android,8.2,15.5,87.5,104,2.6,4648,3.9,0.9,403,Gaming
U17362,23,Male,Ahmedabad,Vivo,iOS,7.0,5.3,137.0,98,3.2,2300,4.3,3.0,1301,Entertainment
U17363,39,Other,Jaipur,Apple,iOS,4.3,4.6,256.4,173,2.6,8423,5.6,3.4,245,Education
U17364,21,Male,Lucknow,Realme,Android,5.8,36.2,105.8,130,3.0,1981,1.4,2.6,783,Work
U17365,42,Other,Chennai,Vivo,Android,2.1,34.7,206.7,190,4.8,4602,1.8,0.6,1195,Gaming
U17366,42,Other,Mumbai,Realme,iOS,6.9,1.3,10.9,180,4.0,3838,3.8,3.7,1344,Education
U17367,20,Female,Kolkata,Google Pixel,iOS,3.8,49.4,139.9,36,3.1,9081,6.1,1.6,1005,Entertainment
U17368,37,Other,Lucknow,Samsung,Android,5.7,33.9,254.8,185,3.1,2733,1.6,0.1,908,Work
U17369,23,Male,Jaipur,Nokia,iOS,2.5,25.9,149.9,118,4.4,8637,6.6,1.1,149,Education
U17370,34,Male,Delhi,Motorola,iOS,9.0,14.8,87.0,186,3.7,3584,1.9,1.0,1612,Entertainment
U17371,23,Male,Chennai,Apple,iOS,11.0,48.0,121.8,88,2.2,7292,3.6,5.0,414,Work
U17372,22,Male,Lucknow,Apple,iOS,8.8,31.9,131.8,71,1.1,8637,4.3,2.3,1712,Education
U17373,55,Other,Hyderabad,Realme,Android,4.0,2.2,126.4,31,5.9,7237,7.1,0.2,897,Education
U17374,43,Male,Jaipur,Oppo,Android,5.7,24.9,25.8,68,1.5,3217,4.3,1.2,1874,Entertainment
U17375,20,Male,Delhi,Oppo,Android,6.6,28.3,114.6,110,2.4,450,6.2,3.7,1371,Education
U17376,60,Male,Mumbai,Samsung,Android,5.9,30.9,127.8,114,2.4,4257,7.6,0.1,370,Gaming
U17377,17,Male,Ahmedabad,Xiaomi,Android,1.4,48.0,173.3,174,3.4,990,1.8,2.0,936,Social Media
U17378,16,Other,Chennai,Xiaomi,iOS,4.8,25.3,36.4,54,1.8,1269,4.5,3.4,1399,Education
U17379,39,Other,Lucknow,Vivo,iOS,5.9,46.5,228.3,145,2.0,2616,0.7,2.8,1018,Gaming
U17380,20,Other,Ahmedabad,Motorola,iOS,8.7,28.7,33.7,117,2.7,7687,7.7,1.9,1425,Education
U17381,40,Male,Pune,Google Pixel,iOS,6.8,26.5,262.1,43,2.2,5700,1.7,4.9,1088,Education
U17382,26,Female,Pune,Samsung,Android,1.3,30.2,123.6,200,0.8,5112,2.1,1.1,1539,Gaming
U17383,41,Male,Lucknow,Nokia,Android,5.5,42.5,281.1,86,1.2,3985,6.5,3.5,924,Education
U17384,23,Male,Pune,Vivo,Android,10.3,14.9,243.9,106,1.1,1341,0.6,2.6,1888,Work
U17385,56,Male,Mumbai,Xiaomi,iOS,2.1,8.8,31.7,32,1.2,2197,4.6,1.9,1610,Entertainment
U17386,20,Female,Pune,Oppo,iOS,8.4,35.9,222.4,187,3.1,8667,4.3,0.8,310,Entertainment
U17387,38,Male,Chennai,Xiaomi,iOS,6.7,7.9,13.0,16,3.3,4219,4.3,5.0,1063,Work
U17388,22,Other,Jaipur,Xiaomi,Android,10.5,27.8,74.7,152,5.1,9350,6.8,4.8,1045,Social Media
U17389,37,Other,Lucknow,Google Pixel,Android,10.0,28.7,8.1,163,2.5,989,5.3,2.6,634,Entertainment
U17390,15,Male,Jaipur,Motorola,iOS,5.3,2.5,34.9,114,3.4,5256,7.1,2.4,1528,Education
U17391,60,Female,Lucknow,Realme,Android,10.8,30.4,210.8,110,0.8,7017,1.5,1.0,1884,Social Media
U17392,29,Other,Pune,Vivo,iOS,4.1,7.0,177.0,10,3.0,3920,7.6,3.9,1915,Gaming
U17393,52,Female,Jaipur,Samsung,iOS,11.6,23.2,25.8,143,4.5,3880,7.8,1.2,978,Education
U17394,21,Other,Jaipur,Nokia,Android,9.2,43.3,16.5,24,4.2,9767,5.4,1.8,221,Social Media
U17395,20,Male,Bangalore,OnePlus,Android,10.7,28.0,156.2,117,1.1,8899,7.9,3.0,1169,Education
U17396,27,Male,Chennai,Samsung,Android,10.8,29.4,195.1,175,0.7,6214,0.7,4.2,394,Work
U17397,42,Male,Chennai,Nokia,Android,2.9,19.2,53.1,46,5.7,1163,5.8,2.2,1554,Social Media
U17398,17,Female,Delhi,Vivo,iOS,5.9,4.5,175.3,150,0.5,5082,3.4,4.7,1247,Education
U17399,25,Female,Bangalore,Apple,iOS,5.1,15.5,159.4,142,5.9,9823,5.4,1.6,595,Gaming
U17400,35,Male,Hyderabad,Apple,iOS,11.6,6.2,244.0,189,3.5,4178,1.6,1.0,672,Education
U17401,31,Female,Bangalore,Nokia,Android,8.3,23.3,160.6,77,3.2,9968,5.9,2.7,238,Education
U17402,18,Male,Lucknow,Apple,Android,6.1,45.8,90.5,135,0.7,4208,4.7,3.0,103,Entertainment
U17403,57,Female,Lucknow,Xiaomi,iOS,3.9,17.2,132.2,127,4.6,6517,2.7,0.9,419,Gaming
U17404,42,Male,Bangalore,Nokia,Android,7.4,46.7,234.2,169,2.1,6023,1.4,0.9,1329,Gaming
U17405,38,Male,Ahmedabad,Google Pixel,Android,9.4,18.0,299.6,175,5.4,2661,2.5,0.2,1629,Education
U17406,38,Female,Mumbai,Oppo,iOS,8.3,35.3,181.8,36,3.5,1049,4.6,3.4,1033,Social Media
U17407,51,Other,Mumbai,Nokia,Android,1.3,10.0,206.2,94,3.6,8581,7.4,4.9,666,Gaming
U17408,44,Other,Chennai,Apple,iOS,2.7,14.6,111.6,86,4.4,7333,2.5,2.0,235,Gaming
U17409,46,Female,Hyderabad,Vivo,iOS,7.6,2.1,63.9,62,3.2,8582,7.3,2.2,1381,Entertainment
U17410,46,Other,Bangalore,OnePlus,Android,10.4,32.6,57.4,197,2.9,8043,6.5,3.3,1439,Education
U17411,28,Other,Jaipur,Vivo,Android,10.2,27.1,259.6,128,5.0,4277,2.8,2.8,253,Education
U17412,38,Male,Jaipur,Samsung,iOS,6.9,48.0,191.6,184,5.2,1087,2.6,0.4,1287,Work
U17413,47,Female,Jaipur,Vivo,Android,3.7,33.0,149.4,167,2.6,1163,2.6,2.8,536,Social Media
U17414,18,Other,Pune,Samsung,iOS,2.7,9.7,73.4,73,3.5,8001,3.3,2.0,1010,Entertainment
U17415,16,Other,Bangalore,Google Pixel,iOS,9.1,20.4,35.8,61,4.2,9814,3.5,4.7,1424,Work
U17416,34,Female,Pune,Vivo,iOS,7.7,7.0,122.1,130,5.6,3806,5.9,3.0,538,Education
U17417,54,Male,Chennai,Motorola,Android,3.2,5.4,229.9,125,4.7,5545,5.1,1.1,1781,Entertainment
U17418,58,Female,Mumbai,Realme,Android,10.2,19.6,130.9,182,5.7,5221,4.3,0.3,1532,Social Media
U17419,47,Other,Lucknow,Motorola,Android,3.3,4.2,45.7,24,0.7,106,4.8,0.5,1518,Gaming
U17420,49,Male,Lucknow,OnePlus,iOS,5.3,13.9,158.1,100,3.1,4399,2.4,4.3,1770,Entertainment
U17421,47,Male,Kolkata,Samsung,Android,8.6,31.0,188.9,183,3.1,7675,7.6,0.6,533,Education
U17422,35,Female,Bangalore,Oppo,Android,3.5,36.2,280.1,53,4.0,2016,7.1,3.7,1939,Social Media
U17423,36,Other,Bangalore,Nokia,Android,1.8,40.2,295.1,192,2.3,1515,3.7,3.4,1584,Work
U17424,18,Male,Kolkata,Nokia,iOS,9.8,11.4,164.2,135,1.8,2565,7.2,1.3,1512,Gaming
U17425,56,Other,Pune,Apple,iOS,8.7,7.4,273.5,27,0.9,3826,1.3,1.6,730,Social Media
U17426,48,Other,Jaipur,Google Pixel,iOS,7.0,16.8,137.7,79,0.8,6853,1.6,2.2,1273,Social Media
U17427,22,Male,Chennai,Realme,iOS,4.0,39.1,227.5,17,0.6,8024,3.4,2.9,851,Entertainment
U17428,18,Female,Bangalore,Oppo,Android,9.4,11.8,44.1,171,3.2,3138,5.4,2.3,1389,Social Media
U17429,29,Male,Pune,Xiaomi,Android,8.6,16.4,154.1,196,3.7,7864,1.3,3.1,1331,Gaming
U17430,39,Male,Hyderabad,Nokia,Android,2.9,29.5,81.1,122,0.9,6032,5.4,1.0,105,Gaming
U17431,55,Other,Delhi,OnePlus,Android,4.5,46.2,138.8,115,3.9,2082,7.7,0.4,320,Entertainment
U17432,56,Other,Chennai,Apple,iOS,9.6,44.9,123.6,42,1.1,9258,4.3,1.9,217,Gaming
U17433,57,Male,Jaipur,Motorola,Android,11.5,17.4,211.0,116,4.4,168,3.2,0.6,1222,Gaming
U17434,27,Other,Hyderabad,Apple,iOS,8.3,7.2,227.8,142,5.8,6553,7.7,1.0,100,Entertainment
U17435,47,Female,Bangalore,Google Pixel,Android,8.9,31.8,74.1,73,1.3,3658,6.6,1.1,722,Education
U17436,41,Other,Mumbai,Nokia,iOS,11.4,43.8,97.7,112,0.8,1482,4.4,2.3,907,Work
U17437,45,Male,Chennai,Apple,iOS,3.8,6.8,287.4,47,3.5,4404,5.1,1.3,698,Social Media
U17438,50,Other,Ahmedabad,Nokia,iOS,3.9,28.5,253.1,60,2.5,4103,6.0,4.3,1242,Entertainment
U17439,31,Female,Chennai,Google Pixel,Android,5.6,39.1,198.5,142,0.8,3273,6.5,4.2,324,Social Media
U17440,36,Other,Hyderabad,Apple,Android,2.1,41.0,229.0,97,1.8,1784,1.3,1.4,1216,Education
U17441,26,Other,Bangalore,Vivo,Android,6.1,12.1,174.3,151,4.5,5428,3.6,1.8,318,Gaming
U17442,17,Female,Pune,Google Pixel,Android,1.4,31.9,245.4,179,3.4,1597,5.9,3.9,1741,Work
U17443,32,Other,Mumbai,OnePlus,Android,8.0,11.6,147.9,71,0.7,4738,3.9,1.1,166,Entertainment
U17444,59,Other,Delhi,Google Pixel,Android,2.2,42.8,13.8,181,4.5,8083,2.5,3.9,421,Social Media
U17445,59,Male,Mumbai,Nokia,Android,1.2,32.8,162.4,29,3.5,2071,4.6,4.2,956,Education
U17446,47,Male,Mumbai,Nokia,iOS,7.1,45.7,176.0,130,1.9,7455,5.9,1.1,1735,Education
U17447,26,Female,Kolkata,Samsung,iOS,9.1,40.9,188.3,165,1.0,7506,5.1,1.4,757,Education
U17448,35,Female,Delhi,Vivo,Android,8.3,17.7,201.0,93,1.5,8347,2.5,4.9,1760,Social Media
U17449,49,Male,Jaipur,Nokia,Android,4.9,31.5,185.8,141,5.3,9783,3.3,3.3,1263,Education
U17450,57,Other,Delhi,Nokia,iOS,9.4,40.6,287.8,49,2.1,5166,5.5,3.5,1126,Gaming
U17451,32,Male,Chennai,Samsung,Android,8.9,29.7,222.0,135,0.7,4570,4.4,4.9,1693,Work
U17452,33,Other,Hyderabad,Realme,iOS,7.1,39.1,198.6,112,2.6,612,6.4,4.5,158,Gaming
U17453,50,Other,Lucknow,Apple,Android,9.0,6.3,86.3,58,4.4,484,2.2,4.9,1984,Social Media
U17454,57,Male,Hyderabad,Xiaomi,Android,8.6,50.0,245.2,178,1.3,5221,3.4,3.5,989,Work
U17455,19,Other,Bangalore,Realme,Android,4.9,25.0,220.8,58,0.8,117,6.0,2.9,1148,Work
U17456,44,Female,Jaipur,OnePlus,Android,11.6,31.5,168.0,196,2.1,3011,4.3,0.3,527,Gaming
U17457,31,Male,Delhi,OnePlus,Android,7.2,14.8,266.9,152,5.9,2097,1.8,2.9,1473,Social Media
U17458,51,Female,Ahmedabad,Google Pixel,iOS,7.0,30.4,182.1,167,1.4,8438,7.8,3.8,591,Gaming
U17459,49,Female,Delhi,Nokia,Android,6.6,24.7,131.2,140,2.5,3479,5.0,4.6,984,Education
U17460,41,Male,Mumbai,Google Pixel,iOS,3.2,39.3,105.9,119,5.8,3718,4.9,1.9,148,Education
U17461,56,Female,Ahmedabad,Vivo,Android,11.1,39.2,124.7,165,3.0,5743,5.5,2.1,223,Social Media
U17462,35,Other,Pune,Apple,iOS,7.9,9.9,134.2,85,5.0,1262,1.0,0.6,832,Social Media
U17463,31,Other,Chennai,Motorola,iOS,3.0,9.0,63.2,182,5.3,4777,6.5,1.4,674,Gaming
U17464,22,Male,Jaipur,Xiaomi,iOS,3.5,5.0,293.7,198,2.2,6440,1.7,2.3,798,Gaming
U17465,48,Other,Delhi,Motorola,iOS,11.4,20.6,13.1,10,5.1,103,2.1,2.0,254,Social Media
U17466,37,Other,Delhi,Nokia,iOS,7.9,19.3,81.2,186,0.6,1706,3.0,0.2,356,Social Media
U17467,35,Other,Lucknow,Nokia,Android,8.7,11.8,37.4,63,0.8,3361,6.0,3.0,262,Work
U17468,52,Female,Kolkata,Samsung,iOS,8.8,26.6,80.2,103,1.7,4217,7.7,1.7,756,Social Media
U17469,45,Male,Bangalore,Oppo,iOS,10.6,37.7,237.2,27,5.3,9254,5.9,4.5,1077,Work
U17470,30,Male,Chennai,Xiaomi,iOS,5.0,5.8,93.3,141,4.8,1411,6.2,2.4,1388,Entertainment
U17471,43,Male,Jaipur,Realme,Android,10.2,28.9,181.6,81,5.0,4651,3.5,2.1,894,Social Media
U17472,42,Female,Delhi,Nokia,Android,3.7,1.2,212.6,13,1.2,8048,6.0,3.4,1032,Work
U17473,37,Female,Jaipur,Motorola,iOS,1.7,39.7,245.8,130,4.2,6648,0.6,4.8,426,Work
U17474,39,Other,Mumbai,Oppo,Android,10.5,49.1,287.4,92,4.5,4411,1.0,3.4,389,Gaming
U17475,60,Male,Ahmedabad,Motorola,iOS,10.1,33.7,116.0,184,4.9,1091,4.9,1.0,132,Social Media
U17476,53,Male,Kolkata,Motorola,Android,5.0,30.6,299.8,105,0.9,4138,3.2,0.0,463,Work
U17477,37,Other,Pune,OnePlus,Android,1.6,49.6,142.7,37,1.8,8982,2.5,0.1,1243,Education
U17478,22,Male,Mumbai,Samsung,Android,1.4,31.0,144.8,141,3.4,2524,7.9,3.9,319,Gaming
U17479,58,Male,Ahmedabad,Samsung,Android,6.6,16.7,69.7,121,0.9,1864,2.0,0.1,302,Education
U17480,21,Male,Pune,Nokia,Android,1.9,33.1,266.5,129,2.6,7806,7.0,5.0,1637,Work
U17481,33,Other,Lucknow,Google Pixel,Android,6.6,6.1,296.1,30,1.2,1039,6.4,2.6,845,Entertainment
U17482,25,Male,Chennai,Apple,Android,2.7,49.8,136.6,154,1.7,2369,3.0,2.7,324,Education
U17483,22,Male,Hyderabad,OnePlus,Android,1.8,21.8,216.3,124,1.1,4111,3.8,1.9,568,Social Media
U17484,17,Other,Hyderabad,Vivo,iOS,5.2,35.8,19.6,105,4.0,468,5.7,3.5,345,Work
U17485,58,Female,Delhi,Apple,Android,2.1,22.7,160.3,64,3.0,2072,6.7,3.4,520,Entertainment
U17486,44,Other,Lucknow,Google Pixel,Android,10.5,48.7,62.8,79,5.5,9051,2.8,1.9,1246,Education
U17487,31,Female,Ahmedabad,Nokia,iOS,3.3,9.7,16.6,187,1.7,3263,5.1,0.6,1673,Education
U17488,27,Other,Hyderabad,Google Pixel,iOS,10.1,27.7,200.9,124,4.6,6748,4.9,2.0,1666,Social Media
U17489,24,Male,Ahmedabad,Nokia,iOS,6.0,3.1,115.8,193,2.7,226,2.8,2.4,675,Social Media
U17490,21,Other,Pune,Samsung,iOS,8.9,3.4,192.3,97,4.7,4077,2.3,3.0,1655,Entertainment
U17491,43,Female,Ahmedabad,Oppo,iOS,5.5,41.7,157.5,16,3.7,5826,2.1,0.6,1710,Work
U17492,30,Other,Kolkata,Xiaomi,Android,6.1,32.8,147.6,18,1.7,5601,6.1,2.4,198,Entertainment
U17493,17,Other,Mumbai,OnePlus,iOS,9.4,2.1,278.1,28,5.8,1715,1.8,4.0,1344,Social Media
U17494,27,Female,Mumbai,Nokia,Android,3.9,11.5,191.1,100,2.8,2436,6.5,1.2,378,Education
U17495,47,Female,Pune,Xiaomi,Android,8.9,4.8,152.9,127,1.7,8829,4.1,3.2,1101,Education
U17496,39,Female,Bangalore,Oppo,Android,1.4,32.7,221.1,107,3.2,3983,2.2,1.7,1971,Education
U17497,28,Other,Delhi,Oppo,Android,2.3,4.7,164.8,129,4.6,3628,3.5,3.9,1790,Work
U17498,36,Male,Ahmedabad,Realme,Android,2.1,45.3,50.6,116,2.1,6330,1.0,4.5,1691,Education
U17499,41,Other,Ahmedabad,OnePlus,Android,9.1,28.3,265.7,98,1.7,1474,2.8,0.9,1475,Work
U17500,38,Female,Bangalore,Motorola,iOS,9.3,33.8,142.3,164,4.2,7379,6.0,2.5,1670,Entertainment
U17501,50,Other,Delhi,Samsung,Android,11.1,18.9,40.3,40,0.9,7334,7.2,1.2,726,Gaming
U17502,25,Male,Hyderabad,Nokia,iOS,3.5,8.7,136.2,22,4.4,6887,6.2,3.5,995,Work
U17503,49,Female,Lucknow,Apple,iOS,4.9,20.5,43.1,19,2.2,4937,1.2,3.4,704,Education
U17504,41,Other,Kolkata,OnePlus,Android,3.7,18.4,294.1,117,4.9,6225,3.4,4.0,1700,Education
U17505,51,Male,Bangalore,Oppo,Android,7.1,10.4,98.0,149,4.1,3406,7.3,1.2,497,Work
U17506,54,Female,Kolkata,Motorola,iOS,11.8,39.5,182.4,131,2.0,7319,3.9,3.3,1362,Education
U17507,26,Female,Delhi,Realme,Android,5.0,43.9,7.4,82,5.9,1921,0.8,1.5,1098,Gaming
U17508,50,Other,Jaipur,Vivo,Android,5.4,49.7,202.4,131,2.8,2608,4.7,1.8,704,Gaming
U17509,54,Male,Hyderabad,Motorola,Android,4.0,35.1,191.3,34,3.1,8003,3.7,1.0,1511,Social Media
U17510,19,Male,Mumbai,Motorola,Android,6.2,46.0,277.2,158,2.1,4005,4.0,1.0,698,Education
U17511,47,Female,Kolkata,Apple,iOS,1.0,40.2,7.6,156,1.8,4884,4.9,3.3,1482,Entertainment
U17512,22,Male,Kolkata,Apple,Android,8.7,13.7,108.9,57,4.0,2378,4.0,2.4,1460,Gaming
U17513,37,Male,Kolkata,Nokia,iOS,2.1,20.7,264.8,62,5.3,9840,5.8,2.0,893,Social Media
U17514,44,Other,Lucknow,Samsung,Android,11.4,27.8,249.3,151,5.6,363,2.3,2.8,1366,Education
U17515,20,Other,Bangalore,Apple,iOS,3.6,22.1,177.3,127,2.9,2058,4.0,4.3,583,Entertainment
U17516,26,Male,Lucknow,Google Pixel,Android,8.4,35.7,257.5,71,4.1,4463,6.5,2.7,907,Entertainment
U17517,28,Female,Delhi,Realme,iOS,3.0,6.8,290.8,28,5.1,7526,4.3,1.8,792,Work
U17518,36,Female,Mumbai,Samsung,iOS,4.0,15.6,28.5,160,4.8,229,2.7,3.1,1315,Work
U17519,22,Other,Bangalore,Oppo,Android,5.7,21.7,40.0,151,2.5,4473,5.4,4.3,1003,Education
U17520,36,Other,Jaipur,OnePlus,iOS,11.0,28.0,22.2,127,5.6,3163,4.4,2.9,329,Work
U17521,53,Female,Delhi,OnePlus,iOS,10.3,15.2,177.7,193,4.4,9901,4.3,3.0,609,Gaming
U17522,37,Female,Kolkata,Realme,Android,8.6,25.8,220.7,164,0.9,196,6.8,0.3,1041,Social Media
U17523,40,Other,Mumbai,Samsung,iOS,11.9,32.8,253.1,152,1.1,7905,5.4,4.4,1752,Gaming
U17524,31,Female,Ahmedabad,Oppo,iOS,3.5,37.4,110.3,128,4.6,3036,5.5,0.7,947,Gaming
U17525,50,Female,Jaipur,Apple,Android,7.0,47.0,228.0,189,0.7,949,7.6,4.6,1704,Social Media
U17526,38,Female,Pune,Vivo,iOS,7.7,38.3,280.4,132,2.7,2362,3.8,0.8,131,Gaming
U17527,52,Female,Lucknow,Samsung,Android,5.5,30.4,247.3,96,1.5,290,6.8,0.5,864,Social Media
U17528,20,Other,Hyderabad,OnePlus,iOS,5.9,24.4,69.1,96,3.6,1301,5.0,2.2,1086,Education
U17529,29,Other,Hyderabad,Apple,Android,7.2,47.6,67.6,187,4.2,7686,2.5,3.9,1431,Social Media
U17530,17,Other,Chennai,Samsung,iOS,11.1,9.6,23.8,39,1.7,2689,6.2,3.7,1496,Social Media
U17531,48,Female,Bangalore,Apple,Android,7.1,15.9,164.5,13,6.0,8209,0.8,0.4,1162,Gaming
U17532,56,Male,Bangalore,Samsung,iOS,5.9,2.9,185.2,46,1.3,8499,1.3,2.4,1250,Entertainment
U17533,38,Other,Chennai,OnePlus,iOS,4.1,31.5,196.0,181,2.5,9760,7.7,4.4,407,Work
U17534,31,Other,Mumbai,Vivo,Android,8.2,22.0,129.6,130,5.0,3911,4.6,2.7,1518,Entertainment
U17535,37,Female,Chennai,Google Pixel,Android,2.2,39.0,192.7,149,5.7,4452,3.3,0.6,631,Work
U17536,35,Female,Pune,Apple,Android,9.8,44.9,272.8,60,3.7,5600,7.7,2.2,822,Education
U17537,32,Other,Pune,Xiaomi,iOS,7.7,5.3,101.5,198,5.8,9094,5.6,1.6,855,Gaming
U17538,15,Other,Pune,Samsung,Android,8.3,13.8,84.5,120,5.8,8221,2.7,2.8,717,Work
U17539,41,Other,Chennai,Oppo,iOS,3.1,2.7,292.2,152,4.4,830,5.7,2.6,1549,Entertainment
U17540,53,Other,Lucknow,Apple,iOS,9.2,40.0,29.8,11,5.3,1355,4.1,4.8,155,Work
U17541,48,Male,Jaipur,Google Pixel,iOS,4.0,20.5,107.8,46,3.1,9136,3.0,4.7,127,Gaming
U17542,52,Male,Bangalore,Motorola,iOS,1.2,38.7,92.6,189,1.2,907,6.7,3.8,526,Gaming
U17543,30,Other,Mumbai,Vivo,iOS,8.1,42.2,62.5,140,5.8,3320,5.3,2.0,709,Education
U17544,15,Female,Lucknow,Motorola,Android,8.2,23.3,109.7,58,5.4,9511,2.3,3.6,268,Gaming
U17545,33,Other,Lucknow,Vivo,iOS,5.8,49.2,46.7,82,4.2,9379,7.5,2.9,258,Work
U17546,20,Female,Chennai,Oppo,iOS,10.1,2.0,166.3,137,3.8,6419,4.6,1.5,223,Education
U17547,39,Other,Jaipur,Motorola,Android,6.9,47.2,11.4,149,1.9,2002,2.1,2.3,1834,Social Media
U17548,33,Female,Ahmedabad,Samsung,Android,10.1,25.5,228.5,149,4.0,5414,3.9,1.7,1801,Social Media
U17549,60,Other,Bangalore,Motorola,iOS,6.0,33.0,31.5,69,3.3,1300,6.9,2.8,359,Gaming
U17550,34,Other,Mumbai,Nokia,Android,1.4,38.4,41.9,43,4.4,8474,6.7,1.5,1921,Social Media
U17551,25,Male,Lucknow,Xiaomi,iOS,7.8,45.9,190.9,50,3.7,517,4.4,2.0,458,Gaming
U17552,30,Other,Lucknow,Samsung,Android,8.1,40.9,144.3,13,4.4,7610,2.5,3.2,1959,Education
U17553,45,Other,Mumbai,Oppo,iOS,7.7,13.1,102.1,31,1.1,4948,3.5,3.9,872,Gaming
U17554,48,Other,Delhi,Apple,Android,1.6,14.6,49.5,129,5.9,850,6.7,4.7,331,Work
U17555,34,Male,Jaipur,Realme,iOS,5.0,40.3,12.4,123,4.2,8175,2.7,0.7,1164,Work
U17556,46,Male,Delhi,Nokia,iOS,3.5,14.2,280.7,107,5.7,9271,3.0,1.2,785,Education
U17557,54,Female,Kolkata,Oppo,iOS,2.4,2.1,107.4,121,3.9,1039,7.7,3.6,404,Work
U17558,53,Male,Bangalore,Google Pixel,Android,4.8,36.8,16.8,140,1.5,5080,7.6,0.8,1166,Gaming
U17559,39,Other,Pune,Apple,Android,3.3,48.3,130.5,74,5.3,2018,4.6,1.3,1534,Social Media
U17560,57,Male,Pune,Vivo,Android,9.3,41.0,248.9,30,1.4,7498,1.2,4.0,1732,Entertainment
U17561,29,Female,Hyderabad,Nokia,iOS,6.8,40.8,136.9,157,5.4,1380,2.7,2.2,415,Entertainment
U17562,40,Male,Mumbai,Oppo,Android,6.6,47.7,245.3,96,4.8,2081,6.1,2.1,1147,Education
U17563,55,Male,Bangalore,Apple,iOS,6.4,49.0,244.4,60,3.3,5044,4.9,2.2,666,Entertainment
U17564,27,Male,Bangalore,OnePlus,Android,11.7,27.6,122.9,78,3.0,8426,1.5,2.6,919,Entertainment
U17565,41,Other,Delhi,Motorola,iOS,12.0,16.2,33.3,177,4.4,6053,0.6,0.8,1376,Education
U17566,57,Male,Jaipur,Oppo,iOS,9.8,35.7,120.2,154,2.4,5364,4.0,2.4,1424,Work
U17567,35,Other,Ahmedabad,Apple,iOS,4.4,38.4,28.1,29,1.7,8779,1.5,1.9,533,Gaming
U17568,35,Other,Hyderabad,Oppo,Android,8.2,9.8,239.6,16,1.6,9413,7.9,2.8,308,Social Media
U17569,29,Female,Jaipur,Nokia,Android,3.2,37.5,132.8,20,5.3,2271,6.3,2.7,148,Education
U17570,44,Female,Lucknow,Apple,Android,7.2,21.5,233.5,102,0.6,8736,5.1,0.0,599,Education
U17571,42,Male,Chennai,Apple,iOS,4.9,3.5,223.4,66,1.0,9797,4.8,0.4,1055,Gaming
U17572,60,Female,Pune,Oppo,iOS,3.3,7.0,159.7,136,4.3,7080,6.6,1.1,1109,Gaming
U17573,60,Male,Ahmedabad,Samsung,Android,7.9,40.3,185.5,71,2.5,943,5.4,1.2,1617,Social Media
U17574,34,Other,Kolkata,Motorola,Android,9.9,7.6,134.9,139,1.8,9626,7.6,4.4,878,Gaming
U17575,25,Female,Chennai,Apple,Android,6.9,43.2,233.1,25,2.4,5148,1.6,1.2,1247,Work
U17576,27,Other,Chennai,Apple,Android,10.4,46.8,279.5,115,3.1,3384,6.0,3.6,1752,Education
U17577,36,Other,Mumbai,Nokia,iOS,8.1,45.9,148.9,15,5.7,8934,3.7,3.1,194,Education
U17578,40,Other,Bangalore,Google Pixel,iOS,8.3,15.2,191.7,132,4.2,4322,5.4,3.1,1862,Social Media
U17579,47,Male,Lucknow,Motorola,iOS,9.8,30.6,169.8,32,3.6,6534,6.1,1.5,1628,Work
U17580,55,Female,Ahmedabad,OnePlus,Android,11.4,4.3,125.7,140,1.0,7604,2.5,3.0,1151,Education
U17581,38,Other,Delhi,Motorola,iOS,2.2,42.7,34.8,85,1.6,3944,4.9,4.4,334,Education
U17582,26,Other,Bangalore,Vivo,Android,9.0,20.4,102.7,42,2.5,5358,3.3,1.6,1894,Education
U17583,16,Other,Kolkata,OnePlus,Android,9.8,27.8,280.4,45,2.3,4871,2.5,1.2,1595,Entertainment
U17584,48,Female,Hyderabad,Motorola,Android,8.3,35.3,95.6,66,5.1,856,6.4,3.7,1294,Entertainment
U17585,25,Male,Mumbai,Apple,Android,4.7,1.8,154.0,10,4.6,6343,6.2,4.9,505,Social Media
U17586,42,Other,Delhi,Motorola,Android,6.3,36.2,188.0,40,6.0,6621,4.8,1.5,1034,Gaming
U17587,23,Male,Ahmedabad,OnePlus,Android,3.1,8.5,267.7,111,5.9,7565,8.0,2.3,487,Entertainment
U17588,18,Other,Chennai,Google Pixel,iOS,6.2,22.7,209.4,197,1.3,5928,0.7,4.0,1476,Work
U17589,34,Female,Hyderabad,Motorola,iOS,3.2,10.3,159.5,132,2.1,2452,1.1,1.9,1824,Education
U17590,24,Other,Mumbai,Apple,iOS,9.7,32.2,190.1,19,3.3,3597,7.1,1.8,1061,Education
U17591,23,Other,Pune,Google Pixel,iOS,8.6,18.0,84.5,161,5.1,1291,7.1,4.5,535,Entertainment
U17592,25,Male,Pune,Vivo,Android,4.5,31.5,74.8,61,2.9,1826,5.1,2.0,847,Education
U17593,60,Other,Lucknow,Realme,Android,9.9,10.5,51.6,149,3.2,2822,5.2,1.6,1263,Gaming
U17594,28,Female,Bangalore,Samsung,Android,5.5,39.5,234.3,48,3.8,1019,0.8,2.7,207,Gaming
U17595,53,Female,Bangalore,Oppo,Android,4.9,14.9,64.4,43,2.5,4638,4.6,4.7,918,Social Media
U17596,37,Other,Pune,Nokia,iOS,2.5,36.5,85.1,187,1.3,4677,5.8,5.0,1761,Entertainment
U17597,45,Other,Mumbai,Motorola,Android,7.5,27.3,55.9,48,5.7,7377,7.0,2.6,645,Social Media
U17598,17,Other,Ahmedabad,Motorola,iOS,3.9,7.8,160.7,32,1.9,9112,5.1,1.8,477,Gaming
U17599,32,Female,Kolkata,Oppo,iOS,7.4,26.1,62.2,13,5.2,1274,5.6,4.4,264,Social Media
U17600,60,Female,Bangalore,Apple,iOS,4.3,31.6,78.7,44,2.9,1907,2.3,1.0,1341,Social Media
U17601,47,Female,Hyderabad,Oppo,iOS,3.4,1.5,192.4,14,1.5,4355,5.7,3.8,1680,Social Media
U17602,44,Other,Hyderabad,Motorola,iOS,11.8,45.2,9.5,134,4.1,9602,6.2,3.7,641,Education
U17603,31,Female,Pune,Vivo,Android,6.0,46.6,83.3,60,3.2,3124,7.6,3.4,856,Social Media
U17604,15,Female,Jaipur,Google Pixel,Android,7.4,22.2,123.7,112,5.4,8469,6.2,3.7,161,Education
U17605,27,Female,Ahmedabad,Realme,Android,2.6,6.9,174.4,167,5.2,4740,6.9,0.8,1455,Social Media
U17606,56,Male,Pune,Nokia,Android,4.9,40.3,228.0,64,5.0,7523,3.7,3.5,935,Entertainment
U17607,28,Female,Kolkata,Xiaomi,iOS,5.4,31.1,184.3,36,1.0,5480,2.5,0.2,1836,Gaming
U17608,21,Other,Kolkata,Realme,Android,7.6,3.1,97.2,68,5.7,8292,3.2,1.6,1231,Education
U17609,37,Male,Ahmedabad,Oppo,Android,6.6,19.2,124.8,87,1.6,3963,1.3,3.0,235,Work
U17610,31,Female,Kolkata,Motorola,iOS,9.3,21.2,275.8,10,4.9,2208,6.9,2.4,810,Entertainment
U17611,31,Female,Bangalore,Google Pixel,iOS,5.1,13.6,13.4,32,5.2,1366,2.6,0.3,172,Education
U17612,55,Male,Chennai,Samsung,iOS,9.3,31.6,55.9,166,1.4,7884,1.5,3.8,1044,Education
U17613,43,Male,Delhi,OnePlus,Android,6.9,16.6,103.6,123,3.3,1421,5.6,1.1,964,Gaming
U17614,42,Other,Kolkata,Samsung,iOS,3.1,30.7,87.8,82,2.4,6751,7.3,2.6,992,Education
U17615,58,Male,Pune,Oppo,iOS,3.4,15.4,288.1,35,5.6,9294,3.7,3.7,1877,Entertainment
U17616,50,Male,Pune,Realme,iOS,9.4,12.4,150.3,94,3.2,9055,4.9,3.9,923,Education
U17617,29,Other,Pune,Vivo,iOS,4.3,25.1,153.1,27,5.6,9797,7.9,1.4,1558,Social Media
U17618,58,Other,Chennai,Apple,Android,8.7,30.7,46.6,13,5.5,494,4.8,1.2,1908,Gaming
U17619,29,Male,Mumbai,Motorola,Android,5.6,39.1,137.3,34,5.7,7746,2.1,0.5,1670,Education
U17620,36,Female,Chennai,Apple,iOS,5.9,36.9,113.7,161,5.4,5493,2.8,1.3,910,Social Media
U17621,37,Male,Chennai,Apple,Android,6.3,15.2,59.5,12,0.8,4824,4.5,1.4,1114,Work
U17622,51,Female,Chennai,Nokia,iOS,8.9,18.6,83.8,34,4.5,6785,7.1,4.0,473,Gaming
U17623,43,Other,Pune,Motorola,iOS,6.8,35.5,207.4,104,4.3,2708,6.2,1.8,1572,Education
U17624,48,Male,Delhi,Google Pixel,iOS,6.1,16.8,190.9,53,5.8,1712,5.7,1.9,208,Social Media
U17625,18,Other,Kolkata,Google Pixel,Android,4.0,43.0,239.1,81,4.3,802,3.4,3.6,1509,Entertainment
U17626,55,Female,Lucknow,Xiaomi,iOS,3.2,32.9,177.0,60,0.9,2667,0.9,0.8,154,Social Media
U17627,31,Male,Hyderabad,Vivo,Android,11.3,11.3,278.2,158,3.8,4830,1.7,2.5,1233,Social Media
U17628,33,Other,Mumbai,Nokia,Android,10.3,16.9,195.1,67,3.0,8434,7.0,4.0,225,Education
U17629,21,Female,Lucknow,Vivo,Android,1.8,12.0,38.1,50,4.3,6686,3.5,5.0,183,Work
U17630,41,Male,Pune,Oppo,Android,4.9,41.5,95.0,27,2.6,5395,1.9,1.1,1308,Gaming
U17631,40,Other,Mumbai,Samsung,Android,6.3,46.0,49.2,143,1.9,9558,4.8,3.8,982,Gaming
U17632,32,Other,Ahmedabad,Oppo,iOS,11.8,9.5,164.1,173,3.0,8820,5.6,3.7,344,Work
U17633,18,Other,Chennai,Google Pixel,iOS,3.2,18.9,47.0,86,1.9,8491,2.7,1.6,1059,Work
U17634,40,Female,Hyderabad,Motorola,iOS,9.9,31.4,219.0,148,2.3,5723,4.9,4.2,893,Social Media
U17635,27,Other,Chennai,Realme,Android,6.1,49.2,95.2,12,5.2,299,3.9,0.8,1840,Education
U17636,37,Male,Pune,Vivo,Android,8.6,20.5,19.5,63,2.3,5299,1.3,3.8,1616,Gaming
U17637,32,Male,Pune,OnePlus,iOS,6.5,19.8,23.7,23,5.2,3291,2.8,1.8,230,Gaming
U17638,18,Male,Ahmedabad,Motorola,Android,1.6,20.2,224.3,158,5.5,5037,6.3,1.1,323,Work
U17639,19,Male,Pune,Nokia,Android,7.1,42.0,299.0,42,6.0,942,1.3,3.7,1207,Gaming
U17640,22,Other,Jaipur,OnePlus,Android,7.5,8.7,8.1,16,0.7,2422,6.3,4.0,1414,Gaming
U17641,36,Male,Kolkata,Motorola,iOS,9.5,20.7,189.4,64,1.2,7684,1.2,2.0,183,Education
U17642,35,Other,Bangalore,OnePlus,iOS,7.3,21.2,279.6,108,1.2,5686,3.4,0.9,1685,Education
U17643,56,Female,Ahmedabad,OnePlus,Android,8.8,43.8,293.2,56,4.6,7863,3.3,3.5,293,Work
U17644,35,Other,Lucknow,Google Pixel,Android,2.4,31.3,285.4,175,3.5,1834,2.0,2.9,531,Entertainment
U17645,22,Other,Delhi,OnePlus,Android,6.6,42.5,133.8,59,2.3,7530,5.9,4.5,925,Work
U17646,28,Female,Mumbai,Samsung,iOS,9.6,33.9,27.4,14,4.2,6129,7.4,0.5,361,Education
U17647,28,Male,Pune,Nokia,Android,10.5,5.7,256.1,64,0.5,6398,2.2,4.0,1864,Entertainment
U17648,47,Other,Hyderabad,OnePlus,iOS,4.1,1.7,143.9,149,5.9,2212,3.5,0.1,972,Education
U17649,50,Female,Jaipur,Oppo,iOS,11.6,46.8,254.9,47,0.6,8239,4.4,1.4,1236,Gaming
U17650,24,Female,Jaipur,OnePlus,iOS,1.9,2.0,279.3,109,1.1,815,3.2,1.2,1082,Gaming
U17651,44,Other,Jaipur,Oppo,Android,5.5,45.5,45.3,174,2.6,7332,3.7,0.1,1015,Social Media
U17652,32,Male,Mumbai,Motorola,iOS,7.4,42.8,108.6,191,1.2,9969,3.5,0.5,1761,Work
U17653,19,Female,Jaipur,Google Pixel,Android,4.0,39.9,50.9,63,4.0,2996,3.5,1.5,1771,Gaming
U17654,49,Female,Lucknow,Nokia,iOS,5.2,28.8,58.3,157,0.6,8869,0.5,1.9,1451,Entertainment
U17655,40,Male,Jaipur,Realme,Android,4.2,25.7,127.7,189,0.7,3972,5.9,4.2,1850,Gaming
U17656,21,Other,Mumbai,Oppo,Android,11.5,8.6,128.9,181,4.6,2042,5.3,3.2,1257,Entertainment
U17657,35,Male,Mumbai,Motorola,iOS,7.2,30.6,172.4,77,1.2,9794,5.7,2.8,1955,Social Media
U17658,41,Male,Bangalore,Oppo,Android,6.7,14.0,166.8,184,5.7,1168,7.7,3.0,1796,Education
U17659,46,Other,Mumbai,Google Pixel,iOS,8.9,6.9,155.7,22,1.2,4935,7.5,1.0,301,Entertainment
U17660,60,Other,Hyderabad,Oppo,iOS,5.6,18.5,63.4,27,5.9,4786,4.7,2.8,1556,Entertainment
U17661,46,Male,Ahmedabad,Xiaomi,Android,4.5,23.0,243.6,110,0.5,1279,7.9,1.3,874,Gaming
U17662,58,Other,Chennai,Nokia,iOS,1.2,47.9,218.7,146,4.7,9659,1.6,4.7,1684,Entertainment
U17663,32,Other,Lucknow,Google Pixel,Android,2.9,6.7,178.5,112,2.0,7032,3.2,4.7,653,Work
U17664,23,Other,Bangalore,Oppo,Android,11.2,43.5,27.8,62,5.7,3183,1.6,2.9,995,Social Media
U17665,30,Male,Jaipur,Xiaomi,iOS,5.5,43.5,116.6,108,1.5,6440,3.7,3.1,639,Social Media
U17666,32,Female,Bangalore,Vivo,iOS,2.0,48.9,273.0,77,2.6,8803,4.9,1.5,407,Entertainment
U17667,27,Other,Bangalore,Realme,Android,4.5,16.7,120.8,37,3.4,8087,7.0,0.4,1727,Entertainment
U17668,42,Male,Ahmedabad,Samsung,iOS,7.8,22.6,86.4,111,2.7,4373,3.4,3.1,1082,Education
U17669,25,Other,Bangalore,Xiaomi,Android,1.2,6.3,109.0,136,1.7,3373,7.1,2.3,215,Education
U17670,37,Other,Pune,Motorola,Android,5.9,25.6,219.0,48,3.7,5919,7.0,2.5,276,Work
U17671,32,Male,Mumbai,Xiaomi,Android,3.9,37.5,271.3,38,5.3,1525,3.6,4.1,1274,Work
U17672,56,Other,Lucknow,Oppo,iOS,3.5,47.8,135.3,173,4.9,3482,7.9,4.0,1513,Entertainment
U17673,19,Female,Ahmedabad,Google Pixel,Android,6.2,37.4,117.2,105,2.9,4220,1.0,2.7,407,Work
U17674,41,Other,Pune,Samsung,iOS,1.5,14.7,217.7,42,3.8,4928,2.1,2.2,137,Education
U17675,34,Male,Hyderabad,Vivo,Android,1.1,15.3,267.4,19,5.4,8216,6.5,4.3,671,Entertainment
U17676,37,Other,Jaipur,Oppo,iOS,6.1,32.2,111.0,194,1.3,2719,4.3,3.4,383,Social Media
U17677,56,Other,Ahmedabad,Google Pixel,Android,9.2,19.3,145.6,163,2.4,1242,4.6,1.0,1162,Education
U17678,59,Other,Hyderabad,Samsung,Android,8.9,42.6,137.4,42,5.6,6031,6.2,0.3,1234,Work
U17679,29,Female,Delhi,Oppo,iOS,11.2,29.4,126.7,77,4.4,5291,5.3,1.8,1358,Entertainment
U17680,50,Female,Hyderabad,Samsung,iOS,9.7,9.4,276.7,29,0.5,3725,1.9,4.3,113,Education
U17681,49,Female,Bangalore,Oppo,Android,1.0,26.2,30.9,140,0.7,391,4.4,1.3,1742,Work
U17682,27,Other,Mumbai,Apple,iOS,7.2,36.6,90.4,81,5.1,4007,3.8,3.3,1380,Entertainment
U17683,40,Female,Chennai,Oppo,iOS,9.5,12.9,243.0,166,4.3,8550,3.4,0.7,222,Education
U17684,34,Female,Ahmedabad,Realme,Android,1.1,48.9,74.7,70,5.3,5516,0.7,4.0,1612,Entertainment
U17685,22,Male,Hyderabad,Vivo,Android,8.8,25.6,105.6,96,2.4,3614,6.6,0.8,1528,Work
U17686,43,Other,Kolkata,Oppo,iOS,5.6,22.5,215.2,78,5.1,5332,0.8,3.6,1098,Gaming
