User ID,Age,Gender,Location,Phone Brand,OS,Screen Time (hrs/day),Data Usage (GB/month),Calls Duration (mins/day),Number of Apps Installed,Social Media Time (hrs/day),E-commerce Spend (INR/month),Streaming Time (hrs/day),Gaming Time (hrs/day),Monthly Recharge Cost (INR),Primary Use
U04421,25,Other,Chennai,OnePlus,Android,3.2,26.7,189.4,13,0.9,6595,3.7,4.7,1397,Entertainment
U04422,49,Other,Jaipur,Nokia,Android,3.9,29.1,31.3,118,5.3,2618,7.7,2.8,1265,Gaming
U04423,57,Male,Ahmedabad,OnePlus,iOS,10.0,33.9,70.4,20,4.8,8127,7.5,2.5,1006,Gaming
U04424,31,Female,Chennai,Oppo,Android,2.3,3.2,126.5,107,5.2,1286,7.8,4.4,1940,Gaming
U04425,52,Other,Lucknow,Google Pixel,Android,9.8,8.7,140.0,99,5.9,6068,3.4,3.3,1227,Social Media
U04426,42,Male,Lucknow,Motorola,Android,9.6,26.4,126.6,46,4.9,7471,5.7,2.8,1501,Education
U04427,43,Other,Pune,Samsung,iOS,8.4,22.0,182.5,170,2.4,2416,7.6,1.8,1376,Entertainment
U04428,60,Other,Hyderabad,Xiaomi,iOS,5.8,25.7,287.2,194,2.9,6699,4.2,0.5,501,Social Media
U04429,52,Male,Ahmedabad,Apple,iOS,11.7,39.4,5.8,198,3.9,6131,5.8,0.2,197,Social Media
U04430,20,Female,Ahmedabad,Samsung,Android,4.7,29.1,56.4,76,1.8,3042,3.3,0.6,488,Education
U04431,49,Female,Bangalore,Google Pixel,iOS,5.3,23.9,110.9,122,2.1,5436,6.4,3.9,1489,Work
U04432,40,Other,Chennai,Samsung,iOS,8.3,43.5,107.6,49,4.5,5164,0.9,1.6,255,Gaming
U04433,39,Other,Delhi,Xiaomi,iOS,10.6,21.5,161.9,199,5.9,4407,2.8,2.9,1951,Work
U04434,48,Other,Chennai,Oppo,iOS,9.8,30.8,265.6,82,1.6,2123,3.5,2.0,1077,Education
U04435,24,Male,Bangalore,Google Pixel,iOS,11.1,9.7,49.8,109,5.9,9964,2.5,3.8,744,Work
U04436,34,Male,Chennai,Xiaomi,iOS,8.1,41.8,79.6,168,4.8,4139,0.9,4.4,236,Gaming
U04437,37,Other,Lucknow,Vivo,iOS,7.4,45.1,264.9,165,0.7,1588,3.8,0.9,191,Education
U04438,21,Female,Bangalore,Realme,iOS,1.7,14.6,239.2,170,0.9,9085,7.2,3.9,159,Gaming
U04439,50,Male,Kolkata,Nokia,iOS,3.8,25.4,6.8,144,4.3,5865,3.5,1.8,678,Education
U04440,43,Female,Lucknow,Motorola,iOS,11.2,32.6,215.9,12,5.7,8543,4.4,4.7,1803,Social Media
U04441,36,Male,Hyderabad,Apple,Android,11.7,15.8,46.6,32,1.6,3961,2.3,3.0,1106,Entertainment
U04442,28,Other,Chennai,Xiaomi,Android,7.4,13.6,167.3,198,1.2,7148,2.9,4.0,431,Social Media
U04443,35,Male,Ahmedabad,Realme,Android,9.2,31.3,95.6,28,4.9,3891,0.7,4.6,421,Entertainment
U04444,51,Female,Bangalore,Motorola,iOS,4.2,7.8,30.9,20,1.0,3502,7.9,2.4,1965,Work
U04445,51,Male,Ahmedabad,Oppo,Android,12.0,25.0,170.1,10,5.2,4511,7.8,3.9,916,Gaming
U04446,30,Other,Lucknow,Nokia,iOS,5.4,31.0,52.4,154,2.3,2160,0.9,2.4,1276,Work
U04447,29,Female,Kolkata,Oppo,iOS,2.2,22.1,168.1,179,5.9,5909,5.1,1.3,1958,Work
U04448,41,Female,Pune,Samsung,iOS,9.1,43.9,76.0,22,4.7,6522,2.0,3.0,1815,Education
U04449,41,Female,Mumbai,OnePlus,iOS,9.2,8.8,111.6,159,4.4,4868,2.8,0.2,1375,Entertainment
U04450,43,Female,Kolkata,Oppo,Android,8.6,29.7,56.4,195,2.3,1679,5.4,2.2,1577,Work
U04451,57,Female,Pune,Oppo,Android,5.2,26.7,47.5,55,1.5,5522,7.7,0.3,1400,Work
U04452,34,Male,Ahmedabad,Samsung,iOS,3.2,34.1,257.2,89,0.5,9801,5.1,3.6,510,Social Media
U04453,17,Other,Jaipur,Nokia,iOS,7.6,4.5,207.3,101,4.4,8847,1.8,3.6,375,Entertainment
U04454,37,Other,Mumbai,Motorola,Android,2.3,40.1,59.5,103,5.9,1103,7.3,0.8,1595,Gaming
U04455,55,Male,Bangalore,Google Pixel,Android,2.7,19.7,84.0,66,4.6,3309,1.6,4.0,1060,Gaming
U04456,40,Female,Hyderabad,Google Pixel,iOS,6.5,34.6,41.9,131,2.4,5109,7.5,3.4,1782,Social Media
U04457,35,Female,Ahmedabad,Samsung,Android,1.2,33.1,292.2,84,4.0,4302,5.0,0.2,219,Entertainment
U04458,42,Other,Delhi,Oppo,iOS,6.4,20.9,59.9,121,2.4,2015,5.3,1.2,1386,Education
U04459,32,Other,Pune,Xiaomi,iOS,2.2,12.3,106.5,17,4.1,4159,7.4,4.4,1265,Education
U04460,54,Male,Bangalore,Motorola,iOS,5.7,40.2,20.4,18,2.7,210,7.6,4.3,1679,Gaming
U04461,57,Male,Bangalore,Nokia,Android,7.5,39.2,62.4,191,3.4,5919,1.7,4.5,1623,Work
U04462,42,Female,Ahmedabad,Xiaomi,Android,5.9,42.3,131.3,187,2.0,4783,5.9,0.7,472,Social Media
U04463,15,Other,Kolkata,Samsung,iOS,12.0,4.3,141.7,91,5.3,4430,1.4,3.9,109,Gaming
U04464,51,Other,Kolkata,Xiaomi,Android,2.9,33.6,208.8,117,3.6,6644,4.9,4.3,1444,Work
U04465,38,Other,Ahmedabad,Oppo,Android,3.2,43.7,239.9,194,1.6,1012,3.5,2.4,1670,Social Media
U04466,18,Male,Delhi,Realme,iOS,5.3,26.8,230.0,198,3.4,555,3.1,4.1,1986,Gaming
U04467,35,Other,Mumbai,Vivo,Android,6.3,31.7,207.8,135,1.5,2624,7.3,3.0,1494,Entertainment
U04468,22,Male,Hyderabad,Oppo,Android,6.0,8.5,40.8,17,1.6,6257,6.1,0.9,257,Social Media
U04469,59,Other,Kolkata,Oppo,Android,11.7,49.3,23.5,21,2.7,3085,7.6,1.2,1262,Entertainment
U04470,28,Female,Chennai,Nokia,iOS,8.2,32.7,58.0,131,5.9,9699,1.9,2.5,1996,Education
U04471,52,Male,Bangalore,Oppo,Android,7.4,17.9,250.6,22,2.3,4657,6.3,2.7,1968,Gaming
U04472,46,Female,Pune,Vivo,Android,2.7,22.6,192.3,80,4.2,5758,6.0,0.8,1110,Social Media
U04473,56,Female,Lucknow,Apple,iOS,1.6,1.7,95.5,177,4.4,7838,6.3,3.5,1475,Gaming
U04474,58,Other,Hyderabad,Google Pixel,iOS,8.5,27.7,163.5,83,5.2,6008,7.5,3.9,797,Social Media
U04475,52,Male,Mumbai,Nokia,Android,9.2,39.3,14.2,196,5.4,399,7.1,4.9,1561,Gaming
U04476,32,Male,Kolkata,Oppo,Android,10.4,46.7,238.2,145,5.7,5379,3.7,4.1,1942,Entertainment
U04477,31,Other,Chennai,Samsung,Android,7.5,16.0,58.5,23,4.8,3046,2.9,3.2,1442,Education
U04478,24,Other,Mumbai,Oppo,iOS,2.7,33.8,86.9,152,1.6,161,5.5,5.0,1469,Work
U04479,33,Other,Ahmedabad,Apple,iOS,9.2,16.8,21.8,134,2.8,8073,7.7,4.4,790,Work
U04480,17,Male,Delhi,Google Pixel,iOS,4.5,8.8,134.1,185,3.3,1182,2.7,0.8,1087,Gaming
U04481,50,Male,Hyderabad,Xiaomi,Android,4.7,17.8,209.1,91,1.6,4308,5.8,2.3,868,Education
U04482,52,Male,Lucknow,Oppo,Android,9.0,49.0,264.8,29,4.3,5385,7.0,0.4,1075,Social Media
U04483,59,Male,Kolkata,Nokia,iOS,9.9,11.5,239.2,53,1.4,2831,7.6,3.3,1267,Entertainment
U04484,39,Other,Lucknow,Google Pixel,iOS,6.2,38.8,214.1,11,2.8,4671,2.1,1.8,717,Entertainment
U04485,51,Female,Jaipur,OnePlus,Android,6.8,49.5,27.0,37,1.1,3269,7.6,2.9,1128,Education
U04486,30,Other,Delhi,Vivo,iOS,2.0,36.3,146.5,197,4.9,189,2.2,3.5,1677,Work
U04487,54,Female,Pune,Google Pixel,Android,10.2,5.2,258.9,47,0.7,6047,5.1,4.1,1392,Entertainment
U04488,20,Female,Chennai,Motorola,iOS,1.0,7.8,269.3,25,5.4,7305,6.3,2.0,1251,Education
U04489,21,Other,Hyderabad,Samsung,Android,8.1,9.3,83.9,52,0.7,6118,3.1,1.3,1352,Gaming
U04490,48,Female,Lucknow,Oppo,iOS,5.6,35.9,62.3,123,4.5,3908,4.8,4.2,618,Social Media
U04491,38,Male,Ahmedabad,Vivo,Android,10.7,2.2,132.0,105,3.8,8952,3.9,2.6,425,Gaming
U04492,31,Other,Lucknow,OnePlus,Android,3.5,7.2,76.7,84,5.1,5342,6.1,0.7,417,Social Media
U04493,15,Male,Ahmedabad,Samsung,Android,8.1,42.5,26.6,20,5.0,1605,4.0,1.0,1326,Social Media
U04494,23,Female,Mumbai,Apple,iOS,5.3,40.3,130.9,155,0.9,9971,6.9,2.7,1992,Gaming
U04495,25,Other,Chennai,Google Pixel,Android,11.8,3.1,234.4,58,3.6,3287,3.8,2.1,556,Work
U04496,42,Female,Delhi,Samsung,iOS,11.1,5.4,32.4,35,2.2,8099,2.4,4.3,904,Work
U04497,18,Male,Mumbai,Oppo,Android,7.4,11.8,9.9,23,1.1,1157,4.6,1.5,293,Entertainment
U04498,59,Male,Mumbai,Realme,Android,2.1,39.4,261.6,114,4.3,6757,1.7,3.6,490,Social Media
U04499,57,Male,Kolkata,Apple,Android,1.2,37.4,11.0,105,4.9,178,6.1,4.5,455,Gaming
U04500,17,Other,Bangalore,Nokia,iOS,1.1,43.3,148.2,79,4.8,5578,6.1,1.6,1073,Entertainment
U04501,48,Male,Ahmedabad,Vivo,Android,6.6,47.5,148.1,19,4.0,5385,6.9,3.5,344,Education
U04502,56,Other,Bangalore,Samsung,iOS,7.4,43.6,132.9,68,4.2,6001,5.3,0.7,1752,Entertainment
U04503,60,Male,Jaipur,Google Pixel,Android,4.5,21.4,66.4,79,4.5,4103,7.0,2.1,904,Education
U04504,46,Male,Chennai,Motorola,iOS,4.0,1.6,194.0,78,2.2,1597,5.6,4.4,171,Social Media
U04505,25,Other,Kolkata,Vivo,Android,3.2,3.0,191.4,80,5.2,4301,6.1,0.7,503,Work
U04506,53,Female,Bangalore,Xiaomi,Android,4.0,49.8,5.5,111,0.9,9909,3.6,0.1,1608,Entertainment
U04507,34,Female,Jaipur,Nokia,Android,10.5,2.5,225.3,102,1.0,8594,7.7,0.4,1543,Entertainment
U04508,37,Male,Pune,Nokia,iOS,10.7,49.1,11.1,112,1.7,8406,2.0,0.8,1575,Social Media
U04509,52,Other,Hyderabad,Realme,iOS,8.1,44.5,57.5,31,3.2,651,2.5,1.0,1637,Work
U04510,40,Female,Lucknow,OnePlus,iOS,7.7,19.4,256.2,187,3.8,4485,1.6,4.2,429,Gaming
U04511,54,Male,Lucknow,Realme,Android,4.8,5.7,192.5,19,2.1,1708,3.8,3.6,333,Education
U04512,45,Female,Bangalore,Oppo,iOS,2.9,31.5,136.4,175,1.1,7447,3.0,1.2,739,Social Media
U04513,17,Female,Delhi,Vivo,Android,9.3,19.1,165.8,42,5.0,5121,6.9,4.2,1424,Education
U04514,57,Male,Hyderabad,OnePlus,iOS,4.8,13.4,77.8,189,5.4,4132,2.4,4.2,293,Education
U04515,28,Female,Delhi,Realme,Android,7.4,40.9,53.8,193,1.0,7965,1.8,0.6,654,Education
U04516,37,Male,Chennai,Motorola,Android,10.6,6.3,79.0,11,2.1,8389,7.7,1.8,557,Entertainment
U04517,53,Other,Pune,Oppo,Android,1.5,17.7,181.2,75,0.6,5403,2.3,4.4,1987,Entertainment
U04518,23,Other,Mumbai,OnePlus,Android,2.5,22.1,288.0,194,4.4,274,8.0,3.7,676,Social Media
U04519,53,Male,Mumbai,Nokia,Android,9.1,34.4,74.8,188,2.7,3655,1.8,4.2,950,Work
U04520,42,Other,Chennai,Motorola,Android,9.5,36.8,134.1,96,3.2,3627,6.6,4.5,747,Entertainment
U04521,26,Male,Hyderabad,Apple,Android,1.5,38.9,170.6,15,0.8,2836,5.2,3.2,934,Entertainment
U04522,50,Male,Bangalore,Samsung,Android,8.2,7.8,244.3,26,3.1,9178,0.6,1.0,1238,Work
U04523,47,Other,Chennai,Google Pixel,Android,7.0,42.3,13.1,135,0.6,6957,6.4,1.0,526,Social Media
U04524,20,Other,Bangalore,OnePlus,iOS,9.7,36.3,219.3,176,5.8,4519,2.9,1.4,1752,Gaming
U04525,25,Female,Hyderabad,Google Pixel,iOS,3.7,22.4,294.1,178,3.0,5583,6.5,4.2,408,Entertainment
U04526,46,Male,Jaipur,Realme,iOS,7.6,37.8,61.3,29,1.7,5517,0.5,2.7,1303,Education
U04527,48,Female,Mumbai,Xiaomi,Android,1.2,42.0,78.9,46,4.1,2289,2.1,3.5,1165,Entertainment
U04528,20,Male,Hyderabad,Realme,Android,9.7,6.5,45.4,179,0.7,3314,5.5,0.8,228,Work
U04529,36,Other,Lucknow,Xiaomi,iOS,11.4,39.4,82.1,88,2.2,2002,5.0,1.8,624,Education
U04530,35,Female,Bangalore,OnePlus,Android,5.8,8.2,234.3,143,3.2,6266,6.7,2.8,1141,Gaming
U04531,36,Male,Kolkata,Nokia,Android,4.8,41.6,29.7,28,2.7,1954,4.5,3.4,1530,Education
U04532,43,Male,Jaipur,Google Pixel,Android,9.3,26.2,260.4,50,1.1,278,4.4,2.1,1234,Education
U04533,25,Female,Ahmedabad,Vivo,iOS,4.7,5.5,88.6,139,2.2,1595,4.1,1.5,1034,Social Media
U04534,56,Female,Mumbai,Apple,iOS,5.4,1.3,259.1,181,5.9,7108,2.1,4.4,552,Gaming
U04535,32,Female,Delhi,Vivo,iOS,3.5,37.2,15.3,144,2.2,4561,5.6,2.6,1670,Gaming
U04536,47,Male,Hyderabad,Nokia,iOS,10.2,8.8,164.2,36,4.7,2226,5.9,4.1,1354,Gaming
U04537,35,Other,Bangalore,Oppo,Android,6.2,28.9,49.9,15,1.4,975,3.3,2.1,1626,Social Media
U04538,60,Male,Hyderabad,Motorola,iOS,4.0,28.7,136.5,188,3.1,4550,1.0,0.8,800,Entertainment
U04539,42,Other,Jaipur,Nokia,Android,3.0,6.1,187.2,195,3.2,3174,2.6,4.2,734,Social Media
U04540,18,Male,Bangalore,Oppo,Android,9.8,27.5,67.2,199,3.2,6753,1.7,3.7,905,Gaming
U04541,25,Female,Delhi,Realme,iOS,3.4,30.7,92.5,68,1.5,7659,2.2,4.7,1719,Education
U04542,46,Other,Kolkata,Nokia,iOS,5.7,25.7,267.4,133,0.9,2945,2.7,2.4,1222,Education
U04543,46,Other,Pune,Vivo,iOS,5.5,48.9,193.3,92,2.3,6980,6.2,3.5,1351,Education
U04544,56,Female,Kolkata,Xiaomi,iOS,8.4,47.6,134.1,55,2.3,3194,2.8,3.8,1019,Gaming
U04545,54,Male,Pune,Vivo,Android,1.7,6.6,216.1,157,5.5,3128,0.6,1.5,1664,Work
U04546,28,Male,Jaipur,Xiaomi,iOS,4.2,42.8,198.0,180,2.1,3518,1.6,4.9,1700,Work
U04547,48,Female,Pune,Oppo,iOS,2.6,42.7,235.5,138,1.2,9746,3.5,1.3,509,Gaming
U04548,19,Other,Pune,Xiaomi,Android,10.8,26.1,249.7,60,4.7,6077,6.7,4.8,1467,Entertainment
U04549,55,Other,Hyderabad,Apple,iOS,11.8,16.6,254.0,110,5.6,7685,1.7,3.3,1209,Social Media
U04550,40,Male,Lucknow,Samsung,Android,10.7,21.3,192.0,144,4.0,8960,7.2,4.7,393,Gaming
U04551,42,Other,Bangalore,Xiaomi,iOS,11.2,38.0,135.0,135,6.0,7358,5.8,1.2,1649,Entertainment
U04552,47,Male,Jaipur,Nokia,Android,7.4,17.5,156.9,36,5.6,1829,5.2,2.0,594,Work
U04553,40,Other,Mumbai,Oppo,Android,2.9,26.5,161.8,45,4.1,422,4.4,4.2,351,Education
U04554,60,Other,Bangalore,Google Pixel,Android,7.8,34.8,298.1,129,2.9,3525,7.0,3.8,1073,Education
U04555,50,Female,Chennai,Apple,Android,1.6,14.7,150.4,86,3.6,3458,6.1,1.6,1768,Gaming
U04556,24,Male,Mumbai,Samsung,iOS,4.9,48.3,63.3,15,5.3,916,6.0,1.1,1690,Social Media
U04557,46,Other,Ahmedabad,Samsung,Android,10.1,43.1,43.2,148,1.1,9983,6.1,3.0,950,Work
U04558,59,Male,Lucknow,Apple,iOS,1.5,17.5,31.9,113,0.6,5588,7.5,3.1,1533,Social Media
U04559,21,Female,Chennai,OnePlus,Android,6.7,5.5,65.4,61,2.7,1934,1.8,1.1,1541,Gaming
U04560,45,Male,Chennai,OnePlus,iOS,11.8,40.3,267.6,87,6.0,5682,2.6,0.9,281,Education
U04561,39,Male,Chennai,Apple,iOS,3.1,31.7,258.8,189,4.8,3348,7.4,3.3,1848,Entertainment
U04562,52,Other,Ahmedabad,Google Pixel,Android,10.1,5.3,189.1,30,4.0,3189,0.8,3.9,619,Social Media
U04563,19,Male,Hyderabad,Apple,iOS,5.6,12.0,30.1,179,1.3,668,7.7,1.9,1891,Social Media
U04564,49,Female,Delhi,Realme,iOS,2.0,28.6,146.3,143,5.4,7358,7.5,2.0,1681,Education
U04565,30,Female,Chennai,Vivo,iOS,7.6,20.8,171.3,125,4.5,7594,6.3,0.9,1906,Education
U04566,24,Male,Lucknow,Oppo,Android,9.4,28.4,94.1,154,1.2,2063,7.1,3.6,889,Education
U04567,42,Male,Kolkata,Vivo,Android,8.5,46.8,294.3,165,3.9,7897,4.3,0.3,1137,Work
U04568,37,Other,Lucknow,Oppo,iOS,6.7,18.3,116.5,25,4.8,6871,7.5,0.8,666,Gaming
U04569,20,Other,Hyderabad,Apple,iOS,1.4,14.9,189.5,132,1.7,752,1.6,5.0,1197,Gaming
U04570,16,Other,Lucknow,Samsung,iOS,4.6,32.5,75.6,97,0.9,828,4.8,1.5,1713,Education
U04571,45,Male,Jaipur,Motorola,iOS,8.4,42.1,62.7,69,1.8,5254,3.3,0.5,1805,Social Media
U04572,34,Male,Bangalore,Apple,Android,9.5,43.7,66.5,116,3.8,139,1.8,0.6,1135,Work
U04573,52,Other,Jaipur,Vivo,iOS,5.6,24.5,272.8,84,3.7,7215,0.8,3.2,424,Education
U04574,49,Other,Chennai,OnePlus,iOS,1.9,14.3,131.8,44,1.7,7809,4.3,4.9,1370,Work
U04575,32,Female,Ahmedabad,Xiaomi,iOS,11.0,37.8,203.4,159,4.3,9819,1.1,3.3,1215,Entertainment
U04576,40,Male,Jaipur,Google Pixel,iOS,1.4,42.0,237.5,130,2.4,7951,2.7,3.5,253,Gaming
U04577,56,Female,Kolkata,OnePlus,Android,8.9,41.0,233.0,72,2.0,8574,2.3,2.0,902,Social Media
U04578,45,Female,Chennai,Nokia,Android,6.7,13.7,276.9,24,3.8,7230,7.3,1.1,221,Education
U04579,41,Male,Bangalore,Motorola,Android,6.9,37.2,207.3,36,3.9,8504,2.7,3.8,1940,Work
U04580,57,Other,Delhi,Xiaomi,iOS,4.7,31.3,205.3,101,2.3,4472,0.9,3.2,1956,Social Media
U04581,44,Female,Hyderabad,Samsung,iOS,9.2,47.9,23.9,64,4.3,9711,5.5,1.8,1468,Social Media
U04582,31,Male,Hyderabad,Vivo,iOS,4.2,28.4,186.1,189,0.6,485,4.9,4.0,1466,Education
U04583,23,Female,Lucknow,Apple,Android,4.9,27.3,53.2,21,2.6,8667,3.8,0.8,1688,Social Media
U04584,48,Female,Mumbai,Oppo,Android,10.3,11.9,15.0,88,0.6,9352,7.7,0.0,357,Gaming
U04585,41,Other,Delhi,Motorola,Android,4.1,46.8,157.6,123,0.5,4293,4.6,4.3,1274,Work
U04586,52,Other,Lucknow,OnePlus,iOS,10.3,43.4,198.2,41,5.4,2609,0.5,0.1,749,Gaming
U04587,58,Male,Ahmedabad,Apple,iOS,2.2,9.7,28.1,22,1.1,4891,0.9,4.1,762,Social Media
U04588,28,Other,Mumbai,Apple,Android,6.6,25.9,66.1,31,3.8,3193,2.1,4.3,585,Work
U04589,58,Male,Lucknow,Motorola,Android,3.9,24.9,94.3,139,2.3,5298,1.0,3.5,1237,Gaming
U04590,52,Female,Bangalore,Xiaomi,Android,1.9,12.8,186.3,197,0.7,2496,2.7,3.2,1245,Gaming
U04591,26,Other,Kolkata,Vivo,iOS,9.9,35.3,180.5,70,5.2,4485,0.6,1.8,765,Gaming
U04592,23,Female,Hyderabad,OnePlus,Android,11.7,24.1,171.4,142,0.8,1877,6.1,1.0,1122,Work
U04593,44,Other,Kolkata,Nokia,iOS,4.2,4.8,248.6,174,5.7,8296,4.3,1.2,1190,Social Media
U04594,19,Other,Jaipur,Motorola,Android,8.0,28.9,190.0,39,5.5,1456,4.7,0.5,1746,Gaming
U04595,55,Male,Ahmedabad,Realme,iOS,8.9,3.8,75.4,66,2.4,7135,0.8,2.2,566,Social Media
U04596,26,Other,Jaipur,Realme,iOS,5.8,1.8,169.3,52,0.9,8510,7.9,1.5,957,Gaming
U04597,19,Female,Kolkata,Google Pixel,Android,2.9,37.0,296.1,197,1.8,9947,7.2,0.7,1315,Work
U04598,28,Male,Kolkata,Realme,Android,1.3,11.0,259.2,182,5.0,1094,1.1,0.6,1406,Work
U04599,50,Other,Ahmedabad,Motorola,Android,2.3,13.2,236.2,88,5.7,8245,6.6,2.3,299,Education
U04600,41,Female,Pune,Samsung,iOS,10.3,48.3,281.6,15,4.9,9642,4.5,0.3,756,Education
U04601,24,Female,Ahmedabad,Xiaomi,iOS,8.1,48.0,72.0,182,2.9,8038,1.6,4.3,1147,Education
U04602,39,Male,Delhi,Oppo,iOS,3.7,29.8,235.2,132,1.1,3594,4.6,5.0,1545,Work
U04603,28,Other,Mumbai,Xiaomi,Android,1.8,30.6,236.1,21,4.1,4806,1.8,0.5,1486,Gaming
U04604,56,Male,Delhi,Oppo,Android,2.1,44.2,233.7,48,5.9,2466,6.3,2.6,956,Gaming
U04605,40,Female,Ahmedabad,Xiaomi,iOS,9.1,29.2,147.6,51,0.7,4225,2.7,4.4,260,Work
U04606,17,Other,Lucknow,OnePlus,Android,10.0,40.3,255.1,64,3.1,1521,7.2,0.8,733,Education
U04607,33,Female,Jaipur,OnePlus,iOS,5.7,18.8,127.4,123,0.5,4452,6.2,2.5,1470,Gaming
U04608,33,Female,Kolkata,Apple,Android,2.9,12.4,125.1,53,2.7,7940,1.3,3.0,1378,Gaming
U04609,27,Other,Bangalore,Xiaomi,iOS,6.8,21.2,155.0,36,3.0,553,3.4,1.0,1242,Education
U04610,26,Other,Pune,Vivo,Android,6.1,45.8,91.3,78,4.6,5832,3.0,4.9,794,Gaming
U04611,15,Male,Chennai,Oppo,Android,4.5,33.3,141.2,72,1.8,4098,6.7,1.0,1014,Entertainment
U04612,47,Female,Lucknow,Samsung,iOS,9.9,37.4,237.6,94,3.4,4260,1.2,2.8,867,Education
U04613,32,Female,Delhi,Samsung,Android,1.9,10.1,254.1,179,3.7,7293,6.7,3.2,1724,Entertainment
U04614,22,Male,Hyderabad,Nokia,iOS,1.1,16.6,196.4,107,2.0,9750,4.3,3.9,1305,Work
U04615,56,Female,Jaipur,Motorola,iOS,10.6,45.8,78.3,89,3.4,4536,4.3,0.1,665,Work
U04616,33,Other,Pune,Apple,iOS,10.2,49.2,60.5,114,3.7,7320,3.2,1.5,1972,Work
U04617,39,Male,Lucknow,Apple,Android,6.6,6.9,38.1,61,4.9,3481,6.2,0.5,1428,Education
U04618,32,Other,Chennai,Google Pixel,iOS,5.2,5.4,243.5,90,5.3,9715,6.7,3.9,921,Social Media
U04619,60,Male,Mumbai,Samsung,iOS,11.1,28.8,151.4,86,0.7,1900,1.9,3.2,536,Entertainment
U04620,18,Male,Pune,Samsung,Android,1.6,39.5,206.8,21,0.6,7721,2.9,4.7,1259,Education
U04621,22,Male,Hyderabad,OnePlus,Android,6.2,21.1,156.7,28,4.5,9092,4.0,3.5,961,Social Media
U04622,33,Male,Jaipur,Nokia,iOS,4.4,11.5,209.1,96,3.3,6884,7.1,4.9,1088,Education
U04623,60,Other,Ahmedabad,Xiaomi,Android,6.2,35.8,205.1,126,2.1,7040,1.9,4.0,1019,Work
U04624,50,Female,Jaipur,Google Pixel,iOS,6.6,8.0,202.1,160,3.8,7450,0.8,0.7,136,Entertainment
U04625,53,Female,Bangalore,Google Pixel,iOS,4.0,19.6,204.6,167,5.1,4852,5.7,1.2,1901,Work
U04626,52,Male,Pune,Xiaomi,Android,2.0,47.4,114.8,119,3.2,3259,7.6,4.4,1536,Gaming
U04627,59,Other,Mumbai,Vivo,Android,4.5,16.2,17.0,104,2.2,703,5.7,0.9,1812,Work
U04628,25,Female,Hyderabad,Oppo,iOS,7.0,26.1,269.5,85,1.9,2520,3.0,4.9,1488,Entertainment
U04629,22,Male,Mumbai,Vivo,iOS,3.9,7.1,268.1,108,1.8,8758,6.2,0.1,1420,Gaming
U04630,50,Other,Kolkata,OnePlus,Android,7.2,2.6,43.2,54,0.6,4835,7.6,3.4,894,Entertainment
U04631,46,Male,Mumbai,OnePlus,iOS,10.6,17.6,210.3,82,3.6,6732,4.5,1.4,1897,Entertainment
U04632,27,Other,Bangalore,Realme,iOS,6.5,33.2,210.5,161,2.3,5088,6.3,4.3,309,Entertainment
U04633,28,Male,Hyderabad,OnePlus,iOS,1.6,14.5,230.3,23,4.0,3813,1.7,4.8,643,Work
U04634,42,Other,Ahmedabad,OnePlus,iOS,10.0,11.2,63.3,106,4.0,867,3.9,2.1,1306,Education
U04635,18,Female,Chennai,Nokia,Android,4.7,31.4,91.2,142,5.6,939,6.4,0.2,105,Education
U04636,27,Other,Hyderabad,Nokia,iOS,5.7,35.7,237.2,132,0.5,4207,2.2,4.8,1599,Social Media
U04637,19,Male,Hyderabad,Motorola,Android,10.5,17.1,155.4,50,4.1,5519,2.9,4.8,1106,Social Media
U04638,29,Male,Lucknow,Google Pixel,Android,6.2,25.9,197.2,118,3.9,5452,4.9,3.2,1454,Social Media
U04639,25,Female,Chennai,Google Pixel,iOS,9.4,43.8,14.5,51,4.1,5019,0.5,3.7,505,Education
U04640,39,Male,Lucknow,Oppo,iOS,1.2,38.9,270.3,47,1.1,5149,5.4,0.2,973,Social Media
U04641,31,Male,Bangalore,Oppo,iOS,3.7,38.7,218.1,171,1.6,8659,6.6,3.5,1152,Gaming
U04642,33,Female,Ahmedabad,Vivo,iOS,4.4,14.2,271.9,116,5.9,2629,7.8,2.9,572,Gaming
U04643,51,Other,Mumbai,Vivo,Android,6.6,37.3,123.1,123,4.7,5391,4.9,0.7,136,Entertainment
U04644,51,Other,Ahmedabad,Realme,iOS,3.8,23.8,133.6,72,0.9,676,5.1,3.1,1531,Gaming
U04645,40,Male,Lucknow,Motorola,iOS,5.8,19.5,184.0,200,0.9,1185,1.6,2.6,156,Social Media
U04646,58,Female,Lucknow,Motorola,iOS,12.0,47.3,116.2,75,2.9,9171,6.0,3.5,1054,Education
U04647,59,Female,Ahmedabad,Oppo,Android,9.0,31.2,86.7,83,5.6,5959,2.0,0.8,766,Work
U04648,43,Other,Ahmedabad,Vivo,Android,6.4,16.3,260.5,114,1.6,4295,2.7,3.4,427,Education
U04649,24,Female,Jaipur,Motorola,Android,11.2,11.4,194.9,162,3.7,2449,2.2,1.6,479,Entertainment
U04650,43,Other,Ahmedabad,Xiaomi,Android,8.3,21.4,249.9,48,3.4,6441,2.4,3.9,1267,Work
U04651,25,Other,Ahmedabad,Nokia,Android,8.3,16.9,273.5,168,4.6,8863,7.7,2.4,357,Gaming
U04652,22,Other,Hyderabad,Apple,Android,9.3,23.8,14.7,103,5.0,9391,1.3,0.5,1139,Social Media
U04653,35,Other,Chennai,Samsung,iOS,11.6,28.4,218.6,27,4.6,3445,2.3,1.0,1858,Gaming
U04654,56,Male,Hyderabad,Google Pixel,iOS,8.6,50.0,224.1,72,0.6,6437,6.6,1.4,304,Entertainment
U04655,33,Other,Chennai,Motorola,iOS,1.5,27.2,114.3,53,4.0,4625,7.1,4.8,1076,Gaming
U04656,41,Male,Bangalore,Oppo,iOS,4.3,40.1,231.8,197,2.6,3028,2.8,1.9,592,Entertainment
U04657,57,Male,Pune,Oppo,iOS,3.8,18.3,129.9,55,5.3,7334,3.0,0.9,1793,Work
U04658,21,Male,Hyderabad,Samsung,Android,6.3,40.9,72.0,115,0.7,4839,3.3,1.2,528,Social Media
U04659,37,Female,Ahmedabad,Google Pixel,iOS,5.5,47.7,290.7,70,2.8,7002,4.5,2.8,1364,Social Media
U04660,23,Female,Ahmedabad,OnePlus,Android,5.5,4.6,108.1,128,5.1,8590,5.9,1.9,319,Entertainment
U04661,45,Female,Mumbai,OnePlus,iOS,3.5,27.9,292.1,82,1.3,4227,0.8,0.5,1631,Work
U04662,27,Other,Ahmedabad,Oppo,Android,6.0,32.3,252.2,193,4.2,8424,3.1,3.2,822,Education
U04663,36,Other,Chennai,OnePlus,iOS,7.3,45.1,171.8,178,3.4,7863,3.1,2.4,1505,Work
U04664,46,Other,Jaipur,Apple,Android,8.9,44.6,31.9,139,2.1,3998,5.6,2.7,1030,Gaming
U04665,42,Male,Lucknow,Motorola,iOS,6.6,4.8,128.6,70,4.7,9186,5.9,2.7,1749,Gaming
U04666,36,Female,Lucknow,OnePlus,iOS,4.3,15.0,67.1,161,4.5,5303,5.2,0.5,1337,Social Media
U04667,60,Female,Mumbai,Apple,Android,4.0,21.8,18.7,173,2.9,1039,5.3,2.2,1909,Entertainment
U04668,49,Other,Ahmedabad,Nokia,iOS,1.0,14.9,234.9,16,5.5,4260,4.3,1.0,440,Social Media
U04669,16,Female,Ahmedabad,Oppo,iOS,8.1,42.3,50.7,65,5.8,8622,3.0,0.6,1463,Entertainment
U04670,29,Other,Ahmedabad,Motorola,iOS,2.2,34.3,228.8,95,2.1,8969,7.9,3.4,384,Social Media
U04671,28,Other,Pune,Oppo,iOS,11.9,47.8,226.9,133,2.1,3486,1.2,4.5,315,Entertainment
U04672,25,Male,Chennai,Oppo,iOS,6.8,3.8,87.8,82,4.0,672,3.4,2.2,1301,Social Media
U04673,55,Female,Jaipur,Samsung,iOS,9.9,11.6,203.1,200,5.9,6985,5.6,0.9,697,Education
U04674,41,Female,Kolkata,OnePlus,Android,9.6,42.1,107.9,88,2.5,2113,4.5,4.4,1563,Entertainment
U04675,31,Other,Hyderabad,Vivo,iOS,6.2,29.4,93.3,190,4.1,7131,3.5,1.7,900,Entertainment
U04676,50,Other,Kolkata,Nokia,iOS,7.1,4.6,151.1,41,4.6,3336,7.8,4.8,1661,Education
U04677,42,Female,Delhi,Realme,Android,6.5,5.0,187.8,184,5.9,3184,4.5,3.4,428,Entertainment
U04678,55,Female,Lucknow,Nokia,Android,11.8,41.1,63.8,128,0.7,1152,6.1,0.5,1034,Education
U04679,45,Other,Delhi,Samsung,Android,8.2,5.3,292.8,74,2.4,5688,3.6,3.0,672,Education
U04680,58,Male,Hyderabad,OnePlus,iOS,8.3,44.2,250.8,99,1.7,2496,3.4,2.0,1595,Education
U04681,58,Male,Pune,Apple,iOS,8.3,16.0,284.7,76,5.6,6613,6.2,3.3,973,Education
U04682,24,Male,Bangalore,Realme,iOS,3.5,14.6,90.8,111,3.0,9367,4.8,0.9,1481,Work
U04683,20,Female,Chennai,Samsung,Android,7.1,44.9,170.5,54,5.4,1573,4.2,1.4,1494,Entertainment
U04684,40,Other,Chennai,Apple,Android,4.9,7.9,118.8,178,2.2,8373,7.2,4.5,457,Work
U04685,23,Other,Bangalore,Xiaomi,Android,11.9,29.3,227.9,186,3.7,9531,4.7,2.3,933,Gaming
U04686,25,Male,Hyderabad,Realme,Android,10.7,19.7,100.9,41,2.1,848,1.5,2.8,386,Education
U04687,15,Female,Hyderabad,Xiaomi,iOS,10.9,47.9,15.9,51,2.9,5683,2.9,1.2,919,Gaming
U04688,18,Female,Jaipur,OnePlus,iOS,10.8,23.2,244.5,17,4.9,7930,0.9,1.3,1255,Education
U04689,49,Other,Bangalore,Xiaomi,Android,5.8,41.9,163.0,191,0.7,8674,6.1,2.5,856,Education
U04690,30,Female,Kolkata,Vivo,Android,3.9,17.4,37.4,114,2.6,3864,3.5,2.6,567,Education
U04691,32,Other,Ahmedabad,Samsung,Android,6.9,7.0,12.0,165,3.4,7976,3.9,0.8,823,Work
U04692,36,Other,Pune,Xiaomi,Android,5.2,14.6,47.1,85,2.4,8538,6.1,5.0,1608,Gaming
U04693,48,Other,Lucknow,Nokia,Android,4.2,34.1,259.0,26,2.4,4854,5.8,3.0,990,Education
U04694,43,Male,Chennai,OnePlus,Android,7.5,35.0,103.3,19,5.9,178,5.6,1.1,1227,Work
U04695,33,Other,Mumbai,Nokia,Android,11.9,19.1,153.1,187,3.8,5120,2.8,4.3,996,Entertainment
U04696,15,Male,Pune,Realme,Android,4.8,7.5,208.9,20,2.5,5627,5.6,1.6,183,Gaming
U04697,32,Other,Pune,Nokia,Android,2.1,34.8,55.6,38,4.4,5991,3.5,3.4,470,Education
U04698,15,Female,Lucknow,Realme,iOS,9.9,42.2,145.7,57,4.9,5221,1.2,2.2,260,Gaming
U04699,23,Female,Mumbai,Nokia,iOS,2.3,28.8,11.7,68,2.0,9082,6.5,0.4,1169,Education
U04700,29,Male,Kolkata,Nokia,Android,2.5,46.4,206.5,106,2.1,7794,7.0,4.9,1254,Entertainment
U04701,35,Other,Bangalore,Realme,iOS,6.2,41.9,217.9,65,0.7,1377,4.3,2.3,1376,Education
U04702,16,Female,Lucknow,Motorola,iOS,9.6,47.7,58.4,36,2.2,5626,2.3,3.3,1652,Social Media
U04703,41,Male,Kolkata,OnePlus,Android,9.8,35.7,66.6,36,3.6,7571,5.3,4.7,242,Gaming
U04704,59,Other,Delhi,Motorola,iOS,8.3,2.3,139.3,142,2.1,3615,6.9,1.2,921,Gaming
U04705,33,Male,Bangalore,OnePlus,iOS,5.6,25.2,14.3,167,5.2,2088,5.9,0.9,730,Entertainment
U04706,53,Male,Delhi,Vivo,iOS,4.9,35.3,22.6,95,0.9,7030,7.4,1.0,112,Entertainment
U04707,36,Other,Bangalore,Oppo,iOS,2.3,2.9,111.1,40,0.7,540,7.5,0.1,1046,Entertainment
U04708,30,Other,Chennai,Oppo,Android,4.9,12.0,217.6,38,0.8,4819,5.7,0.8,1362,Social Media
U04709,59,Female,Mumbai,Nokia,iOS,4.3,17.7,260.4,172,1.7,6524,8.0,2.8,929,Social Media
U04710,20,Other,Jaipur,OnePlus,iOS,10.2,46.0,273.1,126,4.5,531,0.9,3.9,1936,Entertainment
U04711,46,Other,Ahmedabad,Realme,Android,7.4,39.7,161.7,24,5.8,4762,7.0,4.4,864,Entertainment
U04712,29,Female,Jaipur,OnePlus,iOS,9.8,17.6,205.3,122,3.3,4352,5.5,1.4,242,Entertainment
U04713,23,Female,Pune,Vivo,Android,4.6,44.3,128.1,125,0.5,6443,7.5,1.7,405,Education
U04714,36,Other,Ahmedabad,Apple,iOS,6.1,47.6,118.3,71,1.5,3395,5.6,0.7,1795,Work
U04715,20,Female,Delhi,Realme,iOS,6.7,15.1,188.7,128,1.1,9023,5.9,2.1,709,Social Media
U04716,46,Male,Ahmedabad,Nokia,Android,2.3,2.6,109.4,184,0.8,3458,6.9,2.8,1927,Social Media
U04717,43,Other,Mumbai,Motorola,Android,8.9,49.4,131.9,37,1.7,7848,5.5,0.2,403,Social Media
U04718,50,Male,Bangalore,Samsung,Android,8.3,16.0,169.9,111,4.9,4380,1.7,2.7,1629,Work
U04719,59,Other,Jaipur,Xiaomi,Android,7.5,9.6,44.8,26,2.5,5122,0.7,3.1,1734,Education
U04720,38,Other,Jaipur,Google Pixel,iOS,4.5,1.7,279.4,167,0.7,5248,4.5,4.3,1091,Entertainment
U04721,27,Male,Lucknow,Vivo,iOS,8.2,24.9,246.7,67,5.7,2663,6.4,0.8,1518,Work
U04722,56,Female,Jaipur,Realme,Android,10.3,45.6,139.0,55,4.5,552,4.2,3.6,1240,Education
U04723,33,Other,Ahmedabad,Google Pixel,Android,4.4,33.6,211.7,19,3.8,6358,1.9,3.2,1268,Education
U04724,48,Other,Pune,Xiaomi,Android,10.3,21.6,29.2,35,5.1,8864,5.1,1.9,1886,Work
U04725,49,Male,Chennai,Samsung,Android,9.8,34.8,295.6,57,2.3,8569,1.3,3.2,457,Work
U04726,48,Female,Lucknow,OnePlus,iOS,10.2,7.3,119.4,84,5.5,5255,2.1,4.0,1164,Work
U04727,40,Male,Chennai,Vivo,Android,6.3,47.5,69.9,178,3.5,6928,5.5,2.2,1952,Entertainment
U04728,31,Female,Lucknow,Apple,Android,7.7,33.9,102.5,15,3.5,7288,6.9,0.1,613,Social Media
U04729,33,Male,Ahmedabad,Oppo,Android,10.5,34.6,184.9,191,3.6,9620,3.8,0.2,423,Social Media
U04730,30,Male,Bangalore,Google Pixel,iOS,3.7,21.8,277.4,66,3.9,3292,7.6,2.8,217,Work
U04731,23,Female,Bangalore,Vivo,Android,5.0,11.7,80.3,28,4.1,3855,5.2,2.8,1009,Entertainment
U04732,57,Male,Ahmedabad,Apple,iOS,7.0,3.5,197.6,77,1.5,3705,2.7,4.9,1858,Gaming
U04733,29,Female,Hyderabad,Oppo,Android,6.4,42.5,71.9,178,3.5,6833,5.3,0.7,815,Education
U04734,34,Female,Ahmedabad,Oppo,Android,1.7,44.1,144.4,90,2.4,1240,7.0,3.7,1287,Work
U04735,51,Male,Delhi,Oppo,Android,3.8,46.8,278.7,25,3.9,1026,2.6,4.3,355,Social Media
U04736,50,Other,Pune,OnePlus,iOS,6.3,15.8,87.2,188,4.5,6562,5.8,4.9,1611,Education
U04737,33,Male,Pune,Samsung,Android,10.5,3.5,7.6,76,4.9,2222,6.6,2.7,673,Education
U04738,39,Other,Lucknow,Samsung,Android,9.4,47.5,232.0,179,5.4,1687,1.2,4.8,1654,Work
U04739,54,Female,Jaipur,Xiaomi,Android,4.6,19.9,174.7,181,3.1,8633,5.7,2.7,1386,Gaming
U04740,58,Female,Delhi,Apple,Android,8.6,35.9,190.8,17,2.9,1352,1.0,3.5,1390,Gaming
U04741,22,Other,Lucknow,Xiaomi,iOS,8.4,14.9,99.9,188,2.8,8430,4.7,3.9,1183,Entertainment
U04742,46,Other,Delhi,Vivo,iOS,5.0,17.3,71.7,156,5.0,9828,3.5,0.7,340,Gaming
U04743,60,Female,Mumbai,Xiaomi,Android,7.5,37.1,218.0,179,3.2,7232,2.1,0.6,1808,Social Media
U04744,35,Male,Kolkata,Oppo,iOS,11.5,19.1,168.5,176,5.8,5187,1.9,3.7,155,Work
U04745,22,Other,Pune,Google Pixel,Android,4.7,24.7,121.4,171,4.2,572,7.3,3.0,1487,Gaming
U04746,53,Male,Hyderabad,Oppo,iOS,8.5,39.1,263.1,100,1.1,295,4.6,3.1,739,Education
U04747,47,Other,Mumbai,OnePlus,Android,10.4,14.6,224.9,158,2.9,8812,2.6,1.7,279,Education
U04748,35,Male,Lucknow,Nokia,Android,7.1,4.0,161.8,140,4.3,7444,3.8,1.3,1330,Gaming
U04749,33,Female,Kolkata,Motorola,iOS,6.8,21.7,293.8,110,4.3,7122,4.0,4.5,160,Gaming
U04750,15,Male,Chennai,Oppo,iOS,7.4,36.3,25.2,22,1.8,3909,4.3,1.2,1379,Gaming
U04751,49,Other,Jaipur,Apple,Android,7.9,46.6,224.2,160,3.7,3822,1.3,0.1,1756,Entertainment
U04752,49,Female,Jaipur,Xiaomi,iOS,1.0,26.3,125.6,99,1.4,4977,1.9,3.0,338,Education
U04753,38,Other,Pune,OnePlus,Android,8.5,28.9,80.7,114,4.7,8044,3.4,1.2,1357,Education
U04754,16,Male,Kolkata,Xiaomi,iOS,6.5,34.6,234.9,163,3.6,4545,5.5,2.1,1373,Social Media
U04755,32,Other,Ahmedabad,Motorola,Android,10.8,43.5,112.2,17,3.6,984,2.5,0.1,1546,Entertainment
U04756,34,Female,Bangalore,OnePlus,iOS,4.1,42.7,256.0,39,5.0,8258,2.8,1.3,817,Entertainment
U04757,46,Female,Ahmedabad,OnePlus,iOS,8.6,36.6,218.3,137,5.4,3258,0.8,4.1,482,Social Media
U04758,18,Male,Jaipur,Apple,Android,10.4,31.5,13.0,165,2.1,2110,3.2,3.5,272,Social Media
U04759,18,Other,Chennai,Xiaomi,Android,4.6,18.1,87.7,87,3.4,7687,5.8,2.8,1487,Work
U04760,28,Other,Chennai,Oppo,Android,2.4,23.4,231.9,95,5.1,6786,3.5,3.4,1962,Social Media
U04761,48,Other,Pune,Nokia,Android,6.8,32.3,166.5,56,4.2,7577,3.9,0.2,1231,Gaming
U04762,25,Female,Kolkata,OnePlus,iOS,2.7,22.5,166.0,191,5.4,7481,5.7,4.2,613,Education
U04763,20,Male,Bangalore,Apple,Android,9.3,8.2,180.8,199,5.7,8358,1.8,4.3,1267,Work
U04764,58,Female,Chennai,Xiaomi,Android,5.0,34.8,27.3,132,1.2,1048,6.6,1.2,1415,Social Media
U04765,40,Male,Delhi,Apple,iOS,5.6,24.7,43.7,170,1.6,6856,1.5,5.0,1068,Entertainment
U04766,46,Other,Delhi,Realme,Android,9.9,13.5,95.1,172,2.6,4651,7.7,4.6,767,Social Media
U04767,34,Female,Hyderabad,Apple,iOS,1.5,20.9,68.9,159,2.7,4951,2.5,1.4,239,Education
U04768,18,Male,Ahmedabad,OnePlus,iOS,6.9,10.3,72.1,100,1.2,5342,5.0,2.5,1703,Work
U04769,20,Other,Pune,OnePlus,Android,7.6,20.0,47.7,68,4.2,9416,5.8,3.4,1549,Entertainment
U04770,52,Female,Ahmedabad,Vivo,iOS,7.2,32.4,243.4,195,1.1,580,3.2,3.9,726,Work
U04771,18,Female,Delhi,OnePlus,Android,4.7,13.0,149.5,195,4.2,5400,2.8,0.6,841,Work
U04772,36,Female,Ahmedabad,Google Pixel,Android,1.1,41.9,54.9,42,2.1,7068,3.0,4.8,730,Entertainment
U04773,58,Male,Ahmedabad,Vivo,Android,10.5,31.7,68.8,138,2.1,6033,6.8,3.2,656,Entertainment
U04774,26,Female,Hyderabad,Samsung,iOS,5.1,18.6,222.0,198,1.6,4840,7.1,1.4,1081,Education
U04775,24,Male,Jaipur,Motorola,Android,8.2,36.6,167.7,175,4.3,3088,4.8,2.4,1270,Entertainment
U04776,38,Other,Kolkata,Vivo,iOS,8.6,36.2,113.7,19,1.3,7011,5.3,2.5,1622,Social Media
U04777,15,Female,Mumbai,OnePlus,Android,7.8,10.1,108.1,104,1.6,7146,1.6,0.4,672,Education
U04778,15,Other,Ahmedabad,OnePlus,iOS,4.8,36.1,137.1,122,1.9,8086,3.7,4.8,459,Entertainment
U04779,20,Other,Lucknow,Samsung,Android,11.2,11.6,213.3,137,2.7,2534,1.7,3.5,1156,Social Media
U04780,37,Female,Bangalore,Google Pixel,Android,8.4,24.6,290.3,138,0.5,453,2.9,4.9,1940,Entertainment
U04781,40,Female,Kolkata,Oppo,iOS,2.8,37.5,10.1,31,2.6,5785,5.6,3.4,1763,Work
U04782,52,Female,Ahmedabad,Apple,Android,2.9,32.6,250.3,198,4.4,850,7.0,2.2,658,Gaming
U04783,24,Male,Kolkata,Oppo,Android,6.1,24.4,205.6,83,5.6,9422,3.8,1.9,714,Work
U04784,34,Other,Jaipur,Vivo,iOS,4.4,24.1,18.6,40,4.1,590,2.6,1.0,1354,Work
U04785,26,Other,Pune,Vivo,iOS,8.2,44.8,58.2,13,1.8,7979,2.8,2.3,948,Gaming
U04786,27,Other,Hyderabad,Vivo,iOS,3.4,35.9,98.0,53,1.0,9459,1.6,4.6,411,Gaming
U04787,39,Female,Bangalore,Google Pixel,iOS,3.1,28.7,66.7,89,5.3,6030,4.0,1.4,1676,Work
U04788,15,Other,Bangalore,Google Pixel,Android,1.9,30.7,119.4,16,4.6,4776,6.7,4.8,1711,Work
U04789,53,Female,Hyderabad,Samsung,Android,3.0,8.8,154.2,170,2.1,395,7.5,4.8,763,Work
U04790,46,Other,Bangalore,Realme,Android,7.3,41.6,282.3,200,5.8,8260,4.6,0.3,1754,Education
U04791,49,Female,Ahmedabad,Xiaomi,Android,6.4,22.3,173.6,46,4.6,8461,0.9,1.5,822,Social Media
U04792,24,Other,Lucknow,Xiaomi,iOS,6.1,14.9,230.5,61,5.6,5498,1.2,1.4,1536,Education
U04793,36,Male,Pune,Vivo,Android,3.4,34.4,298.8,117,2.7,8485,1.2,0.4,321,Education
U04794,30,Male,Jaipur,Xiaomi,iOS,9.8,44.4,124.7,161,3.8,8225,4.4,2.7,757,Education
U04795,37,Other,Chennai,Oppo,Android,11.3,12.1,235.5,64,3.2,9794,6.1,2.8,1621,Social Media
U04796,41,Female,Jaipur,Motorola,Android,4.2,25.7,269.9,176,4.4,7024,4.9,1.9,850,Gaming
U04797,19,Other,Ahmedabad,Samsung,iOS,4.8,41.5,59.9,91,4.2,8459,1.3,0.7,398,Work
U04798,47,Other,Hyderabad,Nokia,iOS,4.4,6.9,121.3,94,5.9,9795,7.6,0.4,883,Work
U04799,26,Male,Bangalore,Nokia,Android,4.1,39.6,178.8,106,4.0,8366,7.8,2.7,261,Gaming
U04800,45,Other,Kolkata,Samsung,iOS,1.5,34.3,72.5,161,1.6,2025,6.6,0.1,340,Social Media
U04801,31,Male,Mumbai,Nokia,iOS,2.0,36.1,90.7,149,1.1,8758,3.9,1.1,1826,Work
U04802,35,Female,Bangalore,Nokia,iOS,3.0,32.2,286.8,189,1.2,6509,3.3,1.5,1225,Work
U04803,19,Male,Bangalore,Google Pixel,iOS,9.1,2.0,121.3,186,2.8,7620,4.7,3.7,1910,Gaming
U04804,36,Female,Mumbai,Google Pixel,iOS,11.3,26.3,188.3,156,4.7,5401,4.7,2.5,207,Work
U04805,49,Male,Kolkata,Motorola,Android,8.9,23.8,284.9,193,2.7,3061,0.5,1.8,1491,Social Media
U04806,44,Male,Jaipur,OnePlus,Android,3.8,48.3,70.6,131,2.4,8190,0.8,1.5,1456,Education
U04807,48,Female,Pune,OnePlus,Android,10.3,22.3,269.7,119,2.2,908,1.6,4.2,1310,Social Media
U04808,25,Female,Kolkata,Apple,Android,11.6,37.9,33.3,134,1.7,9265,7.6,0.2,933,Education
U04809,30,Male,Delhi,Samsung,Android,10.9,12.8,90.2,135,2.2,3615,7.1,4.2,588,Education
U04810,30,Other,Hyderabad,Xiaomi,Android,1.3,11.5,208.2,58,3.0,7207,6.5,1.8,1112,Work
U04811,19,Male,Delhi,Samsung,Android,8.1,4.6,172.1,50,3.4,8014,4.0,3.7,561,Gaming
U04812,24,Other,Lucknow,Apple,Android,7.3,1.2,67.7,86,4.9,8177,8.0,2.1,1408,Gaming
U04813,15,Other,Mumbai,Apple,Android,1.1,38.2,289.5,169,4.5,3063,4.1,3.1,1629,Work
U04814,28,Male,Bangalore,Samsung,iOS,3.3,21.0,185.4,150,5.4,8820,4.9,4.3,1425,Work
U04815,53,Other,Chennai,Xiaomi,Android,7.9,33.2,226.6,164,1.4,9462,2.8,4.8,405,Social Media
U04816,29,Female,Hyderabad,Motorola,Android,7.1,47.3,169.0,107,4.3,4103,6.0,1.0,1350,Social Media
U04817,36,Female,Ahmedabad,Nokia,iOS,11.2,16.8,274.8,189,2.7,6619,1.1,3.8,206,Entertainment
U04818,27,Female,Delhi,OnePlus,Android,3.2,22.2,245.8,194,4.1,769,5.6,4.1,1939,Entertainment
U04819,56,Other,Bangalore,Motorola,Android,8.7,9.5,153.6,193,3.7,4229,7.7,0.2,1714,Work
U04820,27,Other,Chennai,Oppo,Android,10.4,12.3,19.8,20,5.3,3416,2.4,2.9,254,Entertainment
U04821,39,Other,Kolkata,Google Pixel,Android,7.3,22.5,95.0,104,3.7,7971,5.2,2.0,1224,Education
U04822,54,Other,Hyderabad,OnePlus,iOS,2.2,17.0,45.1,134,5.6,6142,4.2,0.7,1028,Work
U04823,51,Male,Ahmedabad,Realme,Android,2.5,38.6,265.5,191,5.3,3959,6.6,4.9,696,Gaming
U04824,58,Female,Jaipur,Nokia,iOS,6.0,34.7,176.0,84,5.3,1964,7.4,0.3,1275,Entertainment
U04825,43,Female,Ahmedabad,Oppo,Android,11.8,41.0,176.4,124,3.8,3107,4.0,0.5,1239,Education
U04826,55,Male,Lucknow,Google Pixel,Android,6.6,3.9,87.2,39,5.7,7865,5.6,4.0,1345,Education
U04827,40,Other,Lucknow,Google Pixel,Android,8.0,7.6,44.7,194,4.8,4996,5.7,1.0,1098,Education
U04828,26,Female,Chennai,Oppo,iOS,8.6,19.1,194.2,17,5.2,4776,2.4,4.9,704,Entertainment
U04829,20,Other,Jaipur,Nokia,Android,9.6,35.9,215.9,80,2.4,3414,5.1,1.1,111,Gaming
U04830,48,Other,Kolkata,OnePlus,iOS,1.7,4.0,207.1,85,2.7,9652,1.5,2.3,459,Entertainment
U04831,29,Other,Kolkata,Apple,iOS,4.3,31.7,176.0,11,4.9,9781,7.7,1.7,1112,Education
U04832,26,Male,Chennai,Xiaomi,Android,5.7,41.8,156.4,104,2.5,7033,1.2,4.1,263,Work
U04833,45,Male,Mumbai,Samsung,Android,6.8,15.1,122.1,47,4.8,5158,2.4,3.6,1907,Social Media
U04834,54,Female,Mumbai,Google Pixel,Android,6.0,15.5,142.3,30,1.5,1329,5.3,1.0,619,Gaming
U04835,26,Male,Jaipur,Vivo,iOS,8.5,39.5,22.4,143,2.0,8622,5.6,3.1,416,Entertainment
U04836,33,Female,Chennai,Xiaomi,Android,6.0,5.9,141.3,56,5.8,9831,4.5,3.9,1787,Social Media
U04837,55,Male,Ahmedabad,Nokia,iOS,2.5,15.5,278.4,102,0.8,1782,7.5,0.8,625,Entertainment
U04838,15,Male,Jaipur,Samsung,iOS,4.0,15.8,298.2,114,1.8,5659,1.0,1.7,621,Education
U04839,20,Female,Lucknow,Xiaomi,iOS,9.7,14.5,296.6,107,1.2,3300,6.0,0.4,1252,Social Media
U04840,24,Female,Pune,Google Pixel,iOS,6.0,27.4,100.3,182,5.5,5566,1.7,0.7,349,Work
U04841,58,Male,Bangalore,Vivo,Android,10.1,27.9,165.3,139,2.7,3385,2.6,2.4,1828,Social Media
U04842,31,Male,Kolkata,Google Pixel,Android,7.6,8.3,133.4,51,1.5,6372,5.7,1.3,512,Education
U04843,45,Male,Jaipur,Motorola,iOS,2.8,25.2,166.3,87,3.0,8330,7.4,3.0,1409,Education
U04844,17,Male,Pune,Apple,iOS,8.7,21.1,174.4,116,0.9,8272,0.7,0.2,1021,Work
U04845,55,Female,Bangalore,Realme,Android,6.7,20.4,231.3,196,2.6,6755,5.4,1.4,1091,Work
U04846,33,Other,Pune,OnePlus,iOS,4.9,18.7,41.2,128,1.0,5698,3.1,0.7,1530,Gaming
U04847,18,Female,Mumbai,Motorola,iOS,5.6,21.4,219.7,73,3.2,6505,3.6,1.6,182,Entertainment
U04848,37,Other,Ahmedabad,Realme,iOS,6.3,16.6,212.5,166,1.8,544,3.3,2.7,111,Education
U04849,52,Other,Lucknow,Realme,Android,8.8,15.6,206.7,164,3.9,8460,4.7,1.9,798,Social Media
U04850,24,Male,Bangalore,Samsung,Android,8.1,21.2,102.0,188,5.0,6756,2.3,4.3,883,Entertainment
U04851,46,Other,Hyderabad,Nokia,Android,11.1,8.7,173.7,57,0.8,135,1.0,0.7,1559,Education
U04852,51,Male,Kolkata,Google Pixel,iOS,1.1,43.2,81.5,187,1.8,8136,4.2,4.0,907,Work
U04853,59,Other,Hyderabad,Vivo,Android,4.0,11.2,149.0,152,5.3,2771,5.8,1.6,1904,Social Media
U04854,16,Female,Chennai,Google Pixel,Android,9.6,36.4,226.7,169,5.8,4807,6.7,3.6,1087,Education
U04855,30,Female,Delhi,Oppo,Android,4.8,5.8,229.2,47,2.7,205,1.6,0.3,523,Entertainment
U04856,29,Male,Bangalore,Google Pixel,iOS,4.5,42.3,72.1,57,4.6,3843,7.3,4.7,322,Gaming
U04857,26,Female,Ahmedabad,Samsung,Android,4.8,12.9,89.9,194,2.0,5626,4.9,4.8,919,Education
U04858,51,Male,Delhi,OnePlus,iOS,11.7,20.4,209.2,148,4.9,2183,6.9,2.7,562,Social Media
U04859,29,Other,Pune,Motorola,iOS,2.7,33.3,277.7,195,2.2,4608,2.0,0.0,1737,Education
U04860,42,Male,Jaipur,Vivo,Android,6.1,4.1,112.1,150,2.8,8946,7.6,4.6,203,Entertainment
U04861,30,Other,Mumbai,Samsung,iOS,6.3,40.8,88.4,84,2.5,3939,6.9,1.4,1337,Entertainment
U04862,42,Female,Pune,Apple,Android,5.2,18.6,297.6,39,1.4,7996,1.4,3.3,1759,Work
U04863,38,Female,Bangalore,Vivo,Android,9.9,10.9,161.5,78,4.0,929,2.6,1.1,1826,Entertainment
U04864,52,Female,Lucknow,Samsung,Android,3.7,22.9,61.4,18,1.7,4683,2.9,4.9,1040,Gaming
U04865,54,Other,Jaipur,Motorola,iOS,2.9,19.6,204.6,68,5.9,7084,7.1,2.8,1473,Social Media
U04866,50,Female,Lucknow,Oppo,iOS,8.4,14.2,220.3,145,3.0,5364,1.1,0.8,698,Entertainment
U04867,55,Other,Bangalore,Nokia,Android,7.1,38.1,210.4,177,5.2,1872,6.2,2.9,1960,Gaming
U04868,41,Male,Lucknow,Realme,iOS,9.7,24.0,107.5,19,2.0,9153,2.3,0.6,1792,Social Media
U04869,55,Female,Hyderabad,Xiaomi,Android,1.2,47.1,227.5,149,1.2,1493,5.5,0.8,1183,Social Media
U04870,37,Male,Delhi,Google Pixel,iOS,10.4,13.9,102.8,42,6.0,1171,3.2,4.7,355,Education
U04871,41,Female,Pune,Oppo,iOS,6.1,20.3,117.1,189,3.3,1786,0.6,0.4,1408,Education
U04872,18,Male,Pune,OnePlus,Android,11.6,7.8,153.1,122,1.1,3994,6.0,3.9,1241,Gaming
U04873,57,Male,Jaipur,Oppo,Android,1.6,8.8,289.9,138,1.8,3359,2.4,4.1,1092,Work
U04874,15,Other,Lucknow,Oppo,Android,1.3,35.5,295.5,172,1.6,5864,5.2,3.6,1863,Education
U04875,31,Other,Mumbai,Samsung,Android,1.5,9.1,74.8,186,4.4,3696,4.6,1.5,260,Education
U04876,24,Other,Mumbai,Samsung,Android,10.9,34.7,273.3,60,4.4,3143,4.5,2.2,1197,Entertainment
U04877,36,Other,Hyderabad,Apple,iOS,7.7,45.5,73.5,53,4.0,9723,1.2,0.7,1882,Entertainment
U04878,60,Female,Jaipur,Vivo,Android,4.0,10.3,39.7,160,3.3,2870,1.9,4.4,912,Gaming
U04879,39,Other,Delhi,Xiaomi,iOS,8.1,28.5,81.3,73,5.5,2388,3.5,0.6,742,Entertainment
U04880,31,Other,Bangalore,Google Pixel,Android,3.2,20.3,144.8,66,2.2,7454,5.4,1.2,1953,Social Media
U04881,44,Female,Chennai,Xiaomi,iOS,8.9,27.2,161.8,135,1.0,1387,3.5,0.3,1488,Work
U04882,53,Male,Bangalore,Xiaomi,iOS,5.7,12.9,8.6,89,4.3,1186,5.3,0.1,1247,Education
U04883,56,Other,Hyderabad,Samsung,Android,2.5,4.5,287.4,152,2.1,9645,3.1,4.1,1761,Education
U04884,19,Other,Hyderabad,Google Pixel,iOS,9.8,36.2,28.6,44,0.8,9338,7.4,3.3,1115,Work
U04885,47,Male,Kolkata,Samsung,Android,7.2,33.0,194.5,84,1.5,6253,2.0,3.1,1995,Education
U04886,35,Other,Jaipur,Oppo,Android,1.5,32.7,244.3,141,3.3,2296,5.3,2.9,1087,Entertainment
U04887,35,Male,Kolkata,Vivo,iOS,11.0,41.4,262.5,154,3.9,4983,4.2,4.6,1512,Gaming
U04888,50,Female,Lucknow,Oppo,iOS,10.7,8.5,265.1,134,2.3,9693,1.2,4.4,474,Education
U04889,29,Other,Hyderabad,OnePlus,Android,2.0,33.8,16.5,179,3.9,7499,2.7,0.7,433,Entertainment
U04890,50,Male,Ahmedabad,Xiaomi,Android,11.4,35.1,168.1,77,3.5,991,1.3,2.1,1790,Entertainment
U04891,25,Other,Hyderabad,OnePlus,Android,7.4,6.7,99.9,185,3.4,299,2.9,1.0,1170,Entertainment
U04892,24,Other,Kolkata,OnePlus,iOS,5.4,24.7,66.0,198,3.6,7672,2.3,0.5,1664,Education
U04893,40,Female,Mumbai,Google Pixel,iOS,3.4,29.0,37.6,161,4.9,8584,7.9,1.3,559,Gaming
U04894,48,Female,Delhi,Xiaomi,Android,9.6,25.3,159.6,87,0.7,6292,5.7,4.6,1981,Social Media
U04895,24,Male,Delhi,Vivo,Android,8.2,21.6,285.4,96,5.2,5627,7.5,4.2,497,Gaming
U04896,20,Other,Lucknow,Realme,iOS,3.4,46.8,177.2,34,5.3,5648,6.3,4.6,284,Entertainment
U04897,50,Female,Ahmedabad,Xiaomi,iOS,9.7,10.8,27.0,25,4.0,3015,5.1,4.9,454,Education
U04898,60,Female,Pune,Motorola,Android,5.1,46.0,176.5,92,1.4,4371,7.8,1.0,1362,Social Media
U04899,26,Other,Mumbai,Samsung,iOS,7.0,24.3,194.6,177,3.5,2661,1.6,4.7,498,Work
U04900,20,Male,Bangalore,Nokia,iOS,8.0,34.3,164.8,84,5.5,8012,5.8,0.8,405,Entertainment
U04901,35,Female,Jaipur,Realme,iOS,3.9,4.9,285.3,61,2.4,6126,5.5,3.5,412,Gaming
U04902,29,Male,Chennai,OnePlus,Android,3.0,7.8,235.8,103,1.0,4366,1.6,1.4,1943,Gaming
U04903,55,Other,Jaipur,Vivo,Android,8.7,23.3,133.2,183,5.9,352,2.3,2.5,639,Entertainment
U04904,41,Male,Chennai,Motorola,iOS,4.4,46.5,242.6,114,0.5,9408,6.5,0.9,1746,Social Media
U04905,20,Other,Jaipur,Realme,Android,11.1,16.9,181.0,195,5.5,5099,5.9,3.5,2000,Social Media
U04906,36,Male,Lucknow,Vivo,Android,8.0,48.5,62.5,114,5.6,5109,3.9,4.6,1258,Gaming
U04907,50,Other,Kolkata,Nokia,Android,4.6,10.1,164.9,166,5.3,8666,2.2,1.2,119,Work
U04908,43,Male,Pune,OnePlus,iOS,11.8,9.6,60.0,151,4.4,6260,1.6,2.8,461,Gaming
U04909,44,Other,Hyderabad,Vivo,Android,6.3,47.6,131.2,121,0.9,3067,6.9,0.7,166,Work
U04910,59,Male,Kolkata,Vivo,iOS,2.5,18.1,219.2,83,5.5,2292,3.2,0.3,1976,Social Media
U04911,59,Female,Lucknow,Samsung,Android,2.2,46.8,56.9,119,4.2,766,2.4,1.2,364,Gaming
U04912,56,Male,Pune,Realme,Android,10.7,33.3,96.6,104,0.7,5298,7.4,4.0,1983,Education
U04913,47,Female,Chennai,Samsung,iOS,4.6,10.0,71.6,56,5.2,3454,1.3,3.7,224,Education
U04914,39,Male,Chennai,Nokia,Android,6.5,11.8,232.8,76,1.5,5088,5.3,1.7,1062,Education
U04915,35,Male,Ahmedabad,Xiaomi,Android,5.7,19.0,111.5,55,5.6,6765,4.3,3.0,344,Social Media
U04916,39,Male,Kolkata,Samsung,iOS,5.6,40.2,111.4,191,1.2,9033,2.7,2.3,323,Education
U04917,42,Other,Chennai,OnePlus,iOS,2.3,35.5,134.4,181,5.0,345,6.8,1.7,1015,Gaming
U04918,60,Female,Kolkata,Motorola,iOS,11.8,29.6,73.1,87,2.5,7163,1.5,1.1,1020,Education
U04919,24,Male,Jaipur,Xiaomi,iOS,8.0,25.9,125.3,12,2.9,6761,2.2,3.8,1175,Entertainment
U04920,33,Female,Hyderabad,Oppo,Android,9.4,4.3,170.7,117,2.5,3872,5.3,2.2,1049,Social Media
U04921,30,Other,Kolkata,Apple,Android,5.8,40.4,282.3,138,3.8,1627,6.9,3.9,399,Social Media
U04922,52,Male,Kolkata,Samsung,iOS,8.4,26.4,205.1,125,2.4,3664,7.2,0.2,1729,Gaming
U04923,35,Male,Chennai,Xiaomi,Android,1.3,42.6,100.3,101,1.5,3721,1.1,4.0,576,Education
U04924,24,Other,Kolkata,Motorola,Android,3.0,37.4,136.0,36,4.7,9775,1.0,3.1,1560,Work
U04925,39,Female,Bangalore,Vivo,iOS,11.8,23.2,169.4,38,2.3,4877,7.7,1.0,1267,Social Media
U04926,45,Male,Chennai,Realme,Android,4.2,31.6,141.9,92,3.2,4223,6.9,4.8,1389,Entertainment
U04927,18,Male,Lucknow,Xiaomi,iOS,2.1,40.4,125.7,35,3.4,4772,3.8,4.5,1720,Social Media
U04928,34,Female,Pune,OnePlus,iOS,2.9,8.9,63.3,154,2.4,3919,1.3,2.1,263,Gaming
U04929,16,Male,Chennai,OnePlus,Android,11.1,42.5,147.0,195,6.0,449,7.7,4.7,701,Education
U04930,39,Male,Hyderabad,OnePlus,Android,11.2,43.6,96.6,153,5.3,9938,7.6,3.6,1539,Gaming
U04931,48,Male,Delhi,Samsung,iOS,5.9,30.8,187.4,12,1.3,866,4.6,3.2,980,Entertainment
U04932,19,Female,Jaipur,Motorola,Android,3.1,29.5,199.1,130,4.1,2097,5.3,0.5,601,Entertainment
U04933,28,Male,Ahmedabad,Xiaomi,iOS,8.6,2.8,53.6,50,4.3,4940,7.6,0.8,132,Work
U04934,26,Other,Bangalore,OnePlus,iOS,7.9,3.1,78.4,39,4.0,4515,3.4,0.5,512,Education
U04935,28,Female,Jaipur,OnePlus,Android,3.6,11.1,91.5,72,5.3,4864,1.7,0.8,1976,Social Media
U04936,42,Male,Pune,Oppo,Android,3.2,26.5,239.5,200,4.9,5931,1.9,2.6,1379,Social Media
U04937,59,Female,Mumbai,OnePlus,Android,2.8,13.9,25.9,165,2.0,9430,2.1,0.9,921,Work
U04938,44,Female,Chennai,Nokia,Android,5.7,42.0,195.6,76,3.2,9078,2.9,0.1,1879,Entertainment
U04939,47,Male,Hyderabad,Google Pixel,iOS,3.4,22.3,134.2,170,5.9,2530,4.6,2.7,343,Entertainment
U04940,53,Male,Delhi,Google Pixel,iOS,3.6,4.9,176.6,198,2.5,4487,6.0,0.0,1810,Social Media
U04941,22,Female,Hyderabad,Nokia,Android,6.2,18.2,284.8,96,5.8,1037,4.2,0.0,796,Work
U04942,35,Female,Delhi,Google Pixel,iOS,8.8,44.9,132.2,163,1.4,854,6.3,1.9,1299,Education
U04943,22,Female,Jaipur,Nokia,Android,6.8,18.6,30.1,76,5.3,1659,7.4,1.2,1813,Gaming
U04944,43,Female,Ahmedabad,Oppo,Android,10.8,39.7,250.5,102,2.3,3095,5.4,1.5,1722,Social Media
U04945,19,Female,Chennai,Apple,iOS,6.2,31.4,248.0,45,3.8,4943,2.6,3.3,510,Social Media
U04946,38,Other,Mumbai,Nokia,Android,6.5,40.4,38.7,26,0.9,2757,3.6,0.7,1451,Social Media
U04947,21,Other,Chennai,Motorola,iOS,2.5,8.6,168.8,80,1.9,529,4.8,0.6,1289,Work
U04948,58,Female,Pune,Nokia,iOS,8.6,29.0,287.0,175,5.4,7248,5.8,1.3,1098,Work
U04949,52,Male,Delhi,Vivo,iOS,9.4,44.7,52.5,199,1.5,5936,5.6,4.1,852,Gaming
U04950,16,Male,Jaipur,Nokia,iOS,10.7,48.7,289.8,18,5.0,6870,1.3,3.6,1676,Entertainment
U04951,45,Male,Hyderabad,Google Pixel,Android,4.9,9.3,278.5,20,0.7,9415,6.8,4.5,114,Work
U04952,56,Female,Jaipur,Motorola,iOS,6.6,15.6,265.1,153,3.8,1931,7.5,1.2,529,Social Media
U04953,52,Male,Mumbai,Motorola,Android,3.6,4.5,101.6,50,4.0,9296,4.5,4.2,233,Entertainment
U04954,24,Male,Jaipur,Apple,Android,9.1,31.3,174.7,115,0.6,9166,6.1,3.3,674,Entertainment
U04955,21,Other,Bangalore,Motorola,iOS,4.7,47.3,241.8,30,3.6,5550,3.9,2.1,1531,Work
U04956,50,Male,Ahmedabad,Oppo,iOS,3.4,47.9,81.9,43,3.2,5685,3.6,3.1,886,Education
U04957,36,Other,Jaipur,Motorola,Android,4.6,30.4,257.8,35,3.8,3614,5.0,0.1,1665,Gaming
U04958,58,Other,Chennai,Xiaomi,Android,1.1,31.5,98.3,120,1.8,4152,3.3,0.5,325,Gaming
U04959,40,Female,Pune,Apple,Android,3.0,3.3,208.4,47,2.2,3414,8.0,2.3,1995,Social Media
U04960,58,Other,Hyderabad,Vivo,iOS,4.1,21.7,16.2,144,1.4,6461,2.7,3.0,1652,Gaming
U04961,47,Male,Jaipur,Xiaomi,Android,8.6,11.9,166.6,62,2.2,5483,4.2,0.4,1890,Entertainment
U04962,41,Male,Lucknow,Apple,Android,10.6,32.6,169.3,106,3.1,1408,5.0,1.9,1823,Gaming
U04963,59,Other,Chennai,OnePlus,iOS,5.0,10.7,102.7,192,5.7,9931,3.8,1.9,1261,Entertainment
U04964,26,Female,Pune,Realme,iOS,10.1,30.4,83.3,81,5.9,1281,3.3,0.4,1096,Gaming
U04965,26,Female,Ahmedabad,Vivo,iOS,4.7,39.8,283.4,188,2.9,3225,0.6,2.1,1258,Gaming
U04966,59,Male,Chennai,Samsung,iOS,10.6,48.2,265.9,38,3.4,6260,2.8,3.6,1976,Social Media
U04967,60,Other,Chennai,Oppo,Android,5.3,33.6,284.5,172,4.9,4020,4.0,3.6,809,Work
U04968,52,Other,Hyderabad,Realme,Android,4.2,12.4,137.1,192,1.2,2386,4.3,3.6,666,Social Media
U04969,51,Female,Lucknow,OnePlus,iOS,3.9,34.7,137.4,52,1.1,1897,2.6,2.8,586,Work
U04970,26,Male,Jaipur,Realme,iOS,9.2,10.5,63.6,151,1.1,4685,1.4,4.8,935,Social Media
U04971,50,Female,Lucknow,Samsung,Android,9.2,12.8,252.8,161,3.2,8468,7.8,4.7,639,Social Media
U04972,29,Other,Chennai,OnePlus,Android,4.0,15.4,85.8,126,3.2,4389,1.6,2.1,1168,Work
U04973,18,Female,Delhi,Realme,Android,4.0,12.6,38.3,109,1.5,5883,4.6,2.8,1074,Gaming
U04974,36,Female,Jaipur,Motorola,iOS,2.0,41.7,57.8,96,5.8,8256,3.3,0.1,1228,Gaming
U04975,31,Other,Chennai,Apple,iOS,6.3,6.6,108.5,11,4.0,1807,3.8,3.3,1241,Education
U04976,47,Female,Jaipur,Xiaomi,Android,9.4,41.3,251.5,163,1.1,3823,7.2,1.7,1544,Work
U04977,53,Male,Ahmedabad,Samsung,Android,2.8,40.1,91.7,92,5.2,9435,4.9,0.6,1093,Gaming
U04978,20,Male,Delhi,Xiaomi,iOS,9.4,23.1,136.2,171,2.0,3839,1.0,4.6,1894,Entertainment
U04979,28,Female,Pune,OnePlus,Android,10.2,19.5,123.0,117,3.5,2921,5.5,3.5,1238,Entertainment
U04980,28,Other,Pune,OnePlus,iOS,1.8,21.0,143.6,189,5.0,8743,7.6,3.2,1404,Social Media
U04981,18,Female,Mumbai,Samsung,Android,8.4,21.5,269.0,74,2.5,7993,7.2,3.9,849,Entertainment
U04982,29,Male,Lucknow,Samsung,iOS,11.3,41.6,62.2,79,3.7,5408,0.6,4.7,1231,Education
U04983,40,Male,Lucknow,Nokia,Android,8.6,33.4,227.8,175,5.6,6388,6.8,2.8,300,Social Media
U04984,59,Other,Hyderabad,Xiaomi,iOS,3.1,36.2,189.4,70,0.5,8891,3.5,1.1,1869,Gaming
U04985,28,Male,Jaipur,Vivo,iOS,11.2,17.8,259.5,98,4.8,7873,1.9,3.9,1771,Social Media
U04986,21,Female,Mumbai,Motorola,iOS,10.1,19.6,18.9,65,2.7,1275,5.7,1.1,492,Work
U04987,40,Other,Ahmedabad,Google Pixel,iOS,10.5,33.6,232.3,59,2.5,7301,6.2,1.5,593,Work
U04988,59,Male,Lucknow,Google Pixel,Android,7.7,44.2,263.3,115,4.6,3824,3.0,1.1,216,Gaming
U04989,44,Female,Delhi,Motorola,iOS,7.3,33.2,221.0,12,2.1,9418,1.7,3.9,1087,Social Media
U04990,43,Female,Bangalore,Oppo,Android,5.6,21.6,246.1,154,4.4,2921,4.5,1.4,1712,Work
U04991,54,Male,Delhi,Apple,iOS,8.9,35.3,22.0,97,0.9,7374,6.2,0.7,1033,Entertainment
U04992,51,Female,Delhi,Motorola,iOS,5.8,46.4,24.3,67,2.6,1624,3.5,4.6,260,Education
U04993,50,Female,Jaipur,Motorola,Android,9.0,33.1,272.6,166,2.2,7346,2.9,4.9,654,Gaming
U04994,47,Male,Bangalore,Google Pixel,Android,1.1,17.6,118.8,142,5.9,7322,0.7,3.1,950,Gaming
U04995,59,Other,Mumbai,Samsung,Android,11.8,44.7,22.5,80,1.7,9494,1.2,4.7,250,Education
U04996,16,Other,Jaipur,Oppo,iOS,4.6,25.8,255.6,65,0.5,4504,2.7,0.1,736,Gaming
U04997,44,Male,Mumbai,Realme,Android,7.2,32.4,244.0,144,2.7,3562,6.3,2.1,684,Education
U04998,35,Female,Bangalore,Xiaomi,iOS,11.2,10.4,106.8,187,2.0,7571,6.5,4.3,1199,Education
U04999,51,Other,Bangalore,Xiaomi,iOS,6.1,2.1,244.8,130,1.5,976,6.9,4.2,524,Education
U05000,54,Male,Hyderabad,Apple,Android,2.5,29.8,98.8,64,5.4,5459,3.4,1.2,142,Education
U05001,31,Female,Ahmedabad,Oppo,iOS,9.5,36.1,261.5,31,5.9,5970,7.3,0.9,600,Entertainment
U05002,20,Female,Ahmedabad,Google Pixel,iOS,1.6,48.4,234.8,142,5.9,4799,5.8,4.2,270,Entertainment
U05003,30,Other,Hyderabad,Vivo,iOS,9.9,31.2,137.7,166,4.8,6792,3.7,4.7,141,Gaming
U05004,31,Female,Kolkata,Motorola,Android,2.9,26.0,12.2,33,1.2,4863,0.9,4.7,600,Social Media
U05005,37,Other,Pune,Vivo,iOS,11.8,35.9,134.0,83,2.6,2078,7.8,2.6,646,Social Media
U05006,56,Male,Kolkata,Xiaomi,iOS,10.1,34.5,66.9,28,4.8,2900,7.0,0.5,143,Education
U05007,49,Other,Hyderabad,OnePlus,iOS,9.9,14.7,41.3,135,2.1,4058,3.8,3.9,1150,Education
U05008,57,Female,Jaipur,Xiaomi,Android,4.8,18.1,73.1,142,1.3,9602,1.4,4.8,1082,Work
U05009,41,Female,Pune,Apple,iOS,9.0,12.8,148.4,53,3.8,2997,2.6,2.3,1996,Gaming
U05010,30,Female,Mumbai,Samsung,iOS,11.3,18.1,202.8,14,0.9,160,4.9,1.9,1386,Education
U05011,30,Other,Bangalore,Nokia,iOS,2.2,46.1,102.3,141,3.8,8630,7.5,1.8,441,Entertainment
U05012,20,Other,Delhi,Oppo,iOS,1.2,20.3,283.5,161,0.7,3178,3.3,1.7,505,Education
U05013,25,Female,Bangalore,Apple,iOS,4.1,1.6,49.5,147,2.4,6623,2.4,1.7,1248,Education
U05014,50,Male,Mumbai,Motorola,iOS,8.3,2.3,134.5,181,3.4,4920,2.7,3.9,1598,Work
U05015,21,Other,Kolkata,Samsung,Android,11.3,40.8,174.8,72,3.1,7565,3.1,1.5,1469,Entertainment
U05016,16,Male,Chennai,OnePlus,iOS,9.4,12.1,150.1,22,4.0,7042,3.7,3.6,934,Gaming
U05017,36,Female,Ahmedabad,Oppo,iOS,11.0,13.4,228.5,16,4.0,7165,2.7,0.3,1745,Gaming
U05018,36,Female,Kolkata,Samsung,Android,7.9,1.2,135.3,20,2.8,876,0.7,1.1,1716,Education
U05019,39,Female,Lucknow,Xiaomi,iOS,8.8,3.4,121.1,126,1.2,6134,7.3,4.8,851,Work
U05020,27,Female,Hyderabad,Apple,Android,3.1,15.5,157.0,90,5.2,4515,1.8,3.9,1785,Education
U05021,29,Other,Hyderabad,Vivo,Android,9.1,10.5,223.8,75,3.9,3045,7.4,1.8,513,Gaming
U05022,43,Other,Delhi,Xiaomi,iOS,3.5,40.6,286.3,75,2.7,5939,3.0,4.5,360,Entertainment
U05023,54,Other,Chennai,Apple,Android,2.8,13.6,102.8,49,2.8,9775,7.7,4.7,1212,Education
U05024,48,Male,Pune,Motorola,Android,10.0,42.1,202.0,75,0.5,3391,5.8,0.7,244,Work
U05025,43,Male,Chennai,Apple,iOS,1.2,17.5,95.2,98,2.5,2628,4.9,2.9,1920,Entertainment
U05026,53,Male,Lucknow,Xiaomi,Android,11.1,36.7,30.6,42,3.6,3736,7.1,4.5,1083,Work
U05027,38,Female,Ahmedabad,Samsung,Android,5.0,31.2,76.7,177,2.7,4792,7.7,0.7,1633,Education
U05028,47,Female,Ahmedabad,Motorola,Android,1.6,6.1,210.8,60,2.8,2988,7.8,0.3,400,Education
U05029,31,Female,Lucknow,Motorola,iOS,4.6,14.9,278.4,37,3.0,8652,7.9,3.7,314,Entertainment
U05030,16,Female,Delhi,Motorola,Android,1.7,12.9,116.8,23,2.8,5612,7.5,4.0,823,Entertainment
U05031,32,Female,Delhi,Nokia,Android,1.3,42.7,293.0,185,6.0,6995,6.5,2.1,621,Education
U05032,53,Other,Jaipur,Oppo,Android,5.1,11.2,77.8,88,2.1,5240,4.0,0.4,916,Entertainment
U05033,21,Male,Delhi,Oppo,iOS,12.0,24.8,205.6,23,4.0,6152,5.1,4.0,1834,Work
U05034,36,Male,Bangalore,Motorola,Android,7.7,26.8,212.1,100,3.9,3279,6.6,1.7,246,Entertainment
U05035,32,Male,Delhi,Motorola,Android,4.1,47.0,294.3,184,0.7,2389,4.5,1.8,1570,Education
U05036,50,Female,Jaipur,Samsung,Android,2.5,19.8,196.2,51,1.5,915,6.0,3.1,909,Education
U05037,27,Male,Ahmedabad,Realme,Android,10.8,39.6,213.8,59,0.7,5797,3.1,2.0,1923,Gaming
U05038,58,Female,Chennai,OnePlus,iOS,11.6,45.9,287.7,176,4.9,6695,7.9,1.2,458,Gaming
U05039,59,Female,Bangalore,OnePlus,iOS,6.2,36.3,96.9,24,4.0,4835,5.9,0.4,519,Work
U05040,34,Other,Delhi,Oppo,Android,6.3,24.9,270.6,111,5.8,478,5.0,4.0,951,Work
U05041,42,Other,Ahmedabad,Motorola,iOS,5.4,40.7,178.0,160,4.1,2197,3.5,4.9,1075,Education
U05042,33,Other,Bangalore,Realme,Android,8.5,23.4,152.8,47,2.3,9842,6.5,1.3,552,Entertainment
U05043,34,Female,Mumbai,Realme,iOS,3.3,36.2,19.1,181,0.8,7030,1.7,0.1,1660,Gaming
U05044,15,Other,Pune,Vivo,iOS,6.0,4.6,237.2,86,2.5,3251,6.3,0.5,1211,Work
U05045,21,Female,Chennai,Oppo,iOS,4.7,43.7,99.5,39,1.3,3321,6.1,4.9,1805,Gaming
U05046,21,Other,Kolkata,Apple,iOS,1.7,10.7,105.7,129,3.3,3196,3.0,1.2,750,Entertainment
U05047,29,Male,Jaipur,Google Pixel,iOS,3.2,28.4,179.0,140,5.6,179,7.0,2.5,1006,Gaming
U05048,17,Other,Mumbai,Samsung,iOS,6.6,18.2,58.0,32,3.6,4311,7.5,3.6,189,Gaming
U05049,22,Other,Pune,Oppo,Android,6.0,36.4,140.7,194,1.3,7935,3.0,0.3,1315,Education
U05050,58,Other,Hyderabad,Nokia,Android,10.0,33.8,263.1,83,4.7,418,4.6,3.1,1145,Entertainment
U05051,15,Other,Ahmedabad,Nokia,iOS,9.2,28.4,38.9,92,1.6,7484,4.1,1.8,915,Gaming
U05052,22,Male,Hyderabad,OnePlus,iOS,11.9,11.2,74.2,107,0.8,3506,6.5,3.5,1577,Social Media
U05053,17,Other,Jaipur,Vivo,iOS,7.7,11.3,262.1,196,3.4,5564,7.4,0.4,1005,Work
U05054,58,Female,Hyderabad,OnePlus,Android,11.4,7.2,183.9,81,1.3,2133,4.1,0.9,451,Education
U05055,50,Male,Ahmedabad,Realme,iOS,2.3,27.4,6.5,43,4.8,8808,1.8,4.9,794,Social Media
U05056,45,Male,Ahmedabad,OnePlus,Android,3.8,19.0,222.8,39,5.2,3129,5.4,3.6,293,Gaming
U05057,54,Other,Jaipur,Google Pixel,Android,4.3,39.4,260.2,166,1.6,1910,2.0,4.8,1202,Social Media
U05058,56,Female,Delhi,OnePlus,Android,4.3,35.3,159.8,105,3.3,1140,2.9,4.0,399,Education
U05059,45,Male,Mumbai,Samsung,Android,8.1,37.0,74.0,88,3.7,7606,5.7,2.9,243,Social Media
U05060,27,Female,Ahmedabad,Apple,Android,1.3,41.6,97.1,85,5.4,6377,0.9,3.0,779,Entertainment
U05061,34,Male,Chennai,Xiaomi,iOS,5.0,41.7,53.2,12,4.2,285,7.8,4.5,1345,Social Media
U05062,49,Other,Delhi,Samsung,iOS,1.3,23.3,22.1,148,0.5,6261,3.6,1.4,1221,Social Media
U05063,23,Male,Bangalore,Google Pixel,iOS,6.1,44.8,87.6,165,2.9,266,1.6,4.9,778,Work
U05064,26,Female,Lucknow,Samsung,Android,2.2,35.3,165.3,45,5.3,3351,3.4,1.9,725,Work
U05065,20,Male,Chennai,Realme,iOS,10.2,23.0,284.7,20,5.0,9666,0.7,4.5,1908,Gaming
U05066,49,Other,Kolkata,Motorola,Android,8.0,29.2,22.3,45,1.7,175,1.3,4.7,307,Social Media
U05067,15,Male,Pune,Realme,iOS,10.4,43.6,21.0,167,1.1,8614,6.5,4.1,1637,Entertainment
U05068,24,Other,Hyderabad,Xiaomi,Android,5.9,33.0,119.0,123,5.3,8968,7.4,0.7,1844,Social Media
U05069,24,Female,Chennai,Motorola,iOS,9.3,22.2,174.3,97,3.2,4208,3.8,0.5,506,Social Media
U05070,21,Male,Bangalore,Oppo,iOS,4.4,22.1,23.5,147,0.7,1012,6.4,1.4,183,Social Media
U05071,32,Female,Delhi,Samsung,iOS,12.0,19.1,74.1,40,1.5,6786,2.3,1.4,1808,Education
U05072,52,Female,Pune,OnePlus,Android,7.8,25.1,111.2,112,1.6,7816,2.3,2.5,1017,Entertainment
U05073,47,Other,Bangalore,Apple,Android,11.0,28.4,269.1,187,0.8,3890,4.0,1.7,971,Work
U05074,26,Male,Mumbai,Google Pixel,iOS,7.3,47.8,76.3,86,4.6,1383,4.3,0.3,943,Social Media
U05075,30,Male,Bangalore,Samsung,Android,5.5,17.9,23.8,80,3.3,7697,4.4,2.9,769,Work
U05076,34,Male,Mumbai,Apple,iOS,7.4,2.4,222.1,157,1.6,3604,0.8,0.1,656,Education
U05077,20,Male,Jaipur,OnePlus,Android,9.8,24.7,124.9,31,0.7,3483,3.3,3.6,165,Education
U05078,15,Other,Pune,Samsung,Android,1.5,29.2,170.4,51,4.1,8734,4.7,3.8,881,Education
U05079,22,Male,Kolkata,Google Pixel,iOS,8.5,49.3,64.5,168,5.1,5325,0.9,1.7,1709,Gaming
U05080,34,Other,Ahmedabad,Apple,Android,7.7,28.2,140.7,129,0.9,8347,4.6,0.6,1659,Social Media
U05081,59,Female,Mumbai,Xiaomi,iOS,1.4,13.6,73.2,171,2.5,5189,6.5,0.8,1961,Education
U05082,52,Other,Ahmedabad,Apple,Android,1.8,8.9,160.6,162,4.8,9690,6.3,0.4,1817,Gaming
U05083,19,Male,Kolkata,Motorola,iOS,7.9,34.3,18.5,110,2.2,4842,5.3,2.1,1674,Work
U05084,54,Female,Delhi,Motorola,Android,5.8,2.3,105.6,24,0.7,8965,1.2,3.0,1300,Gaming
U05085,59,Male,Ahmedabad,Realme,Android,11.1,33.6,18.1,71,1.3,5577,7.9,4.3,1006,Education
U05086,53,Female,Lucknow,Samsung,iOS,11.5,13.2,215.4,61,4.5,7385,2.3,1.7,1756,Entertainment
U05087,55,Female,Hyderabad,Nokia,Android,4.9,6.8,171.1,43,1.6,7354,7.3,1.7,853,Social Media
U05088,45,Female,Kolkata,Xiaomi,Android,3.7,33.6,98.7,146,0.8,2114,6.8,4.9,1980,Social Media
U05089,46,Other,Ahmedabad,Samsung,Android,5.6,34.9,49.9,88,4.2,5739,7.7,1.9,1068,Education
U05090,53,Male,Hyderabad,Oppo,Android,5.7,42.6,6.6,142,2.6,9623,6.9,3.1,390,Entertainment
U05091,24,Female,Bangalore,Realme,iOS,4.6,44.8,48.8,26,6.0,3542,4.7,0.0,151,Gaming
U05092,50,Male,Pune,Samsung,iOS,5.1,19.0,286.6,199,1.7,2093,4.5,0.9,793,Work
U05093,60,Female,Lucknow,Xiaomi,iOS,7.4,35.3,20.2,27,2.8,9723,3.7,1.9,1650,Education
U05094,16,Other,Bangalore,Realme,Android,10.6,49.9,296.8,48,4.9,5197,2.4,3.3,1105,Entertainment
U05095,24,Male,Chennai,Xiaomi,Android,5.0,38.0,201.9,66,2.3,8470,2.8,0.9,1007,Education
U05096,48,Female,Bangalore,OnePlus,iOS,3.6,47.6,74.8,52,5.7,9171,2.6,0.2,1798,Education
U05097,28,Male,Pune,Xiaomi,Android,1.4,9.6,223.2,185,3.8,7357,7.5,3.3,1609,Work
U05098,22,Female,Mumbai,Vivo,Android,5.8,7.3,253.6,180,2.5,5467,7.6,3.7,112,Social Media
U05099,52,Female,Lucknow,Xiaomi,iOS,3.3,36.5,175.6,198,5.9,7984,6.5,3.2,476,Gaming
U05100,27,Other,Pune,Google Pixel,iOS,2.6,26.9,153.0,94,2.5,8218,7.7,4.9,791,Gaming
U05101,57,Female,Delhi,Realme,Android,9.5,11.9,202.7,140,5.3,6232,1.8,4.2,441,Education
U05102,20,Female,Delhi,Realme,iOS,6.9,50.0,274.7,76,4.2,9289,6.7,3.0,716,Work
U05103,21,Female,Mumbai,Oppo,iOS,3.1,38.5,151.5,153,5.9,8163,6.5,2.8,897,Entertainment
U05104,17,Female,Jaipur,Nokia,Android,9.5,39.6,56.7,124,1.7,6167,1.4,0.7,1570,Social Media
U05105,22,Male,Lucknow,Oppo,iOS,10.9,23.2,244.2,105,4.8,2265,1.0,1.7,309,Education
U05106,46,Female,Delhi,OnePlus,Android,5.9,41.1,168.8,168,1.2,7824,5.6,2.7,1193,Social Media
U05107,37,Female,Chennai,Motorola,iOS,1.5,8.0,296.4,35,2.1,9407,5.9,0.1,900,Work
U05108,48,Female,Bangalore,OnePlus,Android,1.5,33.7,142.6,54,0.9,4844,3.6,3.2,1989,Education
U05109,22,Male,Bangalore,Motorola,Android,8.8,32.3,245.2,73,2.1,8829,7.5,2.9,1771,Work
U05110,22,Male,Hyderabad,Samsung,Android,9.6,16.8,172.1,35,5.7,6404,3.3,2.2,1924,Education
U05111,35,Other,Chennai,Oppo,Android,4.8,18.2,156.0,141,2.9,4002,7.2,4.6,1031,Social Media
U05112,50,Male,Hyderabad,Nokia,iOS,8.5,33.1,7.8,104,4.8,8729,2.6,0.3,176,Gaming
U05113,29,Other,Kolkata,Vivo,Android,9.4,42.6,147.7,140,3.4,2487,4.1,0.7,1429,Social Media
U05114,31,Male,Ahmedabad,Nokia,iOS,2.2,29.2,257.1,30,3.2,6505,5.1,2.4,1394,Entertainment
U05115,51,Male,Bangalore,Realme,Android,6.9,26.3,256.1,33,5.6,5484,1.8,3.8,442,Entertainment
U05116,33,Female,Delhi,Vivo,iOS,2.6,2.4,7.0,27,5.6,2975,4.5,3.7,1239,Education
U05117,36,Female,Bangalore,Google Pixel,iOS,6.6,4.0,15.9,163,3.2,432,5.1,1.7,1215,Education
U05118,26,Female,Jaipur,Samsung,Android,5.5,12.3,66.6,25,0.6,1178,1.7,1.8,1315,Gaming
U05119,39,Male,Pune,Apple,Android,1.5,11.4,291.7,100,6.0,3268,7.4,0.6,721,Social Media
U05120,57,Female,Ahmedabad,Motorola,iOS,3.6,45.3,66.6,28,5.3,3033,6.3,3.2,751,Education
U05121,59,Other,Hyderabad,Apple,Android,10.4,22.7,187.1,14,0.6,8906,1.7,3.7,1209,Work
U05122,22,Other,Mumbai,Vivo,iOS,6.9,18.9,201.5,88,1.4,6605,3.9,4.2,112,Education
U05123,34,Other,Ahmedabad,Apple,iOS,5.7,5.8,146.3,172,1.9,1897,5.6,4.6,1811,Gaming
U05124,42,Male,Ahmedabad,Vivo,Android,11.7,21.5,94.7,38,5.0,2712,7.6,3.2,1994,Gaming
U05125,53,Female,Mumbai,Xiaomi,Android,1.3,43.5,181.1,179,2.8,5283,1.5,3.7,1647,Work
U05126,33,Female,Ahmedabad,Oppo,iOS,5.5,18.6,165.1,75,3.9,4647,4.0,1.6,728,Work
U05127,21,Female,Lucknow,Realme,iOS,7.2,4.8,52.7,74,5.3,4308,6.0,3.1,521,Entertainment
U05128,27,Female,Lucknow,Oppo,iOS,6.7,46.4,287.5,189,5.8,4727,6.1,1.5,183,Gaming
U05129,42,Female,Jaipur,Vivo,Android,11.5,23.0,101.6,133,1.2,3377,3.4,2.1,149,Gaming
U05130,40,Other,Pune,OnePlus,iOS,5.7,44.3,85.8,92,4.1,9084,0.7,2.6,908,Social Media
U05131,56,Other,Pune,Oppo,iOS,9.6,17.2,297.3,135,0.7,4701,1.8,0.6,146,Entertainment
U05132,22,Female,Pune,Apple,iOS,11.8,8.4,254.5,151,1.1,2022,6.9,1.9,1721,Entertainment
U05133,48,Other,Jaipur,Realme,Android,4.3,25.6,157.3,181,3.7,9376,6.3,2.5,1654,Work
U05134,16,Other,Ahmedabad,Xiaomi,Android,11.9,47.0,76.4,125,4.7,4510,1.6,1.1,1869,Education
U05135,39,Male,Jaipur,Motorola,Android,10.3,34.2,92.6,59,3.6,7373,0.5,0.7,1206,Education
U05136,34,Male,Jaipur,Samsung,iOS,2.3,48.0,270.1,148,3.9,5713,0.9,0.5,406,Entertainment
U05137,32,Male,Mumbai,OnePlus,iOS,4.2,46.7,156.6,22,4.4,4704,6.7,0.9,1233,Entertainment
U05138,29,Other,Lucknow,Xiaomi,iOS,8.4,1.2,265.1,138,5.9,8269,1.6,1.3,566,Entertainment
U05139,17,Other,Delhi,OnePlus,iOS,5.8,29.6,197.6,73,1.7,1639,2.7,3.3,1425,Gaming
U05140,41,Female,Ahmedabad,Google Pixel,Android,11.9,1.0,192.9,24,0.8,6293,4.5,2.1,317,Education
U05141,25,Female,Lucknow,Vivo,Android,5.6,10.4,31.9,109,3.9,6840,1.7,4.3,1221,Entertainment
U05142,32,Female,Jaipur,Xiaomi,Android,9.4,27.9,259.3,90,5.0,3892,6.2,2.6,1567,Entertainment
U05143,49,Male,Ahmedabad,Apple,iOS,1.1,23.6,10.4,162,5.2,1095,4.1,1.2,1874,Work
U05144,43,Male,Bangalore,Google Pixel,Android,6.6,10.0,281.5,39,2.9,4246,6.1,0.2,1430,Entertainment
U05145,37,Other,Chennai,OnePlus,Android,9.3,40.8,81.9,42,5.7,5957,0.8,1.3,1758,Social Media
U05146,42,Male,Kolkata,Apple,iOS,7.3,36.3,48.5,56,5.4,7005,3.2,1.3,849,Education
U05147,15,Other,Lucknow,Oppo,Android,3.4,38.4,17.1,130,5.7,4867,3.5,0.0,112,Education
U05148,20,Female,Ahmedabad,Google Pixel,iOS,3.4,27.6,226.2,67,4.4,3830,6.7,0.9,277,Education
U05149,55,Male,Bangalore,Nokia,Android,10.7,32.4,56.8,12,3.9,7998,3.6,4.3,514,Gaming
U05150,15,Male,Delhi,OnePlus,Android,10.6,28.5,285.6,89,2.3,1952,4.3,2.4,1598,Education
U05151,25,Other,Jaipur,Vivo,iOS,11.5,14.6,215.8,24,3.5,2445,5.3,1.6,710,Work
U05152,17,Male,Kolkata,Realme,iOS,11.7,38.6,140.8,150,2.9,4844,4.1,1.3,746,Gaming
U05153,30,Other,Pune,Xiaomi,iOS,9.6,39.9,8.9,117,5.0,5868,7.1,2.0,352,Entertainment
U05154,31,Male,Pune,Vivo,Android,2.6,27.0,140.2,47,6.0,443,2.4,4.0,1343,Gaming
U05155,45,Male,Hyderabad,Google Pixel,iOS,2.1,26.9,258.1,126,3.7,2203,6.3,4.3,975,Work
U05156,35,Female,Jaipur,Google Pixel,Android,9.1,44.3,32.6,194,1.8,3651,1.4,4.9,103,Education
U05157,15,Other,Ahmedabad,Motorola,Android,2.5,30.1,283.1,39,5.1,2729,5.0,3.1,893,Social Media
U05158,17,Male,Lucknow,Google Pixel,iOS,6.1,45.0,299.9,19,3.9,6253,1.2,1.6,196,Work
U05159,20,Male,Delhi,OnePlus,iOS,2.3,30.9,84.1,132,5.7,309,7.0,2.2,574,Entertainment
U05160,36,Other,Pune,OnePlus,Android,10.5,49.7,109.7,41,5.2,1834,6.2,0.5,1754,Education
U05161,59,Male,Kolkata,Realme,iOS,12.0,39.8,130.4,36,5.0,6613,5.5,0.4,1171,Entertainment
U05162,29,Female,Bangalore,OnePlus,iOS,2.9,8.5,132.1,77,4.7,262,6.5,0.1,1280,Work
U05163,41,Male,Chennai,Samsung,iOS,6.9,36.1,167.9,133,4.2,9306,4.0,0.3,1390,Social Media
U05164,56,Male,Kolkata,OnePlus,Android,2.4,8.5,231.4,11,5.7,7006,3.9,3.3,1219,Social Media
U05165,19,Female,Lucknow,Nokia,iOS,9.2,43.4,184.1,71,1.9,1500,3.5,3.4,949,Education
U05166,35,Other,Pune,Google Pixel,iOS,3.6,38.0,197.8,41,5.8,6073,2.6,0.3,303,Work
U05167,21,Female,Chennai,Realme,iOS,9.9,25.1,263.7,185,4.9,4812,4.3,4.2,1754,Social Media
U05168,39,Other,Delhi,Xiaomi,iOS,8.9,35.8,141.3,102,5.1,2822,3.6,4.2,879,Work
U05169,29,Female,Jaipur,Google Pixel,iOS,11.3,1.6,67.0,10,1.6,7958,0.6,1.3,1474,Education
U05170,52,Female,Delhi,Realme,Android,10.9,17.7,81.0,58,3.4,5708,1.6,2.7,483,Gaming
U05171,38,Other,Lucknow,OnePlus,Android,8.0,2.0,78.4,55,3.1,2999,6.1,1.8,1645,Work
U05172,60,Female,Chennai,Realme,iOS,10.2,19.8,262.3,166,2.9,4200,4.8,2.5,696,Gaming
U05173,31,Other,Chennai,Vivo,iOS,6.7,19.2,83.4,82,4.4,6697,5.8,1.1,1900,Education
U05174,28,Other,Delhi,Motorola,iOS,7.8,9.4,115.3,96,2.8,2748,1.9,0.2,374,Education
U05175,59,Female,Chennai,Oppo,Android,8.7,22.0,226.4,48,2.0,7434,6.7,2.2,902,Entertainment
U05176,21,Male,Pune,Vivo,iOS,4.7,1.1,23.1,41,1.8,8194,3.6,4.1,427,Social Media
U05177,24,Male,Lucknow,Nokia,iOS,11.0,12.3,179.3,27,0.8,1799,3.1,1.6,578,Work
U05178,40,Female,Chennai,Apple,iOS,1.4,5.4,197.8,18,3.8,9572,2.6,3.3,1535,Work
U05179,54,Female,Pune,Realme,iOS,4.9,4.2,132.2,18,3.7,9589,5.3,2.9,1113,Work
U05180,45,Female,Pune,Vivo,iOS,8.3,26.2,286.1,40,3.9,8686,2.5,4.9,1370,Social Media
U05181,50,Other,Mumbai,Google Pixel,iOS,9.0,33.0,28.1,98,3.4,367,6.8,1.0,1234,Education
U05182,21,Female,Pune,Oppo,iOS,3.6,42.7,44.1,20,1.7,1294,6.8,0.3,1496,Social Media
U05183,24,Female,Hyderabad,OnePlus,Android,5.8,32.8,293.6,13,2.1,8322,6.5,3.7,271,Social Media
U05184,54,Other,Jaipur,Vivo,iOS,5.6,25.3,208.1,14,2.7,5359,7.6,4.1,298,Entertainment
U05185,35,Other,Lucknow,Xiaomi,Android,6.0,4.3,218.9,171,3.0,7223,3.8,2.9,1820,Work
U05186,36,Female,Mumbai,OnePlus,Android,7.0,30.3,8.9,36,3.8,5788,5.6,1.0,1738,Social Media
U05187,37,Male,Jaipur,Vivo,iOS,1.1,16.0,155.8,155,1.1,4422,8.0,0.1,389,Work
U05188,28,Male,Kolkata,Google Pixel,iOS,2.8,16.5,262.0,109,5.3,7286,3.8,0.6,561,Social Media
U05189,41,Other,Pune,Xiaomi,iOS,11.6,11.8,130.7,168,5.1,3771,7.7,0.2,607,Gaming
U05190,15,Female,Lucknow,Vivo,iOS,6.5,24.4,88.2,132,2.4,3231,2.9,0.8,410,Entertainment
U05191,52,Other,Lucknow,Oppo,Android,8.2,14.3,216.3,32,2.3,8499,2.9,4.8,1855,Work
U05192,41,Other,Bangalore,Samsung,iOS,9.4,25.8,180.9,162,5.8,5170,1.8,4.1,1046,Education
U05193,48,Female,Hyderabad,Oppo,iOS,8.3,28.2,294.3,40,5.6,9278,3.9,3.7,1077,Entertainment
U05194,30,Male,Ahmedabad,Vivo,iOS,10.0,47.0,71.1,147,0.8,7772,4.5,3.3,1054,Education
U05195,30,Other,Delhi,Motorola,iOS,11.6,13.6,227.7,128,2.8,4002,2.8,4.2,1836,Gaming
U05196,49,Female,Delhi,Nokia,Android,9.3,8.7,6.0,168,2.0,7499,5.0,4.1,546,Social Media
U05197,40,Male,Bangalore,Oppo,Android,9.3,44.0,67.4,112,4.6,9340,3.8,2.4,1590,Entertainment
U05198,18,Male,Chennai,Vivo,Android,11.7,41.9,272.5,49,3.2,7636,4.0,1.3,1451,Work
U05199,16,Female,Mumbai,Apple,iOS,11.0,2.9,148.6,132,0.6,2843,6.6,2.6,1526,Education
U05200,15,Male,Hyderabad,Apple,Android,10.9,40.8,45.5,31,3.9,2323,4.6,3.2,1474,Gaming
U05201,22,Male,Kolkata,OnePlus,Android,4.2,48.7,175.7,140,3.7,3860,3.4,2.7,591,Gaming
U05202,42,Male,Delhi,Oppo,Android,1.0,42.2,137.8,59,3.4,5418,6.6,0.2,675,Education
U05203,45,Male,Lucknow,Motorola,Android,8.8,34.4,217.8,28,1.0,6413,3.8,2.5,701,Gaming
U05204,39,Female,Chennai,Vivo,iOS,10.3,42.8,199.6,22,2.7,7105,1.2,0.6,290,Education
U05205,28,Male,Ahmedabad,Oppo,Android,3.1,4.1,61.7,183,5.9,4466,2.4,3.7,313,Work
U05206,33,Other,Ahmedabad,Oppo,iOS,3.5,49.1,215.1,70,5.0,3392,5.2,3.7,1262,Social Media
U05207,19,Male,Kolkata,OnePlus,iOS,3.8,28.6,133.5,29,1.7,445,7.9,4.7,656,Social Media
U05208,18,Male,Jaipur,Motorola,iOS,6.9,32.2,154.8,34,3.8,3330,6.3,4.9,939,Social Media
U05209,35,Other,Delhi,Oppo,iOS,11.7,24.3,130.9,92,4.6,9903,1.0,2.1,1458,Work
U05210,32,Female,Lucknow,Samsung,Android,4.6,36.0,264.3,192,3.3,6244,2.6,2.2,1190,Work
U05211,40,Male,Jaipur,Oppo,Android,7.3,14.2,170.1,54,5.7,6062,4.6,3.1,1986,Entertainment
U05212,56,Other,Delhi,Samsung,iOS,6.3,39.8,281.0,122,4.6,4870,1.8,2.4,999,Social Media
U05213,54,Other,Mumbai,Apple,Android,1.8,28.9,178.8,38,1.6,3352,2.5,1.8,1919,Gaming
U05214,34,Other,Bangalore,Oppo,Android,10.2,5.0,137.7,25,2.3,7255,3.9,1.2,1309,Gaming
U05215,38,Male,Hyderabad,Oppo,Android,3.7,30.0,35.5,30,4.4,2990,4.6,4.5,1358,Entertainment
U05216,21,Other,Lucknow,Vivo,iOS,7.5,39.4,117.6,190,1.8,2282,7.8,0.7,1785,Education
U05217,46,Other,Lucknow,Xiaomi,iOS,5.9,9.2,162.5,118,1.2,2740,2.8,2.9,1570,Work
U05218,45,Male,Pune,Google Pixel,Android,1.8,49.2,8.7,122,1.9,6944,3.6,3.9,1807,Gaming
U05219,39,Female,Jaipur,Motorola,iOS,4.4,10.0,95.3,172,1.7,3971,6.2,4.1,1565,Gaming
U05220,55,Other,Ahmedabad,Vivo,iOS,6.9,17.2,247.1,67,1.5,7382,4.2,2.7,1364,Social Media
U05221,33,Male,Lucknow,OnePlus,iOS,3.1,46.8,277.5,173,2.1,395,3.1,4.9,1638,Gaming
U05222,35,Other,Hyderabad,Vivo,iOS,4.9,11.3,123.5,73,5.3,7781,6.5,4.5,1721,Gaming
U05223,36,Other,Bangalore,Google Pixel,Android,8.0,41.5,175.3,56,4.5,1327,5.5,4.7,1856,Gaming
U05224,32,Male,Hyderabad,OnePlus,Android,2.4,9.8,50.2,139,1.6,6191,7.7,1.8,247,Social Media
U05225,25,Female,Ahmedabad,Google Pixel,iOS,11.4,35.3,110.3,88,3.8,6172,1.1,2.7,1158,Entertainment
U05226,24,Other,Lucknow,Oppo,iOS,11.2,43.5,75.9,90,4.9,2811,5.6,1.0,989,Social Media
U05227,53,Female,Bangalore,Realme,iOS,9.8,7.8,88.9,180,0.8,6504,5.5,1.0,1572,Work
U05228,22,Male,Hyderabad,Motorola,iOS,2.8,44.1,229.3,115,2.4,8301,4.0,3.2,1696,Social Media
U05229,42,Other,Kolkata,Xiaomi,iOS,9.6,31.5,243.5,38,2.1,2656,7.0,2.3,454,Work
U05230,28,Male,Chennai,Nokia,iOS,2.3,2.2,186.5,181,1.5,4268,5.7,2.2,265,Social Media
U05231,30,Female,Ahmedabad,Google Pixel,iOS,3.7,4.4,221.3,173,1.9,8779,3.4,1.1,1820,Social Media
U05232,38,Male,Delhi,OnePlus,Android,9.0,29.8,102.4,138,2.0,4695,6.8,1.8,1052,Social Media
U05233,45,Female,Hyderabad,Apple,iOS,8.1,8.6,84.2,54,4.8,7252,1.0,2.5,921,Social Media
U05234,43,Other,Bangalore,Apple,Android,11.1,42.4,282.2,117,1.0,6494,6.7,4.3,609,Education
U05235,54,Female,Pune,Google Pixel,iOS,8.0,19.3,170.0,161,2.0,5776,4.3,4.2,1132,Work
U05236,27,Male,Ahmedabad,Samsung,Android,11.1,4.7,24.3,164,1.0,4021,5.6,3.8,1376,Social Media
U05237,18,Male,Kolkata,Xiaomi,Android,4.4,35.1,289.4,186,5.9,8804,1.6,1.5,778,Work
U05238,48,Other,Kolkata,Nokia,Android,4.2,24.4,262.0,154,1.6,3866,6.5,4.4,1968,Social Media
U05239,28,Female,Lucknow,Nokia,Android,6.0,45.4,78.7,199,2.9,9747,2.8,0.1,1472,Social Media
U05240,43,Male,Kolkata,Google Pixel,Android,7.8,5.2,119.1,111,2.0,518,1.4,1.1,371,Education
U05241,18,Other,Bangalore,Motorola,Android,8.6,39.0,5.2,119,3.6,4792,5.4,0.9,1628,Education
U05242,55,Male,Mumbai,Samsung,Android,10.0,14.2,137.3,174,3.6,763,2.0,2.5,673,Work
U05243,50,Female,Mumbai,Apple,iOS,4.3,1.2,234.3,91,5.3,137,1.9,3.9,506,Social Media
U05244,25,Other,Kolkata,Oppo,iOS,6.4,31.5,133.5,33,3.5,6876,3.8,1.7,133,Social Media
U05245,40,Male,Bangalore,Nokia,Android,10.9,3.2,50.9,19,1.6,7122,5.4,4.9,1903,Education
U05246,57,Female,Mumbai,Motorola,iOS,9.9,40.2,66.7,172,3.8,8135,3.9,2.0,483,Education
U05247,54,Male,Delhi,Realme,iOS,6.9,36.2,222.8,27,3.1,525,1.2,3.6,429,Work
U05248,24,Female,Kolkata,Apple,Android,3.8,39.5,231.2,165,4.1,7540,0.6,1.8,303,Entertainment
U05249,20,Other,Kolkata,Oppo,iOS,1.0,31.5,54.5,57,1.1,9436,4.1,3.2,108,Education
U05250,28,Female,Jaipur,Vivo,iOS,9.6,39.3,217.1,111,2.8,2006,5.0,0.5,349,Work
U05251,54,Other,Chennai,OnePlus,Android,4.4,39.8,98.7,169,0.8,9720,4.6,0.0,1157,Entertainment
U05252,31,Male,Bangalore,Samsung,iOS,3.3,45.2,158.2,24,1.2,1065,2.1,3.8,1225,Education
U05253,36,Other,Chennai,Samsung,iOS,4.7,17.3,40.3,165,1.2,8823,7.0,2.4,994,Work
U05254,60,Other,Bangalore,Nokia,Android,9.3,10.8,170.6,90,3.3,5839,3.5,3.7,880,Work
U05255,44,Other,Mumbai,Motorola,Android,4.5,25.2,61.1,199,5.0,784,4.3,2.7,1205,Work
U05256,18,Male,Hyderabad,Xiaomi,Android,9.0,40.9,196.5,75,4.3,4276,4.0,2.1,1972,Work
U05257,21,Male,Pune,Google Pixel,Android,7.3,44.5,265.4,180,5.6,4774,2.9,4.3,1077,Gaming
U05258,43,Female,Kolkata,Apple,iOS,3.5,15.4,122.6,19,4.5,4623,4.8,2.2,1852,Education
U05259,34,Other,Chennai,OnePlus,iOS,1.6,14.4,229.0,175,2.7,359,5.2,1.0,302,Entertainment
U05260,29,Female,Jaipur,Nokia,Android,4.5,7.5,284.0,48,2.8,1756,4.3,2.0,125,Work
U05261,29,Female,Delhi,Google Pixel,iOS,3.1,46.4,22.3,67,4.3,9228,4.7,0.7,1662,Entertainment
U05262,30,Female,Delhi,Oppo,Android,10.1,47.6,261.2,72,1.8,1538,7.9,3.5,147,Social Media
U05263,44,Female,Hyderabad,Samsung,Android,6.3,21.5,221.1,110,2.7,1711,3.5,2.3,1532,Education
U05264,47,Female,Bangalore,Xiaomi,Android,5.1,41.0,26.5,108,1.6,4617,1.5,2.8,540,Education
U05265,46,Other,Pune,Samsung,Android,8.9,14.9,246.2,34,4.1,8936,2.7,0.4,953,Work
U05266,31,Female,Lucknow,Oppo,Android,3.8,22.0,266.1,108,3.2,8498,3.0,3.0,880,Entertainment
U05267,51,Female,Hyderabad,Samsung,iOS,5.0,36.4,65.2,85,4.9,9191,2.3,1.7,1010,Entertainment
U05268,30,Other,Mumbai,Vivo,iOS,2.5,6.9,113.8,154,2.0,9811,6.8,0.4,806,Education
U05269,55,Female,Pune,Samsung,iOS,6.8,39.8,168.6,102,3.9,5145,7.3,3.6,545,Education
U05270,55,Male,Jaipur,Xiaomi,iOS,5.4,36.3,176.2,73,4.7,9325,4.2,4.9,1251,Education
U05271,16,Other,Mumbai,Samsung,Android,4.2,44.3,218.2,45,2.5,6231,5.6,4.3,1495,Social Media
U05272,55,Female,Bangalore,Apple,Android,1.6,49.1,179.1,15,3.6,9552,6.2,4.9,1842,Social Media
U05273,46,Female,Hyderabad,Xiaomi,Android,8.5,27.6,45.4,65,4.9,8146,4.0,3.4,1231,Social Media
U05274,46,Female,Chennai,OnePlus,Android,1.6,3.1,231.6,95,3.8,987,6.2,2.9,691,Work
U05275,41,Female,Ahmedabad,Nokia,iOS,3.2,25.0,250.8,57,3.0,4345,7.9,4.4,1312,Social Media
U05276,35,Female,Hyderabad,Nokia,iOS,9.9,46.3,93.3,122,1.4,3471,2.0,1.3,784,Social Media
U05277,38,Female,Mumbai,Samsung,Android,3.0,28.7,179.0,190,1.4,2410,6.6,1.5,1395,Social Media
U05278,56,Other,Jaipur,Oppo,iOS,3.9,45.3,273.7,200,4.9,9619,2.5,0.6,1829,Education
U05279,20,Female,Ahmedabad,Xiaomi,Android,7.7,43.5,244.8,46,5.4,1726,7.0,3.9,1872,Social Media
U05280,46,Male,Jaipur,Realme,Android,10.0,48.6,229.5,78,5.6,3977,7.5,2.6,809,Gaming
U05281,48,Male,Mumbai,Samsung,iOS,11.2,30.8,212.2,115,4.4,3070,1.0,1.1,284,Education
U05282,36,Female,Lucknow,Nokia,iOS,6.9,6.4,111.3,31,3.7,6872,4.7,1.0,1371,Work
U05283,45,Other,Ahmedabad,Vivo,iOS,10.7,28.9,139.9,127,5.8,1054,1.5,4.3,1429,Social Media
U05284,41,Female,Lucknow,Samsung,Android,10.0,16.6,40.2,159,3.9,5687,7.8,1.4,653,Social Media
U05285,50,Female,Pune,Google Pixel,Android,5.8,40.7,64.7,123,4.3,6461,4.5,1.5,1946,Social Media
U05286,46,Male,Ahmedabad,Apple,Android,2.4,30.8,147.3,83,2.3,5605,7.3,0.8,865,Gaming
U05287,22,Female,Kolkata,Nokia,Android,6.5,30.8,39.9,175,3.5,2228,2.2,4.0,186,Entertainment
U05288,18,Male,Kolkata,Samsung,Android,1.1,37.7,208.2,52,2.6,6579,1.5,4.9,942,Education
U05289,52,Male,Delhi,Google Pixel,Android,11.0,31.9,142.6,138,4.3,7594,1.7,3.9,393,Work
U05290,38,Other,Delhi,Xiaomi,iOS,11.0,32.7,237.5,38,1.3,7240,2.9,3.1,777,Education
U05291,56,Female,Mumbai,Oppo,iOS,10.5,43.2,86.0,154,2.7,1324,7.7,1.0,118,Work
U05292,22,Female,Jaipur,Realme,Android,6.0,27.6,207.1,194,1.5,2240,3.7,2.0,975,Work
U05293,17,Male,Kolkata,Samsung,iOS,9.0,38.9,158.3,179,1.1,4241,7.1,1.9,617,Gaming
U05294,29,Female,Jaipur,Xiaomi,Android,11.3,11.7,184.8,126,3.9,9610,0.5,1.4,533,Gaming
U05295,47,Other,Ahmedabad,Realme,Android,9.7,9.9,90.2,71,2.5,9310,4.8,4.0,329,Social Media
U05296,44,Female,Hyderabad,OnePlus,iOS,6.0,47.9,260.9,10,2.4,3802,1.4,2.9,1125,Work
U05297,43,Female,Kolkata,Samsung,iOS,1.6,18.5,135.0,148,2.8,2883,6.6,1.8,1792,Education
U05298,20,Female,Lucknow,Samsung,iOS,5.2,14.5,75.5,134,3.4,6256,3.2,4.1,1413,Social Media
U05299,58,Other,Mumbai,Vivo,iOS,10.3,3.8,42.1,183,3.6,2864,3.9,4.2,1894,Entertainment
U05300,22,Male,Pune,Apple,Android,4.5,13.8,285.2,172,4.9,5048,8.0,0.5,431,Work
U05301,50,Other,Jaipur,Apple,Android,2.0,31.5,294.1,197,2.2,5390,3.0,3.3,465,Education
U05302,47,Female,Chennai,Motorola,Android,3.3,18.9,27.4,93,5.6,5498,4.8,2.5,1093,Entertainment
U05303,50,Other,Mumbai,OnePlus,Android,1.5,13.5,198.0,93,2.1,1252,0.6,0.3,1849,Gaming
U05304,16,Other,Jaipur,Google Pixel,iOS,6.3,31.3,210.2,166,3.4,9195,7.5,2.5,1516,Gaming
U05305,16,Other,Hyderabad,Oppo,iOS,8.2,35.7,47.5,84,1.3,2841,4.4,1.6,1178,Work
U05306,21,Female,Ahmedabad,Nokia,Android,9.1,32.9,210.8,143,4.5,7829,3.2,4.8,313,Entertainment
U05307,47,Male,Chennai,Oppo,iOS,8.8,7.8,6.6,81,2.2,7931,4.2,3.0,607,Entertainment
U05308,44,Female,Jaipur,Samsung,Android,4.6,20.1,143.3,134,5.8,5964,6.0,3.5,475,Social Media
U05309,16,Male,Mumbai,Apple,iOS,10.6,25.0,32.8,16,0.6,5142,0.6,3.6,910,Education
U05310,18,Other,Ahmedabad,Samsung,Android,8.6,6.4,9.9,112,2.0,7661,2.2,5.0,464,Entertainment
U05311,29,Male,Chennai,Google Pixel,iOS,7.2,33.7,80.8,109,5.1,1961,2.8,2.8,1765,Social Media
U05312,39,Other,Lucknow,Nokia,iOS,9.4,43.1,215.0,110,0.7,9045,1.9,4.5,1489,Education
U05313,60,Female,Mumbai,Google Pixel,iOS,10.3,34.6,74.7,98,0.6,465,0.8,2.7,524,Gaming
U05314,58,Other,Jaipur,Xiaomi,Android,2.4,13.2,66.8,194,4.1,4106,1.7,0.8,267,Social Media
U05315,24,Female,Delhi,Nokia,Android,4.1,6.2,199.3,26,4.4,2622,4.4,1.5,663,Education
U05316,36,Other,Lucknow,Oppo,iOS,1.7,13.1,72.8,38,4.1,123,5.1,4.8,1983,Work
U05317,51,Male,Pune,Nokia,iOS,6.1,13.3,136.1,162,0.5,2163,1.2,1.2,292,Entertainment
U05318,38,Other,Hyderabad,Apple,iOS,10.5,19.2,11.5,88,2.2,8718,4.7,3.8,1148,Work
U05319,15,Other,Kolkata,Nokia,iOS,6.5,11.4,254.9,146,5.9,1484,4.4,4.9,1230,Entertainment
U05320,35,Male,Kolkata,Vivo,Android,6.0,26.7,198.5,62,5.2,1983,6.8,3.4,712,Social Media
U05321,36,Male,Delhi,OnePlus,Android,10.0,4.0,69.2,25,1.3,4246,3.7,2.5,477,Social Media
U05322,19,Female,Mumbai,Realme,iOS,8.3,26.1,33.1,155,1.0,9191,4.5,4.6,824,Gaming
U05323,42,Male,Jaipur,Xiaomi,iOS,1.8,27.4,230.5,78,2.1,1918,6.0,1.0,1548,Social Media
U05324,55,Other,Lucknow,Nokia,Android,5.7,28.9,205.4,152,2.2,182,4.1,0.9,1865,Gaming
U05325,17,Female,Bangalore,Samsung,Android,9.9,33.6,71.6,144,5.6,1576,6.1,3.8,206,Social Media
U05326,28,Female,Chennai,OnePlus,iOS,8.8,37.7,282.7,25,4.3,8411,4.7,3.8,1497,Gaming
U05327,47,Other,Lucknow,Nokia,Android,2.7,41.8,111.8,71,6.0,2355,2.0,2.7,1606,Gaming
U05328,36,Female,Delhi,Apple,iOS,1.2,28.1,6.3,97,4.9,4711,6.5,3.6,574,Education
U05329,34,Other,Bangalore,Vivo,Android,6.3,16.2,16.8,53,1.7,4756,4.1,0.9,1425,Education
U05330,30,Male,Pune,Nokia,Android,4.8,21.0,40.6,188,5.1,8244,6.1,4.9,886,Gaming
U05331,51,Other,Hyderabad,Nokia,Android,9.2,26.7,163.9,32,0.9,4404,3.1,2.9,531,Social Media
U05332,60,Male,Delhi,Oppo,iOS,5.5,45.2,267.7,81,2.2,5864,5.9,4.6,1468,Work
U05333,21,Male,Delhi,Oppo,iOS,6.0,16.8,179.3,105,4.9,206,2.6,3.1,682,Social Media
U05334,54,Female,Bangalore,Nokia,iOS,11.2,40.4,15.5,51,5.0,2352,4.4,2.7,391,Social Media
U05335,23,Male,Ahmedabad,Nokia,iOS,4.5,22.6,101.8,149,1.2,2227,5.3,0.6,117,Entertainment
U05336,41,Other,Delhi,Realme,iOS,11.6,24.8,12.5,120,1.0,3972,3.8,2.2,1498,Gaming
U05337,54,Other,Ahmedabad,Apple,iOS,6.4,42.3,80.1,157,1.2,2532,1.8,2.1,1206,Education
U05338,20,Other,Ahmedabad,OnePlus,iOS,4.3,42.5,247.7,197,5.9,3626,1.6,3.7,428,Social Media
U05339,54,Male,Kolkata,Xiaomi,iOS,5.1,18.9,249.6,171,2.5,6474,6.2,2.2,937,Work
U05340,53,Other,Chennai,OnePlus,Android,8.6,22.5,78.0,23,4.1,9386,2.7,2.9,1521,Social Media
U05341,33,Male,Chennai,Samsung,Android,3.6,42.1,214.1,174,3.6,2782,4.8,3.1,1975,Work
U05342,26,Other,Delhi,Xiaomi,Android,3.9,24.0,290.3,55,2.2,8942,0.7,0.7,1164,Social Media
U05343,42,Male,Bangalore,Motorola,Android,1.9,16.1,176.1,59,3.0,3219,3.2,1.7,721,Gaming
U05344,44,Male,Chennai,Realme,Android,2.3,27.7,184.3,123,2.9,1109,5.6,4.0,685,Work
U05345,41,Female,Hyderabad,Nokia,iOS,10.3,28.2,297.1,178,2.5,2437,7.6,4.7,1132,Gaming
U05346,33,Other,Delhi,Nokia,Android,8.0,7.0,12.4,93,0.9,143,6.6,4.6,1711,Gaming
U05347,24,Other,Hyderabad,Samsung,iOS,9.7,22.1,95.3,179,0.6,5413,1.1,2.6,533,Education
U05348,42,Other,Delhi,Samsung,Android,1.8,27.6,220.8,164,0.7,4702,7.9,5.0,555,Work
U05349,49,Male,Ahmedabad,Oppo,Android,7.2,7.6,78.2,139,2.6,6083,3.2,3.3,969,Social Media
U05350,23,Female,Lucknow,Nokia,iOS,5.2,11.3,120.8,58,3.5,9724,3.7,2.5,469,Gaming
U05351,32,Male,Ahmedabad,Xiaomi,Android,7.0,15.1,122.6,168,4.2,7814,5.2,4.6,221,Education
U05352,60,Other,Chennai,Apple,Android,8.6,22.7,37.8,90,2.0,5561,1.1,0.6,987,Social Media
U05353,46,Male,Delhi,Nokia,Android,4.0,22.4,95.2,182,4.3,2828,3.5,1.9,418,Gaming
U05354,23,Female,Kolkata,Samsung,Android,11.9,32.5,205.4,15,3.0,7544,3.0,0.3,507,Work
U05355,54,Female,Jaipur,OnePlus,iOS,2.0,3.3,230.7,87,4.8,8927,6.6,1.6,1943,Entertainment
U05356,39,Other,Kolkata,Xiaomi,iOS,2.6,10.9,56.2,165,5.9,2287,5.7,2.2,1626,Education
U05357,26,Other,Kolkata,Nokia,iOS,2.2,8.4,282.8,54,3.1,4650,0.6,3.2,333,Work
U05358,18,Other,Mumbai,Realme,iOS,7.0,31.7,155.6,98,2.9,6495,3.9,4.6,154,Entertainment
U05359,18,Female,Pune,Nokia,Android,1.5,42.0,271.0,143,1.8,9182,6.5,0.7,1111,Education
U05360,43,Male,Mumbai,Oppo,iOS,5.1,7.5,134.7,172,2.4,7965,5.9,1.3,1613,Education
U05361,52,Other,Kolkata,Xiaomi,iOS,11.2,4.7,29.3,177,4.5,5427,2.8,0.4,294,Education
U05362,30,Male,Ahmedabad,Samsung,iOS,3.2,27.8,219.3,198,1.0,7512,5.3,1.7,1570,Gaming
U05363,53,Other,Bangalore,Nokia,iOS,6.6,35.0,210.8,116,5.0,8288,3.3,2.9,1931,Social Media
U05364,15,Other,Bangalore,Oppo,Android,12.0,10.2,251.7,195,4.0,5162,1.3,2.7,817,Gaming
U05365,29,Female,Bangalore,Realme,iOS,1.8,48.0,23.6,64,1.0,3538,1.4,2.9,1987,Work
U05366,31,Female,Kolkata,Google Pixel,iOS,8.2,26.8,30.7,63,3.5,4356,5.9,1.4,628,Education
U05367,33,Other,Lucknow,Motorola,iOS,6.9,40.8,287.1,86,2.1,4877,6.2,0.3,538,Education
U05368,52,Other,Chennai,Apple,iOS,4.1,46.3,221.6,173,5.8,6556,6.5,4.0,1038,Gaming
U05369,15,Other,Ahmedabad,Samsung,iOS,3.0,26.4,179.8,200,5.9,4993,7.7,3.3,1670,Social Media
U05370,43,Male,Ahmedabad,Samsung,Android,7.3,26.1,173.9,12,0.9,7429,3.7,3.1,1616,Social Media
U05371,17,Female,Delhi,Vivo,Android,4.4,31.4,55.8,106,5.1,9547,1.3,4.1,616,Education
U05372,43,Other,Lucknow,OnePlus,Android,3.1,29.5,272.7,171,2.9,3833,5.0,3.3,1412,Gaming
U05373,33,Female,Hyderabad,Xiaomi,iOS,2.6,40.3,15.1,89,5.4,8151,1.9,3.3,1897,Education
U05374,41,Female,Bangalore,Vivo,iOS,6.4,14.9,295.1,123,2.9,3003,4.6,4.2,1026,Entertainment
U05375,59,Male,Kolkata,Google Pixel,iOS,6.6,39.6,134.3,182,5.0,6406,4.1,1.3,788,Entertainment
U05376,59,Female,Jaipur,Apple,Android,9.9,33.4,208.9,106,2.2,7398,2.9,4.1,950,Work
U05377,29,Other,Hyderabad,Motorola,Android,10.5,10.7,259.4,154,3.6,5604,7.1,3.9,1093,Entertainment
U05378,42,Male,Bangalore,Motorola,Android,11.1,6.9,52.0,101,3.0,6459,3.4,3.2,199,Education
U05379,23,Other,Pune,Vivo,Android,3.0,26.9,55.5,192,5.1,7625,6.8,2.7,414,Entertainment
U05380,55,Female,Delhi,Motorola,iOS,3.3,27.6,121.4,120,3.2,1691,6.5,0.2,1596,Social Media
U05381,21,Female,Lucknow,OnePlus,Android,4.6,33.5,149.8,119,1.8,6946,4.3,3.6,1307,Work
U05382,29,Male,Delhi,OnePlus,iOS,11.0,40.9,27.1,32,3.3,819,5.6,2.4,1524,Social Media
U05383,35,Female,Delhi,Vivo,iOS,3.5,46.6,92.9,65,3.8,1391,0.7,3.8,383,Gaming
U05384,41,Male,Delhi,Apple,Android,11.2,46.0,294.7,152,3.4,3082,2.4,2.5,768,Gaming
U05385,46,Other,Kolkata,Apple,Android,9.1,46.0,211.5,63,5.9,5106,7.1,2.3,418,Gaming
U05386,18,Female,Ahmedabad,Motorola,Android,7.1,7.5,105.7,13,4.7,9852,2.9,2.8,1581,Gaming
U05387,22,Female,Delhi,Motorola,Android,10.1,27.6,92.2,118,0.9,7875,6.6,4.6,774,Work
U05388,40,Male,Delhi,Samsung,Android,10.4,29.8,78.1,193,3.9,2879,4.6,2.7,1899,Work
U05389,54,Female,Delhi,Google Pixel,iOS,7.3,23.3,204.7,163,4.8,9512,2.4,3.4,1422,Work
U05390,54,Female,Mumbai,OnePlus,Android,4.6,1.1,167.6,29,3.8,300,7.9,2.5,1830,Gaming
U05391,31,Male,Ahmedabad,Vivo,iOS,10.7,34.8,139.4,25,4.4,2886,1.2,4.2,325,Entertainment
U05392,17,Other,Hyderabad,OnePlus,Android,10.6,8.4,47.8,109,1.4,3303,7.1,5.0,491,Gaming
U05393,36,Male,Pune,OnePlus,Android,7.4,41.6,121.2,21,0.5,5857,5.2,4.6,1723,Work
U05394,48,Other,Chennai,Google Pixel,iOS,8.2,3.9,188.9,83,0.5,8420,0.6,2.3,1251,Work
U05395,51,Other,Ahmedabad,Vivo,iOS,3.9,3.0,160.1,134,5.7,681,5.9,1.0,1377,Work
U05396,52,Other,Bangalore,Vivo,iOS,1.9,23.9,279.1,185,1.0,4337,1.0,2.2,1995,Social Media
U05397,54,Male,Hyderabad,Oppo,Android,4.6,11.0,61.3,194,1.5,6285,2.6,2.0,1677,Education
U05398,43,Other,Bangalore,Google Pixel,Android,6.4,30.5,223.2,112,5.7,446,7.5,3.5,1843,Gaming
U05399,28,Female,Jaipur,Google Pixel,Android,5.7,5.6,267.3,128,3.2,1013,5.2,0.5,863,Education
U05400,24,Male,Delhi,OnePlus,iOS,3.9,10.8,120.7,81,3.1,4073,5.3,3.5,573,Education
U05401,22,Female,Kolkata,Oppo,Android,3.0,45.3,28.9,142,0.8,7728,7.1,4.8,1939,Entertainment
U05402,23,Female,Ahmedabad,Google Pixel,Android,3.6,30.8,70.9,57,5.8,3073,1.3,4.8,1637,Education
U05403,42,Other,Jaipur,Nokia,Android,11.7,38.7,297.0,77,4.4,8650,2.1,0.3,652,Work
U05404,28,Other,Chennai,Oppo,Android,11.0,41.3,66.6,133,2.1,651,3.4,1.7,579,Social Media
U05405,58,Other,Bangalore,Xiaomi,iOS,5.3,15.1,252.3,181,5.2,7060,5.4,4.1,1777,Work
U05406,23,Female,Jaipur,Google Pixel,iOS,3.4,20.1,291.7,15,1.2,3643,2.6,2.6,494,Entertainment
U05407,45,Female,Jaipur,Xiaomi,iOS,11.5,48.7,34.6,67,4.9,9029,4.7,1.9,365,Entertainment
U05408,15,Other,Pune,Nokia,Android,2.9,45.4,24.7,86,4.0,5477,3.6,2.7,1033,Entertainment
U05409,46,Male,Ahmedabad,Oppo,Android,3.4,15.9,165.5,134,1.9,5187,3.7,2.0,1822,Social Media
U05410,19,Other,Ahmedabad,Oppo,iOS,10.8,28.5,190.4,64,0.8,9032,2.0,3.7,1199,Social Media
U05411,44,Other,Pune,Realme,Android,8.1,3.8,167.4,104,0.9,9366,7.3,2.8,1486,Social Media
U05412,35,Male,Mumbai,Nokia,iOS,3.6,47.0,99.4,70,0.7,3158,6.6,3.2,1397,Social Media
U05413,19,Other,Mumbai,Nokia,Android,6.8,42.8,172.4,168,5.7,3773,4.7,2.9,1309,Education
U05414,33,Male,Chennai,Samsung,Android,10.4,8.9,200.4,122,0.8,2941,4.7,3.3,1090,Gaming
U05415,41,Other,Pune,Oppo,iOS,11.5,33.4,75.0,14,5.0,8619,0.9,3.9,514,Social Media
U05416,33,Female,Hyderabad,Xiaomi,Android,4.1,34.5,196.0,66,5.1,6205,6.9,1.2,542,Social Media
U05417,31,Other,Mumbai,Samsung,Android,10.0,13.9,260.9,166,1.5,3500,4.0,0.9,1415,Entertainment
U05418,25,Male,Chennai,OnePlus,iOS,10.3,29.7,293.1,89,1.0,6160,0.8,1.5,917,Work
U05419,37,Male,Kolkata,Oppo,iOS,2.2,34.6,114.7,152,3.7,1860,7.6,3.1,377,Education
U05420,33,Female,Chennai,Apple,iOS,6.4,8.7,85.8,43,3.2,5454,2.5,0.2,1849,Work
U05421,45,Female,Pune,Motorola,Android,1.2,29.8,251.8,23,2.0,1147,7.5,2.5,868,Gaming
U05422,56,Male,Pune,Motorola,iOS,4.3,16.9,122.5,23,2.1,9065,7.2,3.8,284,Entertainment
U05423,17,Male,Mumbai,Samsung,Android,10.5,40.5,275.3,181,4.8,7869,7.3,2.6,1500,Education
U05424,46,Female,Kolkata,Motorola,iOS,2.0,20.5,32.3,47,2.2,3042,2.4,4.2,185,Gaming
U05425,40,Female,Delhi,Google Pixel,iOS,3.5,43.0,83.0,106,3.3,1033,8.0,0.7,194,Gaming
U05426,19,Other,Kolkata,Oppo,Android,2.0,33.6,59.5,57,2.3,3361,1.0,2.1,992,Gaming
U05427,49,Male,Delhi,Vivo,iOS,6.7,9.8,187.6,134,5.8,9828,4.2,1.8,1468,Social Media
U05428,37,Male,Pune,Samsung,iOS,12.0,23.2,63.4,151,1.2,5762,4.9,4.2,441,Education
U05429,58,Male,Ahmedabad,Vivo,Android,1.7,5.3,228.0,160,3.8,7094,5.5,1.5,1148,Education
U05430,29,Female,Mumbai,Google Pixel,iOS,5.4,30.7,185.4,39,3.6,2061,6.1,4.3,747,Social Media
U05431,48,Other,Bangalore,Nokia,Android,9.0,14.0,188.1,103,3.3,6856,6.3,2.8,1314,Gaming
U05432,17,Male,Mumbai,Apple,Android,1.8,15.5,162.8,175,1.7,4871,3.9,2.6,245,Education
U05433,33,Other,Jaipur,Nokia,iOS,8.3,23.9,16.7,26,3.8,9983,4.6,3.6,253,Work
U05434,57,Male,Kolkata,Apple,Android,1.4,40.0,256.5,185,5.5,721,1.0,2.2,284,Gaming
U05435,44,Other,Ahmedabad,Samsung,Android,7.9,39.6,70.4,50,5.4,3985,0.8,0.2,1131,Social Media
U05436,55,Other,Hyderabad,Google Pixel,Android,1.9,50.0,177.4,137,5.0,375,3.0,0.9,1299,Education
U05437,35,Other,Hyderabad,Google Pixel,iOS,9.7,19.8,16.5,60,4.5,2637,4.9,0.0,459,Education
U05438,56,Male,Bangalore,Samsung,Android,3.0,26.9,98.6,117,1.4,1709,5.7,4.6,1286,Entertainment
U05439,19,Female,Chennai,Samsung,iOS,7.4,1.5,252.6,171,2.2,9257,5.3,1.4,1979,Entertainment
U05440,36,Female,Mumbai,Apple,Android,6.8,49.5,288.5,90,1.4,7273,1.2,0.2,1400,Social Media
U05441,41,Female,Jaipur,Google Pixel,iOS,4.0,38.3,192.3,170,3.6,9853,6.7,3.5,561,Social Media
U05442,46,Other,Mumbai,Apple,iOS,2.9,37.2,79.1,57,1.1,9319,0.6,4.9,1628,Social Media
U05443,17,Female,Ahmedabad,Vivo,Android,9.3,10.3,102.3,105,0.6,3938,5.1,3.3,1731,Gaming
U05444,43,Other,Mumbai,Samsung,Android,2.9,6.2,62.0,125,2.2,1759,5.4,3.3,823,Gaming
U05445,58,Male,Ahmedabad,Samsung,Android,8.8,32.7,249.1,70,1.2,5580,6.5,4.4,1871,Entertainment
U05446,35,Female,Jaipur,Google Pixel,Android,9.8,48.7,266.2,165,1.7,8396,3.4,1.8,1855,Entertainment
U05447,54,Other,Hyderabad,Oppo,iOS,4.1,33.3,113.4,122,1.0,1550,3.7,0.9,1068,Work
U05448,59,Other,Mumbai,Apple,iOS,1.7,24.6,128.6,102,4.6,2662,5.8,0.1,974,Entertainment
U05449,19,Female,Delhi,Xiaomi,iOS,10.6,31.0,86.3,161,4.4,695,6.0,4.6,1535,Entertainment
U05450,54,Female,Kolkata,Samsung,iOS,8.7,40.1,57.5,40,3.6,2489,5.9,4.8,115,Social Media
U05451,42,Male,Mumbai,Google Pixel,iOS,8.5,1.4,24.1,117,6.0,5597,0.5,0.9,506,Gaming
U05452,59,Female,Delhi,Nokia,Android,11.5,31.7,151.9,186,4.3,4605,4.2,0.4,1430,Gaming
U05453,39,Female,Delhi,Nokia,iOS,1.9,22.9,186.1,96,1.5,5896,5.4,1.8,741,Education
U05454,25,Other,Bangalore,Google Pixel,Android,5.2,48.0,101.1,197,5.9,7265,7.6,4.9,881,Education
U05455,19,Female,Bangalore,Motorola,Android,3.4,12.5,68.6,135,3.6,7156,5.2,1.5,1509,Gaming
U05456,19,Other,Delhi,Xiaomi,iOS,2.9,49.1,7.1,45,1.6,454,1.8,3.1,435,Social Media
U05457,15,Other,Ahmedabad,OnePlus,Android,5.1,29.4,117.0,61,0.5,4478,7.9,3.2,655,Gaming
U05458,30,Male,Kolkata,Vivo,Android,6.4,6.0,231.1,75,2.9,1695,5.4,4.4,1981,Entertainment
U05459,44,Male,Bangalore,Xiaomi,Android,11.5,47.1,255.6,14,0.7,3082,5.6,0.8,318,Entertainment
U05460,31,Other,Lucknow,Xiaomi,Android,5.5,34.3,22.8,20,3.7,8933,1.4,0.7,979,Social Media
U05461,40,Female,Jaipur,Xiaomi,iOS,10.7,35.0,53.7,140,1.0,8463,7.7,0.3,157,Work
U05462,51,Other,Kolkata,Apple,iOS,2.9,46.8,184.5,157,5.2,5949,7.9,1.3,1020,Social Media
U05463,37,Male,Jaipur,Xiaomi,iOS,10.9,12.1,80.8,147,3.4,2088,7.7,4.7,572,Work
U05464,49,Female,Ahmedabad,Nokia,iOS,2.7,48.7,41.1,174,3.5,3474,4.6,4.6,486,Work
U05465,56,Male,Mumbai,Vivo,iOS,4.1,28.6,266.1,192,2.7,3124,6.3,3.7,1567,Social Media
U05466,36,Other,Hyderabad,Oppo,Android,8.4,34.1,159.4,56,4.1,6442,1.2,1.2,175,Social Media
U05467,37,Other,Jaipur,Oppo,Android,8.0,43.5,99.0,191,3.0,9904,1.8,0.7,107,Entertainment
U05468,24,Other,Lucknow,OnePlus,Android,7.4,27.9,230.9,59,1.8,8461,3.9,0.7,580,Social Media
U05469,36,Female,Kolkata,Xiaomi,Android,10.2,46.2,290.4,46,3.7,5975,4.1,0.3,1137,Work
U05470,54,Male,Delhi,Google Pixel,iOS,8.7,7.3,38.5,29,3.4,248,3.0,1.7,1556,Work
U05471,56,Female,Mumbai,Google Pixel,Android,1.1,19.4,30.5,40,3.4,6097,6.8,3.5,1921,Entertainment
U05472,33,Male,Bangalore,Nokia,iOS,5.1,27.1,139.1,48,3.3,7374,5.4,4.5,996,Entertainment
U05473,52,Male,Lucknow,Vivo,Android,11.6,38.1,10.1,81,1.3,587,6.0,1.4,977,Work
U05474,52,Male,Delhi,Nokia,iOS,5.9,39.0,125.6,169,3.7,325,6.4,3.3,1622,Work
U05475,16,Male,Lucknow,Apple,iOS,2.4,10.0,128.8,104,2.0,612,2.5,0.7,358,Work
U05476,47,Other,Mumbai,Oppo,iOS,8.9,28.7,298.7,40,1.9,4166,4.3,0.4,1568,Social Media
U05477,19,Other,Bangalore,Motorola,iOS,7.9,8.0,146.0,70,5.5,3150,3.9,0.7,714,Education
U05478,46,Female,Pune,Google Pixel,Android,6.6,6.5,269.1,186,3.8,8466,4.0,4.2,1163,Gaming
U05479,31,Male,Bangalore,Realme,Android,8.7,44.9,108.9,150,3.8,1739,2.0,3.4,240,Work
U05480,59,Female,Pune,Realme,Android,4.9,6.9,194.4,141,0.8,9518,2.6,4.6,1748,Education
U05481,58,Female,Jaipur,Vivo,iOS,9.6,12.4,108.5,124,1.6,7809,1.6,0.7,1906,Social Media
U05482,30,Male,Mumbai,Google Pixel,Android,9.2,31.0,121.8,177,2.2,2020,1.8,4.5,525,Work
U05483,42,Other,Ahmedabad,Google Pixel,iOS,2.0,41.9,50.3,103,0.8,6403,7.0,2.2,1732,Social Media
U05484,56,Male,Chennai,Xiaomi,iOS,1.3,5.7,145.2,27,3.0,9167,7.2,1.4,755,Gaming
U05485,52,Other,Hyderabad,Samsung,Android,2.4,26.3,121.2,83,1.1,6235,6.0,0.7,151,Entertainment
U05486,48,Male,Mumbai,Oppo,iOS,8.5,13.5,298.7,135,4.5,2149,6.5,4.5,439,Education
U05487,36,Female,Hyderabad,Apple,Android,1.5,26.4,38.3,172,3.7,8616,6.7,1.6,505,Education
U05488,59,Other,Jaipur,Samsung,iOS,6.4,33.6,11.7,125,3.8,114,7.0,1.3,1447,Gaming
U05489,16,Female,Mumbai,Vivo,Android,11.1,14.8,291.8,23,3.8,811,7.9,3.8,595,Gaming
U05490,38,Female,Chennai,Realme,iOS,2.1,39.1,45.8,190,5.0,5259,2.3,4.1,1650,Education
U05491,60,Other,Delhi,Vivo,iOS,4.1,7.7,181.5,27,0.7,4109,6.3,4.6,1046,Entertainment
U05492,50,Male,Hyderabad,Motorola,Android,8.9,8.3,111.5,130,2.9,5242,4.6,2.2,974,Gaming
U05493,21,Other,Chennai,Apple,iOS,9.4,7.2,22.3,166,3.3,885,4.3,3.6,1524,Work
U05494,39,Other,Bangalore,Google Pixel,iOS,9.0,38.9,299.6,175,5.7,5099,6.8,3.7,327,Education
U05495,41,Male,Hyderabad,Samsung,iOS,2.0,46.0,253.3,115,2.7,4231,5.2,4.7,1209,Social Media
U05496,42,Female,Kolkata,Oppo,iOS,8.6,48.5,283.4,40,5.0,2037,1.7,2.7,1623,Entertainment
U05497,39,Other,Delhi,OnePlus,iOS,11.0,29.3,92.4,66,3.7,1394,4.7,3.5,1742,Social Media
U05498,59,Male,Pune,Samsung,iOS,8.4,47.5,192.4,176,2.1,9851,3.6,3.0,1716,Gaming
U05499,46,Male,Jaipur,Samsung,Android,10.8,27.3,31.0,174,4.9,4156,1.2,4.8,1947,Education
U05500,43,Male,Hyderabad,Google Pixel,iOS,6.7,37.4,14.3,180,3.3,7593,5.1,4.4,1661,Entertainment
U05501,28,Female,Ahmedabad,Realme,iOS,8.0,43.4,101.7,18,2.8,2239,4.4,1.7,186,Entertainment
U05502,55,Male,Pune,Vivo,Android,1.7,18.7,50.7,136,5.4,4223,5.6,3.6,921,Work
U05503,38,Male,Delhi,OnePlus,iOS,2.1,17.3,164.0,160,1.7,7472,6.6,2.6,905,Entertainment
U05504,56,Other,Chennai,Xiaomi,Android,3.9,33.5,129.8,43,1.8,6400,3.6,0.5,1291,Gaming
U05505,29,Other,Pune,Samsung,Android,3.8,42.0,79.0,48,1.5,1086,1.3,4.6,1313,Gaming
U05506,40,Male,Kolkata,Xiaomi,iOS,9.0,1.9,280.5,194,2.8,8887,5.1,1.5,148,Education
U05507,29,Other,Chennai,Vivo,iOS,1.3,11.9,56.2,94,0.9,1469,5.6,1.2,303,Work
U05508,46,Female,Hyderabad,Nokia,Android,9.7,15.8,63.1,187,5.3,1361,3.9,4.7,1502,Entertainment
U05509,54,Female,Pune,Nokia,iOS,4.6,5.5,179.6,189,0.9,3790,5.7,2.8,1812,Gaming
U05510,48,Male,Chennai,Realme,Android,11.4,2.0,229.3,107,1.2,6537,5.5,0.6,434,Social Media
U05511,42,Female,Lucknow,Realme,Android,3.4,30.4,21.1,50,4.8,572,7.7,0.0,1171,Work
U05512,48,Other,Bangalore,Samsung,iOS,5.8,42.2,145.6,168,0.8,9346,0.8,4.3,803,Entertainment
U05513,24,Male,Bangalore,Xiaomi,Android,11.3,30.3,190.0,171,5.1,9804,2.8,0.1,315,Work
U05514,43,Other,Lucknow,Oppo,Android,2.8,23.8,285.5,88,4.7,5730,2.3,2.7,995,Gaming
U05515,34,Male,Delhi,OnePlus,iOS,1.8,5.2,238.3,18,5.7,8794,4.8,0.4,391,Education
U05516,42,Female,Kolkata,OnePlus,Android,4.8,27.4,68.3,186,2.8,1627,2.4,3.6,519,Work
U05517,31,Other,Bangalore,Nokia,Android,1.1,31.5,294.3,49,0.9,697,6.8,5.0,1635,Social Media
U05518,46,Female,Bangalore,Samsung,iOS,11.4,41.9,147.3,87,3.9,497,2.3,4.9,1531,Education
U05519,55,Male,Lucknow,Realme,iOS,1.3,4.5,147.2,148,4.1,2011,6.5,2.6,104,Education
U05520,47,Male,Jaipur,Vivo,iOS,11.6,23.4,54.8,180,2.1,2452,2.7,3.3,1184,Work
U05521,33,Other,Jaipur,Google Pixel,iOS,6.0,10.1,239.0,14,3.0,9921,1.9,3.0,1303,Entertainment
U05522,44,Male,Delhi,Motorola,iOS,3.7,29.3,278.2,139,5.9,6677,3.2,0.7,754,Entertainment
U05523,20,Female,Chennai,Xiaomi,iOS,11.8,3.6,81.0,135,0.5,8148,1.1,0.8,456,Work
U05524,40,Other,Chennai,Apple,iOS,8.8,31.3,167.8,84,1.1,5245,0.8,0.5,1266,Work
U05525,55,Male,Jaipur,Realme,iOS,1.6,11.0,239.5,39,1.6,4332,3.0,2.2,294,Entertainment
U05526,18,Female,Ahmedabad,Realme,iOS,2.4,2.1,207.9,87,2.2,4916,1.5,3.5,1090,Social Media
U05527,53,Other,Bangalore,Realme,Android,1.4,18.0,231.7,69,2.4,8588,7.0,0.6,1575,Education
U05528,45,Other,Kolkata,Motorola,Android,9.8,37.8,237.8,159,2.5,1222,7.0,4.8,152,Education
U05529,40,Female,Jaipur,Xiaomi,iOS,9.3,39.9,24.0,137,1.5,2827,3.5,1.3,404,Entertainment
U05530,36,Other,Ahmedabad,Apple,Android,11.8,3.3,139.1,152,3.0,891,1.4,1.5,155,Social Media
U05531,19,Other,Chennai,Apple,iOS,7.1,35.2,229.2,34,5.9,842,6.3,3.1,212,Social Media
U05532,46,Male,Bangalore,OnePlus,Android,3.9,3.5,57.5,35,3.6,7813,5.1,1.8,1700,Gaming
U05533,35,Male,Jaipur,Motorola,Android,10.6,10.0,241.2,83,0.8,3498,3.5,0.8,1620,Education
U05534,50,Male,Chennai,Xiaomi,Android,5.4,13.4,169.5,163,2.1,8738,6.9,0.6,100,Work
U05535,46,Other,Delhi,Vivo,Android,1.7,44.9,104.5,111,4.8,5048,5.8,0.1,1156,Gaming
U05536,43,Other,Bangalore,Oppo,Android,8.6,3.3,149.4,136,1.7,8138,7.7,1.8,742,Social Media
U05537,51,Female,Hyderabad,Xiaomi,Android,1.4,40.3,132.9,140,4.7,5619,2.0,3.5,854,Work
U05538,21,Other,Delhi,Motorola,Android,9.5,19.1,109.8,128,1.9,3525,2.9,1.3,621,Gaming
U05539,16,Male,Bangalore,Apple,iOS,7.7,9.6,27.4,45,3.5,9033,7.6,0.0,1689,Work
U05540,15,Male,Mumbai,OnePlus,Android,7.4,3.2,82.0,144,2.7,669,5.6,2.3,1875,Entertainment
U05541,47,Male,Kolkata,Xiaomi,Android,7.5,35.1,24.0,163,4.6,9680,3.7,3.9,1261,Entertainment
U05542,39,Female,Ahmedabad,Samsung,Android,6.7,16.7,161.0,41,3.7,5537,6.1,1.7,1399,Education
U05543,53,Other,Ahmedabad,Motorola,Android,2.2,17.5,216.0,132,3.9,1093,6.0,4.8,490,Work
U05544,36,Other,Mumbai,Google Pixel,iOS,7.1,8.1,65.5,168,2.1,7819,6.8,3.8,393,Gaming
U05545,20,Female,Kolkata,Motorola,Android,8.9,25.2,40.5,159,1.1,9978,3.5,4.6,965,Entertainment
U05546,18,Female,Bangalore,Xiaomi,iOS,4.9,15.8,174.3,110,2.2,1752,2.1,3.9,530,Entertainment
U05547,40,Other,Kolkata,Realme,Android,6.7,31.7,23.2,180,2.0,2061,4.3,1.5,1605,Education
U05548,34,Male,Bangalore,OnePlus,Android,4.5,16.0,274.7,83,4.2,2205,4.9,2.1,1200,Entertainment
U05549,22,Female,Pune,Oppo,Android,2.3,18.6,274.9,198,2.7,7143,3.7,4.9,1135,Gaming
U05550,47,Female,Chennai,Nokia,Android,1.8,7.9,247.1,117,5.5,2687,7.4,3.8,513,Gaming
U05551,50,Other,Pune,Oppo,iOS,7.7,4.0,292.1,54,4.9,8180,5.2,4.1,193,Work
U05552,41,Male,Pune,Apple,Android,7.9,46.3,121.5,164,3.9,2579,6.6,1.6,522,Work
U05553,20,Female,Chennai,Samsung,Android,6.1,29.1,173.4,22,3.3,1024,6.1,1.9,663,Entertainment
U05554,43,Male,Jaipur,Vivo,Android,8.6,46.6,227.0,56,5.4,8317,0.8,1.9,1509,Social Media
U05555,15,Other,Ahmedabad,Vivo,Android,6.7,8.5,93.4,166,4.0,463,7.6,3.8,699,Gaming
U05556,48,Male,Jaipur,OnePlus,Android,1.3,14.2,137.8,179,2.5,2285,2.8,4.4,523,Social Media
U05557,39,Other,Pune,Xiaomi,Android,8.0,15.8,62.8,98,3.2,7736,6.1,4.0,1970,Gaming
U05558,35,Other,Hyderabad,OnePlus,iOS,7.9,4.7,207.5,25,1.4,2267,5.6,4.4,1380,Work
U05559,54,Female,Bangalore,Google Pixel,iOS,1.3,48.6,261.9,123,2.2,8522,1.5,3.1,218,Education
U05560,18,Female,Hyderabad,Oppo,iOS,5.4,31.1,16.3,191,2.0,4599,5.1,4.3,707,Gaming
U05561,50,Female,Jaipur,Oppo,Android,6.5,24.0,55.9,79,4.0,5982,5.1,2.8,593,Work
U05562,49,Male,Mumbai,OnePlus,iOS,12.0,25.8,74.4,108,4.8,9255,5.0,1.9,788,Social Media
U05563,46,Female,Jaipur,Motorola,Android,4.9,22.9,270.6,166,1.8,5336,6.9,1.4,858,Entertainment
U05564,43,Male,Bangalore,Vivo,iOS,10.9,23.2,143.3,130,5.1,2078,2.0,3.7,573,Education
U05565,16,Female,Delhi,Nokia,iOS,10.8,16.3,64.7,195,2.7,5220,0.7,0.9,1305,Social Media
U05566,31,Male,Ahmedabad,Apple,Android,4.5,35.3,287.6,124,2.9,5171,4.3,1.7,1838,Gaming
U05567,42,Other,Kolkata,Google Pixel,iOS,2.9,28.3,284.4,24,3.3,6770,6.5,2.8,1129,Social Media
U05568,22,Male,Hyderabad,Apple,Android,5.3,26.1,162.6,118,2.9,2846,2.4,1.7,1762,Gaming
U05569,55,Male,Kolkata,OnePlus,Android,12.0,25.2,170.1,102,5.1,629,2.1,0.3,1471,Education
U05570,54,Male,Kolkata,OnePlus,Android,2.3,46.2,87.8,71,2.4,4777,6.1,0.2,1142,Work
U05571,47,Male,Delhi,Motorola,Android,9.0,20.3,226.6,175,1.5,6640,2.8,2.9,144,Work
U05572,27,Female,Pune,OnePlus,Android,9.1,7.5,232.4,154,5.8,9266,1.9,0.1,1482,Entertainment
U05573,17,Other,Hyderabad,Xiaomi,iOS,3.6,24.2,271.3,35,1.6,5846,2.5,0.9,1638,Work
U05574,24,Female,Ahmedabad,OnePlus,Android,7.3,20.8,20.8,60,1.5,9406,3.1,4.9,1773,Education
U05575,18,Other,Ahmedabad,OnePlus,iOS,2.0,20.5,26.5,187,4.4,816,1.6,2.6,1567,Gaming
U05576,23,Male,Mumbai,Vivo,iOS,5.6,32.1,122.9,91,2.1,3942,5.4,0.2,1616,Entertainment
U05577,54,Male,Chennai,Vivo,iOS,3.5,32.5,147.2,50,5.1,2256,7.1,3.1,1787,Gaming
U05578,55,Male,Chennai,OnePlus,Android,5.7,1.9,148.7,60,2.8,7777,4.7,4.7,1999,Social Media
U05579,35,Male,Pune,Xiaomi,iOS,4.0,31.8,108.4,55,4.8,483,5.6,5.0,1238,Work
U05580,52,Female,Mumbai,OnePlus,Android,11.1,16.6,21.3,133,1.0,305,6.8,0.2,417,Gaming
U05581,60,Female,Kolkata,Nokia,iOS,5.4,14.4,162.0,100,4.2,8323,3.8,4.4,1983,Work
U05582,20,Female,Delhi,Vivo,Android,5.5,15.2,6.7,90,2.3,3745,2.3,4.4,1981,Work
U05583,39,Male,Delhi,Vivo,Android,1.9,30.7,182.4,152,1.3,322,0.9,1.2,390,Social Media
U05584,30,Other,Pune,OnePlus,Android,8.5,49.7,297.2,72,3.8,8558,3.7,1.5,1792,Work
U05585,19,Other,Bangalore,Xiaomi,iOS,1.2,43.3,252.3,35,3.1,8985,4.5,0.1,937,Work
U05586,42,Male,Chennai,Xiaomi,iOS,6.5,33.3,150.4,80,2.3,1205,3.3,3.8,1526,Gaming
U05587,36,Male,Hyderabad,OnePlus,Android,4.5,15.8,6.2,82,3.7,3437,2.8,2.9,1311,Entertainment
U05588,43,Other,Pune,OnePlus,iOS,1.5,45.0,118.8,45,0.8,2606,3.8,5.0,532,Work
U05589,45,Other,Mumbai,Nokia,iOS,4.0,36.4,244.2,50,5.5,6710,2.7,1.0,306,Education
U05590,18,Other,Mumbai,Google Pixel,iOS,4.0,43.9,261.4,75,2.8,7233,1.2,1.8,528,Entertainment
U05591,38,Female,Jaipur,Vivo,iOS,7.7,41.7,159.3,103,4.5,8189,7.2,3.0,1062,Education
U05592,54,Female,Lucknow,Apple,iOS,5.0,7.8,47.4,16,5.5,8943,0.9,1.4,484,Gaming
U05593,45,Other,Chennai,Vivo,Android,3.0,26.1,110.4,116,2.8,4371,5.4,3.7,1708,Social Media
U05594,18,Other,Jaipur,Apple,Android,4.0,3.4,231.5,37,5.4,482,4.5,0.2,1215,Social Media
U05595,42,Female,Ahmedabad,Nokia,Android,5.0,7.1,184.4,41,2.1,848,1.3,1.6,1722,Education
U05596,48,Male,Kolkata,Motorola,iOS,11.8,42.5,282.5,126,1.4,450,3.9,3.2,770,Gaming
U05597,45,Other,Bangalore,Google Pixel,Android,11.8,12.1,279.1,102,1.8,1917,1.8,2.7,329,Social Media
U05598,29,Female,Bangalore,Xiaomi,Android,5.7,22.4,200.6,194,6.0,7787,7.5,4.3,1148,Social Media
U05599,24,Other,Mumbai,Samsung,Android,1.2,7.2,248.9,183,5.9,8968,4.5,4.2,975,Work
U05600,34,Female,Jaipur,Realme,iOS,5.4,38.1,209.0,129,4.8,2676,4.6,3.9,734,Social Media
U05601,18,Male,Delhi,Google Pixel,iOS,3.4,32.4,236.1,42,1.8,3219,7.4,1.3,915,Education
U05602,22,Male,Hyderabad,Xiaomi,iOS,10.6,31.6,115.3,190,1.8,1438,6.4,4.1,1996,Gaming
U05603,46,Female,Ahmedabad,OnePlus,iOS,4.2,7.1,91.5,136,1.4,6110,6.6,4.9,647,Entertainment
U05604,47,Other,Pune,Xiaomi,iOS,5.7,24.0,216.3,27,1.5,2362,0.8,0.5,766,Entertainment
U05605,48,Female,Kolkata,Samsung,Android,10.7,41.8,287.1,136,5.2,2331,5.8,2.9,1920,Gaming
U05606,24,Other,Lucknow,Samsung,Android,1.2,23.9,95.4,106,0.8,9823,1.3,4.6,528,Gaming
U05607,23,Male,Hyderabad,Nokia,Android,4.1,19.4,231.0,48,1.0,7989,4.3,4.4,1406,Gaming
U05608,18,Female,Jaipur,Oppo,iOS,3.8,28.3,208.2,114,5.9,6299,7.3,1.1,1420,Work
U05609,53,Female,Bangalore,Nokia,iOS,5.9,39.0,146.6,168,4.3,5497,4.5,4.7,1439,Education
U05610,59,Other,Lucknow,Motorola,Android,10.8,2.9,50.1,177,4.2,8504,7.8,4.2,1774,Entertainment
U05611,46,Female,Kolkata,Vivo,Android,9.2,16.4,84.0,64,3.7,788,1.4,4.1,980,Social Media
U05612,51,Other,Jaipur,Samsung,iOS,8.7,9.1,42.6,94,4.5,1368,7.2,4.1,1422,Work
U05613,29,Female,Lucknow,Vivo,Android,9.6,49.1,288.1,80,4.4,8573,3.5,4.8,983,Entertainment
U05614,51,Male,Ahmedabad,Motorola,Android,5.7,19.5,215.5,100,3.8,9629,3.8,4.9,134,Entertainment
U05615,19,Other,Jaipur,Google Pixel,iOS,7.9,23.6,230.0,40,1.3,800,4.5,0.2,1948,Education
U05616,28,Female,Jaipur,Apple,Android,7.7,6.6,242.6,25,4.6,1824,8.0,3.9,274,Work
U05617,19,Female,Jaipur,Xiaomi,Android,10.6,3.4,244.1,167,1.1,5223,2.7,2.9,630,Work
U05618,36,Male,Lucknow,Motorola,Android,8.8,1.1,167.3,117,5.4,8020,0.9,0.3,1791,Education
U05619,16,Female,Lucknow,Vivo,iOS,8.5,10.7,139.3,58,5.7,8261,7.5,3.6,768,Social Media
U05620,15,Other,Kolkata,Oppo,iOS,10.8,39.6,70.6,141,5.9,7669,2.9,3.6,577,Gaming
U05621,21,Other,Lucknow,Apple,Android,8.6,30.0,280.5,138,3.0,8961,5.7,1.2,1017,Work
U05622,16,Female,Delhi,Oppo,Android,3.8,30.7,6.3,144,4.7,1721,1.7,3.1,363,Social Media
U05623,36,Other,Pune,Vivo,iOS,8.2,11.6,297.0,115,5.7,1844,7.3,1.1,1866,Work
U05624,38,Female,Pune,Xiaomi,iOS,5.1,4.5,36.3,130,0.7,688,5.3,2.9,1542,Social Media
U05625,43,Male,Pune,Xiaomi,Android,1.1,2.1,61.1,63,1.1,4393,6.9,1.8,262,Entertainment
U05626,53,Female,Bangalore,Vivo,Android,3.7,47.0,117.4,152,3.1,7828,4.5,4.2,998,Gaming
U05627,40,Other,Hyderabad,Realme,iOS,6.3,1.6,102.5,104,1.5,3588,6.0,2.1,587,Entertainment
U05628,39,Other,Kolkata,Samsung,iOS,8.1,15.8,255.9,102,4.3,4702,5.0,4.5,381,Education
U05629,56,Other,Delhi,OnePlus,iOS,1.3,17.3,240.2,116,2.8,9406,1.3,1.8,599,Social Media
U05630,38,Female,Lucknow,Xiaomi,Android,4.7,28.3,263.4,40,2.8,3097,4.7,4.9,1414,Work
U05631,58,Other,Jaipur,Realme,iOS,9.8,48.8,178.9,169,5.2,9223,5.6,0.7,1011,Entertainment
U05632,17,Male,Bangalore,Apple,iOS,6.5,12.8,222.8,104,5.3,9247,2.0,4.4,1718,Education
U05633,35,Other,Mumbai,Xiaomi,iOS,7.1,31.2,146.1,160,3.2,4669,4.7,3.0,1543,Social Media
U05634,35,Other,Mumbai,Nokia,Android,5.7,29.9,206.6,139,2.2,4980,1.4,1.5,1654,Work
U05635,52,Female,Bangalore,Realme,Android,11.7,47.2,33.8,157,1.6,3708,5.1,1.0,1331,Entertainment
U05636,38,Male,Hyderabad,Oppo,iOS,7.6,19.1,297.9,30,5.3,2459,3.2,1.1,725,Education
U05637,29,Male,Delhi,Oppo,iOS,3.9,9.4,9.2,64,5.8,771,1.5,3.2,1554,Education
U05638,47,Other,Lucknow,Realme,Android,9.7,40.8,82.4,159,5.7,5980,6.9,1.8,1536,Work
U05639,47,Male,Jaipur,Realme,iOS,3.6,40.2,134.2,88,4.2,1843,8.0,0.9,1870,Social Media
U05640,53,Male,Pune,Google Pixel,Android,3.4,5.7,250.4,152,2.4,4930,5.8,1.8,376,Gaming
U05641,23,Female,Lucknow,Realme,Android,3.0,43.7,133.9,127,5.6,8383,7.5,0.2,951,Entertainment
U05642,32,Male,Pune,Vivo,Android,10.6,36.1,33.2,12,4.0,4912,7.3,1.0,1335,Entertainment
U05643,19,Female,Kolkata,Nokia,iOS,11.9,3.0,257.0,155,5.5,732,4.2,2.7,823,Social Media
U05644,23,Male,Lucknow,OnePlus,Android,8.5,36.6,137.5,159,0.8,6617,6.6,3.3,1449,Social Media
U05645,47,Female,Pune,Oppo,iOS,11.9,36.8,255.1,101,3.7,6883,4.5,0.6,411,Social Media
U05646,33,Female,Kolkata,Nokia,iOS,5.2,10.8,193.9,188,3.6,6484,6.9,2.3,1451,Education
U05647,17,Other,Kolkata,Xiaomi,iOS,2.9,38.1,161.0,197,0.7,2071,5.0,3.9,824,Work
U05648,35,Female,Delhi,OnePlus,Android,10.8,1.9,84.5,103,3.3,9754,2.6,1.2,714,Gaming
U05649,29,Male,Delhi,Motorola,iOS,10.0,49.4,39.6,144,5.0,5627,6.3,4.8,1605,Entertainment
U05650,27,Female,Ahmedabad,Nokia,Android,1.4,9.8,153.0,156,5.5,2967,2.2,3.8,1619,Work
U05651,30,Male,Hyderabad,Google Pixel,Android,1.6,44.3,43.8,144,1.5,1938,4.6,4.3,534,Gaming
U05652,17,Female,Hyderabad,Motorola,iOS,4.0,45.3,285.8,136,4.7,1072,7.0,2.4,1864,Entertainment
U05653,26,Male,Hyderabad,Vivo,iOS,4.3,34.6,201.2,102,1.5,8538,6.2,3.6,694,Entertainment
U05654,23,Female,Mumbai,Nokia,iOS,1.7,44.0,32.9,31,3.9,4538,5.7,3.0,1082,Education
U05655,28,Female,Lucknow,Xiaomi,Android,2.9,22.7,69.6,198,1.1,4544,2.2,0.1,415,Gaming
U05656,32,Female,Ahmedabad,Xiaomi,iOS,4.3,14.2,75.3,136,6.0,8281,0.6,0.1,1898,Education
U05657,21,Female,Pune,Nokia,iOS,2.0,25.4,286.9,44,1.8,9949,7.2,4.0,1571,Work
U05658,18,Female,Pune,Xiaomi,Android,10.2,47.7,266.4,85,3.1,9296,0.6,2.4,1345,Entertainment
U05659,27,Male,Hyderabad,Apple,Android,6.2,22.0,11.4,23,5.8,6165,4.0,1.7,1286,Entertainment
U05660,49,Female,Delhi,Xiaomi,Android,5.4,47.3,102.3,41,3.9,1018,0.7,4.1,1931,Entertainment
U05661,33,Female,Ahmedabad,Xiaomi,Android,10.2,22.9,52.6,40,5.8,9061,6.6,3.9,1586,Work
U05662,52,Male,Delhi,Xiaomi,Android,3.2,41.8,254.5,158,5.2,3134,3.1,3.2,348,Entertainment
U05663,27,Other,Chennai,OnePlus,Android,6.8,17.2,70.8,49,2.3,3546,7.7,2.7,1392,Work
U05664,60,Other,Hyderabad,Samsung,Android,5.3,21.1,268.2,18,4.8,2946,1.4,1.6,616,Education
U05665,26,Male,Delhi,Motorola,Android,7.8,43.0,11.3,97,5.5,8156,0.7,4.6,1985,Social Media
U05666,21,Male,Ahmedabad,Apple,iOS,1.4,25.0,13.9,185,0.6,7461,3.0,1.5,1332,Gaming
U05667,59,Female,Chennai,Realme,iOS,4.3,15.9,244.1,29,5.1,1844,4.2,4.8,920,Entertainment
U05668,21,Male,Kolkata,Xiaomi,iOS,2.6,49.0,25.2,167,1.9,3527,8.0,4.4,1902,Social Media
U05669,59,Male,Lucknow,Nokia,iOS,6.9,29.4,59.4,119,2.4,8656,2.5,1.8,1227,Education
U05670,56,Other,Chennai,Apple,iOS,1.7,49.2,49.9,169,4.8,1279,6.4,0.2,1983,Work
U05671,37,Male,Mumbai,Google Pixel,Android,5.0,18.7,128.7,83,5.4,8376,6.0,1.5,858,Entertainment
U05672,17,Male,Kolkata,Google Pixel,iOS,3.0,45.4,49.4,15,4.8,2379,0.5,4.6,679,Education
U05673,28,Male,Jaipur,Nokia,Android,5.7,37.5,161.1,160,4.8,6815,6.9,4.3,801,Entertainment
U05674,37,Male,Chennai,Apple,Android,9.1,37.0,43.2,11,6.0,2320,6.5,3.7,1063,Gaming
U05675,32,Female,Lucknow,Samsung,Android,3.6,12.2,25.6,122,3.1,5467,1.5,1.0,1423,Work
U05676,60,Male,Lucknow,Samsung,Android,3.5,35.6,126.5,14,0.6,7731,1.0,1.8,1980,Entertainment
U05677,28,Female,Kolkata,OnePlus,iOS,10.9,27.6,27.6,194,3.7,2758,2.8,0.0,1589,Social Media
U05678,40,Female,Kolkata,Xiaomi,Android,7.8,43.8,113.9,145,1.7,3526,5.2,3.2,944,Gaming
U05679,46,Male,Hyderabad,Oppo,iOS,9.6,22.8,130.1,65,3.0,9444,0.5,3.9,809,Entertainment
U05680,54,Other,Delhi,Nokia,Android,6.3,44.4,50.0,92,3.3,6559,2.7,2.3,146,Gaming
U05681,30,Male,Lucknow,Samsung,iOS,6.9,7.7,60.1,140,0.6,4543,1.7,2.3,1350,Entertainment
U05682,17,Male,Jaipur,Realme,iOS,9.3,31.1,32.1,144,2.4,1961,2.1,4.6,1168,Gaming
U05683,23,Male,Ahmedabad,Xiaomi,Android,1.4,24.1,160.8,68,0.5,9777,3.5,2.9,966,Entertainment
U05684,38,Other,Pune,Vivo,iOS,6.8,38.1,195.8,153,3.9,5017,3.2,4.6,1291,Entertainment
U05685,26,Male,Ahmedabad,Apple,Android,4.1,48.4,187.9,172,1.9,8177,2.8,0.7,240,Social Media
U05686,58,Female,Delhi,Xiaomi,iOS,5.1,25.5,213.2,26,2.4,4404,3.2,0.3,669,Social Media
U05687,26,Male,Bangalore,Xiaomi,iOS,10.4,17.8,32.4,27,2.7,5549,1.9,2.3,1716,Gaming
U05688,54,Male,Bangalore,Nokia,iOS,6.5,27.9,193.8,182,1.5,8418,5.8,1.8,1840,Gaming
U05689,21,Male,Jaipur,Vivo,iOS,5.7,43.3,251.2,11,2.7,1570,3.7,2.7,1272,Entertainment
U05690,32,Other,Jaipur,Vivo,iOS,4.8,33.8,97.6,14,1.6,9156,1.3,3.2,515,Gaming
U05691,50,Other,Pune,Motorola,Android,10.5,12.0,212.5,64,5.6,8968,5.5,1.9,1411,Education
U05692,41,Male,Pune,OnePlus,Android,11.6,43.7,295.0,57,3.2,2691,4.3,1.8,1926,Entertainment
U05693,20,Other,Kolkata,Nokia,Android,9.7,34.7,167.7,181,1.3,2656,3.1,0.9,1642,Social Media
U05694,44,Male,Kolkata,Nokia,Android,2.7,16.8,148.2,94,3.7,9500,5.0,2.3,1971,Social Media
U05695,54,Male,Lucknow,Samsung,iOS,6.7,1.9,190.2,65,1.0,6769,0.6,0.5,918,Work
U05696,56,Male,Mumbai,Vivo,iOS,2.2,48.6,195.4,116,1.2,6949,4.7,2.5,1309,Social Media
U05697,30,Other,Hyderabad,OnePlus,iOS,7.5,43.1,62.5,186,1.1,5368,4.6,4.3,1829,Entertainment
U05698,50,Female,Bangalore,Motorola,iOS,10.9,7.7,53.4,189,2.1,3676,4.9,4.8,785,Social Media
U05699,24,Other,Jaipur,Xiaomi,Android,7.5,44.4,197.1,103,4.0,4741,1.5,1.8,1046,Gaming
U05700,19,Male,Pune,Realme,iOS,7.5,6.3,171.6,46,0.9,307,5.7,1.2,666,Education
U05701,57,Male,Kolkata,Xiaomi,Android,2.2,27.0,294.2,32,4.0,6517,2.4,0.3,1156,Education
U05702,20,Other,Kolkata,Google Pixel,Android,9.0,2.4,207.9,130,2.5,2330,3.0,0.5,375,Entertainment
U05703,56,Other,Lucknow,Samsung,iOS,7.5,10.4,255.6,145,1.1,5123,4.5,0.2,1879,Education
U05704,27,Other,Hyderabad,Motorola,Android,8.9,40.7,58.9,139,5.7,6543,4.1,4.1,138,Entertainment
U05705,54,Male,Pune,OnePlus,Android,11.7,23.5,219.7,68,1.7,6884,7.8,1.5,109,Work
U05706,56,Female,Ahmedabad,Xiaomi,iOS,2.5,45.1,129.8,99,4.0,6631,5.6,2.9,1901,Gaming
U05707,49,Male,Kolkata,Nokia,iOS,8.7,40.8,266.5,46,4.6,4392,5.4,3.1,130,Social Media
U05708,54,Female,Jaipur,Apple,iOS,4.1,45.5,101.0,99,5.2,9579,5.6,3.2,1331,Work
U05709,38,Female,Mumbai,Nokia,Android,10.3,15.6,138.8,110,4.9,1236,7.3,2.4,187,Social Media
U05710,50,Male,Chennai,Apple,Android,7.0,22.2,116.0,12,2.9,4141,4.1,3.3,943,Education
U05711,24,Male,Bangalore,OnePlus,Android,8.2,38.7,56.3,126,2.8,9653,1.3,0.2,658,Work
U05712,60,Male,Chennai,Nokia,Android,10.0,23.2,219.3,17,3.9,7288,4.5,4.5,1802,Education
U05713,23,Male,Pune,Nokia,iOS,4.7,45.9,113.1,35,2.5,5698,4.2,2.9,1428,Social Media
U05714,28,Other,Jaipur,Oppo,Android,7.7,21.1,279.1,47,4.1,7578,6.5,0.4,1679,Gaming
U05715,32,Female,Pune,Realme,iOS,3.6,47.5,263.2,176,3.8,6172,6.9,4.0,1989,Gaming
U05716,39,Other,Mumbai,Google Pixel,iOS,2.3,33.4,242.9,195,1.5,5130,7.7,2.6,1537,Entertainment
U05717,39,Male,Pune,Samsung,iOS,11.5,45.4,216.1,184,2.3,7244,7.6,0.1,676,Social Media
U05718,59,Male,Lucknow,Xiaomi,iOS,6.5,6.2,195.0,49,5.3,997,0.6,5.0,1746,Gaming
U05719,27,Other,Hyderabad,Motorola,iOS,5.0,8.8,292.3,142,5.6,8008,4.6,3.4,1924,Entertainment
U05720,49,Male,Mumbai,OnePlus,iOS,2.6,4.1,242.8,158,2.4,6543,2.7,4.8,320,Work
U05721,60,Male,Lucknow,Vivo,iOS,6.9,40.7,116.9,151,1.7,1265,0.9,1.4,399,Gaming
U05722,50,Female,Pune,Apple,Android,8.7,8.2,299.7,51,3.0,5430,5.1,4.6,774,Work
U05723,24,Male,Bangalore,Apple,iOS,6.5,17.6,74.0,90,0.8,4799,3.8,3.4,998,Social Media
U05724,23,Male,Kolkata,Realme,iOS,7.7,28.2,169.4,175,1.9,4367,3.0,4.5,1561,Social Media
U05725,22,Other,Delhi,Motorola,iOS,9.0,47.3,81.6,70,0.6,6978,7.7,1.8,1740,Work
U05726,27,Other,Delhi,Vivo,Android,2.0,17.6,32.4,179,4.7,5736,7.4,4.6,1094,Social Media
U05727,21,Male,Jaipur,Vivo,iOS,8.8,3.1,268.5,59,4.3,2760,5.2,0.3,1646,Education
U05728,39,Male,Lucknow,Vivo,iOS,1.3,9.4,70.2,111,3.5,3875,0.6,1.4,1416,Work
U05729,40,Female,Mumbai,Samsung,iOS,3.8,15.1,192.7,12,2.4,7757,5.3,4.1,558,Entertainment
U05730,15,Female,Kolkata,Vivo,iOS,7.1,8.7,47.9,88,0.9,402,4.4,2.7,1868,Social Media
U05731,58,Female,Delhi,Google Pixel,iOS,9.7,38.8,286.5,177,0.7,7088,5.0,0.3,602,Entertainment
U05732,52,Male,Bangalore,Oppo,Android,7.2,23.2,176.6,174,2.7,2705,1.6,2.7,1211,Gaming
U05733,51,Other,Ahmedabad,Vivo,iOS,5.4,9.0,223.4,111,5.4,4049,1.1,4.8,1273,Gaming
U05734,27,Female,Pune,Vivo,Android,1.7,44.9,274.2,111,4.1,881,2.4,2.8,1452,Gaming
U05735,27,Male,Chennai,Motorola,iOS,6.2,6.6,272.7,143,2.1,6054,7.2,3.4,1644,Gaming
U05736,43,Male,Delhi,Nokia,Android,1.7,32.6,214.5,122,5.5,3500,1.6,1.7,367,Entertainment
U05737,27,Female,Jaipur,Xiaomi,iOS,5.8,27.7,105.7,85,1.6,9078,7.6,0.6,448,Gaming
U05738,44,Other,Jaipur,Apple,Android,7.8,30.1,291.7,154,1.6,7310,4.6,1.9,420,Gaming
U05739,59,Other,Bangalore,Xiaomi,iOS,6.4,22.6,34.0,156,1.7,4535,2.5,2.0,1764,Social Media
U05740,31,Other,Bangalore,Motorola,iOS,5.2,45.0,171.8,47,4.8,1386,1.4,4.4,823,Work
U05741,35,Other,Jaipur,Google Pixel,Android,9.8,19.0,218.5,25,4.4,296,4.8,4.0,563,Work
U05742,30,Male,Kolkata,Motorola,iOS,1.7,2.1,240.1,42,4.0,3521,5.9,4.4,584,Education
U05743,59,Other,Jaipur,Oppo,iOS,10.5,49.1,94.7,178,0.8,574,7.6,4.7,269,Gaming
U05744,35,Other,Bangalore,Apple,Android,3.2,49.9,94.0,88,4.4,4366,3.5,2.1,854,Gaming
U05745,52,Male,Hyderabad,Motorola,iOS,8.7,21.8,154.8,114,3.9,4669,4.1,4.9,204,Education
U05746,46,Female,Hyderabad,Google Pixel,iOS,8.0,27.2,223.1,54,2.2,5006,2.9,0.9,1728,Education
U05747,47,Male,Chennai,Vivo,Android,6.9,21.4,271.6,147,1.7,8858,2.8,3.9,1949,Gaming
U05748,58,Female,Lucknow,Xiaomi,Android,3.7,12.8,189.0,59,2.1,4507,7.9,0.5,153,Education
U05749,51,Other,Pune,Realme,Android,5.6,28.3,101.9,15,1.0,7635,3.2,3.1,771,Entertainment
U05750,32,Male,Jaipur,Google Pixel,Android,8.8,45.7,58.4,139,4.6,3049,7.9,1.3,492,Education
U05751,25,Male,Lucknow,Oppo,iOS,6.1,34.6,207.3,127,5.7,1911,1.1,0.3,867,Social Media
U05752,30,Male,Jaipur,Samsung,Android,9.3,5.9,33.2,106,4.2,6997,0.8,1.0,1518,Work
U05753,17,Female,Lucknow,Vivo,Android,4.8,24.6,184.5,41,2.1,4166,6.0,4.9,768,Entertainment
U05754,33,Female,Mumbai,Vivo,Android,9.2,24.9,85.6,55,2.0,2072,7.4,2.1,163,Education
U05755,34,Other,Hyderabad,Samsung,iOS,8.9,13.6,72.0,71,1.9,3598,6.7,5.0,1636,Entertainment
U05756,60,Male,Hyderabad,Xiaomi,Android,1.9,42.0,46.9,40,2.2,6941,7.2,4.6,818,Entertainment
U05757,31,Female,Mumbai,Nokia,Android,6.6,6.7,294.6,115,2.7,8458,4.9,0.8,747,Work
U05758,55,Other,Kolkata,Motorola,Android,4.4,41.5,190.3,88,5.6,4202,4.2,4.5,510,Work
U05759,54,Male,Jaipur,Google Pixel,Android,7.7,7.7,93.0,44,5.8,1898,4.2,0.7,795,Gaming
U05760,44,Female,Chennai,Realme,iOS,6.5,18.9,133.5,69,4.7,4789,2.8,2.4,1988,Entertainment
U05761,22,Female,Chennai,Vivo,Android,2.8,19.8,295.7,76,3.8,2107,0.9,4.6,1481,Social Media
U05762,19,Other,Chennai,Apple,Android,10.2,10.7,107.7,73,2.9,6770,3.8,1.3,886,Social Media
U05763,44,Other,Hyderabad,Apple,iOS,4.2,3.0,286.8,29,1.0,7007,3.7,0.7,409,Gaming
U05764,51,Male,Hyderabad,Apple,Android,8.9,15.6,234.8,159,0.6,7332,4.5,0.8,735,Entertainment
U05765,28,Other,Hyderabad,Nokia,Android,6.0,38.0,212.6,74,4.3,2675,6.9,2.8,120,Work
U05766,37,Male,Chennai,Apple,Android,9.1,13.6,100.2,47,5.8,9922,3.5,1.0,121,Education
U05767,36,Female,Jaipur,Oppo,Android,1.9,7.6,236.9,38,2.4,3506,4.5,2.5,604,Education
U05768,47,Female,Jaipur,Xiaomi,Android,10.3,33.5,79.0,199,5.9,2967,5.1,3.0,1787,Social Media
U05769,50,Other,Kolkata,OnePlus,Android,8.5,5.4,186.5,96,1.9,9532,7.6,3.2,710,Social Media
U05770,58,Other,Mumbai,Apple,iOS,2.7,35.4,40.6,82,2.0,3872,7.1,1.9,1232,Work
U05771,25,Female,Mumbai,Xiaomi,iOS,1.5,6.0,123.9,168,3.0,214,7.1,1.5,1529,Work
U05772,45,Female,Ahmedabad,Samsung,Android,6.4,47.0,72.9,136,4.0,8595,3.0,3.7,1235,Work
U05773,16,Male,Delhi,Apple,Android,9.0,5.6,268.8,37,0.6,5654,3.0,1.1,1509,Entertainment
U05774,58,Other,Delhi,Vivo,Android,8.1,10.4,208.2,12,1.4,3481,4.8,2.6,1333,Entertainment
U05775,24,Other,Ahmedabad,Vivo,iOS,1.4,3.7,243.2,187,3.0,8030,0.8,3.2,1062,Gaming
U05776,29,Female,Mumbai,Apple,Android,5.5,11.8,279.3,33,5.1,143,6.6,0.8,1980,Entertainment
U05777,16,Male,Hyderabad,Vivo,Android,8.8,26.1,196.5,23,2.7,6981,1.3,4.3,330,Entertainment
U05778,30,Female,Mumbai,Apple,Android,11.0,39.9,237.4,60,1.5,528,5.6,4.3,1859,Social Media
U05779,36,Other,Jaipur,Samsung,Android,8.5,22.5,109.1,99,0.9,5996,2.4,1.6,651,Gaming
U05780,23,Female,Ahmedabad,OnePlus,iOS,5.0,7.2,269.1,27,5.9,5166,7.6,0.6,1373,Work
U05781,46,Female,Lucknow,Vivo,iOS,9.5,3.7,56.3,125,3.2,5264,7.7,4.5,896,Work
U05782,59,Male,Hyderabad,Google Pixel,iOS,1.3,38.6,252.6,53,4.4,5112,7.3,4.5,920,Gaming
U05783,56,Other,Lucknow,Samsung,Android,4.1,9.6,22.5,66,2.0,3282,1.4,3.2,1426,Social Media
U05784,50,Female,Ahmedabad,Realme,Android,11.8,11.2,101.3,63,5.6,9921,5.5,2.1,1703,Education
U05785,28,Male,Delhi,Samsung,iOS,10.9,34.7,19.0,164,4.3,2076,1.8,0.2,1947,Work
U05786,28,Male,Mumbai,Oppo,Android,9.8,49.6,22.9,135,3.9,3202,1.2,0.9,214,Entertainment
U05787,19,Male,Ahmedabad,Oppo,iOS,11.3,15.1,14.6,17,3.9,1694,6.0,0.1,1648,Social Media
U05788,23,Female,Hyderabad,Apple,iOS,2.4,49.0,145.6,200,3.6,1660,6.7,0.9,635,Education
U05789,45,Other,Chennai,Motorola,Android,10.9,34.1,62.3,19,1.5,2847,7.0,1.2,1629,Work
U05790,51,Male,Mumbai,OnePlus,Android,12.0,13.6,53.0,175,1.1,2511,3.9,3.1,1510,Work
U05791,20,Female,Chennai,Nokia,iOS,4.8,4.4,220.6,199,2.4,1005,3.9,1.5,1628,Education
U05792,47,Male,Ahmedabad,Oppo,iOS,11.5,2.4,52.4,45,4.3,5401,1.8,0.5,1802,Entertainment
U05793,50,Male,Ahmedabad,Realme,iOS,11.5,42.3,57.5,99,3.6,9470,1.4,4.5,1708,Education
U05794,15,Female,Jaipur,OnePlus,Android,7.9,40.0,291.5,156,3.8,6232,1.7,4.4,1792,Education
U05795,29,Female,Mumbai,OnePlus,iOS,5.3,41.8,99.6,14,4.8,3181,6.5,2.5,1554,Work
U05796,47,Female,Bangalore,OnePlus,Android,5.7,36.8,259.6,198,1.9,2262,6.3,3.5,1477,Gaming
U05797,44,Other,Bangalore,Google Pixel,Android,4.4,34.3,273.4,133,2.6,4478,1.9,1.7,185,Social Media
U05798,38,Other,Delhi,Nokia,iOS,9.0,17.9,174.8,169,0.7,7637,0.5,0.7,737,Entertainment
U05799,52,Male,Kolkata,Oppo,iOS,3.7,16.6,224.7,119,4.6,2421,8.0,3.8,957,Education
U05800,28,Other,Lucknow,Realme,Android,11.8,36.1,14.0,69,1.9,2952,7.3,1.4,1913,Entertainment
U05801,20,Other,Jaipur,Nokia,iOS,7.4,43.8,76.8,182,3.5,524,2.5,2.1,799,Work
U05802,40,Female,Pune,Nokia,Android,8.0,44.9,229.7,60,2.9,4606,1.8,3.5,1279,Work
U05803,34,Male,Hyderabad,Oppo,Android,1.5,23.7,283.3,40,4.6,7496,5.2,3.4,808,Social Media
U05804,37,Other,Mumbai,Motorola,iOS,7.1,6.4,242.6,179,4.7,1197,7.9,1.1,164,Gaming
U05805,40,Other,Jaipur,Realme,Android,2.4,39.1,28.3,156,2.4,4792,7.2,2.4,719,Entertainment
U05806,45,Other,Delhi,Oppo,Android,9.0,3.4,147.2,66,2.6,9898,5.8,3.1,1457,Gaming
U05807,42,Other,Hyderabad,Samsung,iOS,5.3,10.4,43.7,110,0.7,3543,0.9,0.4,617,Entertainment
U05808,42,Female,Chennai,Apple,Android,1.9,24.5,207.2,173,4.1,9030,2.4,0.2,936,Education
U05809,53,Male,Hyderabad,Apple,Android,10.3,27.3,273.0,47,1.1,6373,4.3,4.3,1682,Social Media
U05810,51,Other,Lucknow,Samsung,Android,6.5,23.6,283.1,187,3.1,9144,4.7,2.8,588,Gaming
U05811,19,Female,Bangalore,Samsung,iOS,8.3,28.2,164.4,154,2.0,895,6.1,2.1,1217,Education
U05812,58,Female,Delhi,Apple,Android,2.6,33.1,223.5,92,0.5,9044,3.0,2.8,196,Gaming
U05813,52,Male,Pune,Motorola,iOS,6.9,27.2,122.8,148,3.2,5413,5.2,0.3,1729,Education
U05814,18,Male,Mumbai,Apple,iOS,4.5,37.1,31.0,53,5.6,7606,2.2,1.4,1604,Gaming
U05815,53,Other,Mumbai,Samsung,Android,6.0,18.2,140.0,118,2.2,5655,0.9,0.3,1491,Gaming
U05816,51,Male,Lucknow,Xiaomi,iOS,1.2,5.8,50.5,33,4.2,4367,1.0,1.6,1046,Education
U05817,22,Female,Pune,Xiaomi,Android,2.8,6.7,84.0,132,0.7,8879,2.6,0.2,1623,Gaming
U05818,53,Other,Chennai,Vivo,Android,3.6,7.6,255.3,153,4.9,2700,0.5,2.5,1911,Education
U05819,27,Male,Hyderabad,Samsung,Android,2.2,2.5,118.6,123,1.6,8497,5.3,4.5,481,Entertainment
U05820,40,Male,Hyderabad,Google Pixel,iOS,1.8,35.3,251.6,20,3.6,8192,4.5,2.8,1075,Education
U05821,49,Female,Kolkata,OnePlus,Android,2.9,1.3,264.2,151,3.0,8136,7.8,3.6,1413,Work
U05822,18,Male,Bangalore,Xiaomi,Android,11.6,30.4,193.5,115,4.4,647,7.9,3.0,1788,Education
U05823,36,Female,Ahmedabad,Google Pixel,Android,6.4,17.2,82.3,189,5.6,4149,3.7,1.9,1429,Social Media
U05824,28,Other,Mumbai,Vivo,iOS,1.9,45.8,98.6,31,3.4,786,5.2,4.3,1833,Work
U05825,24,Other,Mumbai,Samsung,Android,1.6,24.0,244.6,191,5.5,3264,6.7,2.9,414,Entertainment
U05826,39,Male,Kolkata,OnePlus,Android,7.5,25.4,66.8,145,4.3,6495,0.7,4.3,809,Entertainment
U05827,22,Female,Hyderabad,Nokia,Android,5.6,24.0,223.0,63,1.7,146,3.3,3.8,374,Education
U05828,57,Male,Bangalore,Nokia,Android,6.1,28.0,79.0,66,1.1,5730,6.3,2.4,166,Social Media
U05829,34,Other,Lucknow,Realme,iOS,1.1,40.7,170.6,155,2.8,2295,4.7,5.0,100,Education
U05830,57,Other,Chennai,Apple,iOS,9.0,10.2,71.1,177,4.9,7766,0.6,4.1,275,Entertainment
U05831,21,Female,Hyderabad,Motorola,Android,11.8,43.9,222.4,62,3.7,1207,6.0,0.1,720,Entertainment
U05832,34,Male,Jaipur,Motorola,iOS,9.0,8.0,284.2,72,2.5,4881,4.2,3.5,292,Social Media
U05833,17,Female,Pune,Vivo,iOS,2.9,19.5,12.1,173,1.3,998,6.7,0.9,1908,Gaming
U05834,32,Other,Hyderabad,Realme,iOS,9.6,5.5,114.6,11,3.6,2416,4.4,0.1,1123,Social Media
U05835,34,Male,Kolkata,Nokia,iOS,5.4,7.5,183.5,199,0.7,1323,2.5,0.1,214,Social Media
U05836,55,Male,Bangalore,Realme,iOS,10.0,14.2,138.2,99,6.0,533,7.4,3.1,191,Gaming
U05837,44,Other,Ahmedabad,Oppo,iOS,12.0,14.1,13.4,11,1.0,5695,6.6,0.3,1156,Entertainment
U05838,20,Other,Lucknow,Nokia,Android,9.1,10.3,24.2,143,4.4,4741,4.2,0.2,1457,Work
U05839,38,Female,Pune,Samsung,iOS,10.5,13.8,249.7,68,4.3,634,7.1,2.6,1310,Education
U05840,60,Other,Jaipur,Apple,iOS,4.4,16.0,236.2,19,4.0,5090,2.6,4.0,1282,Work
U05841,51,Female,Hyderabad,Apple,iOS,6.6,33.9,157.1,91,2.2,2082,1.1,1.8,1018,Gaming
U05842,45,Female,Lucknow,Realme,Android,6.9,32.5,51.1,95,2.5,9369,6.9,1.1,505,Gaming
U05843,20,Other,Kolkata,Xiaomi,Android,11.9,32.7,27.4,188,1.2,5574,2.8,3.6,1378,Entertainment
U05844,33,Other,Lucknow,Motorola,iOS,8.6,7.0,177.7,93,4.7,4948,3.6,4.3,1928,Work
U05845,16,Other,Delhi,Apple,iOS,1.2,23.1,121.2,139,1.1,3427,7.0,1.7,1529,Social Media
U05846,35,Other,Bangalore,Motorola,iOS,7.2,22.3,58.3,99,1.3,4970,2.3,4.5,1067,Work
U05847,46,Female,Delhi,Xiaomi,Android,11.5,16.4,235.3,176,0.6,1049,7.7,0.3,423,Work
U05848,21,Female,Kolkata,Nokia,Android,2.2,8.8,17.1,78,0.7,7785,6.6,3.7,437,Entertainment
U05849,53,Female,Kolkata,Apple,iOS,5.9,43.1,70.4,134,1.7,4956,1.0,1.7,1308,Work
U05850,59,Female,Lucknow,Google Pixel,Android,9.6,48.0,49.6,50,1.8,3805,6.6,3.0,1927,Entertainment
U05851,30,Female,Pune,Xiaomi,Android,7.1,5.2,260.0,198,2.1,4929,3.7,4.7,534,Social Media
U05852,60,Other,Mumbai,Apple,Android,11.6,16.0,259.2,34,0.6,5153,0.8,2.3,953,Education
U05853,43,Female,Pune,Realme,Android,3.4,22.7,89.1,130,1.5,7844,4.2,2.7,1504,Work
U05854,42,Other,Bangalore,Realme,iOS,1.4,2.0,15.6,48,5.0,7877,0.7,2.7,1904,Gaming
U05855,35,Other,Bangalore,Apple,iOS,1.9,24.0,278.8,149,1.8,7518,2.1,2.6,1676,Social Media
U05856,15,Female,Bangalore,Vivo,iOS,7.7,11.7,123.7,189,3.9,5023,3.2,0.1,155,Education
U05857,37,Male,Kolkata,Nokia,iOS,2.5,35.7,186.5,37,2.2,6468,6.7,1.4,1065,Social Media
U05858,41,Female,Kolkata,Xiaomi,Android,8.9,33.2,213.7,151,3.2,4866,5.7,3.4,813,Work
U05859,45,Male,Mumbai,Xiaomi,iOS,1.2,3.8,68.6,45,0.7,3755,2.5,2.9,779,Gaming
U05860,53,Male,Bangalore,OnePlus,Android,1.5,25.1,123.3,154,1.5,684,4.7,2.5,1075,Gaming
U05861,36,Female,Lucknow,Nokia,Android,3.6,48.4,250.1,181,3.0,6067,4.5,2.4,385,Education
U05862,50,Male,Kolkata,Apple,Android,9.0,16.5,244.6,68,1.7,6023,2.5,4.2,984,Gaming
U05863,15,Male,Chennai,Apple,Android,9.5,17.5,98.4,143,2.3,2609,4.0,2.8,1760,Entertainment
U05864,37,Male,Pune,Apple,Android,8.4,34.0,174.4,141,3.0,6536,4.8,2.4,1326,Work
U05865,23,Male,Kolkata,Realme,iOS,8.0,29.6,124.8,195,2.1,1499,8.0,2.6,876,Work
U05866,49,Other,Ahmedabad,Oppo,iOS,3.6,41.2,294.6,88,1.4,6008,7.1,4.5,632,Education
U05867,24,Female,Kolkata,Realme,Android,9.3,2.1,221.0,186,1.0,7848,3.9,3.5,314,Gaming
U05868,35,Male,Ahmedabad,Xiaomi,Android,7.0,38.2,179.7,52,0.6,1885,6.5,3.1,1604,Education
U05869,55,Other,Jaipur,Oppo,iOS,9.3,15.6,23.5,83,3.5,1374,5.7,0.2,1994,Work
U05870,21,Female,Bangalore,Samsung,iOS,5.1,14.4,8.3,158,0.7,3575,3.2,2.7,1821,Education
U05871,30,Other,Delhi,Google Pixel,Android,1.1,18.5,177.5,180,0.8,1091,5.9,3.7,593,Entertainment
U05872,18,Male,Pune,Motorola,Android,8.7,25.2,177.9,196,5.3,8736,7.1,4.5,1559,Entertainment
U05873,42,Other,Jaipur,Realme,Android,2.9,45.8,212.9,136,0.9,8757,7.0,1.6,440,Entertainment
U05874,30,Other,Ahmedabad,Realme,Android,10.6,19.7,120.4,53,5.5,9661,1.4,0.0,545,Gaming
U05875,54,Male,Lucknow,OnePlus,Android,8.0,20.3,277.8,195,5.6,2832,5.7,4.8,1593,Entertainment
U05876,49,Male,Chennai,Samsung,iOS,11.4,15.6,7.1,71,2.3,4741,7.6,0.6,1152,Entertainment
U05877,30,Other,Lucknow,OnePlus,iOS,9.2,26.9,107.0,75,5.6,9832,2.9,1.6,1049,Social Media
U05878,60,Male,Jaipur,Oppo,Android,8.3,17.8,180.6,74,0.7,4274,7.1,0.8,1326,Entertainment
U05879,19,Other,Bangalore,Xiaomi,Android,4.4,13.1,144.3,49,3.7,9285,0.5,3.8,703,Gaming
U05880,33,Female,Pune,Google Pixel,Android,1.6,6.3,216.4,36,5.4,4510,6.5,0.5,1850,Work
U05881,22,Male,Mumbai,Motorola,iOS,6.6,9.6,99.6,181,2.4,6914,4.4,4.3,1651,Work
U05882,40,Female,Mumbai,Vivo,iOS,4.9,19.5,182.9,92,3.0,7198,7.0,2.0,487,Education
U05883,46,Male,Jaipur,Vivo,iOS,8.4,48.5,132.9,86,4.7,8483,7.8,2.2,829,Education
U05884,16,Other,Jaipur,Apple,Android,1.8,28.3,157.5,75,5.8,4416,2.8,4.9,374,Education
U05885,15,Other,Mumbai,Nokia,iOS,7.0,29.8,248.4,131,0.6,9095,7.8,1.4,524,Gaming
U05886,19,Male,Ahmedabad,Google Pixel,Android,8.2,8.0,207.4,149,3.1,9272,6.4,0.9,983,Social Media
U05887,50,Male,Mumbai,Apple,iOS,4.1,31.3,49.2,29,6.0,8760,3.8,4.3,666,Education
U05888,25,Male,Jaipur,Apple,Android,3.4,19.9,298.2,113,2.3,1874,1.4,4.0,1662,Work
U05889,46,Female,Mumbai,Nokia,Android,8.7,10.6,282.6,152,3.4,877,0.8,1.5,1892,Gaming
U05890,25,Female,Kolkata,OnePlus,iOS,11.7,41.1,155.0,25,1.9,6365,3.2,2.3,173,Work
U05891,34,Male,Hyderabad,Vivo,Android,6.9,35.3,208.6,89,1.7,5053,6.5,3.1,424,Education
U05892,52,Female,Kolkata,Xiaomi,Android,8.8,1.5,132.9,44,1.4,4486,1.7,4.9,786,Social Media
U05893,60,Female,Delhi,Xiaomi,Android,8.2,6.9,8.8,34,3.5,2720,7.8,3.8,964,Gaming
U05894,16,Female,Ahmedabad,Realme,Android,6.3,39.0,265.8,182,5.0,3250,2.5,3.6,1309,Work
U05895,26,Female,Pune,Oppo,iOS,1.2,40.8,196.8,140,2.5,460,6.4,3.7,1847,Work
U05896,50,Female,Ahmedabad,Apple,iOS,1.1,38.3,185.5,182,4.8,5368,3.4,1.3,1364,Social Media
U05897,28,Male,Chennai,Realme,Android,9.1,4.8,135.6,178,1.7,4763,5.6,0.4,762,Social Media
U05898,57,Other,Bangalore,Samsung,Android,4.0,38.7,149.4,36,3.0,955,3.5,0.2,329,Entertainment
U05899,41,Female,Mumbai,Nokia,iOS,8.0,14.4,279.6,140,4.4,2254,4.1,2.4,104,Gaming
U05900,25,Female,Chennai,Apple,Android,8.8,31.6,32.0,26,1.9,6692,7.5,4.8,1131,Entertainment
U05901,56,Female,Ahmedabad,Xiaomi,Android,11.6,26.7,225.8,71,5.2,5281,4.7,4.7,840,Entertainment
U05902,24,Male,Ahmedabad,Vivo,Android,6.5,44.8,272.0,159,0.9,5836,6.9,3.3,1400,Education
U05903,31,Other,Pune,Apple,Android,10.0,32.1,106.1,99,5.5,9921,7.0,2.6,413,Social Media
U05904,49,Other,Bangalore,Realme,Android,7.5,29.3,270.5,133,3.3,8090,7.0,1.2,1700,Social Media
U05905,39,Female,Mumbai,Vivo,iOS,10.8,19.5,129.9,193,1.8,7495,7.6,4.5,1050,Social Media
U05906,58,Female,Kolkata,Xiaomi,iOS,1.5,28.9,250.6,122,2.5,3960,6.2,2.0,418,Work
U05907,35,Male,Ahmedabad,Google Pixel,iOS,8.8,6.3,61.7,51,2.2,4052,3.3,3.7,210,Education
U05908,28,Other,Lucknow,Apple,Android,8.0,35.3,129.7,192,5.1,2587,6.7,0.2,1877,Education
U05909,35,Female,Chennai,Xiaomi,iOS,11.5,13.9,254.1,149,4.2,4628,1.4,4.1,706,Work
U05910,52,Other,Hyderabad,Google Pixel,iOS,9.7,46.3,272.4,119,5.1,9019,5.0,4.2,508,Social Media
U05911,47,Other,Pune,Vivo,Android,9.6,23.5,60.3,26,0.9,3086,4.5,1.0,770,Entertainment
U05912,48,Female,Bangalore,Apple,Android,11.8,37.2,294.5,173,5.9,8455,5.0,4.9,616,Social Media
U05913,31,Female,Hyderabad,Oppo,Android,11.5,32.9,83.5,156,3.8,9148,2.9,2.8,362,Gaming
U05914,57,Other,Jaipur,Apple,iOS,1.5,3.0,60.0,164,5.9,5078,1.5,4.6,1132,Education
U05915,50,Other,Pune,Realme,iOS,1.3,41.1,258.3,10,1.4,6638,3.3,0.1,1003,Social Media
U05916,43,Other,Lucknow,Nokia,iOS,9.4,17.3,105.6,74,3.2,9933,2.7,1.4,1041,Gaming
U05917,26,Other,Ahmedabad,Vivo,iOS,3.1,38.4,132.6,116,4.3,8376,2.7,4.7,1813,Entertainment
U05918,47,Male,Bangalore,Xiaomi,Android,9.4,12.9,92.4,89,0.8,4151,5.7,2.3,762,Social Media
U05919,37,Other,Delhi,Oppo,Android,8.7,26.7,40.8,183,2.1,9960,4.6,2.2,755,Education
U05920,35,Male,Chennai,Samsung,Android,4.4,36.1,172.3,48,0.9,5617,4.2,0.4,1811,Education
U05921,36,Other,Pune,OnePlus,Android,3.0,24.6,162.3,58,5.1,6177,3.7,3.8,1750,Education
U05922,20,Male,Delhi,Oppo,Android,11.4,6.9,253.5,149,0.5,9419,8.0,0.2,726,Education
U05923,59,Other,Jaipur,Xiaomi,iOS,3.5,43.2,240.2,61,4.5,4091,6.6,0.7,1736,Social Media
U05924,58,Male,Hyderabad,Realme,Android,9.3,14.3,129.1,61,4.4,4821,7.0,1.5,310,Social Media
U05925,42,Male,Kolkata,Apple,iOS,11.6,36.4,156.7,84,0.9,3447,3.1,2.1,1785,Education
U05926,17,Male,Ahmedabad,Nokia,iOS,3.1,7.2,172.4,102,3.8,9814,3.2,1.3,1793,Social Media
U05927,25,Female,Ahmedabad,Realme,iOS,7.8,48.2,176.3,180,2.6,8415,7.9,1.8,1657,Social Media
U05928,45,Male,Lucknow,Vivo,iOS,3.7,1.4,225.3,186,3.2,8234,2.8,0.0,865,Gaming
U05929,31,Other,Ahmedabad,Xiaomi,Android,8.0,43.4,79.4,194,3.7,9009,6.0,4.4,1178,Gaming
U05930,58,Male,Pune,OnePlus,Android,11.5,44.7,275.0,157,5.9,1901,5.5,4.6,1715,Education
U05931,53,Other,Jaipur,Samsung,iOS,1.7,25.6,122.7,119,2.0,8703,7.3,1.9,196,Education
U05932,21,Other,Jaipur,Vivo,Android,9.4,46.4,65.9,145,1.5,453,6.9,3.3,1053,Entertainment
U05933,21,Female,Chennai,Apple,iOS,11.4,33.3,38.7,135,4.3,4977,1.3,1.3,1183,Work
U05934,50,Female,Jaipur,Apple,Android,2.1,22.8,229.0,85,4.4,9401,4.7,1.3,1117,Education
U05935,57,Other,Pune,Xiaomi,iOS,10.1,3.7,279.8,140,4.4,8498,7.2,3.0,1474,Work
U05936,60,Female,Ahmedabad,Google Pixel,Android,5.1,49.3,166.2,105,1.9,5816,5.9,4.0,1685,Education
U05937,17,Female,Kolkata,Vivo,Android,2.6,5.5,161.5,98,5.7,4291,5.0,2.5,1063,Work
U05938,28,Other,Mumbai,Samsung,Android,3.1,32.1,130.1,173,1.5,3879,5.2,1.1,311,Gaming
U05939,27,Male,Lucknow,OnePlus,Android,6.0,35.2,181.5,177,3.1,6462,3.9,4.0,462,Social Media
U05940,34,Female,Mumbai,Samsung,iOS,5.3,14.1,5.2,110,1.9,6790,1.1,2.9,1987,Work
U05941,53,Female,Pune,Oppo,Android,9.3,21.7,192.3,37,5.8,1980,6.0,3.9,303,Work
U05942,34,Male,Jaipur,Google Pixel,iOS,8.0,38.3,191.6,136,3.5,8718,1.7,2.3,526,Entertainment
U05943,36,Male,Mumbai,Realme,iOS,2.2,45.2,270.7,28,3.4,9186,1.3,2.4,649,Work
U05944,51,Male,Ahmedabad,Google Pixel,iOS,4.0,11.8,77.6,102,3.2,8661,7.2,0.8,941,Entertainment
U05945,37,Other,Kolkata,OnePlus,iOS,4.1,22.5,235.1,162,6.0,2919,0.7,4.4,406,Entertainment
U05946,59,Male,Bangalore,Vivo,Android,11.4,23.8,215.5,45,6.0,6032,0.9,0.7,1838,Education
U05947,55,Female,Pune,Realme,iOS,8.5,36.6,67.4,111,3.6,9355,7.0,4.9,859,Entertainment
U05948,59,Male,Lucknow,Google Pixel,iOS,8.5,15.5,273.6,74,5.2,2972,7.6,1.8,540,Education
U05949,57,Female,Kolkata,Nokia,Android,11.3,25.9,269.6,35,2.0,8390,5.9,5.0,448,Gaming
U05950,51,Other,Jaipur,Xiaomi,Android,3.4,42.3,266.4,120,1.6,136,3.7,2.4,682,Work
U05951,19,Male,Delhi,Realme,iOS,10.8,4.2,142.6,63,4.8,6460,4.6,1.3,1040,Gaming
U05952,56,Other,Jaipur,Vivo,iOS,8.0,21.9,72.1,46,3.6,2909,7.9,2.6,815,Education
U05953,47,Male,Kolkata,Nokia,Android,11.9,37.7,153.6,58,2.0,4321,6.1,3.3,1067,Gaming
U05954,22,Other,Hyderabad,Xiaomi,iOS,2.1,45.2,226.9,85,5.2,2430,7.0,2.8,1713,Gaming
U05955,18,Female,Chennai,Vivo,Android,3.7,37.9,98.3,149,2.1,9652,7.6,4.4,1358,Social Media
U05956,25,Female,Ahmedabad,Motorola,iOS,2.6,28.4,27.8,54,0.6,362,0.7,1.9,850,Gaming
U05957,53,Female,Delhi,OnePlus,iOS,5.5,23.4,157.5,180,1.9,9146,7.9,1.6,971,Social Media
U05958,27,Female,Ahmedabad,Samsung,Android,2.4,49.1,53.7,79,1.4,6030,4.7,2.8,1459,Gaming
U05959,40,Female,Hyderabad,OnePlus,Android,5.0,34.3,277.5,26,1.8,4670,5.5,3.6,212,Social Media
U05960,26,Other,Pune,Samsung,Android,3.4,35.5,127.4,169,3.2,4386,6.9,3.2,825,Entertainment
U05961,23,Other,Kolkata,Motorola,iOS,7.1,27.1,194.6,120,5.3,9852,7.7,1.4,1393,Gaming
U05962,35,Male,Ahmedabad,Xiaomi,Android,8.6,15.0,83.4,83,2.9,759,1.2,0.7,812,Work
U05963,27,Other,Mumbai,Apple,Android,9.5,45.4,51.4,191,1.7,6927,3.8,4.4,956,Education
U05964,28,Female,Chennai,Samsung,iOS,9.0,45.7,16.5,14,3.5,9584,6.5,0.3,1091,Gaming
U05965,39,Male,Pune,OnePlus,iOS,3.6,33.9,63.9,28,6.0,9148,6.0,2.5,1736,Education
U05966,43,Female,Bangalore,Nokia,iOS,3.0,6.9,104.2,129,4.1,8390,5.2,4.6,1727,Work
U05967,58,Other,Lucknow,Nokia,iOS,3.3,34.8,170.9,184,5.7,1675,3.2,3.1,1660,Education
U05968,56,Other,Bangalore,Google Pixel,Android,6.9,11.1,22.8,56,4.4,7497,4.7,1.2,1866,Education
U05969,30,Male,Delhi,Vivo,Android,2.8,7.0,182.6,113,3.8,6670,5.0,1.4,1226,Work
U05970,16,Other,Pune,Nokia,iOS,3.2,18.5,141.6,146,1.1,6854,2.8,0.8,451,Education
U05971,52,Other,Kolkata,Apple,iOS,9.8,17.6,266.5,133,3.0,321,6.8,1.7,1337,Gaming
U05972,29,Female,Mumbai,Samsung,Android,10.6,33.6,89.9,102,5.7,2514,5.3,2.3,219,Gaming
U05973,16,Other,Pune,OnePlus,Android,4.1,6.5,74.1,168,3.2,8772,5.8,2.7,1611,Work
U05974,20,Male,Ahmedabad,Nokia,iOS,10.9,35.1,192.7,88,1.0,6740,6.4,0.6,1426,Work
U05975,59,Female,Chennai,Apple,iOS,6.1,25.3,67.4,58,2.8,3683,2.4,0.3,576,Social Media
U05976,28,Other,Mumbai,Oppo,Android,3.5,24.3,30.9,59,1.6,6335,1.8,4.0,1905,Entertainment
U05977,23,Male,Kolkata,Nokia,iOS,9.0,41.5,157.9,185,0.7,3160,6.0,3.8,573,Entertainment
U05978,42,Male,Bangalore,Vivo,Android,5.7,16.1,69.4,43,4.1,7987,6.7,2.0,383,Education
U05979,60,Female,Chennai,Xiaomi,iOS,2.8,32.0,146.7,63,2.7,2032,5.5,2.7,287,Entertainment
U05980,28,Female,Kolkata,Motorola,iOS,9.7,29.9,108.5,170,4.6,2689,2.8,1.1,1616,Work
U05981,19,Other,Lucknow,Apple,iOS,4.2,14.9,264.8,167,4.0,4164,5.1,2.7,450,Entertainment
U05982,19,Male,Delhi,Realme,Android,8.6,16.5,293.7,199,1.4,2131,4.9,0.5,1049,Education
U05983,21,Other,Bangalore,Xiaomi,iOS,10.0,15.6,51.9,125,4.7,8418,3.6,3.0,643,Entertainment
U05984,38,Female,Kolkata,Realme,Android,11.4,40.3,278.3,61,2.8,464,5.7,1.2,1883,Social Media
U05985,18,Other,Hyderabad,Apple,Android,10.4,34.7,21.5,38,5.5,2274,4.4,1.0,1029,Social Media
U05986,15,Male,Ahmedabad,Motorola,iOS,7.9,4.8,190.0,43,0.8,3909,2.7,4.8,389,Education
U05987,21,Male,Hyderabad,Nokia,Android,11.1,9.2,14.1,80,3.5,4099,6.7,1.0,1364,Work
U05988,27,Other,Delhi,OnePlus,iOS,7.7,45.3,65.8,102,3.2,4978,6.1,0.7,931,Gaming
U05989,55,Female,Pune,Oppo,iOS,9.0,23.5,155.0,142,4.2,7630,7.0,1.2,1264,Work
U05990,51,Female,Lucknow,Realme,iOS,4.8,24.3,286.5,140,4.2,7862,6.7,0.0,808,Social Media
U05991,50,Female,Lucknow,Apple,iOS,7.5,6.8,149.6,93,4.2,2088,6.9,2.6,997,Education
U05992,39,Other,Ahmedabad,OnePlus,Android,8.9,39.2,51.3,125,5.7,8546,4.3,1.1,1174,Gaming
U05993,26,Male,Ahmedabad,Realme,Android,11.7,30.3,192.7,173,5.9,1779,4.4,1.1,491,Work
U05994,49,Male,Mumbai,Apple,iOS,6.0,35.8,7.0,68,1.2,4401,6.3,4.0,616,Work
U05995,17,Other,Bangalore,OnePlus,iOS,9.8,36.5,283.6,34,3.5,4134,3.9,4.1,1830,Gaming
U05996,21,Other,Kolkata,Realme,iOS,8.1,15.6,262.9,126,5.6,389,7.1,1.9,493,Education
U05997,55,Other,Bangalore,Google Pixel,Android,2.1,4.3,168.0,191,5.1,9756,1.1,2.0,831,Gaming
U05998,48,Male,Chennai,Apple,iOS,6.9,33.0,175.8,194,2.9,2166,2.3,0.4,1606,Social Media
U05999,47,Male,Lucknow,Motorola,Android,1.1,28.6,44.4,28,4.6,5459,2.6,0.3,1952,Social Media
U06000,56,Female,Ahmedabad,Vivo,iOS,4.9,48.8,124.4,126,0.8,2598,3.0,2.0,816,Social Media
U06001,31,Other,Kolkata,Apple,iOS,9.0,47.0,290.9,66,0.8,8417,1.0,2.7,1065,Education
U06002,40,Male,Kolkata,Google Pixel,iOS,5.4,19.4,20.5,29,3.3,6677,2.0,3.8,613,Gaming
U06003,27,Other,Delhi,Apple,Android,1.6,36.3,170.3,148,3.4,2051,2.8,1.2,1462,Education
U06004,26,Other,Lucknow,Nokia,iOS,8.1,41.6,168.0,175,4.4,3255,2.3,1.4,808,Gaming
U06005,21,Female,Chennai,Google Pixel,Android,9.7,46.4,14.4,115,1.0,2003,1.8,0.5,1785,Social Media
U06006,34,Other,Delhi,Motorola,Android,2.5,5.7,24.7,76,1.4,7827,3.4,4.2,320,Entertainment
U06007,23,Male,Bangalore,Vivo,iOS,10.0,48.5,12.0,62,4.2,1822,3.5,2.7,691,Gaming
U06008,56,Male,Delhi,Samsung,iOS,10.5,2.9,61.8,25,4.3,227,5.2,4.1,1540,Gaming
U06009,16,Male,Delhi,Realme,Android,7.7,25.3,140.9,123,4.8,4024,6.9,3.1,1636,Social Media
U06010,20,Other,Ahmedabad,Apple,Android,6.1,44.2,195.2,101,3.0,9863,1.9,4.5,209,Education
U06011,60,Other,Bangalore,Motorola,Android,2.9,2.6,28.8,49,0.8,3271,5.1,4.7,1013,Work
U06012,56,Male,Mumbai,OnePlus,iOS,11.7,8.7,210.3,140,3.3,7537,3.7,3.6,1053,Gaming
U06013,39,Male,Mumbai,Apple,iOS,7.4,45.4,56.6,186,5.5,6880,0.6,0.2,557,Work
U06014,55,Other,Hyderabad,Oppo,iOS,6.3,9.0,29.8,108,2.8,2446,3.8,0.6,1737,Education
U06015,56,Other,Mumbai,Google Pixel,Android,6.8,15.4,153.6,21,5.3,3814,4.8,1.8,221,Social Media
U06016,56,Other,Bangalore,Apple,iOS,4.3,28.9,224.9,164,4.9,812,2.9,3.2,1860,Work
U06017,37,Other,Delhi,Oppo,iOS,3.0,48.0,82.1,24,0.6,3671,3.5,3.3,1540,Gaming
U06018,47,Other,Mumbai,Realme,iOS,7.1,42.0,243.1,127,3.7,7567,5.3,0.4,756,Entertainment
U06019,22,Male,Kolkata,Realme,Android,1.1,5.1,16.0,12,0.5,6424,2.2,4.5,1215,Education
U06020,17,Male,Hyderabad,Google Pixel,Android,11.5,35.3,149.8,149,4.5,7052,5.7,0.9,1793,Work
U06021,43,Other,Chennai,Google Pixel,iOS,1.9,6.4,283.9,156,2.0,5945,3.8,0.2,1690,Social Media
U06022,53,Male,Bangalore,Apple,Android,5.3,27.3,232.3,118,4.5,8267,6.6,3.6,1628,Work
U06023,46,Female,Kolkata,OnePlus,Android,11.4,2.6,42.2,83,0.5,7067,1.5,3.3,1401,Gaming
U06024,30,Female,Kolkata,Vivo,Android,11.9,26.8,22.0,116,2.0,7626,7.5,4.7,1124,Education
U06025,48,Other,Ahmedabad,Google Pixel,Android,12.0,37.6,209.7,189,2.4,6925,2.0,3.5,144,Education
U06026,59,Male,Hyderabad,Xiaomi,Android,3.1,25.2,285.5,27,2.3,9532,3.5,3.0,1606,Entertainment
U06027,53,Other,Delhi,Samsung,iOS,2.8,19.3,244.6,130,4.7,377,1.8,0.4,714,Entertainment
U06028,24,Male,Mumbai,Google Pixel,iOS,4.5,28.9,145.2,194,4.8,1746,7.4,0.7,1694,Gaming
U06029,55,Male,Hyderabad,Nokia,iOS,11.0,9.3,62.5,94,3.0,7091,4.2,0.3,988,Social Media
U06030,34,Female,Ahmedabad,Realme,iOS,2.8,15.1,5.9,46,2.6,8846,4.5,3.1,456,Entertainment
U06031,58,Female,Jaipur,Nokia,iOS,10.6,49.5,254.2,188,4.4,2694,4.7,3.8,257,Work
U06032,40,Other,Chennai,Oppo,iOS,5.2,41.6,281.4,158,3.0,7049,1.2,1.4,513,Education
U06033,16,Other,Kolkata,Apple,Android,1.2,30.8,76.4,62,1.5,2030,8.0,4.8,1463,Work
U06034,32,Male,Mumbai,Nokia,Android,6.4,20.8,286.2,163,2.7,2845,7.5,0.6,697,Social Media
U06035,60,Male,Ahmedabad,Vivo,iOS,3.3,30.2,143.1,19,4.5,7741,7.1,2.7,1777,Social Media
U06036,42,Male,Kolkata,Vivo,Android,3.7,26.4,234.6,45,5.9,6552,5.1,0.4,418,Gaming
U06037,55,Other,Bangalore,Samsung,iOS,1.3,30.6,98.0,85,5.8,1354,3.8,1.3,881,Education
U06038,55,Female,Kolkata,Vivo,Android,4.5,41.9,30.3,194,5.0,8954,4.0,3.9,1414,Entertainment
U06039,24,Female,Chennai,Samsung,iOS,4.2,32.6,148.6,181,5.2,727,5.8,0.2,1269,Gaming
U06040,29,Other,Pune,Apple,iOS,11.6,26.2,74.5,15,2.5,7736,3.4,3.5,1515,Work
U06041,29,Female,Mumbai,Xiaomi,Android,8.4,43.7,83.9,122,2.9,6887,3.9,0.6,421,Entertainment
U06042,53,Male,Bangalore,Apple,iOS,6.4,23.4,269.4,57,3.0,7244,6.9,3.6,327,Education
U06043,36,Male,Pune,Xiaomi,Android,6.0,34.2,130.0,186,5.3,263,6.2,1.0,307,Education
U06044,31,Female,Hyderabad,OnePlus,Android,4.4,42.6,105.3,189,2.0,9599,3.0,4.5,1809,Entertainment
U06045,31,Male,Mumbai,Oppo,iOS,10.1,18.8,141.9,185,1.6,1260,1.1,2.2,1243,Work
U06046,16,Male,Chennai,Nokia,Android,3.7,3.5,251.7,101,4.5,1024,2.0,0.3,1373,Entertainment
U06047,56,Other,Ahmedabad,Motorola,Android,9.9,13.1,178.4,23,3.3,4610,4.8,2.1,322,Education
U06048,26,Male,Pune,Motorola,iOS,6.8,21.9,246.3,109,1.5,8971,3.1,2.9,1311,Education
U06049,16,Male,Mumbai,Samsung,Android,11.9,25.4,202.3,70,4.3,5337,4.7,2.8,1460,Gaming
U06050,24,Male,Jaipur,OnePlus,iOS,9.6,37.4,200.8,106,1.4,8771,3.3,1.8,878,Entertainment
U06051,49,Male,Ahmedabad,Google Pixel,Android,8.0,46.9,32.1,162,5.1,6090,6.4,0.7,717,Social Media
U06052,35,Male,Chennai,OnePlus,Android,10.0,41.1,252.6,59,1.6,4820,5.5,1.9,1092,Entertainment
U06053,52,Male,Delhi,Nokia,Android,4.2,41.8,113.2,67,2.5,6870,2.1,1.7,1001,Entertainment
U06054,52,Female,Lucknow,Nokia,iOS,5.6,17.2,266.2,37,4.6,6539,3.4,4.6,353,Entertainment
U06055,58,Other,Hyderabad,Nokia,Android,5.7,48.8,18.6,37,3.6,938,1.4,3.9,598,Gaming
U06056,51,Other,Mumbai,Nokia,Android,4.0,39.6,8.1,125,2.3,4831,0.7,0.3,1044,Social Media
U06057,32,Female,Ahmedabad,Samsung,iOS,9.8,26.7,66.1,90,1.4,7189,2.8,2.6,923,Entertainment
U06058,21,Male,Delhi,Xiaomi,iOS,11.5,3.0,146.6,190,5.5,1495,6.8,4.0,545,Gaming
U06059,19,Other,Ahmedabad,Nokia,Android,4.1,34.8,51.5,46,5.9,3416,5.7,2.6,242,Entertainment
U06060,34,Male,Kolkata,Xiaomi,Android,8.6,43.9,79.8,150,3.9,2855,2.3,4.1,1367,Entertainment
U06061,28,Other,Lucknow,Apple,Android,7.5,11.9,140.0,17,3.2,409,2.8,0.9,1486,Work
U06062,58,Other,Hyderabad,Nokia,Android,8.0,48.9,9.3,69,2.0,840,7.9,2.3,590,Education
U06063,19,Female,Chennai,Nokia,iOS,9.1,7.8,232.5,91,5.4,9554,4.1,1.9,274,Entertainment
U06064,46,Other,Hyderabad,Xiaomi,iOS,10.1,35.2,163.0,79,4.9,9818,3.2,0.3,925,Entertainment
U06065,20,Female,Pune,Realme,iOS,7.3,26.0,33.8,131,4.2,5544,0.9,2.0,395,Education
U06066,16,Male,Bangalore,Nokia,Android,9.0,40.8,83.1,198,0.6,5122,3.5,3.8,899,Education
U06067,25,Other,Lucknow,Vivo,Android,6.8,16.5,104.1,71,5.5,2066,7.6,2.8,1639,Social Media
U06068,49,Female,Delhi,Vivo,iOS,6.4,7.6,152.0,162,4.6,7056,7.4,1.8,1182,Work
U06069,38,Other,Chennai,Google Pixel,iOS,3.8,22.6,192.1,15,0.6,5627,1.2,2.2,1170,Social Media
U06070,33,Other,Pune,Google Pixel,iOS,2.5,34.3,44.2,180,4.1,3953,6.2,0.7,626,Gaming
U06071,35,Female,Lucknow,Vivo,Android,4.4,17.2,221.8,141,1.8,5582,3.0,2.9,151,Education
U06072,53,Male,Jaipur,Xiaomi,iOS,7.0,38.9,191.8,112,5.7,2522,0.9,3.6,857,Social Media
U06073,43,Female,Hyderabad,Apple,iOS,2.4,3.1,84.8,14,4.5,9321,3.6,3.9,1114,Entertainment
U06074,40,Female,Jaipur,OnePlus,iOS,6.8,39.6,32.3,116,5.9,8058,5.7,2.0,1667,Work
U06075,44,Other,Pune,Realme,iOS,2.4,45.6,145.4,175,1.2,5073,7.2,0.4,1719,Education
U06076,55,Male,Hyderabad,Vivo,iOS,9.2,6.2,285.3,118,3.4,5807,6.6,3.4,905,Work
U06077,18,Female,Lucknow,Google Pixel,iOS,8.4,38.5,146.9,59,2.4,3434,4.8,3.3,697,Work
U06078,54,Male,Mumbai,Apple,iOS,7.7,30.0,81.9,67,1.2,4557,2.3,0.8,727,Education
U06079,41,Male,Bangalore,OnePlus,iOS,8.6,22.6,125.1,183,1.2,181,6.8,3.8,139,Entertainment
U06080,22,Male,Bangalore,Xiaomi,iOS,1.2,2.1,204.7,52,3.8,1785,4.6,3.1,303,Education
U06081,52,Other,Bangalore,Samsung,Android,1.2,31.5,34.7,80,3.9,2169,8.0,0.1,945,Work
U06082,23,Female,Pune,Xiaomi,iOS,2.7,27.9,228.2,46,3.0,5038,7.6,4.6,104,Entertainment
U06083,30,Female,Ahmedabad,OnePlus,Android,6.6,32.7,276.6,141,4.6,8277,2.9,2.6,976,Work
U06084,27,Female,Mumbai,Vivo,iOS,10.0,37.2,72.9,104,3.0,1816,1.3,2.9,348,Education
U06085,21,Other,Chennai,Oppo,iOS,8.7,16.2,98.4,28,2.9,9309,7.3,0.8,812,Gaming
U06086,40,Male,Mumbai,Motorola,Android,4.8,41.4,77.4,172,0.6,9626,3.8,3.3,650,Social Media
U06087,31,Other,Kolkata,Apple,Android,1.1,2.9,200.1,136,4.8,9875,5.1,4.8,1733,Entertainment
U06088,36,Female,Lucknow,Samsung,iOS,11.0,44.9,151.8,22,2.7,5578,1.5,1.5,1094,Gaming
U06089,31,Other,Bangalore,Apple,iOS,1.3,36.4,287.0,86,5.6,654,4.5,0.9,1288,Work
U06090,28,Male,Mumbai,Nokia,Android,8.9,33.8,246.5,140,3.3,7558,5.2,5.0,1375,Education
U06091,58,Female,Hyderabad,Samsung,iOS,10.2,19.4,285.6,33,3.6,1931,2.5,3.2,1181,Entertainment
U06092,39,Female,Kolkata,Xiaomi,Android,1.0,30.6,73.6,80,3.7,4175,2.6,4.5,424,Education
U06093,27,Female,Pune,Motorola,iOS,2.5,32.4,109.7,36,2.2,9642,3.9,3.2,1142,Entertainment
U06094,23,Other,Chennai,Realme,iOS,8.3,36.7,44.7,128,5.7,4059,4.5,3.6,1311,Education
U06095,26,Female,Chennai,Apple,iOS,2.6,17.3,293.5,94,5.5,8162,6.2,2.5,1168,Gaming
U06096,52,Male,Kolkata,Motorola,Android,4.9,6.2,247.5,64,4.5,3601,7.2,4.9,927,Social Media
U06097,56,Other,Jaipur,Samsung,iOS,1.7,48.3,49.9,87,5.7,9113,3.9,3.0,188,Education
U06098,25,Male,Pune,Xiaomi,Android,7.2,41.5,249.0,59,3.8,6198,5.8,0.7,1602,Social Media
U06099,30,Male,Kolkata,Google Pixel,iOS,8.0,12.2,124.1,124,3.9,1755,5.5,1.8,1005,Work
U06100,42,Female,Jaipur,OnePlus,Android,3.6,23.8,185.0,152,4.8,7352,1.0,3.3,757,Education
U06101,23,Male,Mumbai,Samsung,Android,3.3,6.5,192.5,39,4.9,5821,4.1,3.6,1782,Gaming
U06102,49,Male,Ahmedabad,OnePlus,iOS,8.4,34.2,292.3,72,2.2,5487,2.2,3.0,540,Gaming
U06103,43,Female,Chennai,Samsung,Android,8.2,21.8,148.5,105,1.1,3379,1.7,1.3,1982,Work
U06104,18,Female,Ahmedabad,Motorola,Android,8.1,8.8,201.2,53,5.2,4142,7.8,0.7,1764,Education
U06105,53,Other,Hyderabad,Oppo,Android,9.1,41.9,176.2,34,3.7,9432,4.2,0.7,436,Work
U06106,44,Male,Ahmedabad,Oppo,Android,2.8,8.6,232.5,77,5.9,4942,3.4,2.6,944,Education
U06107,51,Other,Jaipur,OnePlus,iOS,1.3,6.5,194.0,139,4.3,3438,1.2,4.5,320,Gaming
U06108,57,Female,Chennai,Samsung,Android,6.9,48.8,52.6,137,1.8,9281,3.1,4.7,1206,Education
U06109,31,Other,Ahmedabad,Nokia,iOS,2.4,39.7,291.3,10,5.4,3377,6.5,4.9,444,Entertainment
U06110,46,Female,Kolkata,Xiaomi,iOS,7.5,35.9,97.7,60,3.5,1272,0.9,1.8,1463,Social Media
U06111,58,Male,Lucknow,Oppo,Android,2.0,1.2,159.6,174,5.9,1675,6.8,0.9,411,Entertainment
U06112,20,Other,Jaipur,Xiaomi,iOS,11.9,3.8,261.2,14,0.7,849,0.9,0.8,385,Entertainment
U06113,25,Other,Chennai,Nokia,Android,11.9,41.6,210.7,114,6.0,396,7.9,2.1,460,Education
U06114,18,Other,Ahmedabad,Apple,Android,2.6,18.5,45.3,168,3.1,7940,4.9,1.4,661,Entertainment
U06115,46,Male,Ahmedabad,Realme,Android,8.4,38.5,109.5,183,4.4,4585,7.0,0.2,1950,Gaming
U06116,55,Other,Lucknow,Samsung,Android,4.5,29.6,172.8,63,4.4,8996,6.9,1.0,1338,Work
U06117,36,Female,Pune,Motorola,Android,2.5,4.4,47.1,109,1.8,4134,3.1,2.4,273,Gaming
U06118,22,Other,Pune,Oppo,iOS,6.1,21.4,167.6,107,4.2,7587,1.2,1.3,886,Social Media
U06119,43,Other,Jaipur,Xiaomi,Android,2.0,29.7,159.7,176,4.2,7317,3.7,2.9,932,Entertainment
U06120,54,Other,Bangalore,OnePlus,Android,4.9,25.1,148.1,107,3.7,3255,6.8,1.1,1466,Gaming
U06121,21,Female,Kolkata,Xiaomi,iOS,7.5,27.9,250.2,57,3.8,5854,6.0,1.0,1564,Entertainment
U06122,55,Female,Pune,Samsung,iOS,3.9,23.4,151.4,113,3.0,8083,6.8,3.4,1233,Entertainment
U06123,33,Other,Lucknow,Oppo,Android,1.5,40.5,285.0,113,4.6,7325,6.3,2.2,343,Education
U06124,15,Other,Pune,Samsung,iOS,7.6,34.2,51.3,69,1.7,2714,6.5,0.0,1396,Education
U06125,30,Male,Hyderabad,Nokia,Android,11.8,15.0,61.3,145,3.9,228,3.1,3.5,711,Work
U06126,26,Female,Jaipur,Vivo,iOS,9.0,17.7,157.8,128,1.2,8436,7.7,3.0,1371,Social Media
U06127,32,Female,Chennai,Vivo,Android,8.3,23.6,288.6,96,2.7,4149,6.7,2.9,312,Entertainment
U06128,39,Female,Jaipur,Oppo,Android,4.6,10.0,225.0,159,3.1,8911,5.5,0.5,701,Entertainment
U06129,25,Male,Bangalore,Samsung,iOS,10.0,16.7,98.8,191,3.1,8458,5.6,2.1,407,Gaming
U06130,54,Female,Bangalore,Realme,Android,1.6,5.0,233.8,128,3.6,4778,1.5,4.6,1961,Social Media
U06131,56,Female,Delhi,Xiaomi,iOS,9.4,46.6,122.5,72,5.3,9939,5.5,4.9,1289,Gaming
U06132,42,Other,Jaipur,Google Pixel,iOS,3.3,24.3,80.8,78,1.6,1503,5.9,0.5,281,Gaming
U06133,53,Other,Jaipur,Oppo,Android,4.3,26.4,22.0,148,2.6,2680,3.2,1.8,430,Entertainment
U06134,40,Female,Pune,Oppo,Android,2.9,21.0,223.9,169,4.0,4571,0.9,1.2,625,Social Media
U06135,57,Female,Ahmedabad,Motorola,Android,3.0,16.7,27.8,157,3.7,9911,5.0,2.6,1676,Gaming
U06136,54,Other,Jaipur,Google Pixel,Android,3.4,15.7,296.5,97,5.9,8407,5.3,2.5,609,Education
U06137,17,Male,Pune,Samsung,Android,10.7,39.9,165.4,171,4.1,3342,5.2,0.7,1696,Work
U06138,24,Male,Chennai,Apple,Android,11.2,31.0,26.9,114,1.7,1305,7.1,2.5,229,Gaming
U06139,58,Female,Kolkata,OnePlus,Android,2.0,12.7,255.1,71,2.6,3313,3.9,2.5,1800,Work
U06140,57,Male,Chennai,OnePlus,Android,3.6,34.4,288.4,176,0.6,7319,2.4,3.4,574,Education
U06141,40,Other,Delhi,Vivo,iOS,5.3,2.5,289.3,122,0.7,5570,2.6,3.9,556,Work
U06142,17,Female,Mumbai,Motorola,iOS,7.6,22.9,176.1,196,3.3,2502,7.6,2.8,1524,Work
U06143,37,Other,Ahmedabad,Realme,iOS,7.8,41.0,281.7,82,5.9,8301,5.6,1.8,1337,Education
U06144,18,Female,Pune,Apple,iOS,11.9,26.0,284.3,199,1.0,1832,7.6,2.5,1157,Education
U06145,21,Female,Jaipur,Nokia,iOS,8.8,20.5,291.9,100,4.5,1800,3.1,0.1,1784,Gaming
U06146,35,Other,Pune,Apple,iOS,6.9,40.5,96.8,15,2.3,5217,6.4,4.8,1093,Gaming
U06147,26,Female,Delhi,Xiaomi,iOS,8.5,36.3,297.5,81,1.4,1901,7.8,4.3,297,Entertainment
U06148,18,Other,Pune,Vivo,iOS,1.5,27.9,34.5,166,4.6,4804,5.4,2.5,1722,Social Media
U06149,21,Other,Pune,Google Pixel,iOS,5.3,48.8,25.0,162,2.2,7018,2.4,1.9,482,Gaming
U06150,35,Female,Jaipur,Oppo,Android,9.6,48.6,12.3,75,2.6,8644,1.3,1.2,111,Social Media
U06151,31,Female,Lucknow,Xiaomi,iOS,8.9,14.3,10.8,51,4.0,8394,2.0,3.0,1080,Social Media
U06152,60,Other,Bangalore,Samsung,Android,6.3,3.7,162.0,138,4.9,9025,3.6,4.3,1087,Entertainment
U06153,57,Female,Kolkata,Vivo,Android,10.9,23.3,79.3,126,4.1,5783,1.5,4.3,1218,Entertainment
U06154,17,Male,Ahmedabad,Google Pixel,iOS,6.6,14.9,66.4,61,1.1,4664,1.9,4.3,823,Work
U06155,59,Male,Jaipur,OnePlus,iOS,9.6,6.1,153.9,186,3.6,5821,6.0,1.2,248,Social Media
U06156,28,Male,Bangalore,Oppo,Android,2.1,7.6,82.7,32,3.7,7936,5.1,4.7,853,Education
U06157,60,Other,Lucknow,Realme,iOS,1.8,30.5,29.8,16,2.8,5232,2.7,2.7,907,Gaming
U06158,35,Female,Lucknow,Nokia,Android,11.8,12.2,48.4,163,3.9,3792,1.6,4.4,175,Gaming
U06159,32,Male,Mumbai,Google Pixel,Android,5.2,46.2,120.4,121,4.7,8232,3.7,3.1,398,Social Media
U06160,17,Male,Chennai,Nokia,iOS,5.8,4.8,77.0,56,2.4,9323,7.7,4.8,1681,Gaming
U06161,36,Female,Ahmedabad,Oppo,iOS,8.1,44.7,26.4,168,4.4,6669,2.0,1.6,1455,Education
U06162,47,Male,Bangalore,Xiaomi,iOS,8.7,34.9,118.2,17,0.7,8549,4.0,0.9,392,Education
U06163,57,Female,Jaipur,Motorola,iOS,11.1,41.1,74.4,71,1.7,8870,5.9,4.3,527,Entertainment
U06164,57,Male,Mumbai,Apple,iOS,1.9,23.8,123.6,140,3.6,2845,2.8,0.1,389,Social Media
U06165,58,Male,Ahmedabad,OnePlus,Android,11.8,4.7,78.9,92,2.4,6514,3.9,2.7,617,Entertainment
U06166,56,Other,Kolkata,Nokia,iOS,4.5,37.1,66.2,123,3.2,8726,7.7,1.2,685,Gaming
U06167,58,Female,Jaipur,Apple,Android,6.8,10.3,111.7,99,1.1,1199,6.7,2.9,1531,Work
U06168,27,Other,Delhi,OnePlus,iOS,9.6,21.5,200.4,130,2.8,4827,6.4,0.3,622,Social Media
U06169,58,Female,Ahmedabad,Realme,iOS,6.3,13.2,143.8,81,2.8,6354,3.2,4.5,1816,Social Media
U06170,26,Female,Bangalore,OnePlus,Android,8.9,19.5,195.7,157,1.9,9425,4.4,0.1,597,Work
U06171,35,Female,Delhi,Motorola,Android,4.5,2.6,10.6,102,1.8,8162,6.3,2.0,1859,Gaming
U06172,38,Male,Jaipur,Oppo,iOS,8.0,38.9,214.6,50,1.6,1699,0.6,0.5,1951,Social Media
U06173,33,Male,Chennai,OnePlus,Android,8.4,19.6,128.1,194,1.1,6851,1.9,3.1,1626,Entertainment
U06174,38,Male,Pune,Nokia,iOS,8.9,34.7,82.6,17,3.9,5769,5.3,0.9,1605,Education
U06175,46,Male,Hyderabad,Vivo,Android,4.8,40.6,243.9,20,4.4,5706,8.0,0.5,846,Entertainment
U06176,52,Other,Delhi,Motorola,iOS,1.4,22.3,78.5,140,5.7,4094,4.6,1.6,1971,Work
U06177,33,Male,Delhi,Nokia,iOS,9.4,9.0,288.9,155,2.9,2580,5.6,1.5,1192,Education
U06178,19,Female,Jaipur,Vivo,Android,2.0,46.6,157.6,198,0.6,4169,5.0,2.0,1284,Entertainment
U06179,40,Other,Pune,Nokia,Android,5.8,5.4,90.5,175,0.9,4843,3.8,0.7,1197,Gaming
U06180,28,Male,Kolkata,Nokia,Android,2.8,20.4,29.6,19,2.8,8871,7.7,2.4,904,Gaming
U06181,47,Other,Ahmedabad,Nokia,Android,10.0,16.1,103.3,97,3.4,2384,7.4,2.4,953,Social Media
U06182,32,Female,Jaipur,Samsung,Android,5.8,49.9,238.8,166,0.9,9808,2.9,1.8,183,Work
U06183,58,Other,Chennai,Google Pixel,Android,2.6,10.2,83.3,67,2.4,7224,7.5,0.2,1552,Gaming
U06184,20,Male,Kolkata,OnePlus,Android,1.7,16.3,35.1,142,6.0,1085,6.2,0.8,999,Work
U06185,46,Female,Hyderabad,Motorola,Android,11.4,2.6,79.3,157,3.9,6847,0.5,4.9,1606,Gaming
U06186,17,Other,Pune,Oppo,iOS,1.4,29.6,177.0,54,4.5,2294,6.4,4.1,1265,Entertainment
U06187,45,Female,Lucknow,Samsung,iOS,6.7,18.0,127.0,191,2.7,7593,3.4,2.7,1215,Education
U06188,47,Other,Mumbai,Xiaomi,iOS,6.0,6.3,16.0,34,3.8,9196,4.3,1.4,219,Education
U06189,54,Other,Ahmedabad,OnePlus,iOS,3.8,30.8,286.4,176,3.0,7706,6.8,0.4,830,Gaming
U06190,39,Other,Bangalore,Nokia,iOS,3.6,28.7,153.2,162,0.5,1263,2.8,2.9,1241,Education
U06191,26,Other,Mumbai,Google Pixel,Android,5.9,12.8,214.7,40,5.1,8388,7.4,4.9,854,Social Media
U06192,35,Female,Chennai,Xiaomi,Android,2.7,9.0,119.1,54,5.7,6541,4.5,2.1,1949,Work
U06193,42,Female,Chennai,Realme,iOS,5.8,31.0,277.7,130,1.9,8029,4.7,3.1,718,Work
U06194,30,Female,Hyderabad,Motorola,iOS,8.8,1.2,5.9,78,5.0,5433,6.2,2.2,1944,Entertainment
U06195,58,Other,Bangalore,Nokia,Android,11.6,19.3,215.8,24,4.8,4809,7.4,4.2,979,Social Media
U06196,15,Other,Hyderabad,Samsung,Android,7.4,42.0,143.9,101,4.2,5050,6.7,2.9,1646,Entertainment
U06197,32,Other,Pune,Motorola,Android,11.3,35.8,140.3,84,1.9,9523,7.9,2.1,1655,Education
U06198,37,Female,Pune,Google Pixel,iOS,2.7,4.6,266.1,96,2.3,8989,2.9,0.2,1423,Gaming
U06199,55,Male,Chennai,Vivo,iOS,1.7,18.0,153.4,53,2.1,106,6.3,0.4,716,Social Media
U06200,22,Other,Jaipur,OnePlus,Android,6.1,26.9,190.1,82,3.6,2620,5.5,3.2,444,Work
U06201,34,Female,Pune,Motorola,Android,3.5,42.4,194.9,196,2.5,6785,7.7,4.4,1489,Work
U06202,22,Male,Mumbai,Apple,iOS,3.3,18.7,95.2,177,4.0,6250,5.4,3.6,1619,Social Media
U06203,54,Other,Chennai,Samsung,Android,7.5,28.3,95.8,77,3.2,7079,3.9,3.9,1520,Social Media
U06204,59,Other,Delhi,Realme,Android,8.0,6.7,166.5,153,2.0,5744,4.8,2.6,598,Gaming
U06205,22,Female,Bangalore,Xiaomi,Android,8.5,21.6,180.5,17,1.7,8262,4.6,0.0,919,Work
U06206,36,Female,Bangalore,Google Pixel,iOS,8.6,32.5,172.2,58,0.8,2314,6.3,0.3,772,Gaming
U06207,25,Other,Bangalore,Apple,iOS,7.3,8.0,89.6,101,2.0,3506,3.5,3.0,1925,Social Media
U06208,44,Female,Ahmedabad,Motorola,iOS,7.3,36.6,8.9,186,0.9,2028,1.3,0.7,340,Education
U06209,53,Female,Bangalore,Motorola,iOS,12.0,36.4,122.3,199,5.3,2496,6.0,3.2,1675,Education
U06210,22,Male,Bangalore,Samsung,iOS,12.0,45.4,264.4,169,2.7,2024,3.5,4.4,1891,Entertainment
U06211,54,Other,Mumbai,Vivo,Android,8.4,36.3,155.3,79,4.6,7473,2.8,4.3,311,Social Media
U06212,34,Female,Hyderabad,Realme,Android,7.3,5.8,190.8,106,4.5,848,3.3,2.0,1301,Entertainment
U06213,36,Male,Jaipur,Realme,Android,7.3,49.7,217.1,185,5.5,6653,6.0,4.8,1114,Social Media
U06214,36,Female,Bangalore,Samsung,Android,6.5,28.6,228.8,127,2.7,2863,1.5,2.9,1035,Work
U06215,31,Female,Mumbai,Samsung,iOS,11.1,36.2,76.6,163,5.2,1113,1.3,4.4,1067,Gaming
U06216,52,Male,Mumbai,Xiaomi,iOS,6.4,33.2,114.8,197,3.3,136,2.2,3.0,495,Work
U06217,23,Other,Kolkata,Nokia,iOS,9.8,37.9,105.1,64,4.2,3298,3.5,0.3,977,Education
U06218,36,Male,Delhi,Oppo,iOS,9.8,12.0,131.1,99,1.6,128,5.3,1.8,1046,Entertainment
U06219,56,Female,Bangalore,Samsung,Android,11.7,22.4,218.1,117,3.5,5543,6.0,3.5,765,Education
U06220,48,Male,Chennai,Nokia,iOS,5.2,29.0,232.1,131,5.2,4924,3.0,3.3,1340,Education
U06221,17,Male,Kolkata,Nokia,Android,4.4,24.6,46.8,75,4.4,4038,7.0,0.1,1544,Entertainment
U06222,52,Male,Hyderabad,Motorola,iOS,4.8,10.2,120.9,115,2.8,6691,3.9,0.8,645,Entertainment
U06223,50,Other,Chennai,OnePlus,iOS,7.1,10.3,112.9,91,1.6,3892,5.9,4.0,1729,Gaming
U06224,21,Male,Hyderabad,Vivo,Android,6.9,39.1,205.8,194,0.9,9405,0.7,1.8,407,Social Media
U06225,48,Other,Ahmedabad,Xiaomi,Android,5.5,36.0,293.8,156,5.4,9420,3.0,2.3,634,Gaming
U06226,55,Male,Chennai,Vivo,iOS,9.8,24.3,284.4,104,4.2,656,3.1,3.7,1204,Social Media
U06227,24,Male,Chennai,Realme,iOS,9.6,24.9,69.4,78,5.2,8064,5.7,3.0,756,Entertainment
U06228,52,Other,Pune,Xiaomi,iOS,3.0,18.4,89.7,128,1.3,8893,1.1,3.3,742,Entertainment
U06229,20,Female,Jaipur,Xiaomi,Android,5.9,34.1,145.1,199,4.1,2055,2.0,3.4,1649,Gaming
U06230,29,Other,Kolkata,Motorola,Android,6.0,29.5,200.8,176,4.5,2965,2.1,0.6,1053,Social Media
U06231,19,Male,Jaipur,Google Pixel,iOS,9.8,7.9,70.2,152,3.7,600,4.4,2.0,250,Social Media
U06232,30,Female,Bangalore,Xiaomi,Android,9.6,34.8,41.1,145,5.1,3037,1.9,4.1,694,Education
U06233,38,Female,Mumbai,Apple,Android,9.9,34.0,119.8,159,5.9,7458,4.0,4.7,1617,Work
U06234,45,Male,Pune,OnePlus,Android,6.8,33.1,230.0,26,2.5,9242,5.6,1.4,377,Entertainment
U06235,28,Other,Pune,Apple,Android,5.8,47.0,191.2,118,4.4,2113,6.3,1.0,504,Work
U06236,52,Female,Jaipur,Realme,Android,7.5,9.4,178.3,155,1.5,1208,3.4,3.6,212,Education
U06237,17,Male,Bangalore,Google Pixel,iOS,9.9,17.8,190.3,120,1.0,1379,4.7,4.5,1994,Gaming
U06238,33,Female,Lucknow,Realme,iOS,6.3,7.1,28.1,66,5.7,8760,4.1,0.3,1347,Gaming
U06239,27,Male,Delhi,Google Pixel,Android,9.7,48.3,248.2,97,4.8,3122,4.4,1.6,236,Work
U06240,20,Other,Bangalore,Google Pixel,iOS,2.6,47.9,240.7,13,1.5,9061,3.9,4.0,736,Education
U06241,45,Male,Jaipur,Motorola,iOS,8.8,40.7,218.7,21,4.5,9680,1.3,4.7,948,Gaming
U06242,36,Other,Mumbai,Motorola,Android,10.6,29.8,38.2,124,3.8,3840,6.8,4.7,1103,Work
U06243,24,Other,Bangalore,Samsung,iOS,3.7,47.5,262.1,157,0.9,6190,7.9,2.0,625,Work
U06244,42,Female,Chennai,OnePlus,iOS,5.5,33.0,127.0,14,5.3,7436,2.5,1.6,666,Work
U06245,59,Other,Hyderabad,Vivo,Android,9.7,25.2,172.1,187,2.5,374,2.8,3.7,1953,Entertainment
U06246,38,Female,Chennai,Samsung,iOS,2.2,44.4,288.5,37,4.4,3175,1.0,1.2,690,Education
U06247,24,Male,Delhi,Apple,iOS,7.2,46.4,254.1,174,2.0,9939,7.8,4.7,1059,Gaming
U06248,16,Male,Lucknow,Xiaomi,iOS,4.5,21.8,126.6,153,3.4,5828,2.5,2.1,1009,Work
U06249,18,Female,Hyderabad,Oppo,Android,4.3,46.0,141.1,63,1.8,2924,4.7,2.2,1623,Gaming
U06250,48,Female,Kolkata,OnePlus,Android,5.4,40.3,86.3,188,4.8,5126,7.8,0.3,1795,Entertainment
U06251,56,Female,Delhi,Motorola,Android,10.0,31.8,280.6,182,2.4,9971,2.2,3.2,1967,Work
U06252,18,Female,Chennai,Motorola,Android,7.7,32.8,201.2,85,5.2,215,3.2,1.8,1947,Education
U06253,37,Other,Pune,Google Pixel,Android,1.2,1.7,224.3,16,1.9,7142,4.7,0.8,1444,Gaming
U06254,36,Female,Lucknow,Nokia,iOS,9.6,41.6,13.7,174,5.5,6189,0.8,0.1,1353,Work
U06255,42,Male,Ahmedabad,Oppo,iOS,6.9,19.3,283.2,183,5.2,3696,3.1,1.2,722,Education
U06256,58,Male,Lucknow,Oppo,Android,1.9,21.9,256.7,80,2.6,3856,1.4,3.5,942,Entertainment
U06257,33,Male,Kolkata,Apple,Android,8.9,4.0,266.0,91,5.7,4377,1.0,3.5,1568,Gaming
U06258,32,Female,Chennai,Samsung,iOS,3.0,8.3,142.3,22,5.7,7561,4.8,0.4,451,Social Media
U06259,50,Female,Mumbai,Motorola,iOS,7.1,9.0,76.7,87,1.5,5878,7.2,3.9,1936,Gaming
U06260,24,Female,Delhi,Samsung,iOS,9.0,30.9,158.5,140,1.2,3831,6.7,3.1,487,Social Media
U06261,19,Male,Pune,Realme,Android,2.8,4.7,235.0,169,2.8,4301,1.9,2.8,1232,Education
U06262,47,Male,Pune,OnePlus,iOS,7.9,47.7,276.2,67,2.0,7429,3.2,0.9,321,Work
U06263,57,Male,Lucknow,Realme,Android,7.6,25.0,207.3,117,1.3,2184,3.5,2.6,1052,Work
U06264,38,Female,Delhi,Nokia,iOS,10.5,7.0,22.0,146,1.3,3574,1.3,0.6,785,Work
U06265,48,Male,Chennai,Samsung,Android,5.6,30.4,166.4,134,1.0,821,5.7,3.1,417,Education
U06266,60,Male,Mumbai,Xiaomi,Android,1.6,17.9,187.8,25,3.7,5349,5.9,0.2,667,Gaming
U06267,54,Female,Lucknow,Apple,Android,8.9,42.3,14.8,95,4.8,9368,1.7,4.3,1691,Education
U06268,33,Other,Jaipur,Oppo,iOS,1.1,2.7,144.0,153,3.2,8650,5.7,2.9,1979,Education
U06269,59,Female,Bangalore,Vivo,Android,9.2,22.6,178.6,145,4.7,2330,7.7,3.9,1179,Work
U06270,32,Male,Ahmedabad,Vivo,Android,10.1,44.2,266.5,44,5.2,1103,0.8,0.6,772,Gaming
U06271,39,Male,Chennai,Xiaomi,Android,11.0,33.5,20.3,124,1.3,6484,4.8,1.5,742,Education
U06272,22,Other,Mumbai,Xiaomi,Android,10.5,35.5,288.7,84,3.3,2893,3.7,1.4,474,Work
U06273,50,Other,Chennai,Motorola,Android,8.2,46.5,132.1,53,1.1,5240,5.8,1.4,346,Entertainment
U06274,52,Male,Jaipur,Nokia,iOS,6.6,14.1,266.5,45,4.4,286,4.8,2.7,1602,Work
U06275,20,Female,Delhi,Google Pixel,iOS,11.9,49.6,84.4,146,0.6,9235,0.7,3.8,806,Gaming
U06276,27,Male,Ahmedabad,Xiaomi,iOS,11.6,25.3,85.8,121,1.9,5617,3.8,2.1,1343,Work
U06277,42,Other,Delhi,Nokia,iOS,5.0,39.3,239.7,190,1.7,3675,0.5,0.2,1877,Gaming
U06278,50,Male,Pune,Google Pixel,Android,10.6,29.8,236.5,199,2.8,7401,6.4,0.1,1381,Work
U06279,18,Other,Hyderabad,Samsung,iOS,12.0,31.0,29.4,63,4.2,9682,1.3,2.6,585,Education
U06280,25,Male,Ahmedabad,Xiaomi,Android,9.0,8.4,98.9,38,2.0,2896,2.9,4.2,192,Social Media
U06281,44,Male,Hyderabad,Nokia,Android,9.2,13.3,144.9,53,4.3,9623,5.3,3.0,506,Education
U06282,32,Female,Hyderabad,Xiaomi,iOS,8.2,46.3,52.1,51,5.8,1591,3.2,4.4,750,Social Media
U06283,29,Other,Pune,Realme,Android,7.3,32.6,157.0,112,5.5,6582,5.1,2.8,1412,Gaming
U06284,16,Male,Chennai,Realme,iOS,10.8,19.3,190.4,121,4.1,9080,6.2,3.5,1622,Entertainment
U06285,41,Male,Chennai,Oppo,Android,4.4,33.9,18.4,171,3.1,1078,3.2,3.0,1646,Work
U06286,34,Other,Pune,Apple,Android,5.0,27.5,201.0,194,3.3,4707,6.2,2.3,1948,Gaming
U06287,54,Female,Pune,Nokia,iOS,7.0,8.7,233.0,121,1.8,6313,5.9,0.7,1549,Gaming
U06288,54,Male,Ahmedabad,Nokia,iOS,2.9,41.7,49.5,71,5.9,2152,6.8,0.5,1397,Gaming
U06289,17,Female,Mumbai,Nokia,Android,3.9,7.9,222.6,177,4.4,4813,3.9,4.5,1868,Work
U06290,40,Male,Mumbai,Xiaomi,iOS,11.2,20.0,104.4,27,0.7,4570,2.2,1.0,1041,Gaming
U06291,49,Female,Jaipur,Motorola,Android,9.6,30.6,223.1,27,5.4,7411,3.2,4.9,905,Work
U06292,45,Other,Hyderabad,Samsung,iOS,10.1,43.6,28.8,160,3.7,3048,2.6,1.8,510,Social Media
U06293,59,Female,Kolkata,Apple,iOS,3.5,44.0,120.6,154,5.2,1458,2.3,4.7,1408,Entertainment
U06294,37,Female,Bangalore,Realme,iOS,5.3,18.6,284.3,65,5.8,4315,5.2,3.0,1082,Education
U06295,19,Male,Jaipur,Oppo,Android,3.0,44.7,211.5,67,0.5,2583,5.1,0.8,237,Entertainment
U06296,15,Female,Pune,Realme,iOS,2.6,27.2,254.1,97,3.3,4134,3.2,1.5,1242,Entertainment
U06297,45,Female,Pune,Xiaomi,iOS,3.4,18.4,265.4,97,1.5,9308,1.3,0.6,1094,Entertainment
U06298,49,Female,Mumbai,Apple,Android,1.9,11.9,200.9,66,4.3,2362,1.7,3.4,1407,Social Media
U06299,39,Female,Jaipur,OnePlus,Android,7.7,6.1,263.6,176,6.0,7010,3.0,4.5,1943,Education
U06300,57,Female,Pune,Xiaomi,Android,8.2,10.9,198.3,52,3.5,5937,0.7,0.2,1361,Entertainment
U06301,35,Male,Jaipur,Apple,iOS,11.2,34.0,164.8,185,1.2,4978,4.7,2.9,1362,Work
U06302,21,Female,Hyderabad,Google Pixel,Android,6.0,9.4,200.0,81,4.6,4749,2.9,0.6,417,Entertainment
U06303,49,Female,Chennai,Realme,iOS,5.9,33.5,299.3,155,4.8,2456,4.9,3.3,1702,Work
U06304,30,Female,Kolkata,Google Pixel,iOS,7.5,9.5,31.4,18,4.3,9105,3.6,5.0,352,Entertainment
U06305,24,Other,Kolkata,Nokia,iOS,11.6,24.2,77.2,169,0.5,7502,5.4,1.3,1208,Education
U06306,47,Male,Ahmedabad,Google Pixel,iOS,11.6,27.4,243.3,15,4.5,887,6.7,4.9,615,Gaming
U06307,59,Male,Hyderabad,Google Pixel,iOS,5.7,1.3,177.5,184,1.6,4426,6.2,1.1,1220,Gaming
U06308,44,Other,Bangalore,OnePlus,iOS,9.9,45.4,124.4,18,1.1,8017,5.2,1.6,1708,Social Media
U06309,39,Female,Delhi,Google Pixel,iOS,8.8,16.3,45.6,153,5.3,8708,6.2,3.5,866,Gaming
U06310,16,Female,Bangalore,Vivo,Android,8.7,36.5,97.5,144,2.2,3030,2.6,0.5,334,Social Media
U06311,25,Male,Kolkata,OnePlus,iOS,8.7,44.4,256.6,117,4.4,5272,7.5,4.9,1490,Social Media
U06312,20,Other,Delhi,Motorola,Android,6.5,18.5,130.6,131,2.1,4625,4.0,2.8,1307,Education
U06313,51,Female,Bangalore,Vivo,iOS,2.9,23.4,100.4,20,4.9,2668,7.3,1.3,1464,Education
U06314,56,Other,Delhi,Apple,Android,6.1,28.2,244.0,132,2.4,3777,7.1,0.7,1125,Gaming
U06315,58,Other,Delhi,Motorola,iOS,8.3,37.2,38.8,21,3.9,5080,1.3,2.3,947,Social Media
U06316,35,Female,Chennai,Apple,Android,5.1,2.0,65.2,55,4.2,7612,1.0,3.2,114,Gaming
U06317,47,Male,Hyderabad,OnePlus,iOS,1.5,4.9,44.9,35,4.4,2548,3.5,0.2,737,Social Media
U06318,34,Male,Chennai,Motorola,Android,3.7,18.1,115.8,30,0.7,1685,3.0,3.8,509,Entertainment
U06319,35,Male,Hyderabad,Samsung,iOS,2.4,49.6,189.2,131,4.7,9666,2.9,4.8,1221,Social Media
U06320,28,Other,Pune,Nokia,Android,8.7,17.8,284.5,163,2.2,9198,4.7,1.4,389,Education
U06321,41,Other,Kolkata,Vivo,Android,3.4,34.3,138.9,83,5.3,8886,5.1,2.7,1821,Entertainment
U06322,58,Other,Delhi,Realme,iOS,5.8,1.8,298.2,119,5.6,9074,2.9,4.7,732,Gaming
U06323,16,Other,Delhi,Apple,iOS,7.3,31.5,279.6,75,4.6,3713,1.2,3.4,731,Gaming
U06324,17,Other,Pune,Samsung,iOS,3.6,38.1,146.1,83,3.5,729,4.8,2.4,1062,Gaming
U06325,57,Other,Mumbai,Nokia,Android,10.0,12.2,147.1,105,5.3,9523,6.4,3.1,1939,Entertainment
U06326,43,Female,Ahmedabad,Samsung,Android,7.8,15.9,117.3,126,2.4,4729,5.8,3.2,434,Work
U06327,41,Other,Kolkata,Samsung,Android,9.6,10.7,64.1,45,3.8,3137,7.3,4.0,1894,Social Media
U06328,21,Other,Hyderabad,Oppo,iOS,10.8,38.4,94.1,14,3.2,5749,3.2,1.2,1428,Education
U06329,40,Male,Chennai,Samsung,iOS,7.5,34.5,123.7,30,1.1,3758,4.5,1.8,814,Education
U06330,21,Male,Mumbai,Samsung,Android,2.2,3.0,260.1,145,2.8,1102,5.7,4.0,727,Education
U06331,46,Other,Pune,Realme,iOS,11.3,5.3,278.6,173,4.5,9415,3.6,0.3,1812,Social Media
U06332,26,Other,Delhi,OnePlus,Android,5.6,32.0,125.6,47,1.3,920,0.7,1.8,397,Gaming
U06333,37,Female,Bangalore,OnePlus,iOS,4.8,16.3,44.4,35,0.6,3123,3.3,3.2,861,Gaming
U06334,40,Male,Kolkata,Realme,Android,8.9,3.3,29.0,156,4.5,7071,4.3,0.6,769,Education
U06335,35,Male,Jaipur,Oppo,Android,4.6,24.6,228.3,172,4.5,2603,6.0,3.8,1782,Gaming
U06336,33,Male,Delhi,OnePlus,Android,7.1,1.2,68.1,131,0.7,6401,5.4,0.5,418,Gaming
U06337,23,Male,Mumbai,Motorola,iOS,3.4,49.4,213.4,110,3.1,4930,4.3,4.7,534,Entertainment
U06338,42,Male,Ahmedabad,Xiaomi,iOS,1.4,34.7,275.0,69,0.7,7563,7.6,2.5,358,Gaming
U06339,16,Other,Chennai,Nokia,Android,10.1,37.2,145.0,161,5.4,895,1.3,2.6,1702,Social Media
U06340,15,Male,Lucknow,Samsung,Android,8.1,48.7,109.0,62,2.0,4513,3.2,4.8,1377,Gaming
U06341,55,Female,Pune,OnePlus,iOS,2.2,12.0,102.4,40,2.8,4162,2.4,4.4,1867,Social Media
U06342,43,Male,Mumbai,Motorola,iOS,6.6,26.9,231.2,60,5.9,7372,5.1,4.9,285,Education
U06343,53,Male,Bangalore,Google Pixel,iOS,11.3,38.8,48.8,24,6.0,3588,3.0,3.5,1125,Work
U06344,22,Male,Bangalore,Xiaomi,Android,10.7,37.1,165.6,181,4.0,2761,5.5,1.2,809,Entertainment
U06345,28,Other,Lucknow,Google Pixel,iOS,10.5,37.8,256.7,155,4.7,7477,1.6,1.1,791,Education
U06346,19,Female,Bangalore,Google Pixel,Android,5.9,12.9,243.0,27,3.9,9135,6.7,3.4,1255,Gaming
U06347,41,Other,Mumbai,Motorola,iOS,8.6,16.6,28.6,17,1.1,1140,3.7,4.3,184,Gaming
U06348,58,Male,Hyderabad,Oppo,iOS,10.9,23.5,152.3,162,2.3,8739,2.5,2.8,1349,Entertainment
U06349,16,Male,Bangalore,Oppo,iOS,5.7,41.6,287.8,87,0.5,353,6.0,4.4,1713,Entertainment
U06350,22,Other,Lucknow,Oppo,iOS,5.7,9.0,178.3,91,3.6,6415,2.7,2.6,1017,Entertainment
U06351,46,Female,Mumbai,Google Pixel,iOS,6.2,14.2,18.0,46,2.2,7102,4.5,3.2,352,Entertainment
U06352,48,Female,Hyderabad,OnePlus,Android,3.1,1.4,36.4,192,3.9,6386,2.9,4.8,1588,Entertainment
U06353,37,Male,Ahmedabad,Motorola,Android,4.5,11.5,274.5,45,3.4,4533,3.4,1.5,875,Gaming
U06354,27,Female,Pune,Vivo,iOS,10.6,27.7,205.6,70,1.0,7042,7.2,3.4,1200,Entertainment
U06355,41,Other,Hyderabad,Oppo,Android,8.6,46.6,80.9,165,5.7,8444,1.0,3.0,670,Gaming
U06356,41,Female,Pune,Vivo,Android,3.1,49.8,218.5,156,0.8,1459,1.7,2.5,730,Entertainment
U06357,34,Male,Lucknow,Oppo,Android,10.2,45.7,12.6,142,1.5,681,0.7,0.7,986,Work
U06358,60,Male,Hyderabad,Oppo,Android,4.6,37.4,11.0,91,1.4,312,6.5,2.5,1663,Work
U06359,48,Female,Chennai,Motorola,Android,8.0,10.7,127.6,10,3.5,3332,4.0,0.8,1789,Social Media
U06360,22,Other,Ahmedabad,Nokia,iOS,7.9,26.0,140.5,102,2.5,4779,3.8,2.2,546,Gaming
U06361,37,Female,Delhi,Nokia,iOS,10.1,9.5,154.3,10,4.1,4684,4.0,4.7,1259,Education
U06362,54,Male,Ahmedabad,Samsung,Android,4.0,9.7,272.5,177,3.7,7613,1.9,3.4,996,Entertainment
U06363,17,Other,Lucknow,Nokia,Android,5.1,5.7,188.7,25,2.0,2406,4.7,0.2,1003,Gaming
U06364,57,Other,Pune,Xiaomi,iOS,8.3,3.8,27.7,178,5.3,3764,6.2,3.0,161,Social Media
U06365,51,Male,Mumbai,Samsung,Android,11.0,23.6,287.0,64,4.0,258,7.6,0.2,1449,Entertainment
U06366,60,Female,Chennai,Samsung,iOS,4.9,41.5,283.2,37,0.7,7190,7.0,1.2,298,Entertainment
U06367,30,Male,Hyderabad,Vivo,Android,4.5,41.4,136.0,170,0.5,4937,6.6,2.4,799,Work
U06368,45,Female,Lucknow,Realme,iOS,10.0,30.0,114.0,99,2.7,1736,2.8,1.1,298,Gaming
U06369,48,Other,Kolkata,OnePlus,iOS,7.5,4.4,97.0,133,4.0,5013,7.6,2.3,262,Gaming
U06370,41,Male,Bangalore,OnePlus,Android,5.3,15.5,247.4,194,3.4,4720,2.6,3.9,837,Entertainment
U06371,54,Other,Pune,Motorola,iOS,6.8,46.2,290.0,95,4.1,3035,3.2,2.0,546,Work
U06372,46,Other,Delhi,Nokia,iOS,8.0,9.0,284.9,29,5.6,4921,1.7,1.6,1389,Work
U06373,28,Female,Mumbai,Nokia,Android,10.7,49.1,101.3,61,2.4,848,4.2,1.2,565,Education
U06374,24,Other,Lucknow,Vivo,Android,8.8,32.3,222.7,164,5.2,7455,7.6,0.8,822,Gaming
U06375,17,Other,Delhi,Apple,Android,9.4,19.9,88.8,180,4.1,7646,3.2,3.3,1772,Work
U06376,34,Other,Delhi,Nokia,iOS,5.5,46.4,245.1,156,1.8,3062,4.1,2.7,914,Gaming
U06377,35,Male,Pune,Xiaomi,iOS,11.6,35.4,216.3,12,2.0,3367,7.6,0.3,1992,Education
U06378,29,Female,Pune,Realme,Android,7.9,48.0,119.8,39,5.0,9873,7.1,1.0,1279,Entertainment
U06379,31,Female,Ahmedabad,Google Pixel,iOS,1.5,18.3,111.5,106,4.3,5221,4.6,4.0,142,Gaming
U06380,25,Other,Jaipur,Vivo,Android,6.4,44.3,155.3,54,1.4,651,2.3,0.6,1690,Work
U06381,56,Other,Pune,Realme,iOS,7.1,30.7,161.0,148,3.4,7435,6.8,4.9,717,Work
U06382,28,Female,Lucknow,Oppo,iOS,10.1,7.3,270.5,157,5.1,1119,1.2,1.5,1273,Entertainment
U06383,43,Male,Chennai,Samsung,Android,6.4,48.9,25.1,148,0.7,1476,2.5,0.6,811,Gaming
U06384,30,Female,Pune,Nokia,Android,8.7,19.4,204.0,176,4.7,9777,3.3,0.2,1263,Entertainment
U06385,33,Female,Ahmedabad,Apple,iOS,11.4,5.1,196.6,20,3.9,597,0.7,3.8,1650,Work
U06386,53,Other,Chennai,Apple,iOS,4.6,15.7,14.1,115,4.1,8207,4.9,4.7,891,Work
U06387,47,Male,Jaipur,Google Pixel,iOS,8.8,4.7,297.1,91,5.5,2766,4.2,4.4,950,Education
U06388,33,Female,Pune,Nokia,iOS,5.8,41.6,251.5,45,5.3,6002,5.9,2.3,333,Work
U06389,53,Female,Lucknow,Samsung,iOS,8.7,30.6,14.3,35,0.6,1333,5.2,1.2,1450,Social Media
U06390,50,Other,Chennai,Xiaomi,iOS,5.5,17.5,14.3,138,3.6,3178,3.5,0.4,1666,Education
U06391,40,Other,Jaipur,Realme,Android,7.6,38.4,167.0,118,1.9,303,5.6,1.8,1387,Gaming
U06392,18,Other,Lucknow,Apple,iOS,7.0,31.2,173.8,197,5.1,6956,0.8,1.9,1052,Gaming
U06393,44,Female,Hyderabad,Samsung,iOS,1.7,31.1,232.0,47,2.2,1608,7.6,2.6,1577,Entertainment
U06394,41,Male,Ahmedabad,Google Pixel,Android,3.4,49.6,118.8,54,4.4,219,4.7,3.1,1356,Education
U06395,48,Male,Hyderabad,OnePlus,iOS,3.9,39.3,58.6,49,4.9,543,4.3,4.5,528,Entertainment
U06396,19,Female,Bangalore,Motorola,iOS,6.9,20.0,245.1,165,5.6,1019,2.2,3.4,1223,Work
U06397,53,Other,Mumbai,Realme,iOS,8.6,25.4,153.8,20,3.0,7444,5.8,1.0,701,Gaming
U06398,45,Male,Delhi,Motorola,iOS,3.0,27.0,272.9,149,4.5,1016,4.3,1.4,919,Education
U06399,57,Other,Ahmedabad,Realme,iOS,6.2,7.1,48.7,130,5.0,1743,4.7,1.9,516,Entertainment
U06400,32,Male,Lucknow,Xiaomi,Android,3.6,23.2,280.5,60,5.7,5272,3.9,4.6,1197,Gaming
U06401,34,Female,Chennai,Xiaomi,Android,4.7,46.4,100.8,69,5.3,6407,1.1,3.5,1542,Education
U06402,17,Male,Jaipur,Realme,Android,11.1,48.3,263.2,56,0.6,1420,0.8,4.9,1771,Education
U06403,27,Female,Delhi,Motorola,iOS,3.0,11.9,264.2,171,3.4,7975,7.7,4.0,489,Education
U06404,45,Female,Pune,OnePlus,Android,7.7,48.7,284.1,86,5.7,8309,3.0,3.7,1540,Entertainment
U06405,23,Male,Jaipur,Samsung,iOS,6.1,10.3,156.2,185,0.7,7228,4.2,1.3,1272,Work
U06406,18,Other,Bangalore,Vivo,iOS,6.3,37.0,140.8,93,4.2,5423,2.9,4.3,233,Work
U06407,48,Male,Delhi,Xiaomi,Android,2.7,7.7,45.7,34,3.1,6486,5.6,4.9,690,Gaming
U06408,20,Other,Jaipur,OnePlus,Android,3.6,42.7,105.7,130,4.4,9431,6.4,1.7,907,Social Media
U06409,26,Male,Jaipur,Apple,Android,4.6,15.8,133.1,91,1.1,9710,4.2,2.0,712,Entertainment
U06410,18,Female,Pune,Oppo,Android,7.8,45.4,268.9,164,4.2,6794,4.1,4.3,966,Entertainment
U06411,58,Other,Lucknow,Realme,Android,6.4,26.5,66.2,57,0.5,2954,7.7,0.2,1693,Gaming
U06412,57,Female,Ahmedabad,OnePlus,Android,4.1,16.8,198.7,60,0.8,9278,4.4,4.7,588,Entertainment
U06413,41,Female,Lucknow,Google Pixel,Android,9.1,33.2,151.1,56,1.7,6446,1.2,4.5,1610,Work
U06414,24,Female,Chennai,Motorola,Android,2.1,18.1,31.8,190,5.9,1966,5.6,0.8,1369,Social Media
U06415,41,Male,Chennai,OnePlus,Android,1.5,42.5,227.2,140,2.9,7380,4.1,4.7,121,Social Media
U06416,39,Other,Jaipur,Google Pixel,Android,3.6,26.8,208.1,90,3.8,6645,3.7,3.2,110,Social Media
U06417,35,Male,Kolkata,Google Pixel,Android,10.5,20.2,132.9,70,2.9,2474,1.7,0.2,992,Work
U06418,33,Male,Jaipur,OnePlus,Android,1.4,12.9,33.4,34,3.9,1141,7.0,2.4,622,Gaming
U06419,57,Male,Delhi,Samsung,iOS,4.1,9.5,134.9,102,3.7,8769,7.5,3.6,1749,Work
U06420,28,Female,Kolkata,Samsung,iOS,5.4,11.3,10.2,150,2.5,1802,2.3,1.9,1471,Work
U06421,28,Female,Lucknow,Realme,Android,2.5,17.7,270.2,37,3.9,1230,1.8,0.5,1718,Work
U06422,52,Female,Ahmedabad,Motorola,Android,5.7,2.1,184.8,158,5.0,8563,1.4,4.8,250,Gaming
U06423,45,Female,Jaipur,Vivo,Android,3.4,32.7,82.8,176,4.0,4905,2.9,0.9,1593,Education
U06424,34,Female,Pune,Samsung,Android,8.3,48.6,258.1,192,4.5,6135,1.9,1.8,735,Gaming
U06425,48,Male,Kolkata,Oppo,iOS,1.8,6.7,166.2,77,0.9,8461,3.6,1.6,600,Education
U06426,30,Female,Pune,Vivo,Android,3.5,40.2,287.3,82,4.5,7013,0.7,0.5,1145,Work
U06427,44,Female,Chennai,Apple,Android,10.4,45.3,83.8,72,1.6,9558,6.2,2.0,295,Education
U06428,42,Other,Delhi,Realme,Android,7.1,4.1,69.2,175,1.0,9130,3.2,1.1,1692,Gaming
U06429,41,Male,Kolkata,Realme,iOS,3.7,21.5,241.8,158,3.4,7063,4.4,4.9,271,Education
U06430,58,Female,Lucknow,Apple,iOS,3.6,24.1,98.3,106,5.1,3079,5.4,1.2,1826,Gaming
U06431,15,Female,Ahmedabad,Nokia,Android,7.9,7.1,251.2,103,1.8,5160,0.7,2.7,1404,Social Media
U06432,36,Female,Hyderabad,Realme,iOS,3.9,17.4,74.9,70,4.0,8402,1.2,0.6,582,Gaming
U06433,15,Male,Ahmedabad,Samsung,Android,7.5,17.3,247.3,107,1.8,6180,5.1,0.3,1496,Gaming
U06434,25,Female,Bangalore,Google Pixel,Android,1.2,25.9,89.4,74,5.5,1943,6.0,1.1,1443,Education
U06435,40,Male,Mumbai,Apple,iOS,10.2,6.1,190.3,176,1.5,9228,4.3,1.8,166,Education
U06436,55,Other,Pune,Google Pixel,iOS,6.8,21.0,181.0,120,3.7,7026,6.1,3.0,537,Education
U06437,49,Male,Jaipur,Xiaomi,Android,5.0,29.6,113.1,30,0.8,2924,3.5,1.7,1926,Education
U06438,18,Female,Hyderabad,Google Pixel,Android,11.5,21.3,220.7,100,2.8,1256,1.4,0.3,881,Entertainment
U06439,47,Other,Bangalore,Xiaomi,iOS,10.1,40.6,242.4,11,1.1,9632,6.2,3.1,1142,Gaming
U06440,48,Female,Ahmedabad,Realme,Android,10.2,35.4,185.9,37,3.8,123,3.6,0.2,1573,Education
U06441,28,Other,Kolkata,Vivo,Android,1.1,10.2,138.4,151,2.1,5901,4.7,0.4,1343,Education
U06442,18,Male,Bangalore,Nokia,iOS,7.4,34.2,139.6,134,4.3,6946,2.9,0.3,797,Education
U06443,42,Male,Ahmedabad,Xiaomi,Android,6.2,36.2,5.0,45,4.9,9497,4.5,0.7,1670,Entertainment
U06444,30,Female,Kolkata,Nokia,iOS,6.9,4.6,241.5,152,1.9,562,3.1,0.7,1613,Entertainment
U06445,51,Other,Kolkata,Motorola,Android,7.1,9.8,47.5,78,2.9,4795,3.5,3.8,733,Entertainment
U06446,15,Male,Chennai,Nokia,iOS,8.1,2.7,205.7,58,1.5,1768,4.9,3.5,1599,Entertainment
U06447,20,Other,Ahmedabad,Apple,Android,6.4,11.4,129.4,27,1.5,9290,2.4,0.0,1351,Education
U06448,42,Male,Kolkata,Motorola,iOS,1.3,32.3,89.7,189,6.0,7346,2.9,0.4,1192,Entertainment
U06449,57,Male,Lucknow,Motorola,Android,9.8,2.1,131.2,147,2.2,5112,5.2,4.7,1797,Social Media
U06450,50,Other,Pune,Motorola,Android,5.5,43.1,230.5,92,3.9,1956,5.9,4.1,1453,Social Media
U06451,43,Female,Bangalore,Apple,iOS,9.0,14.1,23.4,104,0.6,769,3.5,1.6,1569,Social Media
U06452,50,Female,Ahmedabad,Motorola,iOS,3.8,3.7,219.9,11,0.9,9545,3.5,0.1,1317,Gaming
U06453,28,Female,Bangalore,Apple,iOS,8.0,11.4,187.9,183,3.7,2565,3.1,0.1,1490,Education
U06454,53,Male,Bangalore,Realme,Android,6.7,16.8,152.9,159,4.6,3229,1.8,4.9,1287,Social Media
U06455,31,Female,Jaipur,Xiaomi,Android,6.2,32.9,70.8,144,1.8,3302,7.4,2.5,247,Work
U06456,47,Female,Chennai,Samsung,Android,2.1,24.5,150.1,100,2.5,3650,7.0,3.1,1634,Gaming
U06457,53,Male,Jaipur,Motorola,iOS,6.6,29.4,75.5,198,2.6,5179,5.2,4.0,931,Social Media
U06458,21,Other,Jaipur,Motorola,iOS,2.6,25.5,284.0,26,3.1,5947,1.8,3.2,1182,Social Media
U06459,30,Male,Bangalore,Realme,Android,7.5,45.6,108.5,143,5.5,9577,3.3,3.5,388,Entertainment
U06460,58,Male,Delhi,OnePlus,Android,1.5,34.7,83.8,50,2.6,5526,3.9,0.8,696,Entertainment
U06461,35,Other,Chennai,Oppo,iOS,8.8,27.5,229.0,140,2.9,1805,3.1,2.6,1156,Gaming
U06462,57,Other,Mumbai,Samsung,iOS,3.0,2.0,48.5,42,1.7,3397,3.7,1.9,874,Social Media
U06463,36,Male,Chennai,Apple,Android,4.3,49.5,38.7,15,1.2,1984,4.3,2.2,1728,Gaming
U06464,21,Male,Delhi,Realme,iOS,8.6,35.9,43.2,25,5.6,1904,3.6,1.2,428,Entertainment
U06465,18,Female,Lucknow,Xiaomi,Android,2.5,34.2,207.7,187,5.7,6285,3.0,2.5,1508,Gaming
U06466,35,Other,Mumbai,OnePlus,iOS,4.8,47.9,50.7,140,3.4,1468,1.9,0.8,461,Education
U06467,23,Female,Mumbai,Realme,Android,9.0,5.1,80.4,13,4.0,1840,3.3,2.7,788,Education
U06468,19,Male,Lucknow,Samsung,Android,8.9,6.7,31.3,45,0.9,9773,3.2,4.7,1916,Work
U06469,44,Female,Delhi,Vivo,iOS,6.7,17.0,290.8,112,0.9,1250,5.6,1.4,1316,Gaming
U06470,31,Male,Lucknow,OnePlus,Android,9.3,32.2,66.2,184,1.2,784,2.8,3.0,228,Gaming
U06471,58,Other,Bangalore,Google Pixel,Android,1.8,25.0,32.2,32,4.4,5753,7.7,3.9,1091,Gaming
U06472,18,Male,Kolkata,Samsung,Android,8.2,15.6,190.1,66,0.9,6896,4.4,1.2,301,Gaming
U06473,42,Female,Bangalore,Samsung,iOS,11.7,35.5,250.0,61,2.7,9442,4.7,3.1,991,Gaming
U06474,40,Female,Chennai,Apple,iOS,8.6,3.7,269.5,120,0.7,871,5.2,2.5,1163,Social Media
U06475,50,Male,Kolkata,Apple,iOS,1.9,10.2,293.6,35,4.1,3139,4.1,4.1,1184,Entertainment
U06476,49,Female,Jaipur,Vivo,Android,11.3,42.1,273.5,161,0.9,7705,2.9,2.5,164,Education
U06477,23,Other,Delhi,Apple,iOS,6.5,8.9,281.6,26,5.7,8318,3.7,1.1,282,Social Media
U06478,18,Female,Chennai,Google Pixel,iOS,3.6,30.3,183.6,37,3.4,588,7.1,3.0,1905,Work
U06479,25,Other,Bangalore,Apple,Android,5.4,7.0,202.9,185,5.5,2435,5.3,2.5,1659,Social Media
U06480,51,Other,Bangalore,Oppo,iOS,2.4,29.8,39.9,149,1.4,9051,7.7,2.8,1910,Work
U06481,48,Female,Bangalore,Google Pixel,Android,3.2,18.0,56.3,107,1.9,4345,5.2,0.8,1591,Social Media
U06482,58,Female,Mumbai,Xiaomi,iOS,11.1,27.2,231.1,144,0.8,9491,1.1,0.5,1219,Gaming
U06483,49,Other,Delhi,Apple,Android,6.3,17.6,273.8,115,4.7,8647,1.5,1.8,1914,Education
U06484,59,Female,Mumbai,Vivo,iOS,10.7,25.8,34.3,69,5.8,3199,5.7,3.6,499,Work
U06485,50,Female,Ahmedabad,Vivo,Android,4.5,36.1,191.9,182,3.4,1662,6.9,0.9,569,Work
U06486,58,Other,Kolkata,Apple,iOS,1.8,22.1,292.5,192,1.3,3018,1.6,0.2,1802,Entertainment
U06487,48,Other,Kolkata,Samsung,iOS,11.8,35.2,125.2,150,6.0,6355,6.6,2.7,1537,Entertainment
U06488,54,Female,Kolkata,Xiaomi,Android,2.3,21.1,222.2,132,0.7,8962,7.1,2.2,1980,Work
U06489,59,Female,Mumbai,Oppo,Android,6.9,48.7,39.2,156,2.6,7280,1.0,0.1,701,Entertainment
U06490,44,Male,Pune,OnePlus,iOS,6.7,6.7,221.1,158,4.1,3345,6.5,1.8,1675,Education
U06491,44,Male,Mumbai,Google Pixel,iOS,8.3,47.9,138.6,83,5.0,6882,3.5,1.7,631,Education
U06492,19,Other,Lucknow,Realme,iOS,10.1,30.2,68.5,156,3.4,7016,2.8,3.2,1279,Education
U06493,18,Male,Chennai,Realme,Android,6.7,15.6,227.9,89,1.9,1766,5.4,0.6,1238,Social Media
U06494,60,Other,Jaipur,Oppo,Android,8.4,45.2,9.7,56,1.6,117,1.0,4.0,1995,Work
U06495,19,Male,Mumbai,Samsung,Android,3.1,49.6,250.6,10,1.1,8899,3.8,2.0,713,Gaming
U06496,57,Other,Kolkata,Realme,Android,2.0,41.9,224.6,190,0.5,4300,7.9,4.8,1146,Gaming
U06497,43,Other,Ahmedabad,Nokia,Android,9.7,15.0,205.6,61,5.2,6406,1.5,1.5,1657,Gaming
U06498,52,Other,Bangalore,OnePlus,iOS,11.0,38.6,86.7,124,4.8,4024,4.7,3.0,819,Gaming
U06499,35,Female,Chennai,Xiaomi,iOS,6.1,10.4,275.0,120,0.7,3010,4.3,3.0,529,Education
U06500,31,Male,Jaipur,Vivo,Android,11.8,17.4,198.7,92,4.4,8131,0.7,3.7,577,Work
U06501,55,Male,Jaipur,Nokia,iOS,9.4,5.3,173.1,82,5.2,4831,6.7,0.2,1057,Work
U06502,38,Other,Delhi,Apple,Android,1.2,49.0,204.7,92,2.4,6432,3.5,4.7,978,Education
U06503,56,Other,Mumbai,Google Pixel,iOS,6.1,24.3,181.9,56,0.7,5619,2.2,0.6,1571,Entertainment
U06504,17,Male,Ahmedabad,Oppo,iOS,4.5,10.6,250.4,103,5.0,3139,1.7,1.0,1467,Education
U06505,54,Female,Lucknow,Oppo,Android,10.8,6.0,52.6,196,2.6,5229,1.2,4.9,488,Entertainment
U06506,17,Male,Delhi,Vivo,iOS,9.1,16.1,56.6,184,1.1,8587,3.2,1.6,582,Gaming
U06507,46,Male,Bangalore,Xiaomi,Android,7.5,12.5,76.7,65,2.6,7523,7.5,1.3,1963,Social Media
U06508,50,Other,Chennai,Oppo,Android,6.5,32.7,100.7,195,1.5,189,7.7,3.1,1390,Social Media
U06509,33,Female,Mumbai,OnePlus,Android,4.8,11.5,291.0,163,0.6,5662,3.2,3.4,1383,Education
U06510,21,Other,Kolkata,Apple,Android,10.1,31.5,143.4,146,3.5,2641,0.5,3.4,1565,Social Media
U06511,54,Female,Delhi,Oppo,iOS,4.8,11.5,195.0,20,5.5,936,7.5,3.1,1795,Work
U06512,45,Female,Hyderabad,Vivo,Android,2.8,37.6,36.1,179,5.9,8472,1.5,3.1,237,Education
U06513,47,Other,Lucknow,Nokia,iOS,3.4,13.9,30.5,57,4.8,5636,6.4,0.0,442,Education
U06514,25,Other,Kolkata,Oppo,iOS,5.4,43.7,296.6,134,0.7,1137,7.1,4.0,766,Social Media
U06515,27,Other,Delhi,Nokia,iOS,9.3,25.0,86.7,52,2.6,1859,2.4,1.8,426,Work
U06516,19,Female,Kolkata,Vivo,iOS,3.6,44.0,62.6,127,5.7,5992,1.2,4.1,1882,Gaming
U06517,32,Other,Jaipur,Google Pixel,iOS,4.2,22.4,152.2,136,4.3,2466,6.6,0.9,1567,Entertainment
U06518,49,Male,Jaipur,Google Pixel,Android,6.4,13.7,225.5,82,5.7,6808,1.4,0.2,360,Social Media
U06519,15,Other,Bangalore,Vivo,iOS,2.7,43.5,258.0,114,5.7,923,2.9,0.7,1878,Work
U06520,59,Male,Ahmedabad,Realme,iOS,9.7,39.3,33.1,81,2.7,3111,7.8,1.1,1207,Gaming
U06521,47,Other,Delhi,Xiaomi,iOS,9.5,42.2,157.1,75,1.6,7571,3.3,1.7,1118,Entertainment
U06522,16,Male,Kolkata,Xiaomi,Android,9.2,49.1,175.4,84,2.5,5631,3.1,4.8,100,Entertainment
U06523,55,Male,Delhi,OnePlus,Android,5.3,38.7,36.8,144,4.4,2567,7.7,0.0,1097,Entertainment
U06524,32,Female,Bangalore,Google Pixel,Android,4.7,13.3,65.8,131,1.3,2715,2.8,0.0,1923,Social Media
U06525,31,Female,Jaipur,Motorola,Android,1.6,9.9,7.0,14,2.7,9984,2.9,4.5,1061,Social Media
U06526,16,Male,Pune,OnePlus,Android,1.6,19.2,61.2,126,0.6,4583,8.0,3.6,194,Work
U06527,52,Other,Chennai,Motorola,iOS,7.9,21.7,98.4,127,2.8,2820,4.4,2.9,1927,Education
U06528,23,Female,Bangalore,Google Pixel,iOS,8.0,43.4,145.6,95,0.6,7856,1.0,3.7,1634,Work
U06529,41,Other,Pune,Xiaomi,Android,2.4,9.7,142.3,52,1.1,3840,7.5,2.3,190,Social Media
U06530,42,Male,Lucknow,OnePlus,iOS,2.6,49.4,205.9,177,1.4,7234,6.5,1.9,168,Social Media
U06531,30,Male,Lucknow,Xiaomi,Android,10.6,36.7,171.9,14,2.9,1124,1.1,3.6,321,Gaming
U06532,45,Male,Kolkata,Realme,Android,2.0,17.0,176.9,126,2.5,9955,5.3,2.0,459,Entertainment
U06533,17,Female,Jaipur,Vivo,iOS,7.3,33.3,182.0,128,4.4,9361,5.7,0.6,1346,Gaming
U06534,47,Female,Delhi,Xiaomi,iOS,3.5,3.6,140.4,166,5.5,2538,1.5,4.2,1880,Social Media
U06535,25,Male,Bangalore,Motorola,iOS,8.2,44.2,187.3,126,2.7,4059,0.7,1.3,1964,Social Media
U06536,33,Other,Chennai,OnePlus,Android,5.9,11.6,38.1,10,3.1,914,1.0,0.9,966,Gaming
U06537,36,Male,Delhi,Oppo,iOS,6.5,13.2,13.7,169,3.8,1432,3.9,0.6,146,Education
U06538,30,Female,Pune,Google Pixel,Android,3.9,33.6,264.5,91,2.2,9571,7.8,1.6,1068,Entertainment
U06539,57,Male,Pune,Realme,Android,4.4,22.7,278.5,58,3.4,2343,2.7,0.4,102,Entertainment
U06540,30,Other,Jaipur,Realme,iOS,10.9,46.3,182.4,147,3.6,1014,7.2,4.0,674,Gaming
U06541,37,Other,Hyderabad,Google Pixel,Android,9.9,2.8,207.7,37,2.7,5572,6.1,3.9,1559,Education
U06542,30,Female,Jaipur,Google Pixel,iOS,10.3,10.7,257.7,27,0.7,1376,3.8,4.0,380,Social Media
U06543,57,Male,Mumbai,Vivo,iOS,4.7,32.4,102.1,55,5.6,6436,3.9,1.8,1739,Social Media
U06544,15,Female,Chennai,OnePlus,iOS,7.8,49.0,105.8,169,1.5,2496,4.9,4.1,442,Work
U06545,20,Female,Delhi,Nokia,iOS,9.0,2.1,218.1,19,0.8,4877,4.3,4.7,1439,Education
U06546,57,Male,Jaipur,Oppo,Android,5.9,43.7,163.1,160,1.4,9005,4.4,4.3,1008,Work
U06547,40,Other,Ahmedabad,Motorola,Android,2.9,35.1,173.3,48,5.8,4727,6.6,2.0,1996,Work
U06548,59,Female,Pune,Xiaomi,iOS,1.3,5.8,139.7,47,1.8,791,2.7,0.6,1796,Work
U06549,19,Male,Bangalore,Nokia,iOS,11.5,49.2,67.1,195,1.0,9962,5.7,0.0,140,Gaming
U06550,15,Female,Lucknow,Xiaomi,Android,11.9,36.4,207.0,200,4.0,8536,2.6,1.6,1584,Education
U06551,23,Other,Bangalore,Xiaomi,iOS,1.1,18.7,35.4,39,4.5,3624,3.0,0.5,1266,Education
U06552,32,Female,Lucknow,OnePlus,iOS,8.3,28.1,195.2,74,0.7,6648,3.5,1.6,1723,Social Media
U06553,20,Female,Chennai,Google Pixel,Android,6.5,24.1,14.3,82,2.6,7326,3.9,2.1,1061,Entertainment
U06554,58,Male,Chennai,OnePlus,Android,8.8,46.0,276.5,15,4.4,9334,5.3,0.1,1288,Education
U06555,59,Other,Bangalore,Motorola,Android,5.8,13.5,172.0,10,5.9,7781,5.8,2.3,1787,Social Media
U06556,33,Female,Lucknow,Apple,Android,11.0,28.4,63.7,29,1.7,5996,2.7,3.6,1482,Gaming
U06557,30,Male,Ahmedabad,Apple,Android,5.6,46.6,229.3,141,2.2,6796,7.1,0.6,1220,Entertainment
U06558,58,Female,Chennai,Google Pixel,Android,5.1,39.4,205.9,117,5.8,8676,7.9,1.7,849,Gaming
U06559,55,Other,Pune,Nokia,iOS,8.4,12.5,20.7,140,2.1,434,1.0,4.6,222,Social Media
U06560,31,Other,Bangalore,Google Pixel,iOS,3.8,30.7,170.8,78,2.9,2609,2.3,3.8,770,Education
U06561,38,Other,Chennai,Oppo,iOS,11.9,25.2,40.7,42,5.8,1893,1.8,2.4,1134,Gaming
U06562,54,Male,Jaipur,Apple,Android,11.8,12.2,186.1,135,2.7,9890,7.3,2.0,722,Social Media
U06563,44,Other,Delhi,Apple,iOS,6.6,34.7,296.2,55,3.7,4951,1.3,3.4,195,Work
U06564,23,Female,Chennai,Google Pixel,Android,4.2,12.0,201.4,142,5.4,5007,7.7,2.2,295,Entertainment
U06565,44,Female,Pune,Apple,Android,10.7,15.7,236.3,91,5.1,2771,2.5,1.6,555,Education
U06566,50,Female,Bangalore,Motorola,iOS,9.9,13.3,276.5,197,2.3,2510,2.4,2.6,1934,Education
U06567,32,Other,Lucknow,Motorola,Android,5.3,49.9,147.7,71,1.7,8296,2.3,0.8,1294,Education
U06568,23,Other,Lucknow,Motorola,Android,3.5,39.1,32.4,117,1.6,7236,3.1,3.4,819,Social Media
U06569,54,Female,Delhi,Realme,iOS,6.2,3.0,168.2,62,2.9,1400,2.2,2.8,1000,Work
U06570,18,Male,Delhi,Motorola,iOS,10.0,24.8,77.4,98,5.1,3802,5.1,3.9,749,Education
U06571,24,Female,Kolkata,Motorola,Android,1.9,47.9,242.7,76,2.5,6824,0.7,2.8,330,Social Media
U06572,34,Other,Bangalore,Apple,iOS,5.6,33.7,255.8,77,5.5,3003,6.5,3.3,1989,Gaming
U06573,57,Male,Bangalore,Realme,Android,3.0,11.7,27.7,135,0.8,8445,3.3,3.3,676,Education
U06574,25,Other,Delhi,Vivo,iOS,2.9,43.5,262.4,198,3.5,3314,6.6,4.5,1760,Education
U06575,25,Other,Bangalore,Realme,iOS,12.0,31.1,294.8,137,1.8,8584,3.8,3.4,615,Gaming
U06576,37,Female,Delhi,Realme,Android,2.9,45.6,151.2,160,5.9,2298,1.5,5.0,661,Entertainment
U06577,56,Male,Hyderabad,Realme,iOS,2.1,28.4,90.1,108,2.6,8738,1.3,4.2,242,Work
U06578,27,Other,Ahmedabad,Realme,Android,5.7,10.0,265.4,41,1.1,7084,1.3,1.6,1508,Gaming
U06579,24,Male,Mumbai,Apple,iOS,8.0,40.0,111.6,89,2.1,9987,4.8,1.9,1142,Social Media
U06580,20,Other,Bangalore,Vivo,iOS,4.6,16.0,252.2,186,0.5,9597,4.2,2.1,1304,Entertainment
U06581,36,Female,Delhi,Google Pixel,iOS,1.3,39.6,153.8,195,2.4,6477,0.6,1.7,819,Gaming
U06582,27,Female,Chennai,Oppo,iOS,3.7,17.7,27.5,66,3.2,8557,7.5,4.0,1806,Education
U06583,41,Male,Ahmedabad,OnePlus,Android,5.1,16.4,101.2,93,5.9,1432,1.3,2.8,1694,Entertainment
U06584,32,Female,Chennai,Nokia,Android,2.7,46.5,242.1,67,3.8,4935,2.2,1.4,1972,Gaming
U06585,54,Other,Bangalore,Google Pixel,Android,4.1,8.4,60.3,39,2.4,1282,4.8,1.2,1388,Entertainment
U06586,48,Male,Kolkata,Vivo,iOS,5.8,18.0,199.0,44,2.1,7786,7.8,3.8,400,Gaming
U06587,25,Male,Pune,Xiaomi,iOS,11.1,28.6,295.3,76,2.2,8454,3.2,4.4,1412,Entertainment
U06588,25,Female,Pune,Apple,iOS,3.8,39.6,123.7,59,4.5,9945,7.7,3.6,1140,Social Media
U06589,31,Female,Lucknow,Motorola,iOS,5.2,7.7,162.4,58,4.4,6063,5.2,3.0,273,Education
U06590,36,Other,Hyderabad,OnePlus,iOS,11.6,48.0,80.7,136,4.3,3666,3.7,3.6,1964,Education
U06591,31,Male,Chennai,Realme,Android,3.0,25.9,224.8,110,4.6,5426,7.3,1.4,121,Gaming
U06592,28,Other,Chennai,Apple,iOS,8.7,8.5,183.6,15,3.5,9613,2.9,0.4,906,Gaming
U06593,38,Other,Pune,Vivo,iOS,7.0,49.6,199.9,186,5.9,7883,6.0,1.6,1192,Gaming
U06594,33,Female,Ahmedabad,Motorola,Android,11.5,22.8,95.3,81,2.4,1154,6.4,1.0,1206,Work
U06595,26,Male,Bangalore,Oppo,iOS,10.2,30.6,277.1,139,3.3,4247,4.2,1.0,787,Gaming
U06596,34,Female,Delhi,Samsung,iOS,9.9,20.9,96.2,144,1.2,6621,7.0,0.8,554,Social Media
U06597,28,Other,Hyderabad,Motorola,Android,2.0,6.9,19.4,148,5.8,2735,3.2,3.5,614,Gaming
U06598,40,Other,Pune,Vivo,iOS,8.4,26.0,170.6,198,0.6,3954,5.5,5.0,1251,Gaming
U06599,28,Female,Jaipur,Samsung,iOS,2.3,29.3,165.9,96,0.5,2654,4.8,1.9,1967,Work
U06600,41,Female,Lucknow,Google Pixel,Android,6.9,46.9,192.5,50,4.0,3716,1.1,4.7,656,Entertainment
U06601,54,Female,Delhi,Motorola,iOS,2.5,2.9,238.0,173,4.8,1728,3.3,3.7,494,Social Media
U06602,54,Other,Kolkata,Nokia,Android,7.0,24.1,200.9,69,5.3,8619,7.1,2.9,705,Education
U06603,59,Female,Delhi,OnePlus,iOS,3.1,41.7,101.5,172,1.9,5159,3.9,2.7,669,Education
U06604,53,Female,Jaipur,Google Pixel,iOS,10.6,37.6,103.2,150,2.6,2738,5.0,0.6,1936,Social Media
U06605,42,Other,Pune,Vivo,Android,7.0,5.8,117.0,102,1.7,9378,3.1,1.1,1204,Education
U06606,16,Other,Bangalore,OnePlus,iOS,11.8,29.0,221.4,119,1.4,6035,5.8,3.0,1376,Entertainment
U06607,15,Male,Lucknow,Motorola,iOS,7.9,42.9,37.7,135,0.6,2582,5.2,1.8,1536,Entertainment
U06608,44,Female,Mumbai,Google Pixel,Android,9.3,31.4,60.7,191,2.8,2559,4.0,4.6,131,Entertainment
U06609,23,Male,Ahmedabad,Samsung,Android,7.1,30.1,138.3,178,1.7,2005,1.3,0.8,766,Entertainment
U06610,58,Female,Chennai,Samsung,Android,2.9,19.7,238.1,170,5.1,689,5.9,4.9,883,Entertainment
U06611,54,Female,Ahmedabad,OnePlus,Android,5.3,39.5,137.8,21,3.7,7335,4.5,1.3,1817,Work
U06612,51,Female,Lucknow,Xiaomi,Android,9.4,1.3,76.3,61,2.7,7747,3.2,2.2,1509,Entertainment
U06613,32,Female,Bangalore,Realme,iOS,9.1,41.0,263.1,86,3.2,6843,3.3,4.1,1392,Social Media
U06614,50,Other,Pune,Oppo,Android,5.1,3.8,65.1,145,3.9,185,4.6,0.4,1897,Work
U06615,20,Other,Bangalore,Google Pixel,Android,8.9,32.1,100.4,13,4.2,7459,2.1,1.8,1953,Social Media
U06616,30,Female,Hyderabad,Realme,Android,5.9,1.1,83.3,15,1.3,673,5.7,3.8,598,Work
U06617,55,Male,Kolkata,Apple,Android,6.6,38.4,205.3,33,4.3,3791,0.7,1.8,1910,Entertainment
U06618,50,Female,Delhi,Oppo,iOS,11.8,30.1,65.6,158,4.5,6580,7.5,4.3,840,Work
U06619,55,Other,Lucknow,Samsung,iOS,7.8,44.1,73.7,39,1.2,2468,7.9,1.9,342,Education
U06620,20,Female,Delhi,Oppo,iOS,2.5,41.8,261.6,148,1.3,8854,5.2,0.3,1160,Work
U06621,57,Male,Ahmedabad,OnePlus,iOS,4.0,48.1,46.2,16,2.4,9037,6.9,2.3,142,Gaming
U06622,24,Female,Ahmedabad,Apple,iOS,11.1,11.6,182.9,185,4.4,2084,0.8,0.4,1581,Work
U06623,50,Female,Delhi,Vivo,iOS,7.4,11.6,157.9,97,3.3,4800,3.2,5.0,1479,Social Media
U06624,43,Male,Pune,Vivo,Android,2.1,34.9,261.6,147,3.8,3374,2.6,0.1,332,Entertainment
U06625,36,Male,Ahmedabad,Google Pixel,iOS,10.9,13.5,76.8,154,1.1,6531,3.9,0.7,441,Entertainment
U06626,34,Female,Delhi,Apple,Android,9.8,1.9,251.8,85,3.5,6922,2.7,0.1,1845,Gaming
U06627,46,Other,Ahmedabad,Nokia,Android,2.0,46.0,35.3,26,5.1,1899,1.6,3.5,988,Social Media
U06628,37,Female,Bangalore,Vivo,Android,4.4,38.2,192.0,135,4.1,3995,7.0,4.9,1487,Work
U06629,26,Other,Kolkata,Xiaomi,iOS,2.7,39.5,166.5,82,2.5,7672,0.6,1.5,744,Education
U06630,28,Female,Kolkata,OnePlus,iOS,9.4,37.8,105.5,171,5.6,6303,6.1,0.3,408,Social Media
U06631,47,Male,Lucknow,Oppo,iOS,1.3,2.6,79.6,155,2.8,4438,3.1,1.7,1000,Work
U06632,33,Male,Chennai,Vivo,iOS,9.7,37.6,209.1,26,2.5,9508,1.8,2.9,1115,Social Media
U06633,42,Female,Hyderabad,Xiaomi,iOS,11.5,21.6,111.9,114,2.7,1844,2.5,2.4,1823,Work
U06634,25,Other,Lucknow,OnePlus,iOS,3.7,9.8,119.9,15,5.5,8634,1.1,1.8,663,Work
U06635,16,Male,Pune,Nokia,Android,2.7,18.7,217.2,86,1.3,6241,5.0,3.1,1382,Education
U06636,53,Other,Jaipur,Realme,iOS,3.4,21.0,179.5,194,4.9,9703,5.6,4.4,623,Entertainment
U06637,24,Male,Delhi,Xiaomi,Android,6.3,44.5,118.8,53,2.9,1299,4.4,0.2,721,Social Media
U06638,16,Male,Bangalore,Vivo,Android,5.1,11.4,144.9,61,2.8,5006,5.8,0.7,1050,Work
U06639,46,Female,Lucknow,Vivo,Android,1.9,4.8,272.7,193,5.1,9907,7.6,0.9,1038,Entertainment
U06640,41,Other,Lucknow,Apple,Android,4.0,26.0,246.1,79,1.7,2569,4.3,1.0,1794,Social Media
U06641,35,Female,Kolkata,Vivo,iOS,4.8,38.3,46.1,39,4.0,8278,3.8,0.3,114,Education
U06642,56,Other,Chennai,Samsung,iOS,8.2,4.5,46.0,139,5.1,7230,2.5,0.3,428,Work
U06643,25,Male,Chennai,Realme,Android,2.7,31.3,207.7,164,4.7,2088,6.9,4.5,1078,Social Media
U06644,56,Male,Chennai,Google Pixel,Android,2.7,23.0,73.9,88,2.0,1384,3.5,2.0,149,Work
U06645,58,Male,Bangalore,Apple,iOS,10.7,10.6,60.0,64,2.7,3656,3.9,1.0,1576,Education
U06646,44,Male,Jaipur,Google Pixel,iOS,9.6,40.9,133.6,161,3.0,1692,2.4,2.1,1804,Gaming
U06647,45,Male,Chennai,Google Pixel,iOS,8.7,7.7,148.7,95,0.6,6470,5.0,1.1,671,Gaming
U06648,55,Other,Mumbai,Motorola,iOS,6.1,20.2,163.8,100,3.6,7793,3.9,4.5,532,Work
U06649,50,Other,Pune,OnePlus,Android,11.6,6.5,242.3,147,3.0,2970,6.4,4.9,1498,Gaming
U06650,16,Other,Kolkata,Xiaomi,Android,4.0,27.8,248.8,154,2.1,2367,1.3,1.3,1595,Gaming
U06651,28,Other,Lucknow,Realme,iOS,10.0,32.5,211.9,124,1.1,7549,4.9,2.3,1070,Gaming
U06652,26,Other,Pune,Oppo,iOS,4.3,11.4,114.3,101,1.6,8486,4.9,4.3,757,Social Media
U06653,15,Male,Mumbai,Vivo,iOS,7.0,13.8,147.4,195,0.7,8596,4.1,1.2,562,Social Media
U06654,56,Other,Hyderabad,Motorola,iOS,9.7,23.9,296.5,36,3.2,1226,3.2,1.5,1907,Gaming
U06655,22,Male,Lucknow,Realme,Android,8.8,30.7,186.9,27,2.7,1757,3.6,3.0,1984,Entertainment
U06656,19,Other,Chennai,Realme,iOS,10.9,26.6,159.6,103,4.3,2924,5.1,2.6,1928,Education
U06657,52,Other,Lucknow,OnePlus,Android,3.4,14.6,267.8,185,2.9,9400,3.8,0.4,1500,Gaming
U06658,57,Female,Chennai,Google Pixel,iOS,8.3,6.2,237.4,43,1.8,2770,3.4,0.1,1954,Entertainment
U06659,55,Male,Chennai,Nokia,Android,2.7,7.9,219.8,162,3.7,8934,6.0,1.4,904,Work
U06660,20,Other,Bangalore,Nokia,iOS,4.5,43.3,224.2,169,5.9,4289,1.9,4.5,1142,Work
U06661,51,Male,Jaipur,Samsung,Android,2.5,38.8,254.2,100,0.9,4104,1.7,2.4,1651,Work
U06662,42,Female,Bangalore,Nokia,iOS,4.1,43.5,167.8,181,2.6,130,6.0,0.0,894,Social Media
U06663,57,Male,Chennai,Oppo,Android,3.8,8.3,68.2,96,1.7,8686,3.5,4.6,1130,Education
U06664,46,Other,Pune,Vivo,iOS,10.8,26.1,198.9,100,1.1,8359,0.6,0.0,432,Work
U06665,53,Other,Bangalore,Motorola,iOS,1.1,15.9,49.8,147,1.6,8626,3.1,0.5,1951,Education
U06666,54,Other,Kolkata,Nokia,Android,10.1,49.2,28.4,66,0.8,8909,3.2,0.1,1153,Education
U06667,26,Male,Hyderabad,Vivo,iOS,6.5,38.0,54.0,58,5.1,9351,5.4,2.0,1898,Entertainment
U06668,41,Female,Mumbai,Vivo,Android,9.0,9.1,62.7,63,4.2,5082,7.8,2.1,345,Education
U06669,47,Female,Hyderabad,Xiaomi,Android,4.5,19.4,155.4,94,2.0,1923,6.0,4.8,239,Work
U06670,43,Male,Mumbai,Vivo,iOS,2.1,44.8,177.3,58,3.7,2043,5.1,3.6,890,Entertainment
U06671,22,Female,Mumbai,Google Pixel,iOS,3.5,15.6,127.2,91,4.3,7266,5.1,1.3,770,Gaming
U06672,18,Other,Pune,Vivo,Android,8.7,20.4,227.4,199,2.4,3425,3.8,0.6,890,Gaming
U06673,26,Female,Chennai,Xiaomi,iOS,10.7,29.2,107.0,144,4.0,1751,2.6,3.7,164,Education
U06674,60,Male,Chennai,Realme,iOS,2.0,7.5,218.6,105,3.4,3372,6.4,0.9,1493,Entertainment
U06675,28,Male,Jaipur,Google Pixel,Android,4.9,17.9,138.0,157,5.4,1176,7.5,1.2,1358,Entertainment
U06676,28,Other,Ahmedabad,Oppo,Android,11.9,29.3,74.1,121,1.3,8123,5.3,3.1,1928,Education
U06677,56,Male,Chennai,Google Pixel,iOS,4.4,7.3,44.2,18,0.9,8177,5.3,3.7,1126,Work
U06678,47,Other,Mumbai,OnePlus,iOS,3.2,20.8,134.8,132,3.9,6412,3.9,2.3,442,Gaming
U06679,17,Male,Pune,OnePlus,Android,3.3,30.5,187.2,138,4.0,1450,2.0,2.2,1238,Gaming
U06680,27,Female,Ahmedabad,Apple,iOS,5.3,37.3,117.2,89,4.2,4255,6.3,0.3,1434,Gaming
U06681,50,Male,Lucknow,Nokia,iOS,1.2,10.5,141.9,76,3.3,6448,7.7,0.3,1549,Work
U06682,25,Male,Chennai,Vivo,Android,4.4,23.4,100.2,170,4.5,5328,0.8,0.5,1499,Social Media
U06683,19,Male,Jaipur,Oppo,Android,11.5,49.0,68.9,114,4.1,5074,2.8,4.3,321,Education
U06684,31,Female,Pune,Google Pixel,iOS,2.7,35.4,146.6,176,3.2,4580,2.8,0.9,1951,Social Media
U06685,40,Female,Mumbai,Vivo,Android,2.9,3.2,76.3,50,5.0,253,1.5,1.0,441,Entertainment
U06686,27,Other,Ahmedabad,OnePlus,Android,2.5,4.7,90.5,106,2.7,9470,4.6,0.6,1560,Entertainment
U06687,17,Female,Jaipur,Vivo,iOS,3.9,13.8,209.8,123,4.8,2999,5.6,0.3,1772,Entertainment
U06688,15,Female,Kolkata,Oppo,iOS,8.5,34.5,242.8,38,1.3,4446,5.3,4.3,1718,Education
U06689,28,Male,Mumbai,OnePlus,iOS,7.7,43.1,28.6,155,0.9,7163,5.8,3.9,1101,Entertainment
U06690,18,Other,Ahmedabad,Samsung,iOS,10.8,29.3,131.2,84,4.9,9323,0.8,2.1,1947,Education
U06691,20,Female,Ahmedabad,Vivo,iOS,2.4,22.3,212.4,175,4.8,5614,4.4,1.6,1263,Entertainment
U06692,48,Other,Chennai,Samsung,Android,2.2,31.3,150.4,20,1.7,4487,2.2,0.0,1625,Social Media
U06693,49,Female,Lucknow,Xiaomi,Android,8.3,24.9,188.5,83,1.2,4458,2.2,2.6,1713,Gaming
U06694,33,Male,Jaipur,Realme,Android,5.0,11.4,131.7,64,3.6,6166,4.2,1.4,519,Education
U06695,42,Male,Lucknow,Vivo,iOS,4.5,49.2,173.9,85,4.5,5740,6.4,4.2,1981,Social Media
U06696,30,Male,Mumbai,Vivo,Android,11.2,49.7,148.5,158,4.4,9780,5.0,3.5,1439,Entertainment
U06697,41,Female,Lucknow,Realme,Android,5.3,4.8,35.9,191,5.9,6483,3.2,2.0,1199,Social Media
U06698,54,Male,Lucknow,Xiaomi,Android,7.4,10.5,173.8,152,2.6,1032,3.8,2.9,1289,Social Media
U06699,53,Female,Bangalore,Realme,iOS,5.9,20.4,291.6,98,3.8,3033,3.8,2.4,718,Entertainment
U06700,15,Other,Bangalore,Xiaomi,Android,9.2,18.8,105.2,35,5.3,7442,2.1,2.5,927,Social Media
U06701,15,Other,Chennai,Google Pixel,iOS,5.2,47.5,182.7,183,5.4,9905,3.3,0.2,971,Work
U06702,54,Male,Hyderabad,Nokia,Android,4.9,3.2,292.9,33,5.4,2238,4.7,1.5,1861,Social Media
U06703,51,Female,Pune,Nokia,Android,11.3,48.3,200.8,80,3.1,5259,7.9,2.3,1100,Education
U06704,18,Male,Bangalore,Apple,iOS,3.6,13.1,139.7,38,4.4,891,2.1,4.8,455,Social Media
U06705,27,Other,Lucknow,Realme,iOS,7.8,8.2,75.0,117,2.6,1431,3.8,3.5,1012,Social Media
U06706,15,Other,Lucknow,Realme,iOS,3.0,6.2,142.9,65,1.3,8802,5.0,4.3,1228,Gaming
U06707,21,Female,Jaipur,Apple,iOS,9.5,12.5,61.1,81,0.8,7668,2.9,2.9,368,Entertainment
U06708,29,Female,Hyderabad,Realme,iOS,3.9,21.8,237.5,39,5.5,2213,2.8,0.0,654,Gaming
U06709,31,Male,Lucknow,Nokia,iOS,10.9,30.9,227.7,170,2.9,2145,3.3,4.7,1348,Work
U06710,60,Male,Chennai,Nokia,iOS,4.1,24.9,32.7,33,3.3,2911,2.6,3.3,837,Gaming
U06711,27,Female,Lucknow,Realme,iOS,6.5,39.4,297.0,180,5.3,2624,1.4,0.1,769,Work
U06712,15,Other,Lucknow,Realme,Android,10.1,6.9,83.9,97,1.1,3958,7.6,0.3,1824,Work
U06713,44,Other,Delhi,Google Pixel,iOS,10.1,9.8,195.3,47,4.8,565,5.5,4.8,810,Work
U06714,15,Other,Jaipur,Google Pixel,iOS,10.9,44.7,29.9,171,2.8,8409,6.7,2.1,1577,Social Media
U06715,60,Female,Chennai,Oppo,Android,4.2,3.8,207.5,116,4.6,8368,6.3,3.4,1646,Social Media
U06716,20,Other,Hyderabad,Google Pixel,Android,4.6,34.8,61.7,125,5.0,394,5.5,0.7,1292,Social Media
U06717,28,Female,Hyderabad,Google Pixel,Android,7.5,36.8,271.7,121,1.1,9680,2.8,2.6,1470,Work
U06718,18,Male,Kolkata,Nokia,Android,1.7,9.4,64.9,191,2.8,5552,2.9,1.8,596,Work
U06719,24,Female,Pune,Apple,Android,4.0,17.3,269.8,133,3.6,761,6.3,2.1,1723,Social Media
U06720,37,Other,Lucknow,Google Pixel,iOS,4.5,30.5,14.8,21,3.1,7314,5.4,1.8,1974,Entertainment
U06721,59,Other,Bangalore,Realme,Android,10.1,5.6,21.4,42,3.8,8107,1.0,2.7,1731,Work
U06722,40,Male,Mumbai,Google Pixel,iOS,1.7,35.3,98.0,170,4.7,6427,2.6,4.3,1938,Gaming
U06723,23,Other,Mumbai,Nokia,iOS,6.8,15.9,187.1,40,2.5,5439,4.6,1.6,1383,Education
U06724,45,Female,Jaipur,Realme,Android,1.4,32.5,76.5,133,5.5,9783,0.8,0.8,876,Gaming
U06725,36,Female,Mumbai,Realme,Android,4.7,30.4,257.8,32,2.9,9428,1.1,1.6,189,Education
U06726,27,Female,Mumbai,Apple,iOS,1.6,40.8,190.8,112,5.3,9593,7.9,0.4,868,Entertainment
U06727,29,Male,Chennai,Apple,Android,10.6,42.4,59.1,73,4.9,1594,5.8,0.0,891,Education
U06728,27,Female,Lucknow,Motorola,Android,9.3,4.3,167.0,63,3.3,2578,2.9,4.2,1473,Entertainment
U06729,49,Female,Ahmedabad,Oppo,Android,4.6,32.5,176.7,197,1.8,1952,7.2,4.8,1981,Social Media
U06730,35,Other,Kolkata,Vivo,iOS,8.9,45.1,287.6,161,2.9,4586,6.0,1.7,658,Work
U06731,34,Other,Jaipur,Apple,iOS,11.3,42.4,29.9,124,5.8,7432,5.1,0.7,1928,Gaming
U06732,42,Other,Pune,Apple,iOS,3.1,21.5,24.1,99,3.8,4005,8.0,4.8,1169,Education
U06733,54,Other,Lucknow,Vivo,iOS,3.3,18.6,263.8,127,5.6,1237,7.0,3.3,1957,Gaming
U06734,22,Male,Mumbai,Samsung,Android,8.1,24.2,47.1,145,1.9,5665,5.3,3.7,311,Gaming
U06735,24,Male,Kolkata,Xiaomi,Android,10.1,22.2,36.0,108,1.0,4587,5.2,2.3,1640,Work
U06736,42,Other,Jaipur,Nokia,iOS,5.3,2.1,108.6,47,3.6,2247,3.3,1.6,955,Entertainment
U06737,57,Other,Pune,Vivo,iOS,8.6,17.7,136.2,133,4.5,4152,2.4,1.0,907,Entertainment
U06738,36,Female,Lucknow,Realme,iOS,7.4,2.9,13.1,182,6.0,7059,3.9,0.4,1150,Work
U06739,55,Female,Jaipur,Vivo,Android,2.6,30.1,81.7,192,3.3,6104,7.3,3.0,770,Work
U06740,34,Other,Hyderabad,Vivo,Android,10.1,33.1,270.1,58,4.0,2245,6.4,0.2,509,Education
U06741,43,Female,Chennai,Realme,Android,2.6,29.9,28.4,92,1.2,9504,3.9,1.3,1561,Gaming
U06742,49,Other,Chennai,OnePlus,iOS,8.7,15.8,285.6,148,3.0,2084,2.1,3.5,1490,Education
U06743,53,Other,Ahmedabad,Realme,Android,9.0,37.0,258.5,57,6.0,7275,3.2,0.9,1751,Gaming
U06744,38,Other,Lucknow,Xiaomi,iOS,5.4,31.4,249.4,200,5.4,5429,1.2,1.4,819,Work
U06745,42,Female,Chennai,Xiaomi,iOS,1.5,18.2,271.9,103,5.9,9187,5.1,2.4,697,Work
U06746,47,Other,Mumbai,Motorola,iOS,3.0,41.1,112.2,125,4.3,3609,6.1,3.0,277,Education
U06747,17,Male,Ahmedabad,Samsung,Android,8.4,47.0,9.2,102,4.3,8347,1.1,3.4,1373,Gaming
U06748,35,Male,Jaipur,Motorola,Android,11.4,14.1,299.8,92,3.7,3333,2.7,0.7,1572,Education
U06749,23,Female,Bangalore,Oppo,iOS,2.9,6.3,163.3,160,5.7,5380,2.4,2.8,908,Gaming
U06750,52,Male,Delhi,Apple,iOS,5.1,49.6,269.3,197,4.9,2863,4.4,2.3,1977,Social Media
U06751,37,Male,Chennai,OnePlus,Android,8.0,15.3,34.6,11,1.8,6438,2.5,3.8,436,Social Media
U06752,47,Other,Mumbai,Nokia,Android,6.7,31.7,59.9,33,5.4,714,5.2,3.2,1063,Gaming
U06753,57,Other,Delhi,Oppo,iOS,5.7,49.5,271.8,32,5.0,9973,1.5,0.9,908,Work
U06754,38,Female,Jaipur,Google Pixel,iOS,5.0,37.8,90.6,168,5.2,6558,1.4,3.5,1577,Entertainment
U06755,35,Male,Mumbai,Samsung,iOS,2.9,8.6,111.4,100,2.4,8684,5.1,0.2,1689,Gaming
U06756,16,Female,Kolkata,Xiaomi,Android,3.6,25.2,126.5,158,1.1,6852,4.0,1.4,1842,Gaming
U06757,25,Male,Mumbai,Nokia,Android,9.5,20.5,163.0,24,4.8,3402,2.5,2.7,1892,Education
U06758,25,Other,Pune,Oppo,iOS,4.8,20.3,89.8,142,4.4,3267,3.6,3.5,1499,Entertainment
U06759,37,Male,Kolkata,Xiaomi,Android,5.3,23.5,41.6,191,1.7,6281,6.4,2.1,706,Work
U06760,55,Female,Pune,Realme,iOS,11.7,17.8,16.4,20,5.3,1953,3.4,3.5,648,Gaming
U06761,60,Male,Kolkata,Samsung,iOS,1.2,38.7,190.1,183,1.8,2186,1.7,1.6,812,Work
U06762,32,Female,Kolkata,Xiaomi,Android,7.9,35.8,174.8,175,1.1,7382,5.6,2.6,425,Social Media
U06763,34,Other,Hyderabad,OnePlus,Android,7.3,3.2,11.2,26,4.1,7745,4.5,2.6,280,Gaming
U06764,43,Female,Mumbai,OnePlus,Android,9.4,17.4,251.0,181,2.0,3010,3.5,2.9,1650,Education
U06765,15,Male,Hyderabad,Realme,iOS,4.9,8.1,285.0,73,0.7,1003,1.9,2.3,1461,Work
U06766,19,Other,Chennai,Oppo,Android,8.9,34.4,174.8,137,3.2,923,7.7,2.7,1159,Entertainment
U06767,33,Male,Lucknow,Oppo,Android,10.0,39.0,93.5,13,2.5,8869,3.9,2.8,1010,Gaming
U06768,37,Male,Mumbai,Google Pixel,Android,11.1,40.6,279.3,169,1.9,327,4.2,1.3,472,Education
U06769,40,Other,Kolkata,Oppo,iOS,5.0,25.9,169.9,86,3.9,2752,6.8,2.1,1424,Education
U06770,33,Female,Jaipur,Google Pixel,Android,2.0,39.1,22.5,199,2.6,4869,7.3,1.1,881,Education
U06771,50,Female,Chennai,Xiaomi,Android,12.0,37.8,27.9,190,2.8,2717,4.6,3.1,192,Entertainment
U06772,24,Female,Jaipur,Xiaomi,iOS,4.2,26.9,192.4,162,5.2,3545,4.8,1.5,870,Social Media
U06773,42,Male,Pune,Google Pixel,Android,10.8,45.0,120.6,60,2.8,3681,4.8,4.1,1611,Gaming
U06774,28,Other,Chennai,Apple,Android,3.1,20.9,155.3,104,3.2,9248,1.7,2.1,1791,Gaming
U06775,24,Male,Delhi,Vivo,Android,3.2,2.1,109.7,136,4.5,4168,3.4,3.9,1046,Work
U06776,19,Male,Chennai,Apple,Android,3.1,38.3,279.3,82,5.9,524,2.1,1.5,1344,Social Media
U06777,19,Male,Chennai,Realme,Android,7.5,30.3,96.0,164,5.1,961,5.1,1.6,290,Gaming
U06778,43,Other,Ahmedabad,Vivo,iOS,4.3,11.1,200.2,168,3.3,4095,6.9,1.1,1264,Entertainment
U06779,38,Female,Ahmedabad,Nokia,iOS,3.1,31.2,155.5,196,1.0,5261,5.7,3.4,1030,Education
U06780,45,Other,Hyderabad,Motorola,iOS,2.2,36.8,91.4,13,0.6,7329,4.4,1.4,951,Education
U06781,24,Male,Ahmedabad,Realme,iOS,4.7,3.9,207.3,159,3.2,535,3.8,2.0,1900,Social Media
U06782,25,Male,Pune,Vivo,iOS,11.2,6.3,269.8,113,1.2,9372,4.1,3.7,1281,Entertainment
U06783,48,Other,Kolkata,Apple,iOS,7.8,9.1,297.5,29,3.6,4089,7.9,3.0,311,Work
U06784,47,Male,Jaipur,Xiaomi,Android,3.1,5.2,57.3,64,4.1,9283,7.6,3.5,289,Work
U06785,45,Female,Delhi,Motorola,iOS,1.3,9.2,278.0,43,5.0,4449,5.6,1.0,918,Social Media
U06786,60,Male,Hyderabad,Apple,Android,8.9,27.8,38.3,17,2.6,9722,7.0,1.9,1744,Gaming
U06787,58,Other,Kolkata,Samsung,iOS,4.8,11.6,133.2,73,2.2,7198,6.8,4.6,1718,Social Media
U06788,21,Female,Lucknow,Motorola,Android,4.5,8.2,289.2,141,0.5,6771,7.8,0.5,1547,Entertainment
U06789,53,Male,Mumbai,Samsung,Android,10.5,41.6,140.2,168,0.6,5686,3.6,0.5,817,Education
U06790,58,Female,Lucknow,Oppo,Android,8.4,31.0,32.2,60,0.6,9964,1.4,4.8,1005,Education
U06791,47,Male,Chennai,Xiaomi,Android,11.3,26.4,180.5,40,1.2,7589,1.3,0.3,132,Entertainment
U06792,16,Female,Jaipur,Nokia,iOS,7.9,14.5,238.0,119,4.1,5152,3.1,1.4,1695,Social Media
U06793,19,Female,Ahmedabad,Vivo,Android,3.5,12.9,247.9,26,1.7,1718,0.7,5.0,1921,Education
U06794,17,Female,Delhi,Samsung,Android,11.0,21.5,89.3,171,3.1,3219,5.0,4.9,1991,Education
U06795,36,Female,Kolkata,Vivo,iOS,7.8,26.3,110.8,167,5.0,5505,6.6,1.8,656,Entertainment
U06796,59,Female,Mumbai,OnePlus,Android,6.2,26.3,77.0,41,1.1,470,5.0,2.5,1632,Education
U06797,17,Female,Pune,Xiaomi,Android,7.8,26.3,204.5,186,1.5,9010,4.4,3.6,859,Education
U06798,57,Other,Mumbai,Xiaomi,iOS,6.2,25.7,250.2,82,1.9,3027,5.6,4.9,750,Entertainment
U06799,20,Female,Mumbai,OnePlus,iOS,5.8,44.3,46.2,159,5.7,9801,4.4,3.4,512,Work
U06800,34,Other,Jaipur,Samsung,Android,2.7,47.5,156.5,91,0.5,3550,1.1,1.6,1537,Social Media
U06801,47,Female,Pune,Realme,Android,8.2,2.1,66.1,151,1.1,3658,1.5,2.6,153,Social Media
U06802,36,Male,Hyderabad,Xiaomi,iOS,3.4,22.3,28.4,45,4.4,2139,5.8,4.2,1942,Entertainment
U06803,35,Male,Mumbai,Oppo,Android,2.1,6.8,122.9,137,3.2,8179,7.1,3.4,1818,Entertainment
U06804,60,Other,Jaipur,Motorola,iOS,5.5,6.8,268.5,96,6.0,5144,2.9,1.1,339,Social Media
U06805,54,Female,Lucknow,Motorola,Android,8.6,44.9,171.8,60,1.0,4592,5.8,1.5,1352,Education
U06806,16,Male,Kolkata,Google Pixel,iOS,4.7,31.6,280.9,85,2.7,2227,5.0,1.7,1509,Entertainment
U06807,46,Other,Jaipur,Vivo,iOS,9.7,13.1,251.6,123,5.1,8895,2.9,1.0,1742,Entertainment
U06808,60,Female,Chennai,Google Pixel,Android,6.8,43.0,90.3,157,1.8,3296,4.0,1.3,1488,Education
U06809,31,Other,Chennai,OnePlus,iOS,9.9,3.3,285.2,25,4.2,2408,1.2,1.5,719,Work
U06810,20,Male,Kolkata,Xiaomi,Android,7.0,26.8,175.1,126,2.4,9105,4.0,0.0,363,Entertainment
U06811,32,Other,Hyderabad,Oppo,iOS,10.9,5.7,55.0,24,5.8,4911,6.3,2.7,279,Social Media
U06812,50,Other,Lucknow,Oppo,iOS,10.3,42.6,205.4,38,2.9,1710,2.3,0.9,397,Work
U06813,45,Male,Jaipur,Oppo,Android,1.3,44.9,112.4,129,2.5,9888,5.6,4.1,394,Gaming
U06814,33,Other,Delhi,Google Pixel,Android,5.4,31.0,73.2,142,5.9,1722,1.6,4.2,495,Social Media
U06815,16,Female,Chennai,Samsung,Android,10.6,16.3,251.1,172,4.8,6169,1.1,1.0,1415,Work
U06816,32,Other,Ahmedabad,Oppo,Android,4.7,22.2,41.1,34,5.0,8788,4.5,0.0,1669,Education
U06817,30,Other,Bangalore,Vivo,Android,7.9,9.2,162.0,80,3.2,217,2.5,3.4,1391,Education
U06818,16,Female,Delhi,Apple,iOS,8.6,16.1,162.5,28,2.0,9097,1.6,3.3,1292,Gaming
U06819,33,Female,Chennai,Samsung,Android,8.4,14.6,165.5,131,3.9,1243,7.5,0.2,1965,Gaming
U06820,30,Female,Delhi,Realme,Android,3.9,10.8,101.1,59,1.7,1530,7.8,2.7,581,Education
U06821,46,Male,Bangalore,Xiaomi,Android,7.0,36.3,279.1,99,4.8,9833,3.3,3.6,246,Entertainment
U06822,44,Female,Hyderabad,Realme,Android,11.4,47.2,27.6,144,3.5,9124,2.0,2.1,1474,Work
U06823,15,Other,Hyderabad,Nokia,Android,7.5,14.5,191.9,32,0.6,3679,7.5,3.9,1260,Social Media
U06824,46,Male,Ahmedabad,Nokia,Android,9.8,15.2,30.7,87,3.3,5115,4.6,4.4,1690,Social Media
U06825,31,Male,Kolkata,Realme,iOS,5.8,47.5,245.2,116,4.1,3813,2.4,2.9,498,Education
U06826,58,Female,Chennai,Realme,Android,10.5,38.6,214.9,164,0.7,6072,1.6,4.0,1984,Education
U06827,25,Female,Delhi,Vivo,Android,8.6,26.3,272.7,73,2.0,2011,5.8,4.9,300,Work
U06828,37,Other,Ahmedabad,Oppo,iOS,8.3,11.4,144.5,133,5.2,4630,6.8,3.6,1048,Work
U06829,60,Female,Bangalore,Xiaomi,Android,11.7,29.0,80.1,100,2.3,4079,6.0,2.4,1845,Entertainment
U06830,54,Other,Chennai,Xiaomi,iOS,2.5,44.1,17.7,53,4.3,9644,3.3,0.7,1653,Gaming
U06831,18,Male,Mumbai,Vivo,Android,7.2,8.7,92.6,168,2.9,1287,1.7,1.9,730,Social Media
U06832,53,Female,Hyderabad,Apple,iOS,1.9,25.0,260.3,66,2.4,1467,2.4,4.5,642,Social Media
U06833,16,Other,Bangalore,Nokia,Android,2.2,37.8,31.1,90,3.6,7040,3.1,3.1,577,Entertainment
U06834,16,Male,Mumbai,Vivo,iOS,2.1,20.0,194.8,11,0.7,1627,1.9,0.4,1519,Entertainment
U06835,57,Male,Pune,Oppo,Android,9.5,37.8,57.1,160,3.8,3954,1.3,3.1,673,Social Media
U06836,21,Male,Lucknow,Samsung,iOS,2.5,34.3,98.9,12,0.9,3754,5.6,3.9,456,Gaming
U06837,31,Female,Pune,Apple,Android,7.3,27.0,67.2,30,4.3,9484,2.3,4.5,165,Education
U06838,41,Other,Chennai,Apple,Android,6.7,6.3,260.8,161,4.5,7231,2.4,2.3,562,Education
U06839,37,Female,Lucknow,Samsung,iOS,8.2,34.1,265.9,38,2.0,5255,1.0,3.6,1340,Work
U06840,39,Other,Mumbai,Nokia,Android,11.0,1.8,172.4,78,1.3,5798,3.2,2.1,1157,Work
U06841,26,Female,Lucknow,Motorola,Android,6.2,11.6,116.3,82,4.1,8579,1.0,2.4,533,Entertainment
U06842,38,Female,Lucknow,Google Pixel,Android,4.4,48.0,278.9,159,1.7,6843,2.8,1.9,711,Education
U06843,44,Other,Bangalore,Xiaomi,iOS,10.5,41.3,245.7,29,2.3,5396,3.0,4.6,131,Education
U06844,27,Other,Mumbai,OnePlus,iOS,4.4,9.5,245.5,67,3.6,8531,2.8,2.9,1201,Social Media
U06845,34,Male,Delhi,Apple,iOS,11.3,7.3,98.9,58,3.0,2667,7.0,4.1,415,Social Media
U06846,49,Other,Chennai,Motorola,Android,7.5,17.8,146.3,192,1.6,3925,1.6,2.3,1375,Gaming
U06847,37,Male,Bangalore,Samsung,Android,8.0,23.4,98.7,93,2.7,9933,5.6,0.5,821,Entertainment
U06848,49,Male,Delhi,Google Pixel,iOS,9.7,43.6,16.6,109,2.2,8462,6.5,2.6,1326,Work
U06849,38,Other,Kolkata,Realme,iOS,3.7,41.2,223.2,121,3.1,1264,7.2,2.8,376,Work
U06850,46,Other,Chennai,Motorola,iOS,1.6,43.8,293.4,95,5.9,9056,6.6,3.8,272,Entertainment
U06851,20,Other,Jaipur,Vivo,iOS,7.8,21.1,114.1,156,4.0,365,4.4,4.5,1523,Social Media
U06852,34,Male,Delhi,Google Pixel,Android,4.6,30.4,259.9,71,2.6,3459,2.9,4.8,1896,Work
U06853,34,Male,Bangalore,Nokia,iOS,9.3,30.6,287.8,199,4.6,4793,2.3,4.5,567,Entertainment
U06854,51,Male,Lucknow,Xiaomi,iOS,4.7,1.8,47.0,60,2.0,827,3.0,1.4,1771,Gaming
U06855,26,Female,Pune,Apple,iOS,5.6,18.9,258.9,71,1.3,8185,2.1,3.5,1788,Work
U06856,51,Other,Bangalore,OnePlus,iOS,8.1,4.4,171.0,117,3.7,4339,4.5,2.4,1122,Education
U06857,44,Male,Kolkata,Xiaomi,Android,7.1,28.7,128.5,60,3.9,156,4.1,4.0,1878,Gaming
U06858,42,Female,Lucknow,Oppo,iOS,5.6,46.1,119.3,113,2.4,2205,5.5,1.3,1736,Social Media
U06859,18,Female,Delhi,Motorola,Android,10.1,32.1,161.0,59,0.7,3911,2.1,5.0,1474,Entertainment
U06860,37,Female,Delhi,Vivo,Android,7.6,4.6,212.8,181,4.6,175,6.7,1.2,1497,Social Media
U06861,35,Female,Lucknow,Nokia,Android,9.0,28.6,269.4,12,3.0,9356,7.4,4.2,1000,Work
U06862,27,Other,Ahmedabad,Google Pixel,Android,12.0,37.6,181.9,130,3.5,5482,7.7,1.9,1121,Social Media
U06863,17,Female,Kolkata,Vivo,Android,8.2,5.3,107.2,61,3.7,8207,7.2,0.6,1769,Social Media
U06864,58,Male,Ahmedabad,Oppo,iOS,3.2,39.9,28.0,142,4.9,429,6.1,0.3,1981,Work
U06865,51,Male,Kolkata,Apple,iOS,6.0,28.4,255.4,167,2.7,1550,7.9,2.6,947,Education
U06866,48,Male,Lucknow,OnePlus,Android,9.9,49.9,68.5,148,1.6,8563,2.5,1.9,194,Entertainment
U06867,55,Male,Lucknow,Apple,iOS,8.4,22.8,37.8,17,4.4,3424,6.6,1.8,969,Work
U06868,15,Female,Pune,Motorola,iOS,5.6,40.7,115.2,139,3.0,4068,5.1,0.5,981,Work
U06869,27,Male,Lucknow,Nokia,iOS,6.2,46.8,56.4,75,1.7,5304,1.6,2.8,1195,Gaming
U06870,54,Other,Chennai,Apple,Android,11.1,16.1,26.5,102,2.6,6053,4.2,1.0,1258,Work
U06871,35,Female,Hyderabad,Motorola,Android,8.5,48.5,207.3,129,0.7,1318,1.6,1.0,204,Entertainment
U06872,23,Other,Jaipur,Nokia,Android,1.4,20.0,268.5,23,2.5,8795,7.6,3.5,1038,Entertainment
U06873,57,Male,Kolkata,Motorola,Android,7.6,17.5,192.5,134,3.2,7764,5.6,3.1,756,Gaming
U06874,20,Male,Mumbai,Nokia,iOS,4.2,22.3,25.7,75,2.5,1770,4.3,2.5,592,Entertainment
U06875,60,Female,Chennai,Xiaomi,iOS,10.9,46.6,280.1,94,4.0,524,7.6,2.2,342,Work
U06876,19,Male,Pune,Xiaomi,iOS,1.0,47.8,126.5,134,2.8,3708,4.9,0.6,1745,Entertainment
U06877,37,Other,Kolkata,Nokia,Android,1.4,26.5,279.1,15,3.1,9623,5.0,1.0,192,Entertainment
U06878,57,Other,Chennai,Samsung,iOS,1.6,21.1,126.7,145,2.7,337,4.4,3.1,1721,Gaming
U06879,35,Male,Ahmedabad,Samsung,iOS,8.4,8.0,134.2,43,3.7,7927,5.5,4.1,731,Entertainment
U06880,40,Female,Delhi,OnePlus,Android,5.5,10.4,132.3,122,1.0,2056,1.5,4.9,1964,Gaming
U06881,32,Female,Pune,Nokia,Android,7.8,46.4,294.6,154,5.6,5386,3.0,4.8,1587,Work
U06882,21,Other,Pune,Nokia,iOS,3.8,45.9,12.9,153,3.7,4021,6.0,4.9,824,Entertainment
U06883,37,Male,Ahmedabad,Motorola,Android,2.8,14.2,258.0,61,5.1,6580,7.8,2.9,996,Entertainment
U06884,21,Male,Ahmedabad,Nokia,Android,7.1,24.3,6.6,89,5.4,2896,4.6,3.0,1684,Entertainment
U06885,27,Other,Ahmedabad,Vivo,iOS,2.3,40.8,80.8,82,5.5,1366,3.8,4.7,1615,Work
U06886,39,Male,Jaipur,Motorola,Android,11.4,48.2,283.8,131,5.2,8996,4.5,1.7,541,Education
U06887,22,Female,Pune,Samsung,iOS,4.2,21.3,283.7,126,3.8,9336,8.0,4.4,1101,Social Media
U06888,18,Female,Chennai,Nokia,iOS,5.8,1.8,291.4,176,1.9,8699,5.5,2.7,511,Entertainment
U06889,46,Other,Kolkata,Oppo,iOS,2.5,41.9,288.3,80,4.4,4316,2.1,2.5,1826,Social Media
U06890,52,Female,Lucknow,Apple,Android,2.6,41.3,110.1,142,2.0,9673,2.3,2.6,1967,Entertainment
U06891,58,Other,Delhi,Google Pixel,Android,7.6,49.8,284.0,11,1.1,7724,2.6,1.6,1474,Social Media
U06892,18,Female,Mumbai,Google Pixel,iOS,1.7,1.4,222.3,141,2.0,8207,2.7,1.8,542,Social Media
U06893,44,Female,Lucknow,Nokia,Android,1.2,7.0,252.0,25,1.5,2352,5.1,2.9,591,Work
U06894,30,Male,Hyderabad,Nokia,iOS,11.8,46.8,110.1,151,1.1,5054,1.4,4.2,595,Entertainment
U06895,15,Other,Ahmedabad,Vivo,Android,6.3,16.2,162.9,131,5.4,9152,6.1,1.4,1281,Gaming
U06896,51,Female,Kolkata,OnePlus,Android,1.3,38.0,130.4,30,1.6,4880,5.1,1.4,382,Work
U06897,58,Male,Jaipur,Vivo,iOS,3.9,37.8,60.5,95,4.5,9326,7.7,3.0,1912,Gaming
U06898,31,Other,Bangalore,Vivo,Android,4.1,21.0,78.2,190,4.4,4147,7.2,2.1,1398,Gaming
U06899,47,Male,Lucknow,Samsung,iOS,1.6,16.3,158.1,194,1.2,4811,4.6,2.3,851,Gaming
U06900,16,Other,Kolkata,Oppo,iOS,1.7,20.4,269.8,145,2.1,870,3.4,0.8,1909,Entertainment
U06901,48,Male,Chennai,Samsung,iOS,8.8,35.7,42.3,61,3.6,3115,1.9,1.2,141,Gaming
U06902,47,Male,Lucknow,Realme,Android,2.4,17.9,36.6,83,5.7,7136,7.5,2.2,1341,Work
U06903,46,Male,Delhi,Vivo,iOS,11.8,31.5,56.4,100,3.0,3774,2.0,4.5,391,Gaming
U06904,36,Other,Jaipur,Samsung,iOS,11.8,4.5,264.5,48,5.9,1179,2.5,2.6,1318,Work
U06905,57,Male,Lucknow,Xiaomi,iOS,4.8,14.9,130.2,176,3.7,4108,4.2,3.2,241,Education
U06906,29,Male,Chennai,Xiaomi,Android,1.1,22.6,64.2,159,2.6,6436,3.1,0.6,336,Work
U06907,25,Female,Hyderabad,Samsung,iOS,1.8,5.3,197.9,167,1.8,476,7.0,3.1,1386,Gaming
U06908,31,Female,Mumbai,Google Pixel,Android,3.2,18.5,288.6,176,1.8,1846,2.2,3.9,1049,Social Media
U06909,30,Other,Kolkata,Oppo,iOS,3.4,26.8,261.5,132,3.7,6685,7.4,1.4,1087,Social Media
U06910,33,Other,Lucknow,Samsung,iOS,8.5,39.4,25.9,24,5.7,8625,3.8,2.8,390,Entertainment
U06911,21,Female,Delhi,Vivo,iOS,10.1,20.3,192.9,123,2.9,4747,0.7,2.6,850,Gaming
U06912,32,Other,Delhi,Samsung,iOS,1.3,41.6,15.9,139,1.0,2223,2.1,0.1,876,Gaming
U06913,23,Other,Pune,Samsung,Android,7.6,49.2,196.5,182,5.6,151,3.8,2.4,1254,Social Media
U06914,34,Female,Hyderabad,Realme,Android,6.5,29.8,55.8,79,2.1,7028,7.1,4.8,334,Entertainment
U06915,40,Other,Kolkata,Oppo,Android,1.7,24.3,38.0,19,2.1,325,6.2,3.3,1744,Work
U06916,30,Male,Ahmedabad,Google Pixel,Android,2.3,21.3,216.2,51,0.7,2204,7.8,2.5,281,Education
U06917,30,Other,Kolkata,Apple,Android,5.5,42.0,58.6,71,4.3,4806,3.6,0.8,1720,Work
U06918,27,Female,Chennai,Realme,Android,6.8,27.2,35.2,189,1.3,4852,6.1,3.7,1916,Gaming
U06919,42,Male,Pune,Realme,Android,2.7,28.7,42.8,126,2.3,1446,6.8,4.9,1782,Gaming
U06920,18,Female,Lucknow,Samsung,iOS,11.9,2.7,166.0,50,4.4,4494,1.1,0.2,1761,Work
U06921,28,Male,Jaipur,Realme,Android,7.4,30.4,39.2,161,3.9,3184,5.3,4.9,1245,Social Media
U06922,44,Female,Jaipur,Realme,iOS,10.3,9.5,199.3,13,3.7,1741,1.6,1.5,626,Entertainment
U06923,41,Other,Kolkata,Apple,Android,8.7,15.0,170.9,64,0.7,2920,1.2,2.4,1386,Entertainment
U06924,37,Male,Pune,Samsung,iOS,2.9,26.5,280.0,99,2.7,5588,5.7,4.0,1062,Education
U06925,18,Male,Chennai,Samsung,Android,2.6,25.2,40.7,171,5.7,5195,7.1,0.9,280,Education
U06926,26,Other,Mumbai,Xiaomi,iOS,4.1,16.4,250.7,175,2.6,3697,7.1,4.1,1673,Entertainment
U06927,53,Female,Jaipur,Realme,iOS,4.6,34.5,55.1,49,3.7,7589,0.5,0.0,1375,Entertainment
U06928,30,Female,Chennai,Oppo,Android,1.0,5.9,69.6,134,4.6,5250,6.4,0.9,1090,Social Media
U06929,36,Female,Kolkata,Realme,iOS,9.7,3.7,248.4,115,3.7,4087,0.8,1.3,328,Education
U06930,27,Other,Ahmedabad,Xiaomi,Android,5.9,29.6,98.2,199,3.2,1875,1.5,4.3,203,Education
U06931,30,Male,Lucknow,Google Pixel,iOS,6.9,5.1,144.6,136,1.4,5662,0.8,2.3,1340,Work
U06932,36,Female,Kolkata,Nokia,Android,4.1,36.1,134.7,50,5.9,4561,3.5,4.2,1061,Gaming
U06933,45,Other,Kolkata,Samsung,iOS,6.4,12.2,164.8,179,1.4,3561,7.8,4.0,1065,Entertainment
U06934,60,Other,Lucknow,Nokia,iOS,6.9,32.9,290.4,172,1.4,5052,5.2,0.4,1579,Work
U06935,38,Male,Bangalore,Motorola,iOS,3.8,36.4,97.6,171,3.2,4318,6.2,4.7,1372,Work
U06936,23,Male,Ahmedabad,Samsung,Android,7.6,14.0,19.6,135,4.3,3952,1.6,0.3,906,Social Media
U06937,40,Male,Bangalore,Oppo,iOS,1.7,22.8,244.4,157,4.9,2185,3.9,1.2,1517,Gaming
U06938,15,Male,Kolkata,Apple,iOS,11.5,26.1,141.8,31,5.1,7880,7.6,2.7,677,Gaming
U06939,32,Other,Ahmedabad,Google Pixel,iOS,10.7,3.7,83.8,180,2.0,6244,1.6,4.2,1132,Work
U06940,24,Other,Lucknow,Realme,iOS,3.8,38.1,23.7,83,5.3,2832,3.3,4.7,1800,Gaming
U06941,44,Female,Pune,Oppo,Android,9.8,25.4,278.6,150,3.9,5310,7.9,2.5,1452,Gaming
U06942,15,Other,Jaipur,Google Pixel,Android,11.4,9.7,242.8,117,5.6,5106,2.8,3.4,1454,Entertainment
U06943,30,Other,Ahmedabad,Motorola,Android,6.5,19.8,21.8,123,2.5,3007,5.1,2.0,1033,Work
U06944,39,Male,Chennai,Oppo,iOS,8.2,46.6,80.0,126,1.1,6385,3.3,2.2,1363,Gaming
U06945,23,Female,Hyderabad,Xiaomi,iOS,11.3,2.4,21.4,177,4.5,3282,3.5,2.8,1319,Education
U06946,33,Other,Chennai,Samsung,Android,5.8,24.0,63.4,27,2.0,1257,7.1,0.5,1663,Work
U06947,35,Other,Mumbai,Xiaomi,Android,9.6,20.0,74.3,195,2.8,4151,5.9,4.1,1147,Entertainment
U06948,29,Male,Kolkata,Apple,Android,3.4,30.4,170.6,130,1.6,124,3.5,0.2,1488,Work
U06949,46,Male,Ahmedabad,Apple,Android,11.1,16.1,283.7,160,3.9,2298,7.1,3.8,350,Gaming
U06950,55,Female,Pune,Samsung,iOS,5.5,40.2,232.0,70,0.9,5548,5.8,3.6,614,Gaming
U06951,35,Female,Hyderabad,Vivo,Android,9.6,6.2,41.8,78,3.4,5052,4.9,3.8,325,Entertainment
U06952,31,Other,Ahmedabad,Nokia,Android,11.7,19.3,176.0,138,5.4,2268,1.3,3.6,781,Gaming
U06953,36,Male,Hyderabad,Samsung,Android,7.4,1.7,121.0,158,2.4,3196,4.5,0.2,1486,Work
U06954,45,Male,Lucknow,OnePlus,Android,2.6,8.3,82.8,127,5.1,9070,6.1,4.3,1102,Education
U06955,23,Female,Ahmedabad,Motorola,iOS,8.7,10.7,116.8,200,2.1,6770,2.4,3.0,1378,Social Media
U06956,16,Female,Mumbai,Motorola,iOS,8.4,33.9,53.3,77,0.9,7724,0.7,2.5,1625,Education
U06957,32,Female,Jaipur,Xiaomi,Android,1.1,45.4,199.6,90,4.9,6109,1.6,0.4,972,Entertainment
U06958,19,Other,Chennai,Nokia,iOS,4.0,1.5,100.4,23,1.0,3550,0.7,0.2,1351,Work
U06959,41,Female,Bangalore,Motorola,iOS,11.7,32.9,86.8,134,2.9,2384,3.6,1.9,1010,Education
U06960,57,Other,Mumbai,Nokia,iOS,6.0,16.5,82.3,10,3.9,4906,7.1,4.1,127,Education
U06961,52,Other,Pune,Google Pixel,Android,7.5,45.9,290.0,146,2.9,3292,1.1,0.9,1068,Work
U06962,50,Female,Ahmedabad,Nokia,Android,10.7,15.3,225.0,88,5.1,2421,5.0,3.9,1922,Entertainment
U06963,42,Other,Pune,Xiaomi,iOS,9.6,24.8,30.9,77,3.4,6593,7.5,3.2,116,Social Media
U06964,25,Female,Delhi,Xiaomi,iOS,9.2,26.1,99.2,182,1.5,5580,5.3,5.0,139,Work
U06965,60,Female,Hyderabad,Realme,iOS,4.7,24.9,86.6,45,3.1,5451,2.8,3.0,196,Social Media
U06966,37,Female,Pune,Nokia,iOS,4.0,25.7,57.0,195,5.0,1155,6.2,4.1,425,Education
U06967,49,Other,Hyderabad,Xiaomi,Android,3.6,49.5,282.9,22,5.2,7371,2.8,3.9,1830,Education
U06968,24,Female,Bangalore,Nokia,iOS,8.3,16.5,226.4,18,3.6,3015,0.9,4.7,1613,Gaming
U06969,29,Male,Ahmedabad,Realme,iOS,3.3,3.5,53.8,145,3.9,4079,4.4,1.7,373,Education
U06970,48,Male,Delhi,Xiaomi,iOS,3.3,20.3,158.0,20,3.7,8056,4.1,0.2,788,Social Media
U06971,44,Female,Delhi,Apple,Android,7.7,40.0,39.8,68,2.0,6795,4.2,0.7,1599,Gaming
U06972,16,Other,Pune,Xiaomi,Android,8.1,8.2,259.1,116,1.0,4255,5.4,3.0,192,Work
U06973,30,Male,Mumbai,OnePlus,iOS,7.7,5.7,137.9,129,3.3,5791,0.8,4.6,1429,Education
U06974,22,Female,Pune,Vivo,iOS,9.3,33.9,143.3,70,2.7,4253,4.7,3.8,640,Work
U06975,57,Male,Hyderabad,Samsung,iOS,6.8,15.2,43.8,69,4.4,9175,3.1,0.6,710,Entertainment
U06976,50,Female,Ahmedabad,Google Pixel,Android,1.5,44.9,195.8,22,2.9,5372,4.1,1.2,519,Work
U06977,40,Other,Bangalore,Vivo,iOS,5.8,23.0,143.4,190,5.4,2857,5.0,1.4,1184,Education
U06978,59,Other,Bangalore,Realme,iOS,7.2,39.4,144.9,185,0.6,6647,7.7,3.4,1908,Education
U06979,39,Male,Kolkata,Nokia,iOS,6.0,30.6,274.9,85,2.1,2945,4.4,2.5,1738,Entertainment
U06980,46,Other,Hyderabad,Apple,iOS,11.1,23.5,209.9,146,5.3,3599,4.3,2.0,1533,Education
U06981,17,Female,Kolkata,Motorola,iOS,7.3,15.5,58.1,44,2.7,9766,2.9,0.9,319,Social Media
U06982,58,Other,Ahmedabad,OnePlus,iOS,7.1,14.3,68.8,40,1.6,9672,4.4,1.6,1579,Education
U06983,42,Other,Lucknow,Oppo,Android,8.0,30.9,298.4,28,3.7,2524,7.7,3.4,793,Work
U06984,59,Other,Hyderabad,Xiaomi,Android,4.7,11.0,276.4,81,3.8,840,1.8,2.9,1135,Entertainment
U06985,46,Male,Jaipur,Google Pixel,iOS,6.5,37.6,284.9,192,2.4,5012,1.3,2.6,340,Gaming
U06986,47,Other,Delhi,Samsung,Android,7.0,27.5,174.1,199,2.4,9172,5.5,2.8,222,Education
U06987,20,Female,Hyderabad,Xiaomi,Android,3.9,9.7,125.6,67,1.0,6039,6.2,3.1,1557,Education
U06988,50,Male,Hyderabad,Samsung,Android,5.2,42.8,243.1,49,2.9,269,1.8,4.1,655,Gaming
U06989,19,Female,Hyderabad,Oppo,iOS,10.3,20.0,246.7,187,2.1,1381,1.2,4.5,879,Work
U06990,44,Male,Kolkata,Google Pixel,Android,10.3,30.3,211.3,131,5.4,7494,7.9,1.9,1552,Entertainment
U06991,57,Female,Ahmedabad,Samsung,Android,8.2,49.4,211.5,184,3.2,8669,4.9,2.0,1817,Social Media
U06992,52,Other,Jaipur,Motorola,Android,1.1,26.5,172.9,59,0.7,8115,7.9,3.6,290,Gaming
U06993,55,Male,Ahmedabad,Vivo,iOS,10.8,34.5,153.8,183,1.8,6552,5.7,1.2,1725,Social Media
U06994,44,Other,Pune,Google Pixel,Android,4.7,25.1,262.8,104,0.9,8594,5.5,4.8,478,Entertainment
U06995,29,Female,Mumbai,Samsung,iOS,10.4,24.2,256.9,55,2.8,9587,1.9,0.1,982,Work
U06996,17,Female,Delhi,Motorola,Android,8.6,43.2,257.6,70,1.2,9167,6.5,2.8,581,Social Media
U06997,57,Male,Chennai,Oppo,iOS,7.7,43.0,213.3,36,1.5,3025,2.1,4.7,1029,Work
U06998,45,Other,Pune,Xiaomi,iOS,11.6,14.8,175.9,83,3.8,3729,6.3,0.3,1874,Gaming
U06999,56,Male,Mumbai,Motorola,iOS,7.1,30.0,261.0,26,2.8,272,6.4,1.1,549,Gaming
U07000,37,Other,Hyderabad,Motorola,iOS,3.1,35.5,239.2,15,5.4,9206,4.8,4.2,1719,Gaming
U07001,25,Other,Jaipur,Motorola,iOS,9.3,9.0,174.7,148,3.4,2246,8.0,4.3,1501,Work
U07002,23,Male,Mumbai,Apple,Android,10.7,39.6,166.0,91,3.4,6462,4.8,3.2,609,Gaming
U07003,27,Male,Chennai,Oppo,iOS,1.4,47.0,100.3,153,4.9,8936,7.0,2.4,1061,Gaming
U07004,45,Female,Ahmedabad,Vivo,iOS,2.0,34.1,247.7,107,3.9,1109,3.6,2.8,1740,Entertainment
U07005,28,Female,Hyderabad,Motorola,iOS,9.5,8.2,36.6,33,3.7,3745,3.9,3.7,969,Entertainment
U07006,43,Female,Jaipur,Oppo,iOS,2.3,14.9,36.9,191,4.7,9582,6.4,4.4,176,Entertainment
U07007,27,Female,Mumbai,Motorola,iOS,3.4,31.4,47.2,134,4.2,2319,4.4,4.0,881,Entertainment
U07008,59,Other,Delhi,Apple,Android,10.5,23.8,200.5,183,3.3,2799,5.6,3.6,385,Entertainment
U07009,56,Female,Chennai,OnePlus,Android,1.6,48.5,236.9,52,3.7,9643,2.0,2.0,1935,Social Media
U07010,44,Other,Bangalore,Vivo,iOS,10.9,31.8,88.7,96,2.2,9172,7.3,4.3,1011,Gaming
U07011,51,Male,Chennai,Apple,Android,6.9,27.4,67.8,60,0.7,1661,5.0,2.0,1326,Work
U07012,22,Female,Delhi,OnePlus,Android,3.2,47.8,121.7,117,0.9,8858,7.8,1.1,1531,Entertainment
U07013,59,Male,Hyderabad,Realme,iOS,1.7,37.2,161.7,46,4.2,6605,1.0,1.9,695,Gaming
U07014,15,Other,Hyderabad,OnePlus,iOS,7.7,32.6,66.1,68,3.0,1174,6.1,3.2,1333,Education
U07015,54,Other,Bangalore,Xiaomi,iOS,8.8,47.2,44.0,18,3.8,1767,7.3,3.7,1380,Entertainment
U07016,50,Other,Hyderabad,OnePlus,Android,3.7,46.8,144.9,25,5.1,7733,7.2,4.7,1402,Work
U07017,29,Female,Mumbai,OnePlus,iOS,11.7,23.6,240.5,123,3.9,6447,3.5,1.5,434,Work
U07018,57,Other,Hyderabad,OnePlus,Android,7.1,42.2,43.8,170,3.0,6066,2.5,4.1,1321,Education
U07019,31,Female,Bangalore,Realme,iOS,7.1,4.0,205.5,171,5.8,7875,3.9,0.9,138,Work
U07020,15,Female,Hyderabad,Vivo,Android,8.0,32.7,93.3,165,4.7,4847,4.3,4.4,1632,Entertainment
U07021,33,Other,Mumbai,Oppo,iOS,8.9,46.4,149.1,35,3.9,1705,6.8,3.1,650,Entertainment
U07022,16,Female,Hyderabad,OnePlus,Android,4.7,49.4,198.5,199,5.6,3521,2.3,3.9,449,Entertainment
U07023,39,Female,Mumbai,Vivo,Android,6.1,2.9,267.9,105,5.4,2756,4.7,1.0,352,Education
U07024,21,Other,Ahmedabad,OnePlus,iOS,3.8,21.9,21.6,198,1.5,1091,7.0,3.4,1248,Gaming
U07025,47,Female,Delhi,Google Pixel,iOS,7.8,31.5,200.7,35,0.7,7524,1.0,3.8,1760,Work
U07026,21,Other,Pune,Apple,Android,10.4,5.4,70.5,67,2.1,679,4.2,3.4,203,Social Media
U07027,45,Female,Jaipur,Motorola,Android,9.4,28.1,135.8,130,2.1,6608,7.5,0.6,1961,Education
U07028,21,Female,Hyderabad,Google Pixel,Android,3.7,30.4,93.1,104,5.3,7588,4.6,1.0,1652,Work
U07029,45,Female,Kolkata,Google Pixel,Android,11.0,9.7,21.9,122,2.3,3868,6.0,4.7,1916,Work
U07030,33,Male,Kolkata,Realme,Android,1.2,48.7,188.5,153,0.8,5562,4.8,3.7,945,Education
U07031,45,Female,Jaipur,Samsung,Android,11.0,28.7,57.2,135,5.7,1606,0.8,0.6,1239,Gaming
U07032,39,Male,Bangalore,Motorola,Android,2.7,18.8,232.6,200,4.8,8708,1.1,0.7,651,Social Media
U07033,30,Male,Lucknow,Oppo,Android,3.6,4.3,263.6,162,2.1,4587,1.2,3.3,1567,Entertainment
U07034,29,Other,Chennai,Xiaomi,Android,2.0,33.4,13.1,121,2.7,8932,7.0,2.5,690,Social Media
U07035,33,Other,Delhi,Realme,Android,2.8,18.8,13.1,140,3.6,1058,6.8,5.0,1763,Work
U07036,19,Male,Kolkata,Xiaomi,Android,2.4,23.6,140.9,42,0.7,7693,4.5,2.9,984,Entertainment
U07037,18,Female,Lucknow,Google Pixel,iOS,4.1,12.3,257.0,165,4.9,3188,2.4,0.3,1504,Social Media
U07038,17,Male,Bangalore,Vivo,Android,8.4,14.1,125.1,134,3.7,6928,6.7,4.0,1873,Work
U07039,29,Other,Hyderabad,Samsung,Android,3.7,9.0,210.0,81,3.7,4478,3.6,0.1,150,Entertainment
U07040,41,Male,Lucknow,Realme,Android,9.2,24.2,106.2,140,2.3,5046,0.9,2.3,1682,Education
U07041,40,Other,Mumbai,Apple,iOS,5.5,8.3,77.0,38,2.2,3067,2.6,0.1,127,Social Media
U07042,22,Male,Ahmedabad,Xiaomi,iOS,1.0,29.9,170.2,76,1.5,7305,1.5,1.8,102,Work
U07043,35,Other,Pune,Realme,iOS,9.8,47.0,214.1,137,2.9,3392,6.3,2.7,1425,Entertainment
U07044,40,Other,Kolkata,Apple,iOS,10.7,12.4,183.9,70,5.5,8837,4.5,3.8,731,Social Media
U07045,18,Other,Ahmedabad,Vivo,iOS,6.3,19.8,77.7,160,2.3,6426,1.6,2.7,360,Education
U07046,22,Other,Ahmedabad,Samsung,iOS,10.3,3.6,125.3,55,3.9,3556,4.0,3.6,878,Social Media
U07047,21,Male,Hyderabad,Apple,Android,7.9,16.7,295.8,65,5.3,1275,3.2,0.7,1584,Social Media
U07048,26,Female,Pune,Xiaomi,Android,2.9,11.3,134.1,65,2.2,3999,5.2,4.0,1457,Work
U07049,32,Other,Lucknow,Apple,iOS,6.1,6.2,9.1,69,4.4,9861,5.6,2.3,1502,Work
U07050,20,Female,Bangalore,Motorola,Android,9.5,12.6,169.8,176,3.4,9535,3.6,3.3,1996,Entertainment
U07051,41,Other,Jaipur,Xiaomi,Android,4.6,40.7,100.0,166,5.9,695,6.4,0.4,1172,Education
U07052,16,Female,Lucknow,Xiaomi,Android,8.6,38.6,260.3,148,3.2,6808,2.3,0.1,549,Education
U07053,53,Male,Bangalore,Xiaomi,Android,2.0,2.8,227.2,161,3.4,2698,3.8,4.7,238,Gaming
U07054,20,Male,Kolkata,Realme,iOS,9.3,41.0,35.4,179,3.8,6534,3.5,1.8,1764,Education
U07055,16,Other,Lucknow,Nokia,iOS,6.8,44.9,267.2,29,2.3,828,5.0,1.2,393,Education
U07056,25,Male,Delhi,Apple,Android,6.6,29.0,144.4,86,2.7,916,6.1,0.2,902,Social Media
U07057,41,Other,Ahmedabad,Realme,Android,8.0,15.7,113.9,198,1.8,7978,5.0,3.8,1426,Gaming
U07058,35,Female,Kolkata,Oppo,iOS,5.7,36.5,299.8,22,2.4,9547,4.3,2.0,139,Entertainment
U07059,39,Female,Kolkata,Motorola,Android,10.7,15.7,166.4,169,3.2,9206,5.8,0.3,124,Gaming
U07060,49,Other,Kolkata,Apple,Android,2.3,16.5,292.6,136,5.3,5874,4.4,1.8,941,Social Media
U07061,24,Female,Lucknow,Oppo,Android,3.0,31.2,208.8,191,3.7,2453,6.3,3.2,884,Entertainment
U07062,34,Other,Bangalore,Nokia,iOS,11.3,18.1,228.3,71,3.1,9027,2.3,0.8,1074,Education
U07063,50,Female,Pune,Realme,Android,7.8,20.2,209.3,120,2.7,4155,4.9,2.9,655,Work
U07064,38,Other,Chennai,Nokia,iOS,9.0,19.5,193.3,134,0.8,2075,2.4,1.4,1480,Entertainment
U07065,52,Female,Bangalore,Realme,Android,9.7,27.5,136.2,132,5.7,2777,1.1,0.0,740,Gaming
U07066,47,Other,Lucknow,Google Pixel,Android,5.2,34.8,110.5,181,1.6,4017,7.7,0.6,713,Entertainment
U07067,42,Female,Lucknow,Samsung,Android,10.0,20.5,205.6,53,2.7,1858,6.1,3.1,1913,Education
U07068,16,Male,Jaipur,Realme,iOS,6.0,47.3,259.2,131,4.9,5386,7.9,0.8,1970,Work
U07069,46,Other,Jaipur,Google Pixel,Android,2.9,28.0,246.6,126,3.8,488,1.7,0.0,129,Entertainment
U07070,16,Other,Jaipur,Motorola,Android,6.1,39.3,140.0,69,0.7,2925,4.4,2.4,852,Education
U07071,23,Female,Bangalore,Samsung,Android,7.3,7.1,286.7,88,2.7,414,5.1,4.6,364,Gaming
U07072,29,Female,Mumbai,Nokia,Android,5.3,25.6,260.6,92,3.2,6359,3.6,1.2,630,Gaming
U07073,23,Female,Ahmedabad,Xiaomi,Android,4.8,36.5,169.6,75,2.8,2313,7.3,3.0,1263,Entertainment
U07074,31,Male,Kolkata,Nokia,iOS,8.0,4.8,228.9,76,5.7,8280,4.3,4.4,212,Entertainment
U07075,50,Other,Jaipur,OnePlus,Android,8.9,22.8,274.4,37,3.8,1768,6.8,3.4,299,Gaming
U07076,34,Other,Chennai,Samsung,Android,11.5,2.3,262.0,38,0.6,3857,1.6,3.2,116,Social Media
U07077,33,Other,Lucknow,Google Pixel,Android,9.2,27.3,11.7,31,4.1,8856,4.5,3.9,240,Education
U07078,43,Other,Kolkata,OnePlus,iOS,9.2,31.5,213.1,44,2.4,4693,1.8,1.6,904,Entertainment
U07079,59,Other,Bangalore,Motorola,iOS,11.8,13.7,207.0,41,5.7,7816,3.0,1.1,234,Work
U07080,41,Other,Ahmedabad,Realme,Android,4.0,29.8,15.8,158,5.1,3840,6.3,4.8,757,Gaming
U07081,32,Male,Delhi,Realme,iOS,2.2,21.8,112.3,27,1.4,2302,5.9,3.7,513,Work
U07082,26,Female,Bangalore,Nokia,Android,11.0,35.6,167.0,65,2.5,5538,6.3,2.3,494,Social Media
U07083,56,Other,Bangalore,OnePlus,iOS,2.4,1.1,33.4,149,4.8,5039,1.4,1.3,254,Gaming
U07084,31,Female,Bangalore,Realme,iOS,10.2,27.4,34.7,167,1.5,7191,3.8,0.5,660,Gaming
U07085,34,Female,Mumbai,Motorola,Android,9.9,15.1,120.8,168,3.3,5825,4.9,3.0,1311,Work
U07086,59,Other,Jaipur,Apple,Android,10.7,29.7,61.7,101,5.1,7760,3.9,0.7,535,Education
U07087,39,Female,Lucknow,Google Pixel,Android,7.6,48.3,121.2,40,2.4,1097,7.3,2.5,149,Education
U07088,15,Male,Mumbai,Samsung,Android,9.3,23.5,53.3,151,4.4,8762,7.5,3.3,1097,Social Media
U07089,34,Female,Kolkata,Vivo,Android,2.4,25.1,114.3,170,5.4,4126,5.9,1.6,1547,Entertainment
U07090,42,Female,Mumbai,Realme,Android,2.0,29.5,197.6,23,0.6,7935,7.7,0.6,314,Work
U07091,20,Female,Delhi,Xiaomi,Android,8.9,12.9,170.0,11,1.8,5571,5.2,2.6,912,Entertainment
U07092,23,Female,Mumbai,Vivo,iOS,8.6,10.6,288.4,184,3.1,2463,6.1,3.8,1522,Entertainment
U07093,22,Other,Ahmedabad,Xiaomi,Android,10.8,7.0,256.5,180,4.7,5270,1.7,1.7,309,Social Media
U07094,43,Female,Bangalore,Apple,iOS,8.6,3.1,12.4,65,1.2,7250,2.7,4.8,316,Gaming
U07095,34,Female,Lucknow,Vivo,Android,9.3,44.6,188.7,163,6.0,3647,1.6,1.2,1140,Social Media
U07096,27,Male,Bangalore,Realme,Android,4.7,12.8,104.0,23,1.8,1497,5.1,2.2,318,Work
U07097,27,Other,Kolkata,Apple,iOS,3.6,10.6,12.8,61,4.5,8098,6.9,1.6,1446,Entertainment
U07098,19,Female,Kolkata,Apple,iOS,7.5,37.2,85.1,139,5.6,2148,7.1,0.5,191,Social Media
U07099,54,Male,Ahmedabad,OnePlus,Android,6.9,43.9,226.0,165,3.3,3502,5.4,4.3,858,Entertainment
U07100,15,Male,Pune,Motorola,iOS,4.1,19.9,15.8,46,3.8,553,0.8,3.3,1805,Gaming
U07101,15,Other,Pune,Nokia,Android,11.3,21.8,207.3,71,4.8,2874,5.5,3.0,430,Entertainment
U07102,21,Other,Kolkata,Vivo,Android,1.5,32.2,104.4,99,4.7,9912,0.9,1.6,925,Entertainment
U07103,52,Male,Lucknow,Oppo,iOS,11.3,15.5,248.8,179,3.6,8370,5.3,1.2,1161,Entertainment
U07104,55,Female,Lucknow,Xiaomi,Android,3.3,2.4,233.5,65,1.1,5276,1.9,3.4,1747,Education
U07105,25,Male,Mumbai,Google Pixel,Android,5.0,45.3,111.2,139,2.7,5801,1.2,1.2,1082,Work
U07106,39,Other,Hyderabad,OnePlus,Android,8.9,44.4,127.3,178,4.0,8294,1.2,1.6,349,Work
U07107,44,Male,Lucknow,Apple,Android,11.6,31.1,152.8,178,1.2,3598,2.3,3.3,1247,Entertainment
U07108,36,Male,Ahmedabad,Realme,iOS,4.1,5.2,279.5,156,4.8,1139,3.4,0.1,1681,Entertainment
U07109,15,Other,Ahmedabad,Vivo,Android,5.4,18.0,229.0,137,2.6,8411,4.4,3.8,1410,Work
U07110,22,Other,Ahmedabad,Motorola,iOS,8.7,46.4,60.2,112,0.5,9633,5.0,2.1,1850,Gaming
U07111,44,Other,Delhi,OnePlus,Android,8.1,47.0,272.0,28,1.5,6915,2.0,2.9,1446,Entertainment
U07112,32,Female,Lucknow,Vivo,Android,11.5,40.2,34.5,42,3.1,5539,5.8,3.4,1117,Work
U07113,18,Male,Kolkata,Vivo,iOS,6.3,37.4,122.0,148,2.8,9067,3.6,1.8,1894,Work
U07114,50,Other,Hyderabad,Apple,iOS,2.6,45.8,37.9,63,1.4,7690,6.3,1.0,878,Gaming
U07115,59,Other,Pune,Samsung,iOS,3.4,43.6,238.6,139,1.6,9757,2.7,3.2,482,Work
U07116,36,Female,Kolkata,Motorola,iOS,1.8,26.6,144.6,127,3.6,331,4.2,2.4,1164,Work
U07117,34,Male,Jaipur,Samsung,Android,7.0,6.3,248.3,187,3.6,6936,1.0,0.6,1595,Gaming
U07118,26,Male,Pune,Xiaomi,Android,3.4,13.5,36.0,81,3.7,8341,2.8,0.9,456,Social Media
U07119,18,Male,Hyderabad,Samsung,iOS,1.1,37.0,217.0,73,3.9,2574,5.3,0.6,1562,Education
U07120,24,Female,Kolkata,Xiaomi,iOS,3.0,44.2,153.5,15,5.8,1574,1.7,3.4,1945,Entertainment
U07121,59,Other,Delhi,Samsung,iOS,2.1,20.4,50.6,173,1.8,5342,4.0,2.9,515,Gaming
U07122,34,Other,Lucknow,Realme,iOS,9.7,43.2,5.9,11,2.4,1346,7.4,4.4,1296,Entertainment
U07123,24,Female,Lucknow,Oppo,iOS,11.5,4.0,243.3,27,0.9,1567,5.4,2.0,1004,Education
U07124,59,Male,Kolkata,OnePlus,iOS,4.2,20.8,147.6,120,4.4,8620,5.3,3.1,890,Social Media
U07125,42,Other,Lucknow,Vivo,Android,7.8,7.5,264.9,19,4.0,7129,5.4,4.9,1293,Entertainment
U07126,32,Female,Kolkata,OnePlus,Android,4.3,26.2,287.0,104,2.1,4679,5.8,1.3,1278,Education
U07127,47,Male,Bangalore,Motorola,Android,3.2,15.7,272.6,17,2.7,7711,0.6,3.2,1503,Work
U07128,19,Female,Delhi,Realme,Android,6.7,34.8,147.3,24,2.3,2006,4.5,3.7,708,Education
U07129,56,Male,Delhi,Motorola,iOS,10.2,39.8,156.8,13,0.5,3687,7.5,3.2,141,Entertainment
U07130,29,Other,Bangalore,Realme,Android,8.4,33.1,67.1,31,5.7,8605,3.7,0.2,552,Gaming
U07131,38,Male,Lucknow,Samsung,iOS,11.0,9.9,67.6,129,4.3,1514,7.1,1.1,308,Gaming
U07132,41,Female,Chennai,Samsung,Android,3.4,12.8,103.7,182,5.7,4056,7.5,2.2,297,Entertainment
U07133,48,Female,Jaipur,Samsung,Android,4.2,49.6,162.2,178,1.2,3674,5.5,0.5,863,Gaming
U07134,27,Other,Ahmedabad,Oppo,iOS,2.3,28.8,63.3,119,2.4,1331,0.9,4.9,184,Gaming
U07135,37,Other,Pune,Oppo,Android,1.5,40.4,237.3,54,3.6,3851,1.6,0.8,1894,Entertainment
U07136,29,Female,Lucknow,OnePlus,Android,10.7,19.3,278.5,79,2.9,7515,1.4,2.3,1443,Education
U07137,26,Male,Jaipur,Samsung,Android,4.8,8.0,277.4,23,1.9,6841,7.7,1.4,1757,Gaming
U07138,21,Other,Bangalore,Samsung,Android,10.6,38.8,180.3,91,0.6,4651,7.8,4.8,618,Social Media
U07139,41,Female,Jaipur,Xiaomi,Android,6.6,23.9,214.0,40,3.4,8394,6.2,0.6,1340,Education
U07140,41,Other,Chennai,Motorola,iOS,10.0,40.4,46.5,71,2.6,9359,3.9,3.1,732,Entertainment
U07141,38,Male,Bangalore,Nokia,Android,10.5,6.4,190.9,132,4.8,9915,1.7,3.3,801,Gaming
U07142,43,Male,Bangalore,Oppo,Android,5.7,31.6,12.6,77,5.1,8148,7.6,2.3,467,Work
U07143,48,Other,Ahmedabad,Oppo,iOS,5.4,35.0,249.5,39,4.7,6732,2.7,0.6,1956,Gaming
U07144,18,Male,Pune,Vivo,iOS,6.1,19.6,176.1,185,2.5,4616,7.8,4.3,158,Work
U07145,59,Male,Jaipur,Realme,iOS,2.0,31.4,39.8,75,1.5,6491,1.7,3.0,116,Social Media
U07146,15,Female,Jaipur,Realme,Android,1.7,30.0,142.0,163,5.5,5573,3.9,1.5,687,Gaming
U07147,42,Other,Ahmedabad,Realme,iOS,11.4,20.5,235.4,72,4.9,1147,4.5,1.9,1813,Gaming
U07148,40,Other,Chennai,Samsung,Android,9.8,31.5,30.6,49,2.4,8751,5.9,3.3,1219,Social Media
U07149,53,Female,Mumbai,Xiaomi,iOS,11.6,16.2,293.5,86,3.3,4850,4.4,3.8,1786,Work
U07150,48,Other,Chennai,Google Pixel,Android,11.1,47.1,118.6,134,3.9,3624,6.0,3.0,260,Entertainment
U07151,16,Other,Ahmedabad,Xiaomi,Android,6.3,15.6,192.3,135,2.6,679,1.5,4.0,931,Social Media
U07152,48,Other,Kolkata,Xiaomi,iOS,4.5,22.9,146.4,126,3.8,1426,6.1,4.5,436,Education
U07153,20,Other,Chennai,Vivo,Android,9.0,38.2,168.7,176,2.5,1580,4.6,2.9,652,Education
U07154,22,Male,Mumbai,Xiaomi,Android,10.6,2.8,184.6,177,3.6,3226,4.2,1.7,1960,Education
U07155,52,Female,Delhi,Google Pixel,Android,3.3,36.5,66.9,114,5.3,5690,6.3,4.0,1396,Social Media
U07156,54,Male,Pune,OnePlus,Android,5.3,24.4,208.5,94,3.8,291,6.4,3.4,1726,Gaming
U07157,41,Other,Mumbai,Google Pixel,iOS,8.0,39.8,100.4,65,2.6,2323,1.3,1.5,1300,Gaming
U07158,18,Female,Mumbai,Realme,iOS,4.2,5.1,221.4,24,5.0,9985,2.3,3.4,1599,Social Media
U07159,30,Male,Pune,Samsung,Android,2.4,45.6,89.7,61,2.8,1752,4.4,2.0,651,Gaming
U07160,46,Female,Hyderabad,Samsung,iOS,9.4,37.3,262.5,45,2.8,8266,2.8,0.7,1841,Work
U07161,38,Male,Chennai,Xiaomi,Android,4.5,2.7,278.7,198,1.2,2717,7.6,3.1,930,Work
U07162,59,Male,Bangalore,Oppo,iOS,9.2,29.1,141.3,111,3.7,3524,1.5,4.1,645,Entertainment
U07163,41,Other,Jaipur,Xiaomi,iOS,6.3,42.1,117.5,29,3.6,1438,7.7,2.8,556,Entertainment
U07164,58,Other,Delhi,Vivo,iOS,3.3,43.9,24.6,36,1.7,1755,5.3,2.6,1707,Education
U07165,45,Male,Chennai,Oppo,Android,3.5,17.4,101.3,151,1.9,6150,3.7,2.2,1426,Education
U07166,22,Female,Hyderabad,Motorola,Android,6.7,27.0,113.1,81,4.8,7776,3.8,4.3,1140,Entertainment
U07167,22,Male,Delhi,Apple,Android,3.1,25.0,73.6,191,4.9,1083,6.9,4.3,1081,Education
U07168,55,Male,Lucknow,Nokia,iOS,7.0,41.3,45.0,14,4.5,9544,4.6,5.0,220,Entertainment
U07169,57,Female,Lucknow,Apple,Android,2.6,42.5,130.6,98,3.6,5247,2.3,1.7,1150,Social Media
U07170,45,Male,Kolkata,Motorola,iOS,6.4,35.7,272.0,128,1.9,3078,2.7,2.8,1384,Gaming
U07171,44,Female,Pune,Google Pixel,iOS,10.1,18.7,58.8,46,3.0,7742,3.7,3.2,1444,Gaming
U07172,23,Male,Chennai,Google Pixel,iOS,8.1,43.2,268.4,182,2.4,5545,3.0,4.5,519,Education
U07173,17,Female,Hyderabad,Xiaomi,iOS,4.5,34.7,219.9,82,5.7,3712,3.9,1.3,1188,Social Media
U07174,29,Male,Chennai,Apple,iOS,7.0,28.0,126.6,175,4.2,1276,2.7,1.5,638,Education
U07175,60,Female,Ahmedabad,Motorola,Android,10.0,2.5,131.0,50,3.6,4726,2.1,4.1,1212,Work
U07176,55,Male,Ahmedabad,Vivo,Android,5.9,32.4,296.5,199,3.6,3603,6.8,1.6,1502,Education
U07177,54,Male,Lucknow,Oppo,Android,4.4,16.3,175.3,69,6.0,2745,0.6,4.2,858,Education
U07178,56,Other,Chennai,Google Pixel,iOS,6.7,39.9,186.9,194,5.9,7247,2.6,2.7,464,Gaming
U07179,25,Other,Jaipur,Samsung,Android,7.4,46.1,213.3,165,1.3,4042,2.1,0.0,557,Entertainment
U07180,18,Other,Mumbai,Oppo,iOS,9.4,15.4,110.6,184,2.5,9582,4.7,1.7,386,Gaming
U07181,43,Other,Delhi,OnePlus,Android,11.9,29.5,283.3,37,0.5,683,2.5,4.4,758,Social Media
U07182,44,Male,Delhi,Realme,iOS,8.1,40.3,245.6,188,4.6,5601,6.7,1.3,1592,Education
U07183,36,Other,Hyderabad,Xiaomi,Android,2.7,44.2,18.9,54,3.4,8540,1.7,0.8,785,Education
U07184,50,Female,Delhi,Google Pixel,Android,1.5,22.6,116.1,106,2.2,947,3.3,2.3,1514,Social Media
U07185,44,Female,Hyderabad,Oppo,Android,4.2,38.9,80.5,178,4.2,5270,3.5,1.6,1897,Work
U07186,30,Other,Hyderabad,Google Pixel,iOS,2.7,34.5,39.5,140,5.9,2255,3.6,3.7,953,Entertainment
U07187,23,Male,Hyderabad,Apple,iOS,7.7,7.8,277.0,168,3.5,9860,0.7,1.4,838,Gaming
U07188,46,Female,Jaipur,Oppo,iOS,4.7,41.8,286.5,27,5.3,9705,2.9,0.2,183,Social Media
U07189,15,Male,Mumbai,OnePlus,iOS,2.7,13.9,281.6,53,4.1,1493,2.6,4.7,1650,Social Media
U07190,36,Male,Ahmedabad,Realme,iOS,11.8,14.3,9.6,20,3.9,2016,4.1,0.8,290,Work
U07191,47,Male,Hyderabad,Nokia,iOS,11.9,13.7,175.7,24,1.6,8379,7.8,4.0,1058,Education
U07192,48,Female,Chennai,Xiaomi,iOS,11.6,35.8,227.9,101,3.6,9213,1.1,0.8,1327,Work
U07193,22,Male,Jaipur,Vivo,Android,6.5,21.7,205.9,50,3.7,693,2.7,1.5,276,Work
U07194,28,Other,Bangalore,Realme,iOS,10.4,33.1,234.7,67,0.8,7028,5.1,2.4,1556,Education
U07195,56,Other,Lucknow,Nokia,iOS,4.3,45.9,293.8,84,5.5,3258,0.5,0.4,1023,Gaming
U07196,44,Other,Kolkata,OnePlus,Android,2.0,35.2,61.9,91,1.3,5465,7.7,0.2,914,Education
U07197,44,Male,Delhi,Apple,Android,7.8,6.0,157.3,159,5.6,7011,3.2,3.2,129,Education
U07198,16,Other,Mumbai,OnePlus,Android,3.6,31.0,132.3,36,3.8,677,7.3,3.4,1553,Education
U07199,26,Other,Mumbai,Vivo,iOS,5.7,43.6,133.5,189,4.9,3283,2.6,4.7,1969,Work
U07200,21,Male,Chennai,OnePlus,iOS,8.0,38.8,216.0,22,2.7,5305,1.8,4.6,717,Work
U07201,21,Male,Hyderabad,OnePlus,Android,9.1,25.2,26.6,98,4.8,7561,4.6,2.6,1972,Work
U07202,18,Female,Lucknow,Oppo,iOS,5.1,24.6,214.4,154,4.5,7352,4.1,2.2,1107,Gaming
U07203,32,Female,Pune,Xiaomi,Android,4.5,27.1,102.8,123,4.6,9103,2.5,4.3,1997,Gaming
U07204,50,Other,Bangalore,Motorola,Android,12.0,1.5,140.6,60,2.2,1282,4.3,2.9,1159,Education
U07205,29,Male,Jaipur,Apple,Android,6.4,9.2,179.7,158,4.6,3442,2.9,3.3,1878,Entertainment
U07206,38,Female,Mumbai,Motorola,Android,2.1,36.4,71.9,13,4.3,2647,2.6,3.2,1228,Work
U07207,26,Female,Pune,Nokia,Android,2.5,17.9,200.1,29,5.9,5884,7.9,3.6,159,Work
U07208,27,Female,Pune,Realme,iOS,2.7,17.0,169.1,140,1.5,6539,3.3,3.5,802,Gaming
U07209,30,Other,Pune,Realme,Android,6.8,30.2,146.4,88,4.6,8626,3.6,1.8,1573,Entertainment
U07210,26,Female,Kolkata,Motorola,iOS,3.0,20.3,120.6,114,3.5,590,2.7,1.9,1284,Social Media
U07211,52,Female,Ahmedabad,Realme,iOS,6.3,43.9,41.7,100,1.8,4178,5.3,2.7,838,Entertainment
U07212,32,Other,Delhi,Motorola,iOS,4.7,47.3,265.3,75,4.5,9496,3.5,1.6,1045,Education
U07213,51,Male,Kolkata,Oppo,Android,5.3,48.1,56.6,194,5.5,7110,2.4,4.7,1170,Gaming
U07214,60,Other,Jaipur,Oppo,Android,7.1,21.7,53.7,18,3.3,8218,5.6,0.1,227,Work
U07215,49,Other,Lucknow,Motorola,iOS,10.2,13.1,129.2,102,3.0,7919,4.7,3.3,492,Work
U07216,48,Other,Jaipur,OnePlus,iOS,7.6,46.3,213.9,181,4.3,9414,7.4,3.2,875,Work
U07217,58,Male,Jaipur,Realme,Android,10.4,48.4,88.9,27,5.9,4779,7.3,1.9,272,Entertainment
U07218,46,Male,Bangalore,Google Pixel,Android,3.0,1.7,168.4,48,0.6,5669,6.9,2.3,1887,Gaming
U07219,22,Female,Hyderabad,Realme,iOS,11.2,11.6,97.6,169,1.3,3483,3.1,0.4,1099,Education
U07220,26,Female,Ahmedabad,Realme,iOS,3.8,49.4,18.9,131,2.2,2676,6.9,1.6,1478,Gaming
U07221,35,Other,Bangalore,Vivo,iOS,6.0,49.9,47.6,160,4.6,7834,4.1,0.6,1818,Education
U07222,25,Male,Hyderabad,Motorola,Android,6.5,2.2,186.3,150,3.6,8668,1.4,3.1,1829,Social Media
U07223,38,Other,Bangalore,Samsung,iOS,9.9,6.2,299.0,122,1.0,4980,6.1,0.1,169,Work
U07224,18,Other,Bangalore,Vivo,iOS,2.5,2.1,18.7,156,4.6,8990,6.6,0.1,1539,Gaming
U07225,26,Male,Lucknow,Realme,Android,6.3,44.8,93.3,165,5.4,3411,4.5,2.2,1414,Gaming
U07226,37,Other,Lucknow,Nokia,Android,3.7,36.0,184.8,185,1.1,7013,3.9,3.5,104,Social Media
U07227,41,Female,Chennai,Google Pixel,Android,1.7,25.2,150.8,135,1.9,2790,2.1,4.8,401,Gaming
U07228,29,Other,Hyderabad,Nokia,Android,8.0,49.0,232.4,125,0.6,7125,0.6,4.8,493,Social Media
U07229,31,Male,Hyderabad,OnePlus,iOS,8.6,49.0,108.0,99,3.7,4503,4.9,2.4,498,Gaming
U07230,26,Male,Chennai,Motorola,iOS,10.5,5.0,151.8,15,4.8,6939,3.2,5.0,827,Social Media
U07231,46,Female,Hyderabad,Samsung,Android,9.1,40.9,59.1,170,3.7,2512,6.1,2.7,757,Gaming
U07232,46,Female,Lucknow,Oppo,Android,10.8,33.7,225.5,83,4.1,4248,7.6,2.2,1009,Work
U07233,59,Female,Jaipur,Motorola,Android,11.6,18.8,136.6,73,4.6,3594,6.3,4.2,1239,Gaming
U07234,47,Female,Bangalore,OnePlus,Android,9.9,35.2,255.2,99,5.8,5006,6.4,1.5,315,Gaming
U07235,29,Other,Bangalore,Vivo,iOS,2.0,48.5,174.3,28,5.3,4214,7.4,3.8,1922,Entertainment
U07236,41,Female,Jaipur,Oppo,iOS,9.8,24.2,111.0,44,2.7,8402,6.5,3.0,1963,Work
U07237,43,Female,Kolkata,Google Pixel,Android,6.3,46.9,177.2,61,5.2,316,2.2,4.3,1321,Work
U07238,39,Male,Bangalore,Google Pixel,iOS,1.7,30.1,133.1,177,4.8,6162,2.5,4.3,1195,Gaming
U07239,49,Female,Hyderabad,Samsung,iOS,11.6,35.0,125.0,158,3.3,1579,1.7,3.4,1626,Social Media
U07240,59,Other,Ahmedabad,Oppo,iOS,3.7,31.0,196.9,37,3.0,1737,5.8,0.2,834,Social Media
U07241,58,Male,Pune,OnePlus,Android,7.9,4.7,131.6,65,4.4,1870,1.4,3.9,450,Education
U07242,40,Other,Hyderabad,Nokia,iOS,8.5,47.5,51.1,178,3.3,9683,4.2,4.4,1667,Entertainment
U07243,20,Other,Pune,Oppo,iOS,5.0,44.2,44.3,110,1.0,6198,7.5,3.3,1725,Education
U07244,55,Other,Chennai,Oppo,Android,3.8,15.2,57.7,37,5.2,1671,3.5,1.2,1413,Gaming
U07245,25,Other,Bangalore,Nokia,iOS,11.8,38.0,153.4,59,2.8,8941,3.7,1.7,1918,Entertainment
U07246,15,Female,Lucknow,Oppo,Android,5.7,30.0,208.8,10,1.6,8138,7.5,3.4,1887,Work
U07247,16,Male,Chennai,Samsung,Android,3.1,18.2,180.7,42,4.6,2991,3.6,2.3,1010,Education
U07248,46,Female,Pune,Apple,Android,11.9,1.5,15.1,62,1.7,7812,2.8,2.1,1111,Education
U07249,52,Male,Mumbai,Xiaomi,Android,1.6,21.7,178.6,71,3.1,6784,3.6,3.3,140,Social Media
U07250,58,Male,Ahmedabad,Vivo,Android,6.0,49.7,234.6,120,4.9,1187,5.7,1.0,1591,Work
U07251,58,Other,Bangalore,Samsung,iOS,4.4,46.2,8.5,60,5.4,1200,0.6,0.9,497,Entertainment
U07252,52,Female,Kolkata,OnePlus,iOS,6.2,35.0,273.4,122,3.5,865,4.6,3.9,478,Gaming
U07253,26,Other,Ahmedabad,Oppo,Android,5.4,42.9,69.1,41,4.8,1910,5.1,3.8,1551,Education
U07254,47,Male,Bangalore,Apple,Android,5.3,14.8,137.1,99,3.3,8949,0.6,4.5,1983,Gaming
U07255,45,Female,Chennai,Nokia,Android,3.3,1.3,154.8,159,5.0,1997,3.6,3.2,1641,Work
U07256,57,Other,Hyderabad,Google Pixel,iOS,10.5,27.7,162.7,151,3.7,4137,3.8,1.7,750,Education
U07257,46,Male,Ahmedabad,Vivo,iOS,11.7,33.0,112.8,16,2.3,327,1.7,2.9,1102,Social Media
U07258,39,Female,Ahmedabad,Realme,iOS,9.0,8.9,40.0,157,4.9,1624,4.6,4.1,245,Gaming
U07259,48,Female,Jaipur,Google Pixel,Android,2.2,41.4,229.4,111,3.0,1522,7.3,2.0,175,Education
U07260,19,Female,Pune,Vivo,Android,5.7,15.9,172.2,18,5.3,9625,5.5,0.4,1052,Education
U07261,24,Other,Pune,Apple,iOS,6.0,3.5,45.8,90,2.4,9136,4.4,1.1,1021,Entertainment
U07262,20,Male,Delhi,Vivo,iOS,11.2,38.1,214.1,25,3.0,2003,7.3,4.7,1134,Gaming
U07263,19,Female,Lucknow,Oppo,Android,8.7,33.1,118.6,17,5.2,2675,1.4,2.4,511,Entertainment
U07264,24,Male,Mumbai,Motorola,Android,10.8,25.4,88.8,19,4.1,2745,2.1,3.5,196,Education
U07265,46,Female,Lucknow,Apple,Android,4.1,27.4,198.0,105,4.9,9718,0.7,0.2,1591,Social Media
U07266,51,Other,Ahmedabad,Xiaomi,iOS,5.8,14.6,57.2,173,5.8,136,4.5,4.0,463,Gaming
U07267,17,Male,Lucknow,Nokia,iOS,5.7,6.2,171.0,153,5.0,3348,1.9,2.9,1896,Work
U07268,38,Male,Mumbai,Xiaomi,iOS,3.8,26.4,273.4,187,4.4,4709,2.5,3.0,1239,Gaming
U07269,26,Other,Lucknow,Realme,Android,8.8,6.3,31.8,124,2.6,3032,5.1,1.7,1450,Entertainment
U07270,28,Female,Ahmedabad,Xiaomi,Android,3.9,13.8,73.5,168,0.6,8553,2.6,3.8,211,Entertainment
U07271,46,Female,Jaipur,OnePlus,iOS,6.3,34.4,176.1,21,1.7,6685,7.8,0.8,651,Gaming
U07272,56,Other,Mumbai,Samsung,Android,7.2,26.6,54.1,92,2.3,4004,7.9,0.4,689,Education
U07273,28,Male,Hyderabad,Motorola,Android,6.8,43.2,96.5,119,1.5,4850,4.0,1.4,558,Gaming
U07274,33,Other,Jaipur,Realme,iOS,5.0,11.3,137.9,25,1.2,5944,3.6,3.2,1084,Work
U07275,39,Male,Pune,OnePlus,iOS,2.1,32.2,39.4,158,2.0,8697,6.2,4.3,1939,Work
U07276,35,Other,Pune,Motorola,iOS,9.5,49.0,48.5,169,1.0,5099,6.9,2.6,218,Gaming
U07277,29,Other,Bangalore,Vivo,iOS,11.9,26.1,156.1,108,2.1,2623,3.4,2.3,854,Work
U07278,51,Female,Mumbai,Oppo,Android,6.0,36.8,287.5,95,4.7,6074,2.5,3.1,969,Work
U07279,24,Male,Pune,Apple,Android,5.7,27.1,196.0,115,4.7,5738,5.4,1.8,1669,Entertainment
U07280,34,Other,Hyderabad,Oppo,Android,11.8,5.5,179.0,78,4.9,3750,7.8,0.6,1960,Social Media
U07281,33,Other,Jaipur,Xiaomi,iOS,9.4,16.1,245.8,156,2.3,6458,0.7,3.0,347,Work
U07282,35,Male,Lucknow,Motorola,iOS,3.3,49.3,162.4,84,0.9,1559,6.2,1.9,1405,Gaming
U07283,41,Male,Hyderabad,Nokia,iOS,8.2,10.2,11.8,200,1.4,7783,6.3,3.1,672,Education
U07284,47,Male,Jaipur,Google Pixel,Android,7.2,41.5,35.8,194,1.1,3305,5.0,3.0,1482,Education
U07285,43,Other,Delhi,OnePlus,Android,11.2,34.4,185.6,117,5.1,1970,6.7,0.0,1715,Social Media
U07286,32,Male,Kolkata,Oppo,iOS,8.7,22.1,112.3,194,2.3,4796,7.0,2.1,1508,Work
U07287,16,Other,Delhi,Realme,iOS,10.6,5.5,259.1,86,0.6,3870,4.2,1.1,1626,Gaming
U07288,57,Other,Ahmedabad,Samsung,Android,6.9,37.2,160.4,98,3.2,9113,1.0,1.1,443,Social Media
U07289,51,Other,Pune,Google Pixel,Android,8.5,49.0,279.1,119,3.5,9929,5.2,3.6,1969,Gaming
U07290,34,Female,Jaipur,Xiaomi,Android,1.6,6.7,63.8,49,2.5,898,6.0,2.2,939,Education
U07291,49,Female,Mumbai,Motorola,Android,3.1,27.9,147.2,33,5.5,3892,4.4,3.7,1260,Gaming
U07292,48,Female,Delhi,Google Pixel,iOS,10.1,2.9,71.1,68,1.4,6438,1.8,3.9,1192,Work
U07293,59,Female,Jaipur,Oppo,Android,10.9,7.9,13.2,99,3.0,3524,7.1,2.5,1194,Work
U07294,43,Other,Mumbai,Apple,Android,9.2,12.1,205.9,67,5.5,4264,3.4,1.5,1765,Social Media
U07295,32,Male,Mumbai,OnePlus,iOS,8.5,25.6,253.8,81,4.0,4107,5.1,0.4,506,Work
U07296,38,Male,Bangalore,Realme,iOS,6.4,24.5,196.6,52,0.6,6223,4.9,3.0,1212,Gaming
U07297,29,Female,Mumbai,Google Pixel,iOS,2.6,42.9,231.8,113,4.7,2406,2.9,4.4,1200,Work
U07298,59,Other,Mumbai,Google Pixel,iOS,6.8,33.6,200.8,148,5.4,4188,4.9,0.8,1787,Education
U07299,33,Female,Jaipur,OnePlus,Android,7.8,41.4,59.3,32,3.2,4115,1.1,1.2,739,Work
U07300,51,Female,Pune,Google Pixel,iOS,11.1,18.7,65.5,70,5.2,4610,5.7,4.9,861,Social Media
U07301,26,Male,Delhi,Nokia,Android,1.7,37.1,184.3,87,3.9,4842,1.0,1.0,202,Gaming
U07302,56,Male,Delhi,Samsung,Android,4.5,37.3,191.8,97,3.3,7274,1.3,1.6,1704,Entertainment
U07303,45,Other,Chennai,Vivo,iOS,2.2,16.3,62.1,164,2.8,3727,6.2,4.4,989,Gaming
U07304,47,Female,Pune,Realme,Android,1.5,28.7,46.0,82,4.5,8409,3.7,4.8,1947,Entertainment
U07305,15,Female,Bangalore,Vivo,iOS,8.3,22.1,168.5,152,3.1,308,1.2,1.8,1077,Social Media
U07306,28,Male,Pune,Nokia,Android,9.9,30.3,143.5,140,1.6,7598,0.8,3.3,1884,Social Media
U07307,44,Male,Lucknow,OnePlus,iOS,9.7,45.8,92.2,91,5.3,8346,2.7,3.2,1160,Social Media
U07308,41,Male,Bangalore,Realme,iOS,2.6,7.1,34.9,143,2.6,9698,1.5,2.3,1930,Education
U07309,30,Female,Ahmedabad,Samsung,Android,6.9,36.9,224.6,24,1.5,4495,1.5,1.2,1405,Education
U07310,36,Male,Mumbai,OnePlus,iOS,6.8,9.1,94.5,159,1.0,4308,3.2,2.9,1351,Education
U07311,25,Male,Delhi,Samsung,iOS,9.1,10.9,178.4,200,3.4,1551,5.8,2.3,1419,Education
U07312,30,Male,Pune,Oppo,iOS,9.7,8.2,146.4,184,5.0,4894,7.2,1.2,1683,Work
U07313,26,Male,Delhi,Xiaomi,Android,3.5,11.2,236.4,122,3.2,4088,5.9,3.6,1887,Gaming
U07314,25,Female,Chennai,Xiaomi,Android,2.3,6.7,201.1,135,4.9,6887,4.4,4.6,911,Education
U07315,38,Other,Lucknow,Nokia,Android,9.8,7.3,34.9,58,0.9,3271,5.2,0.6,654,Social Media
U07316,40,Other,Hyderabad,OnePlus,iOS,6.0,14.9,55.0,91,4.4,9551,6.1,3.7,1073,Education
U07317,29,Female,Mumbai,Google Pixel,iOS,9.7,9.2,89.9,49,1.8,360,6.0,0.2,1807,Gaming
U07318,38,Other,Lucknow,Apple,Android,7.0,16.9,92.7,145,2.0,1742,7.3,1.5,1337,Education
U07319,37,Female,Jaipur,Nokia,Android,6.2,10.2,160.4,105,0.9,7499,3.1,1.1,1774,Work
U07320,47,Other,Delhi,OnePlus,Android,8.2,4.7,241.9,79,4.7,9540,6.4,2.3,253,Social Media
U07321,54,Male,Chennai,Oppo,Android,1.2,25.8,88.4,126,3.0,1811,3.8,5.0,155,Social Media
U07322,19,Other,Delhi,Google Pixel,iOS,6.8,43.5,275.2,189,3.9,3888,4.5,0.8,1100,Work
U07323,18,Male,Lucknow,OnePlus,iOS,9.8,39.6,169.9,191,5.5,3609,6.3,1.2,1865,Work
U07324,39,Male,Pune,Xiaomi,Android,11.5,29.4,202.7,21,5.4,4760,5.0,2.5,1480,Entertainment
U07325,15,Other,Mumbai,Nokia,Android,7.1,22.4,42.4,75,2.4,9857,7.6,3.2,1614,Gaming
U07326,56,Female,Lucknow,OnePlus,Android,7.3,39.9,217.9,186,3.6,8913,4.3,0.5,730,Gaming
U07327,18,Female,Ahmedabad,Xiaomi,iOS,2.8,47.2,144.7,45,4.4,7591,6.1,1.4,1176,Gaming
U07328,58,Other,Lucknow,Oppo,Android,3.5,1.1,237.2,65,2.8,6484,7.3,3.0,1905,Education
U07329,34,Male,Mumbai,Motorola,Android,8.5,18.1,17.8,64,3.5,8666,4.9,0.4,1839,Gaming
U07330,24,Other,Pune,Xiaomi,iOS,11.8,44.4,11.9,73,3.9,4589,5.3,4.0,1697,Social Media
U07331,24,Other,Mumbai,Vivo,iOS,11.1,9.7,173.1,166,1.7,2405,2.0,0.8,1101,Social Media
U07332,26,Other,Hyderabad,Apple,Android,5.3,48.7,158.1,177,2.1,3152,2.0,0.8,1856,Social Media
U07333,34,Male,Jaipur,Nokia,Android,4.2,15.9,297.4,56,5.5,9159,5.1,4.4,105,Work
U07334,33,Other,Bangalore,Vivo,Android,7.4,9.6,77.8,85,3.5,4014,6.2,3.8,613,Social Media
U07335,56,Female,Mumbai,Realme,iOS,5.8,30.9,163.3,118,1.5,5292,3.4,3.6,1628,Social Media
U07336,18,Male,Kolkata,Samsung,Android,11.3,34.5,283.3,165,2.2,844,5.5,4.8,319,Work
U07337,41,Other,Kolkata,Apple,Android,6.8,27.6,220.0,82,4.4,5410,4.6,3.5,776,Entertainment
U07338,39,Female,Kolkata,Oppo,Android,3.7,4.2,88.1,36,2.6,7507,1.3,4.7,571,Social Media
U07339,60,Female,Kolkata,Vivo,iOS,11.2,47.2,108.3,134,5.0,4354,7.5,2.7,593,Social Media
U07340,55,Other,Chennai,Samsung,iOS,1.9,46.3,46.3,71,1.9,1928,0.5,4.1,386,Gaming
U07341,26,Female,Hyderabad,Apple,Android,2.7,38.6,118.1,81,4.2,9124,4.5,3.7,1321,Social Media
U07342,54,Male,Mumbai,Xiaomi,Android,2.0,3.5,285.3,125,0.5,1776,1.2,4.2,1986,Gaming
U07343,26,Male,Ahmedabad,Motorola,Android,9.7,10.9,294.0,93,5.0,7955,0.9,0.7,1710,Gaming
U07344,43,Male,Mumbai,Samsung,iOS,7.8,19.1,42.8,165,4.5,1287,1.8,0.3,670,Social Media
U07345,29,Female,Mumbai,Realme,iOS,6.3,45.9,214.6,136,4.4,1101,5.1,0.1,796,Work
U07346,39,Other,Jaipur,Vivo,Android,3.0,6.2,165.4,162,3.4,9204,7.5,1.3,1829,Entertainment
U07347,15,Female,Lucknow,Oppo,iOS,10.4,5.3,277.0,175,0.9,7020,4.7,2.6,1943,Entertainment
U07348,47,Other,Hyderabad,Apple,iOS,9.5,49.7,263.9,72,1.6,464,1.0,3.9,543,Entertainment
U07349,39,Male,Bangalore,Google Pixel,Android,7.2,5.5,146.2,199,2.6,959,6.1,4.3,1214,Social Media
U07350,41,Male,Ahmedabad,Xiaomi,iOS,11.1,45.0,84.1,150,4.7,1651,2.8,1.9,968,Gaming
U07351,51,Female,Lucknow,Samsung,iOS,2.5,7.6,243.8,37,0.5,4811,5.8,0.7,310,Education
U07352,57,Other,Lucknow,Motorola,Android,2.4,37.9,149.5,126,5.0,9939,6.8,1.0,1181,Work
U07353,42,Female,Pune,Samsung,iOS,8.8,7.7,55.4,19,4.5,4108,5.6,2.4,800,Social Media
U07354,51,Male,Kolkata,Oppo,Android,11.9,4.3,78.7,200,2.0,6511,2.3,0.9,472,Social Media
U07355,34,Female,Chennai,Google Pixel,Android,2.6,4.1,155.2,33,5.0,4771,3.1,3.0,1357,Gaming
U07356,26,Male,Ahmedabad,Motorola,Android,10.7,46.0,150.7,178,2.6,585,1.5,3.0,983,Entertainment
U07357,42,Other,Mumbai,Google Pixel,iOS,4.6,1.7,205.8,13,1.6,9493,6.8,0.0,1610,Work
U07358,44,Female,Lucknow,Motorola,Android,7.0,18.8,80.0,135,4.7,4274,2.6,1.9,1615,Education
U07359,49,Other,Bangalore,Apple,Android,8.4,17.4,197.9,172,3.3,6268,7.0,3.4,679,Gaming
U07360,48,Female,Bangalore,Samsung,iOS,2.0,30.3,22.2,96,2.2,2020,4.0,4.3,1245,Education
U07361,48,Female,Kolkata,Nokia,iOS,3.9,36.9,21.2,52,5.1,9535,7.4,2.5,1632,Social Media
U07362,54,Other,Lucknow,Xiaomi,Android,8.9,40.0,6.9,176,3.0,9778,1.4,1.3,1948,Gaming
U07363,16,Other,Pune,Nokia,iOS,7.3,2.0,284.0,117,2.0,6992,2.0,3.6,378,Education
U07364,43,Female,Mumbai,Motorola,iOS,3.3,1.8,197.6,136,5.1,219,6.9,2.4,334,Social Media
U07365,54,Female,Jaipur,OnePlus,iOS,1.9,39.5,214.9,90,1.1,5212,2.7,0.4,432,Education
U07366,15,Female,Hyderabad,Vivo,iOS,2.7,24.7,189.5,57,2.8,4701,7.3,1.0,1125,Gaming
U07367,33,Male,Ahmedabad,Samsung,Android,6.2,30.6,38.4,94,5.2,765,2.4,2.4,1244,Gaming
U07368,35,Male,Bangalore,OnePlus,Android,2.2,49.3,72.0,95,1.8,7957,6.3,0.7,1544,Social Media
U07369,15,Male,Chennai,Realme,Android,5.8,14.8,109.8,85,2.9,8023,7.7,3.1,1674,Gaming
U07370,26,Female,Bangalore,Motorola,Android,8.7,23.6,213.0,136,1.5,6141,1.7,3.7,409,Entertainment
U07371,39,Female,Jaipur,Motorola,iOS,10.1,8.6,126.7,144,0.9,5635,7.5,0.6,397,Gaming
U07372,29,Female,Kolkata,Nokia,iOS,11.3,2.5,123.7,162,3.0,8643,2.9,3.5,795,Entertainment
U07373,60,Male,Jaipur,Apple,Android,9.5,9.5,83.6,180,2.7,9179,1.1,4.9,943,Gaming
U07374,21,Other,Bangalore,Xiaomi,iOS,5.7,20.6,139.5,144,3.4,3124,3.0,2.5,1396,Entertainment
U07375,35,Female,Kolkata,OnePlus,iOS,7.2,25.1,227.1,24,4.8,1464,2.5,0.6,938,Gaming
U07376,24,Female,Delhi,Nokia,Android,8.5,36.8,174.5,147,5.8,8121,2.9,2.6,1374,Social Media
U07377,53,Male,Lucknow,Oppo,Android,2.7,19.2,42.8,26,1.6,9921,7.9,4.5,1327,Education
U07378,38,Male,Jaipur,Google Pixel,Android,6.0,17.9,215.6,87,1.7,5174,7.9,3.0,1748,Gaming
U07379,45,Male,Pune,Oppo,Android,7.7,11.2,207.6,185,5.3,1045,2.2,0.6,488,Social Media
U07380,38,Male,Lucknow,Oppo,Android,8.9,10.8,49.4,47,2.3,8966,4.6,0.2,541,Education
U07381,42,Male,Bangalore,Realme,iOS,8.0,28.9,216.2,115,2.1,6911,1.8,1.0,161,Work
U07382,21,Male,Pune,Motorola,iOS,4.8,31.7,271.6,47,5.5,2168,1.0,2.5,1352,Education
U07383,54,Female,Chennai,Nokia,Android,6.0,26.3,125.8,197,1.8,2792,2.8,1.1,764,Entertainment
U07384,52,Other,Kolkata,Nokia,Android,10.7,42.6,183.3,108,3.6,6126,1.4,2.3,1633,Entertainment
U07385,49,Female,Kolkata,Realme,iOS,2.8,45.8,180.0,76,2.1,8470,2.8,4.0,1601,Education
U07386,60,Female,Kolkata,Apple,iOS,4.4,14.7,286.3,135,2.2,5578,4.6,0.3,1442,Entertainment
U07387,36,Female,Mumbai,Xiaomi,iOS,2.8,21.9,5.1,160,5.8,6772,5.7,2.0,717,Gaming
U07388,45,Male,Delhi,Xiaomi,Android,9.8,13.0,213.9,84,2.6,8989,3.8,0.3,807,Work
U07389,58,Female,Hyderabad,Nokia,Android,3.7,41.4,94.5,108,4.3,1794,4.0,4.2,1826,Social Media
U07390,24,Other,Hyderabad,Apple,iOS,10.6,48.6,141.0,12,0.6,418,4.2,0.7,1105,Entertainment
U07391,37,Male,Delhi,Nokia,iOS,1.2,49.6,277.7,93,4.9,9161,5.9,2.2,704,Education
U07392,50,Male,Delhi,Oppo,iOS,4.5,13.6,155.2,191,3.4,5622,6.9,2.7,507,Entertainment
U07393,48,Male,Jaipur,Xiaomi,iOS,5.8,19.0,27.3,193,4.0,9967,5.3,3.9,1289,Work
U07394,55,Other,Chennai,Xiaomi,iOS,3.7,13.0,159.5,12,3.2,8082,4.9,2.1,1167,Education
U07395,29,Female,Kolkata,OnePlus,iOS,2.3,28.7,187.3,169,5.6,8690,6.6,2.7,1453,Work
U07396,49,Male,Hyderabad,Motorola,iOS,4.4,4.1,264.9,20,5.6,5680,1.8,3.1,1899,Social Media
U07397,16,Male,Bangalore,OnePlus,iOS,10.6,12.6,237.6,179,3.6,2683,5.8,3.2,1022,Social Media
U07398,50,Female,Jaipur,Realme,iOS,8.8,37.7,269.1,86,5.5,1392,5.7,2.6,790,Entertainment
U07399,23,Female,Ahmedabad,Realme,iOS,1.1,3.8,103.9,86,0.7,5356,3.9,3.6,722,Education
U07400,51,Female,Hyderabad,Nokia,Android,11.0,40.4,134.8,135,5.9,3715,6.7,2.4,511,Social Media
U07401,34,Female,Chennai,Vivo,Android,8.1,12.5,48.2,57,1.2,766,4.8,2.9,824,Social Media
U07402,30,Male,Chennai,Xiaomi,Android,9.1,17.8,92.3,165,3.0,416,7.6,0.3,1143,Entertainment
U07403,58,Female,Delhi,Xiaomi,Android,9.8,24.7,129.9,51,4.8,7139,7.5,3.7,1110,Gaming
U07404,57,Other,Pune,OnePlus,iOS,6.3,21.1,244.2,126,5.3,5867,4.1,1.8,1501,Entertainment
U07405,34,Male,Lucknow,Xiaomi,Android,6.0,34.4,197.2,91,4.8,8217,6.8,3.7,1673,Entertainment
U07406,36,Male,Mumbai,Nokia,iOS,7.2,18.2,126.4,174,3.5,3822,6.5,0.5,1919,Work
U07407,35,Female,Kolkata,Motorola,iOS,11.7,15.6,217.2,186,1.4,5450,4.8,4.3,1367,Education
U07408,41,Female,Ahmedabad,OnePlus,Android,4.0,21.4,176.5,129,1.0,2559,7.0,0.1,985,Gaming
U07409,43,Other,Pune,Vivo,iOS,8.9,7.5,292.7,13,3.8,1378,6.9,0.9,395,Gaming
U07410,53,Other,Jaipur,Oppo,iOS,10.5,23.8,109.2,82,3.2,6554,7.2,1.5,598,Gaming
U07411,55,Other,Pune,Motorola,Android,8.5,27.2,127.7,160,5.8,9910,1.0,2.6,1322,Education
U07412,49,Male,Hyderabad,Samsung,iOS,2.7,23.6,244.6,86,2.3,4224,4.4,2.3,1778,Education
U07413,42,Female,Chennai,Apple,Android,8.7,34.1,236.7,198,1.5,6078,5.4,0.6,997,Work
U07414,44,Female,Hyderabad,Nokia,Android,4.6,9.3,293.0,33,0.6,9798,4.5,2.9,991,Gaming
U07415,51,Female,Lucknow,Google Pixel,iOS,4.9,36.8,285.4,164,2.6,2446,2.3,4.4,1601,Social Media
U07416,56,Other,Kolkata,Realme,Android,4.6,45.2,57.7,75,5.9,2994,2.6,0.4,1436,Entertainment
U07417,35,Other,Kolkata,OnePlus,iOS,6.0,35.1,214.9,44,2.2,5803,7.1,1.4,955,Education
U07418,34,Male,Delhi,Google Pixel,iOS,5.0,3.2,70.0,200,2.8,7839,3.5,1.5,1672,Work
U07419,48,Other,Hyderabad,Google Pixel,iOS,9.8,17.8,66.5,100,1.7,1302,7.9,0.9,359,Education
U07420,34,Female,Kolkata,Realme,iOS,7.4,13.1,93.1,195,0.9,378,2.8,0.8,568,Education
U07421,58,Female,Pune,Apple,Android,10.7,1.8,283.1,38,4.0,2822,6.1,2.1,1600,Social Media
U07422,37,Other,Chennai,Xiaomi,Android,9.4,3.7,218.3,122,1.2,1322,1.9,2.1,1971,Entertainment
U07423,27,Male,Kolkata,Oppo,Android,10.3,43.4,10.0,72,1.0,1651,7.7,1.3,1069,Entertainment
U07424,51,Male,Ahmedabad,Vivo,iOS,8.5,22.4,221.3,18,5.6,8299,4.7,3.2,1946,Work
U07425,35,Female,Ahmedabad,Oppo,iOS,10.3,13.1,279.9,55,4.4,6162,3.7,3.9,1197,Gaming
U07426,40,Male,Hyderabad,Nokia,Android,11.1,12.5,274.3,89,3.5,5865,2.0,2.8,1417,Gaming
U07427,35,Other,Kolkata,Motorola,Android,8.1,17.2,157.8,35,2.8,709,4.2,4.8,1581,Gaming
U07428,35,Other,Kolkata,OnePlus,Android,2.0,19.6,296.0,32,2.1,6673,7.7,4.0,1516,Work
U07429,60,Female,Jaipur,Samsung,iOS,5.5,25.5,17.3,190,1.1,1965,0.6,1.8,1898,Education
U07430,58,Other,Bangalore,Motorola,iOS,6.5,27.0,256.3,21,4.9,3578,8.0,4.7,823,Gaming
U07431,32,Female,Ahmedabad,Realme,iOS,11.7,2.1,270.8,23,2.0,9206,6.9,4.5,945,Work
U07432,15,Female,Lucknow,Apple,iOS,6.2,12.8,63.2,93,3.4,8886,2.1,3.6,1506,Entertainment
U07433,51,Female,Hyderabad,Apple,Android,11.3,28.4,215.3,38,5.4,400,6.3,0.3,1622,Education
U07434,33,Other,Chennai,Samsung,iOS,9.0,7.6,232.0,90,1.8,5767,6.7,2.6,761,Gaming
U07435,28,Male,Chennai,Vivo,iOS,7.7,1.9,89.9,189,2.6,8881,6.9,0.8,1342,Education
U07436,47,Other,Mumbai,Motorola,iOS,2.2,39.7,264.9,141,0.6,8499,7.1,4.9,479,Entertainment
U07437,52,Male,Ahmedabad,OnePlus,iOS,3.7,3.0,215.3,25,1.0,6561,3.2,0.5,596,Gaming
U07438,60,Male,Lucknow,Samsung,Android,7.2,38.0,164.0,102,5.1,1233,3.1,3.3,1278,Entertainment
U07439,55,Female,Hyderabad,Motorola,iOS,7.5,45.6,153.8,68,5.0,4460,1.5,1.1,303,Work
U07440,50,Female,Bangalore,Oppo,iOS,9.6,2.2,228.1,60,2.1,3125,0.8,3.1,803,Education
U07441,28,Female,Mumbai,Xiaomi,iOS,9.6,37.2,52.5,192,4.4,9939,1.6,4.8,1588,Entertainment
U07442,56,Male,Bangalore,Xiaomi,Android,5.6,28.2,75.9,48,4.3,4211,3.3,4.7,1132,Social Media
U07443,50,Female,Bangalore,Nokia,Android,2.1,12.5,184.6,151,2.6,1669,7.2,1.1,1964,Work
U07444,39,Male,Hyderabad,Xiaomi,iOS,1.3,47.4,152.5,121,1.2,4078,7.4,0.6,1209,Social Media
U07445,52,Male,Chennai,Motorola,iOS,11.7,41.5,254.8,154,0.9,3054,7.2,4.1,527,Social Media
U07446,48,Female,Delhi,Samsung,iOS,5.6,22.3,202.4,137,4.7,8146,1.2,4.2,1351,Gaming
U07447,52,Male,Bangalore,Oppo,Android,1.9,25.9,255.7,21,1.0,9462,1.5,1.8,304,Entertainment
U07448,36,Female,Lucknow,OnePlus,iOS,6.9,39.0,207.9,118,4.1,3748,1.9,2.7,245,Gaming
U07449,28,Male,Bangalore,Xiaomi,Android,9.9,12.1,129.2,166,2.1,2458,4.6,0.1,1876,Gaming
U07450,31,Male,Ahmedabad,Nokia,Android,3.2,29.1,23.6,36,2.7,4554,4.7,1.9,1782,Work
U07451,40,Female,Chennai,Realme,iOS,1.1,6.7,15.6,82,1.4,1627,6.8,3.5,1693,Work
U07452,38,Other,Pune,Realme,iOS,11.5,6.0,271.2,131,2.6,2483,1.7,3.0,1222,Social Media
U07453,29,Female,Kolkata,Motorola,iOS,1.5,27.0,69.5,156,1.9,1813,6.2,1.4,1485,Work
U07454,48,Male,Pune,Nokia,iOS,1.1,28.5,162.2,15,2.5,2214,6.6,0.9,608,Education
U07455,53,Other,Ahmedabad,Apple,iOS,6.4,35.9,133.8,116,1.8,6875,5.0,1.6,1707,Education
U07456,52,Female,Pune,Xiaomi,iOS,11.9,36.4,283.4,17,3.4,4514,7.5,3.7,1166,Gaming
U07457,27,Female,Chennai,Motorola,Android,4.3,22.6,266.2,130,2.7,7777,0.8,0.6,1345,Social Media
U07458,40,Male,Kolkata,Nokia,Android,6.1,26.1,12.4,176,1.9,106,6.8,0.3,174,Entertainment
U07459,58,Female,Kolkata,Realme,Android,8.4,45.4,160.4,171,1.1,7765,2.1,0.2,610,Education
U07460,53,Other,Mumbai,Apple,iOS,11.4,2.6,93.1,97,4.8,3560,4.7,4.9,828,Work
U07461,23,Other,Bangalore,OnePlus,iOS,6.8,41.4,197.7,11,1.5,2472,4.2,5.0,732,Social Media
U07462,51,Female,Delhi,OnePlus,Android,11.4,42.2,186.0,11,2.7,3751,6.8,1.0,1180,Gaming
U07463,24,Other,Jaipur,Motorola,Android,9.4,27.4,247.9,60,2.5,3119,7.4,1.0,1289,Entertainment
U07464,43,Other,Bangalore,Nokia,iOS,5.7,23.6,186.2,110,3.2,3547,5.6,3.0,1415,Entertainment
U07465,33,Other,Chennai,Apple,Android,1.7,21.2,183.2,172,5.2,3746,2.2,1.7,1707,Education
U07466,48,Female,Mumbai,Google Pixel,Android,4.2,35.8,167.1,171,0.7,2817,7.3,1.6,1396,Entertainment
U07467,22,Female,Bangalore,Motorola,Android,11.4,34.9,165.9,135,1.9,7932,7.8,0.1,812,Entertainment
U07468,21,Other,Kolkata,Xiaomi,Android,8.2,24.1,8.1,73,5.7,1062,2.8,1.2,1604,Education
U07469,18,Male,Ahmedabad,Apple,iOS,4.5,49.7,92.3,185,1.9,2896,3.5,4.1,1711,Social Media
U07470,28,Other,Jaipur,Realme,Android,7.5,18.0,262.8,114,2.6,8522,6.6,1.9,970,Social Media
U07471,56,Female,Ahmedabad,Google Pixel,Android,9.7,1.1,62.9,94,2.9,6922,1.8,4.4,1758,Social Media
U07472,55,Other,Delhi,Realme,iOS,1.5,24.8,267.4,80,4.6,3293,2.9,2.3,671,Gaming
U07473,22,Other,Delhi,Google Pixel,Android,1.4,47.1,60.6,143,4.1,1032,1.7,3.0,782,Social Media
U07474,18,Male,Lucknow,OnePlus,iOS,3.4,18.7,245.8,22,5.4,811,7.4,1.8,467,Social Media
U07475,34,Other,Ahmedabad,Google Pixel,Android,8.9,32.5,76.1,37,2.5,4845,5.3,2.7,1285,Gaming
U07476,44,Female,Chennai,Xiaomi,Android,3.4,30.7,239.8,30,2.0,5581,3.6,4.3,333,Entertainment
U07477,49,Other,Mumbai,Xiaomi,iOS,3.9,23.2,23.0,119,5.5,5448,0.7,4.2,953,Education
U07478,56,Female,Pune,Samsung,iOS,1.2,19.2,44.6,130,1.3,2411,4.2,2.5,1612,Social Media
U07479,22,Female,Pune,Nokia,iOS,7.5,8.0,223.1,131,0.9,7530,1.2,4.1,290,Social Media
U07480,34,Female,Kolkata,Xiaomi,iOS,7.6,9.4,48.4,124,1.7,3718,2.2,2.3,1919,Education
U07481,54,Other,Ahmedabad,OnePlus,iOS,4.9,26.4,80.6,27,2.1,6126,6.8,1.7,906,Gaming
U07482,34,Other,Mumbai,Nokia,iOS,10.1,47.2,20.0,16,2.4,1151,7.9,3.7,669,Education
U07483,45,Female,Delhi,Nokia,Android,11.9,49.6,182.5,71,3.3,7369,7.3,0.3,1882,Social Media
U07484,27,Other,Pune,OnePlus,Android,4.0,39.9,226.5,172,1.8,7715,5.6,2.0,1794,Social Media
U07485,36,Male,Lucknow,Vivo,iOS,1.2,17.6,102.6,159,5.6,1845,1.3,4.6,1128,Social Media
U07486,16,Female,Bangalore,Apple,Android,11.3,15.3,39.6,45,1.0,1299,0.6,1.6,602,Work
U07487,36,Other,Delhi,Google Pixel,Android,7.6,8.8,250.6,56,2.9,7155,7.2,1.0,1329,Education
U07488,39,Male,Bangalore,Realme,Android,7.6,21.3,135.7,22,2.6,9507,1.3,1.3,1322,Work
U07489,15,Other,Lucknow,Nokia,iOS,7.1,31.2,248.3,174,2.2,329,4.0,0.8,1771,Entertainment
U07490,48,Male,Ahmedabad,Realme,iOS,8.8,19.4,269.3,83,1.4,824,5.9,2.6,739,Work
U07491,23,Other,Hyderabad,Apple,iOS,10.8,42.4,203.3,71,4.3,9151,2.9,4.5,1021,Social Media
U07492,24,Male,Ahmedabad,Samsung,Android,9.4,8.4,260.2,169,2.6,3240,5.5,1.5,1454,Entertainment
U07493,44,Male,Jaipur,Samsung,iOS,7.1,43.8,246.7,145,4.5,1747,1.6,2.7,108,Gaming
U07494,21,Other,Lucknow,Xiaomi,iOS,9.6,39.7,260.3,48,2.4,3024,3.5,3.5,204,Education
U07495,27,Male,Delhi,Oppo,iOS,8.4,24.8,196.9,34,1.7,6520,5.4,4.1,474,Social Media
U07496,20,Female,Lucknow,Realme,Android,8.6,15.5,130.7,152,1.2,5195,7.3,0.6,129,Education
U07497,25,Female,Ahmedabad,Vivo,Android,11.2,25.7,139.7,135,3.6,2619,2.4,2.3,964,Social Media
U07498,58,Other,Ahmedabad,OnePlus,iOS,5.0,8.7,183.2,176,2.7,1000,3.2,0.2,1969,Gaming
U07499,19,Other,Ahmedabad,Oppo,iOS,3.2,35.2,94.9,17,1.1,6569,4.8,0.5,957,Gaming
U07500,31,Male,Kolkata,Vivo,iOS,8.8,49.2,76.5,180,4.1,4284,2.6,1.1,1901,Gaming
U07501,52,Male,Bangalore,Google Pixel,iOS,3.4,27.5,174.2,47,0.8,2326,4.0,1.0,181,Entertainment
U07502,23,Other,Pune,Apple,Android,9.6,1.4,113.1,81,3.2,3745,7.3,2.5,1538,Education
U07503,47,Male,Bangalore,Apple,Android,8.5,23.6,18.5,130,4.3,7324,2.5,1.4,366,Entertainment
U07504,41,Other,Chennai,Nokia,iOS,10.9,49.5,211.6,162,3.2,7120,7.1,1.9,1513,Gaming
U07505,31,Female,Chennai,Xiaomi,iOS,8.5,42.8,248.9,157,4.5,7094,2.5,2.4,1977,Social Media
U07506,26,Other,Mumbai,Google Pixel,iOS,8.4,42.9,197.4,122,2.5,2881,3.0,3.5,1307,Gaming
U07507,30,Other,Mumbai,Apple,iOS,2.7,4.2,184.4,115,3.3,8718,1.7,2.4,1124,Education
U07508,27,Male,Pune,Samsung,iOS,1.4,31.3,86.8,175,5.0,2764,4.1,0.8,1125,Work
U07509,18,Other,Chennai,Apple,Android,7.8,26.4,176.5,12,3.6,9354,3.2,3.2,1513,Education
U07510,33,Male,Kolkata,Vivo,Android,1.7,33.0,129.8,170,1.1,9227,4.5,4.4,1275,Education
U07511,15,Male,Hyderabad,Nokia,Android,6.1,33.1,183.1,181,4.8,2253,7.6,0.4,261,Entertainment
U07512,27,Other,Pune,Realme,iOS,9.4,41.8,210.9,116,2.1,9821,4.9,3.4,368,Social Media
U07513,46,Female,Kolkata,Vivo,Android,5.2,30.1,176.7,46,5.6,1187,0.9,0.3,1984,Entertainment
U07514,28,Male,Hyderabad,Samsung,iOS,2.6,34.9,275.8,79,2.9,6496,6.5,2.4,1792,Social Media
U07515,34,Male,Ahmedabad,Realme,iOS,2.6,22.8,161.6,145,4.7,8626,3.7,4.3,1119,Social Media
U07516,55,Male,Jaipur,Apple,iOS,11.1,39.5,200.5,100,2.3,5509,2.3,3.3,1354,Gaming
U07517,27,Female,Chennai,Oppo,Android,2.2,18.0,108.2,134,2.0,6248,7.6,1.6,1622,Entertainment
U07518,29,Female,Pune,Xiaomi,Android,5.5,49.8,292.7,153,5.5,6303,4.1,0.2,741,Gaming
U07519,23,Other,Lucknow,Google Pixel,Android,7.5,25.8,201.4,169,3.0,6634,2.4,3.4,1026,Education
U07520,41,Female,Chennai,Xiaomi,Android,6.4,19.9,294.8,109,1.5,2979,5.4,3.5,374,Entertainment
U07521,47,Other,Kolkata,Motorola,iOS,6.2,22.9,197.4,73,1.3,6706,1.2,2.6,841,Education
U07522,30,Other,Bangalore,OnePlus,Android,5.8,11.5,98.8,65,0.9,2354,4.2,4.5,474,Entertainment
U07523,39,Male,Bangalore,Realme,Android,10.2,29.0,49.9,10,1.6,4116,3.7,4.5,869,Gaming
U07524,47,Other,Jaipur,Oppo,Android,9.8,2.7,83.6,92,4.6,9217,1.3,3.0,1849,Entertainment
U07525,54,Female,Jaipur,Vivo,iOS,11.9,18.4,277.8,126,1.7,4494,7.9,2.8,614,Education
U07526,22,Female,Hyderabad,Nokia,iOS,3.0,22.3,82.9,36,3.7,9713,1.2,0.1,157,Education
U07527,60,Female,Lucknow,Nokia,Android,10.0,34.6,156.7,83,1.6,9819,7.1,2.2,371,Education
U07528,26,Other,Bangalore,Apple,Android,2.7,45.9,39.6,108,4.2,3132,6.6,1.6,1278,Entertainment
U07529,18,Male,Chennai,OnePlus,Android,7.2,3.5,137.6,111,2.4,4208,0.6,2.9,1762,Gaming
U07530,25,Female,Mumbai,Vivo,Android,4.6,25.4,13.2,79,2.1,5013,6.5,2.7,563,Education
U07531,17,Male,Kolkata,OnePlus,Android,7.2,48.8,85.3,93,4.9,6491,3.4,2.8,948,Work
U07532,31,Male,Bangalore,Oppo,iOS,11.8,43.6,145.7,44,4.2,9890,2.9,0.7,343,Gaming
U07533,33,Male,Hyderabad,Vivo,Android,6.7,44.7,246.3,191,2.9,2624,1.5,3.6,425,Social Media
U07534,23,Other,Pune,Nokia,Android,11.5,14.7,210.5,75,4.8,9513,4.1,0.2,1896,Gaming
U07535,37,Other,Ahmedabad,Samsung,Android,3.4,22.4,94.0,96,1.0,4196,7.2,2.0,600,Work
U07536,16,Female,Mumbai,Xiaomi,iOS,4.6,46.2,239.1,114,2.6,5552,6.8,1.4,485,Social Media
U07537,17,Other,Bangalore,Oppo,iOS,1.9,50.0,79.7,124,4.9,645,3.8,4.1,140,Education
U07538,26,Female,Jaipur,Apple,iOS,2.8,14.2,24.0,148,2.5,7035,5.2,1.8,513,Social Media
U07539,50,Other,Pune,Samsung,iOS,5.9,15.8,73.1,135,3.6,547,1.2,3.2,1779,Gaming
U07540,45,Female,Lucknow,Google Pixel,Android,4.6,7.6,13.7,35,4.0,9581,7.9,0.3,1816,Education
U07541,54,Male,Lucknow,Oppo,iOS,8.6,10.0,94.6,189,3.5,5035,3.5,2.1,1259,Work
U07542,27,Male,Mumbai,OnePlus,iOS,6.1,16.8,215.3,110,2.4,641,2.5,4.9,1532,Entertainment
U07543,28,Male,Jaipur,Motorola,Android,7.0,5.0,270.3,138,1.6,9065,2.6,4.0,407,Gaming
U07544,20,Male,Chennai,Xiaomi,iOS,9.7,15.7,112.6,111,2.8,7953,1.0,3.0,953,Gaming
U07545,58,Other,Ahmedabad,Nokia,Android,8.6,38.3,69.1,187,5.5,8585,6.7,2.9,1888,Work
U07546,59,Other,Hyderabad,Apple,Android,5.8,41.5,260.7,10,3.5,2674,5.8,2.5,217,Work
U07547,48,Other,Ahmedabad,Vivo,iOS,1.1,32.9,171.0,181,2.0,4435,5.3,2.2,1341,Gaming
U07548,35,Male,Lucknow,Nokia,Android,6.8,4.9,230.3,97,4.0,9051,1.2,4.0,547,Gaming
U07549,59,Female,Delhi,OnePlus,Android,1.4,46.9,14.6,86,4.8,8433,2.6,0.5,358,Social Media
U07550,31,Male,Ahmedabad,Motorola,Android,7.0,15.6,67.3,40,6.0,3028,6.0,3.4,277,Entertainment
U07551,54,Other,Pune,Apple,iOS,1.8,41.0,45.9,76,1.2,6321,4.2,3.9,157,Social Media
U07552,26,Male,Kolkata,Vivo,Android,9.2,5.8,254.1,133,5.3,1205,2.5,1.1,663,Education
U07553,56,Male,Mumbai,Vivo,iOS,1.1,47.4,131.0,180,0.8,7408,5.0,2.8,1961,Work
U07554,38,Female,Lucknow,Realme,iOS,10.8,49.3,193.9,69,2.6,1462,3.0,2.2,538,Entertainment
U07555,24,Female,Lucknow,Realme,Android,4.4,48.7,149.1,57,4.3,5865,3.4,3.7,1650,Entertainment
U07556,39,Female,Jaipur,Google Pixel,iOS,9.2,17.3,273.9,84,2.3,361,2.7,2.5,364,Education
U07557,24,Other,Pune,Xiaomi,Android,2.2,35.6,24.0,122,0.9,6488,0.9,2.8,214,Education
U07558,40,Female,Chennai,OnePlus,Android,8.8,25.5,102.2,52,1.1,5590,6.8,1.8,1914,Social Media
U07559,42,Male,Delhi,Apple,Android,3.9,14.9,228.8,35,3.8,2057,6.4,3.7,465,Entertainment
U07560,37,Other,Lucknow,Motorola,iOS,7.6,37.3,114.5,17,1.7,8019,5.0,2.2,1303,Education
U07561,46,Male,Chennai,Samsung,Android,11.1,5.8,285.9,27,5.9,3995,2.7,1.5,156,Social Media
U07562,58,Other,Chennai,Xiaomi,iOS,8.8,29.1,39.7,84,5.5,280,1.1,1.3,1615,Work
U07563,21,Male,Bangalore,Oppo,iOS,3.1,39.6,260.5,77,5.1,9579,2.3,4.9,133,Education
U07564,48,Other,Mumbai,Samsung,iOS,8.6,13.4,53.6,51,5.7,3659,3.1,1.5,630,Work
U07565,37,Female,Pune,Xiaomi,Android,1.8,40.0,297.8,60,3.6,5947,2.0,0.1,433,Work
U07566,60,Other,Bangalore,Google Pixel,Android,3.5,29.9,235.9,22,3.8,1464,7.2,3.5,1855,Gaming
U07567,58,Other,Hyderabad,Realme,iOS,10.2,17.1,191.1,171,2.4,9096,6.9,3.9,1037,Work
U07568,31,Female,Chennai,Google Pixel,Android,7.1,2.0,160.6,43,3.6,486,2.3,4.0,1650,Social Media
U07569,22,Male,Bangalore,Oppo,Android,4.2,14.3,36.5,105,5.9,6058,1.8,1.4,541,Entertainment
U07570,55,Male,Ahmedabad,Realme,Android,4.2,33.2,227.0,72,4.5,2740,4.4,4.3,1050,Education
U07571,36,Male,Delhi,Apple,Android,4.3,4.7,47.3,39,4.3,9153,0.8,4.3,1978,Entertainment
U07572,17,Female,Jaipur,OnePlus,Android,9.2,4.5,95.2,180,2.1,376,0.6,1.7,1192,Work
U07573,16,Other,Jaipur,Nokia,iOS,3.8,14.8,45.4,93,2.0,9113,4.0,4.4,344,Education
U07574,30,Other,Hyderabad,Apple,Android,3.4,22.9,273.1,101,2.4,8992,3.9,0.3,1404,Entertainment
U07575,44,Female,Mumbai,Xiaomi,iOS,3.2,48.5,59.3,67,0.9,9011,4.3,4.2,1623,Gaming
U07576,50,Male,Lucknow,OnePlus,iOS,6.8,15.3,210.3,34,1.8,8209,7.2,0.1,804,Education
U07577,18,Other,Bangalore,Nokia,Android,11.6,11.3,114.1,87,4.1,698,0.9,3.6,506,Entertainment
U07578,55,Male,Hyderabad,Xiaomi,iOS,11.8,20.7,291.2,113,0.5,7581,4.4,2.8,973,Work
U07579,28,Other,Kolkata,Nokia,Android,8.6,49.9,12.6,59,1.9,4380,5.4,0.6,1553,Work
U07580,51,Female,Delhi,Xiaomi,Android,5.4,11.7,119.0,121,5.1,7735,2.9,1.7,1077,Education
U07581,58,Other,Hyderabad,Xiaomi,iOS,6.1,40.7,283.5,28,5.4,1614,0.6,2.3,1045,Social Media
U07582,43,Male,Pune,Realme,iOS,10.2,18.2,65.7,132,1.2,449,7.4,0.3,122,Education
U07583,35,Other,Hyderabad,Apple,iOS,2.6,23.8,52.9,143,4.0,4256,3.1,1.5,664,Work
U07584,51,Other,Lucknow,Oppo,Android,9.8,1.8,20.8,74,4.0,5565,7.6,2.8,1921,Entertainment
U07585,47,Male,Mumbai,Google Pixel,iOS,2.1,8.5,178.9,103,0.7,8474,0.9,0.8,389,Work
U07586,51,Female,Chennai,Apple,iOS,11.4,18.3,77.9,72,4.6,4412,6.7,4.5,308,Social Media
U07587,33,Female,Kolkata,Google Pixel,iOS,5.6,32.2,266.1,22,6.0,826,1.6,4.2,744,Entertainment
U07588,50,Female,Bangalore,OnePlus,iOS,11.3,22.8,18.3,29,5.2,4096,5.8,2.8,1181,Social Media
U07589,25,Female,Jaipur,Xiaomi,Android,10.4,49.9,226.1,61,3.5,6983,7.5,4.3,1395,Work
U07590,21,Female,Hyderabad,Google Pixel,Android,7.1,24.4,111.6,63,5.6,5826,5.1,1.3,620,Entertainment
U07591,45,Female,Jaipur,Apple,iOS,7.3,11.7,59.1,49,5.9,4228,4.9,2.4,1375,Work
U07592,54,Other,Jaipur,Xiaomi,Android,3.6,12.8,40.0,75,2.0,4632,5.4,3.6,1146,Social Media
U07593,34,Female,Kolkata,Oppo,iOS,10.0,34.2,286.8,19,5.2,6650,4.4,3.3,1980,Gaming
U07594,20,Female,Kolkata,Motorola,Android,8.4,24.9,281.5,144,2.4,638,4.7,0.8,1852,Entertainment
U07595,37,Female,Delhi,OnePlus,iOS,8.1,44.1,165.8,62,2.3,9373,3.7,0.3,484,Social Media
U07596,56,Male,Ahmedabad,Xiaomi,iOS,4.8,48.2,194.3,122,1.6,5897,3.1,0.7,377,Work
U07597,15,Female,Pune,Google Pixel,Android,4.7,41.1,124.2,117,0.5,2080,3.8,0.9,305,Work
U07598,37,Female,Kolkata,Apple,iOS,8.3,4.1,90.5,135,0.9,8468,6.3,3.9,836,Gaming
U07599,39,Male,Delhi,Realme,iOS,2.0,42.1,202.5,84,0.8,6728,6.0,2.2,1826,Entertainment
U07600,26,Female,Ahmedabad,Vivo,Android,9.7,26.6,76.0,31,4.4,2652,5.8,3.0,663,Social Media
U07601,44,Female,Kolkata,Realme,Android,2.3,49.4,282.6,32,5.3,242,6.9,0.2,926,Education
U07602,48,Female,Delhi,OnePlus,Android,2.2,24.4,247.9,196,0.6,3507,5.1,1.4,1984,Gaming
U07603,19,Other,Jaipur,Motorola,Android,7.0,30.7,58.2,12,1.8,2567,7.4,1.1,1657,Entertainment
U07604,28,Male,Bangalore,Oppo,Android,1.8,36.0,70.0,126,3.8,6839,1.1,1.1,1317,Gaming
U07605,42,Male,Bangalore,Samsung,iOS,1.3,9.8,32.7,120,3.0,3795,5.9,5.0,1878,Entertainment
U07606,28,Male,Bangalore,Nokia,Android,6.4,40.8,93.2,179,1.9,4625,3.5,0.7,336,Gaming
U07607,29,Male,Bangalore,Vivo,iOS,3.1,43.5,40.6,53,1.2,6573,1.5,3.3,1801,Social Media
U07608,50,Female,Kolkata,Xiaomi,iOS,9.2,8.1,164.2,106,0.6,1008,0.6,2.8,1112,Entertainment
U07609,26,Female,Kolkata,Nokia,Android,7.5,22.1,211.5,100,1.3,7056,4.3,2.0,1883,Entertainment
U07610,38,Female,Bangalore,Oppo,iOS,4.2,25.2,92.1,47,4.6,1159,3.7,4.5,507,Gaming
U07611,16,Other,Ahmedabad,Oppo,Android,7.2,42.0,46.2,147,2.3,9796,5.1,3.6,186,Gaming
U07612,47,Female,Kolkata,Samsung,iOS,5.6,22.4,295.6,91,3.7,5638,4.3,4.7,936,Social Media
U07613,22,Female,Pune,OnePlus,iOS,9.6,37.4,72.2,163,3.5,7610,4.7,4.6,1292,Gaming
U07614,26,Female,Bangalore,OnePlus,Android,4.8,21.4,224.4,67,4.6,4867,5.0,0.8,807,Entertainment
U07615,19,Female,Bangalore,Apple,iOS,6.7,49.6,27.8,52,3.1,4339,2.8,4.0,1902,Entertainment
U07616,48,Male,Chennai,Apple,iOS,5.0,13.4,51.1,195,5.7,7090,6.2,0.0,1802,Entertainment
U07617,34,Other,Pune,Xiaomi,Android,9.4,39.9,133.1,58,4.4,2566,7.6,3.6,802,Entertainment
U07618,54,Female,Kolkata,Google Pixel,Android,9.4,47.5,118.3,181,1.1,9972,5.9,2.3,794,Education
U07619,22,Other,Delhi,OnePlus,Android,7.8,19.5,123.8,150,1.4,2692,1.3,3.9,1598,Education
U07620,35,Other,Lucknow,Realme,Android,5.4,18.6,143.5,113,3.2,5576,4.6,2.4,518,Entertainment
U07621,35,Female,Ahmedabad,Samsung,iOS,4.6,25.2,253.6,178,3.3,3330,3.3,0.2,1577,Entertainment
U07622,51,Other,Kolkata,Oppo,Android,9.4,49.4,215.8,176,3.0,3689,3.5,4.2,121,Work
U07623,21,Other,Ahmedabad,Vivo,iOS,11.7,40.0,219.8,28,2.1,408,6.5,2.5,1047,Education
U07624,45,Female,Bangalore,Samsung,Android,7.0,27.4,232.3,145,2.3,1657,4.0,0.8,1247,Education
U07625,29,Female,Chennai,Apple,iOS,7.3,27.4,176.3,105,5.2,9894,1.9,0.5,705,Work
U07626,35,Female,Pune,Xiaomi,iOS,8.4,46.7,242.5,184,2.8,2423,3.1,2.0,438,Social Media
U07627,28,Female,Mumbai,Samsung,Android,4.1,2.0,55.8,111,2.2,7700,2.3,1.7,1923,Education
U07628,22,Male,Bangalore,OnePlus,Android,8.4,5.7,128.4,89,3.7,7674,2.4,1.8,1314,Education
U07629,15,Other,Hyderabad,Oppo,Android,11.0,36.1,22.2,22,2.4,7484,6.6,0.6,1113,Entertainment
U07630,36,Other,Mumbai,Oppo,iOS,4.2,36.1,85.0,47,1.9,349,4.8,0.6,1692,Work
U07631,44,Male,Chennai,Nokia,Android,5.6,6.9,251.4,153,5.1,6923,3.6,4.2,305,Entertainment
U07632,29,Male,Hyderabad,Motorola,iOS,7.2,22.3,220.0,45,2.6,4824,4.7,1.9,571,Work
U07633,58,Male,Hyderabad,Motorola,iOS,9.5,23.7,54.8,183,3.6,5330,3.2,4.9,465,Gaming
U07634,51,Female,Hyderabad,Nokia,iOS,6.7,13.3,149.3,196,4.1,3136,6.2,3.8,518,Education
U07635,34,Other,Lucknow,Oppo,Android,9.5,15.1,189.7,154,2.9,8430,5.2,1.0,1727,Gaming
U07636,42,Female,Lucknow,Google Pixel,iOS,7.7,31.1,211.9,123,2.9,7844,3.3,4.4,1388,Social Media
U07637,38,Female,Delhi,Vivo,Android,7.7,2.0,284.9,102,3.7,4382,2.0,3.7,347,Education
U07638,20,Other,Lucknow,Xiaomi,Android,5.1,29.9,222.6,131,1.1,8160,4.1,4.4,219,Social Media
U07639,36,Female,Hyderabad,Google Pixel,iOS,8.5,22.9,23.0,154,5.6,3193,4.6,2.9,332,Entertainment
U07640,53,Male,Kolkata,Vivo,Android,4.1,2.9,10.4,78,3.4,9711,2.2,0.3,844,Education
U07641,60,Other,Delhi,Apple,Android,9.9,11.2,47.1,162,4.7,3882,4.8,3.0,1094,Education
U07642,35,Other,Jaipur,Realme,iOS,8.5,19.9,65.8,15,4.7,6511,2.2,3.5,1372,Education
U07643,23,Female,Chennai,Realme,Android,9.3,27.0,276.1,111,3.1,256,2.7,1.3,584,Gaming
U07644,32,Female,Pune,Samsung,Android,1.6,14.8,245.5,198,5.7,6059,6.4,0.6,703,Work
U07645,36,Male,Hyderabad,Vivo,iOS,7.9,35.1,15.6,191,4.9,4637,4.0,3.4,528,Work
U07646,25,Female,Lucknow,Realme,Android,11.6,33.1,97.7,69,3.4,2220,4.7,3.2,1883,Gaming
U07647,55,Male,Hyderabad,Nokia,Android,11.9,7.3,183.1,160,5.0,3745,4.9,1.2,275,Work
U07648,15,Female,Jaipur,Realme,Android,5.0,29.7,99.8,84,2.8,1287,1.3,4.0,1756,Gaming
U07649,44,Male,Pune,Motorola,iOS,7.6,43.2,94.6,10,4.5,6653,5.9,2.1,805,Work
U07650,48,Female,Ahmedabad,Motorola,iOS,11.7,43.2,265.4,179,2.4,6799,0.7,3.5,743,Gaming
U07651,27,Other,Mumbai,Motorola,iOS,2.2,49.3,278.4,117,5.5,1446,1.9,2.0,1566,Gaming
U07652,60,Male,Lucknow,Oppo,iOS,1.4,49.4,283.8,81,5.1,898,1.2,0.9,1145,Entertainment
U07653,24,Other,Ahmedabad,Oppo,Android,7.7,40.7,43.1,96,2.0,6450,5.3,0.9,185,Gaming
U07654,54,Other,Ahmedabad,Google Pixel,iOS,6.4,49.6,298.0,89,5.8,4412,1.5,2.9,1010,Education
U07655,48,Female,Kolkata,OnePlus,Android,4.2,23.6,298.9,13,5.7,3328,3.0,1.1,251,Work
U07656,35,Male,Pune,Xiaomi,Android,3.7,38.0,22.8,193,3.9,4713,6.7,3.1,1258,Gaming
U07657,45,Male,Pune,Motorola,iOS,8.0,7.1,150.0,125,3.2,410,1.8,3.0,690,Social Media
U07658,45,Other,Kolkata,Google Pixel,iOS,9.3,24.1,86.4,126,2.5,2891,3.3,2.1,1689,Work
U07659,36,Female,Jaipur,Google Pixel,Android,6.5,9.9,16.8,80,4.7,2472,4.8,4.5,1046,Education
U07660,24,Male,Mumbai,Motorola,Android,6.0,16.0,175.3,46,5.8,3062,3.6,0.8,310,Social Media
U07661,21,Male,Jaipur,Apple,Android,3.0,24.3,144.8,173,1.3,853,1.0,3.9,558,Gaming
U07662,60,Male,Jaipur,Realme,iOS,1.3,37.4,30.7,188,2.8,1979,3.7,2.5,1109,Social Media
U07663,27,Other,Hyderabad,Vivo,Android,6.8,27.0,187.1,143,1.4,5994,3.4,1.5,1569,Entertainment
U07664,56,Female,Lucknow,Nokia,iOS,7.0,2.6,107.3,100,2.1,8825,4.0,3.6,358,Entertainment
U07665,35,Female,Chennai,Samsung,Android,7.5,35.9,35.9,131,1.7,6891,1.0,1.9,1103,Education
U07666,43,Other,Lucknow,Motorola,iOS,8.7,37.7,230.4,38,2.3,6283,7.0,1.4,998,Gaming
U07667,28,Female,Hyderabad,Xiaomi,iOS,10.4,12.4,287.7,98,1.3,8959,7.0,4.8,942,Gaming
U07668,45,Female,Chennai,Xiaomi,Android,3.9,44.0,222.4,64,2.5,1999,1.0,1.2,1700,Social Media
U07669,39,Male,Jaipur,Motorola,iOS,10.5,31.8,193.3,11,5.4,5778,6.0,0.6,727,Education
U07670,35,Male,Kolkata,Motorola,Android,4.4,15.3,255.6,17,2.8,3269,1.5,4.2,299,Social Media
U07671,16,Male,Pune,Samsung,Android,3.4,15.1,198.3,169,4.2,8887,7.9,3.4,908,Entertainment
U07672,26,Other,Chennai,Google Pixel,iOS,8.9,36.5,81.2,104,5.1,6558,7.6,2.3,1680,Social Media
U07673,25,Female,Pune,Samsung,Android,9.2,48.8,47.7,25,2.6,7800,4.4,0.4,131,Social Media
U07674,28,Other,Hyderabad,Google Pixel,iOS,3.0,42.1,91.2,148,2.7,3859,1.0,1.8,573,Social Media
U07675,46,Female,Chennai,Samsung,iOS,6.8,3.7,279.3,22,0.9,6645,7.0,3.0,1661,Social Media
U07676,26,Other,Delhi,Apple,Android,6.3,5.4,245.8,122,4.5,7793,0.9,1.1,972,Gaming
U07677,23,Female,Kolkata,Apple,iOS,3.2,15.2,86.4,79,2.3,9766,2.2,3.7,168,Gaming
U07678,28,Other,Delhi,OnePlus,Android,6.8,48.0,120.2,163,1.3,1354,5.4,3.2,1480,Education
U07679,22,Female,Chennai,Oppo,Android,3.8,25.3,99.3,48,2.9,5628,3.0,4.7,910,Work
U07680,21,Male,Pune,Apple,Android,7.2,17.5,275.0,94,3.2,9406,4.6,1.5,1729,Work
U07681,25,Male,Ahmedabad,Google Pixel,iOS,1.5,2.3,271.1,88,2.5,8697,3.7,3.4,1089,Work
U07682,35,Female,Delhi,Nokia,Android,9.4,27.1,98.6,41,5.1,6507,2.4,2.6,1745,Education
U07683,39,Female,Kolkata,Samsung,iOS,8.9,33.6,162.7,126,3.7,5471,1.1,2.6,1530,Education
U07684,24,Male,Jaipur,OnePlus,iOS,6.9,35.0,119.5,172,4.0,4470,3.9,2.3,1335,Entertainment
U07685,27,Male,Delhi,Motorola,Android,7.3,21.2,13.2,180,5.3,2293,5.4,0.4,368,Education
U07686,15,Male,Hyderabad,Xiaomi,iOS,6.1,10.4,234.8,173,3.6,6118,2.6,4.3,849,Social Media
U07687,26,Female,Jaipur,Samsung,iOS,9.8,40.4,237.8,116,4.3,5088,7.8,2.1,1196,Gaming
U07688,33,Female,Kolkata,Oppo,Android,8.6,38.5,261.0,195,0.7,3946,0.7,4.2,1725,Work
U07689,41,Female,Ahmedabad,Realme,iOS,2.1,12.6,204.0,159,3.2,773,2.2,1.7,1780,Education
U07690,33,Female,Bangalore,Oppo,Android,7.1,7.9,231.1,77,4.8,870,1.1,2.5,1639,Entertainment
U07691,48,Female,Jaipur,Realme,iOS,9.4,45.8,289.0,72,1.2,6167,7.2,1.6,303,Social Media
U07692,56,Male,Mumbai,Realme,Android,4.7,45.2,176.9,97,2.2,2008,3.5,3.7,1430,Work
U07693,16,Female,Chennai,Vivo,iOS,8.3,19.5,244.7,150,5.3,9003,2.2,2.6,175,Gaming
U07694,49,Male,Mumbai,Samsung,iOS,6.2,26.6,193.8,43,3.9,9529,1.2,3.2,510,Work
U07695,25,Other,Bangalore,Motorola,iOS,1.9,32.4,228.2,81,5.8,1356,2.5,1.6,538,Education
U07696,42,Female,Chennai,Realme,iOS,2.8,1.9,101.0,101,4.5,1831,7.9,4.7,1668,Entertainment
U07697,34,Other,Jaipur,Motorola,iOS,2.6,46.3,176.9,193,4.8,8442,4.8,4.9,1136,Gaming
U07698,56,Male,Ahmedabad,Realme,Android,6.4,2.5,147.6,198,3.8,4888,3.6,3.6,764,Entertainment
U07699,52,Other,Kolkata,Nokia,iOS,11.3,14.3,127.9,167,2.9,6553,7.7,1.0,1724,Education
U07700,27,Other,Jaipur,Apple,iOS,7.4,41.6,193.1,190,5.3,7823,4.0,0.5,789,Entertainment
U07701,54,Female,Hyderabad,Nokia,Android,9.2,7.9,215.5,62,1.5,6916,3.4,3.4,1506,Entertainment
U07702,50,Male,Ahmedabad,Xiaomi,Android,9.1,10.9,212.8,159,4.7,562,4.3,1.2,546,Gaming
U07703,56,Female,Pune,Xiaomi,Android,10.9,22.8,298.3,110,4.2,6330,4.0,3.9,1702,Gaming
U07704,39,Male,Lucknow,Vivo,Android,8.2,2.8,196.3,113,1.8,9915,2.9,0.4,163,Social Media
U07705,22,Male,Ahmedabad,OnePlus,Android,8.0,1.1,29.1,28,1.7,3785,4.0,1.9,1422,Social Media
U07706,53,Male,Jaipur,OnePlus,iOS,7.1,37.4,77.2,124,2.6,3092,1.4,4.6,1974,Education
U07707,53,Female,Chennai,OnePlus,iOS,5.6,11.3,170.8,102,4.5,5540,4.3,4.4,1499,Social Media
U07708,53,Other,Jaipur,Vivo,iOS,7.9,14.3,175.7,101,3.7,9178,1.0,4.5,1390,Social Media
U07709,59,Female,Mumbai,Google Pixel,iOS,4.8,15.3,51.2,12,2.8,2482,7.3,3.7,1995,Work
U07710,32,Male,Mumbai,Oppo,Android,5.9,31.9,85.9,153,2.9,4482,5.2,2.6,1419,Work
U07711,15,Male,Delhi,Vivo,Android,3.6,37.3,299.1,118,2.3,1489,7.5,2.3,770,Entertainment
U07712,58,Female,Mumbai,Google Pixel,Android,6.8,46.8,78.9,75,3.5,1073,4.6,2.5,735,Gaming
U07713,31,Female,Jaipur,OnePlus,iOS,4.1,26.2,192.1,156,3.7,8753,6.6,0.1,1897,Social Media
U07714,54,Other,Jaipur,Apple,Android,1.2,11.0,7.8,48,2.5,3430,2.1,3.0,1793,Education
U07715,51,Female,Kolkata,Apple,Android,7.4,45.6,65.6,162,1.3,7008,1.5,2.0,1579,Social Media
U07716,18,Other,Hyderabad,Realme,Android,11.7,36.4,257.7,18,0.8,4100,3.5,3.3,988,Social Media
U07717,27,Female,Jaipur,Motorola,Android,9.1,22.7,7.9,131,5.6,9694,4.2,1.8,1822,Work
U07718,51,Male,Delhi,Motorola,iOS,8.0,35.8,54.7,188,4.0,987,2.3,3.4,1241,Work
U07719,39,Female,Hyderabad,Realme,Android,2.3,16.1,296.5,13,2.9,9651,6.5,4.0,1203,Education
U07720,60,Female,Bangalore,Google Pixel,Android,3.4,47.4,296.8,68,2.1,5438,4.1,4.0,351,Education
U07721,28,Male,Hyderabad,Apple,Android,7.0,40.2,69.6,81,5.1,7388,1.8,0.8,1141,Social Media
U07722,26,Other,Ahmedabad,Motorola,Android,11.0,18.5,157.2,17,2.8,1210,3.2,1.0,1559,Gaming
U07723,50,Female,Jaipur,Xiaomi,iOS,8.0,15.4,210.3,10,4.6,5553,3.1,4.1,1183,Entertainment
U07724,48,Female,Kolkata,Xiaomi,iOS,10.6,38.7,11.7,61,5.8,2352,2.6,1.2,1140,Social Media
U07725,55,Other,Chennai,Vivo,iOS,6.9,42.7,66.3,197,2.0,8290,6.4,4.3,438,Education
U07726,33,Female,Chennai,Xiaomi,iOS,9.4,1.2,231.3,175,2.9,6905,1.0,1.8,423,Entertainment
U07727,44,Male,Lucknow,Realme,Android,6.7,40.8,288.6,50,3.5,5854,4.3,4.4,647,Entertainment
U07728,16,Female,Lucknow,Nokia,Android,9.4,6.3,279.6,85,0.5,1014,0.6,5.0,228,Entertainment
U07729,44,Female,Mumbai,Realme,iOS,2.9,30.4,286.3,91,3.7,6541,3.3,2.9,1393,Entertainment
U07730,30,Female,Kolkata,Samsung,Android,1.3,39.7,169.3,98,5.4,3644,8.0,3.3,1120,Social Media
U07731,37,Other,Chennai,Oppo,Android,3.7,18.0,87.5,166,4.8,8323,7.9,3.5,1401,Entertainment
U07732,36,Female,Pune,OnePlus,Android,8.8,25.4,299.4,87,4.3,1042,2.7,4.4,1076,Education
U07733,41,Male,Ahmedabad,Motorola,Android,3.6,32.6,23.4,187,5.3,3918,3.7,0.7,281,Gaming
U07734,47,Female,Bangalore,Realme,iOS,9.6,1.1,29.2,138,1.3,8074,6.7,4.1,1413,Social Media
U07735,47,Other,Mumbai,Google Pixel,iOS,7.3,41.2,230.6,113,5.9,1351,3.4,1.3,244,Social Media
U07736,49,Male,Hyderabad,Vivo,Android,10.0,15.6,75.0,50,0.5,9885,1.9,2.5,1885,Social Media
U07737,19,Female,Jaipur,Realme,iOS,10.7,4.4,293.3,40,1.3,9658,8.0,2.6,1634,Education
U07738,39,Other,Chennai,Apple,iOS,5.7,24.6,132.6,182,4.6,3927,1.4,0.1,129,Entertainment
U07739,25,Female,Kolkata,Oppo,Android,10.4,36.4,13.8,87,3.1,1621,1.7,2.5,805,Social Media
U07740,32,Male,Chennai,Nokia,iOS,6.8,40.9,287.4,143,0.6,1619,1.8,1.6,628,Gaming
U07741,22,Other,Mumbai,Oppo,Android,8.5,11.4,257.7,168,4.8,1505,1.7,3.5,451,Entertainment
U07742,58,Other,Hyderabad,Xiaomi,Android,6.3,23.0,8.7,171,1.5,4124,3.7,2.6,208,Education
U07743,20,Female,Delhi,Nokia,iOS,2.5,36.7,67.8,109,2.4,144,6.0,1.3,644,Social Media
U07744,16,Female,Hyderabad,Nokia,Android,1.5,34.9,60.1,188,3.4,3636,2.5,3.5,1026,Education
U07745,32,Other,Lucknow,Samsung,iOS,9.4,47.7,237.0,179,2.1,1629,3.1,0.1,188,Work
U07746,36,Female,Ahmedabad,Google Pixel,Android,5.9,4.3,116.8,187,1.4,3321,0.5,3.6,402,Education
U07747,24,Male,Ahmedabad,Vivo,Android,9.2,7.1,111.3,33,5.7,799,4.7,0.4,362,Entertainment
U07748,49,Female,Hyderabad,Motorola,Android,6.8,2.7,181.6,61,2.9,3657,5.8,3.4,1885,Social Media
U07749,46,Other,Kolkata,Google Pixel,iOS,11.7,49.1,114.5,164,5.7,9721,5.7,0.2,1870,Social Media
U07750,52,Female,Pune,Motorola,Android,11.4,27.6,22.9,123,5.1,5826,3.7,4.2,1351,Gaming
U07751,33,Other,Pune,Google Pixel,iOS,7.1,1.5,97.0,87,3.5,1534,5.8,4.3,600,Education
U07752,56,Female,Lucknow,Apple,iOS,1.1,47.0,174.6,75,1.1,7104,0.5,1.4,1124,Gaming
U07753,37,Other,Hyderabad,Realme,Android,9.0,12.2,17.8,182,2.5,4380,7.0,1.4,1156,Education
U07754,54,Female,Lucknow,Google Pixel,iOS,5.7,23.4,66.2,157,0.6,4352,5.6,2.9,1921,Work
U07755,53,Male,Mumbai,Motorola,iOS,8.8,40.0,146.3,182,5.3,4457,1.1,4.7,565,Entertainment
U07756,33,Female,Lucknow,Motorola,iOS,6.2,20.3,115.0,118,1.6,9998,1.8,1.1,1102,Work
U07757,35,Male,Hyderabad,Xiaomi,iOS,7.2,46.9,255.6,117,5.2,4633,6.9,0.1,367,Entertainment
U07758,53,Male,Pune,OnePlus,iOS,4.5,45.5,218.9,93,4.8,2984,4.9,1.7,596,Entertainment
U07759,42,Other,Pune,Apple,Android,6.5,2.3,219.0,137,3.3,5147,8.0,2.9,1758,Work
U07760,26,Male,Jaipur,Realme,Android,5.8,22.4,280.5,137,4.4,4936,5.2,1.9,1588,Social Media
U07761,59,Male,Kolkata,Realme,iOS,7.9,17.4,249.2,160,1.9,877,1.2,0.1,423,Education
U07762,18,Other,Mumbai,Apple,Android,1.6,13.7,197.2,45,1.9,5086,6.6,2.5,1638,Gaming
U07763,54,Male,Lucknow,Samsung,Android,4.7,27.6,240.2,31,5.9,4640,6.6,1.3,888,Social Media
U07764,54,Other,Ahmedabad,Apple,Android,7.4,37.4,188.1,119,4.6,6478,0.8,4.2,572,Gaming
U07765,45,Male,Delhi,Oppo,iOS,3.4,33.0,37.6,57,1.9,7074,6.8,0.7,171,Education
U07766,32,Female,Jaipur,Oppo,Android,8.3,7.0,210.3,129,5.0,4053,0.7,1.6,1706,Work
U07767,19,Male,Chennai,Realme,iOS,4.5,17.9,34.2,120,4.7,1824,4.1,1.4,835,Education
U07768,34,Male,Kolkata,Realme,iOS,3.8,34.0,92.5,151,2.8,433,3.2,0.0,390,Education
U07769,33,Male,Lucknow,Realme,iOS,8.1,11.6,187.8,130,3.7,706,5.9,3.9,857,Entertainment
U07770,59,Other,Lucknow,Xiaomi,Android,6.6,14.3,186.7,187,4.2,9296,3.8,2.8,921,Education
U07771,42,Female,Jaipur,Apple,Android,8.2,6.7,144.2,40,5.7,9810,1.7,2.4,1980,Social Media
U07772,25,Other,Kolkata,Apple,Android,6.8,1.9,173.5,164,4.7,4743,5.2,2.2,1283,Entertainment
U07773,48,Male,Jaipur,Apple,Android,1.2,5.6,298.9,191,1.1,4966,2.3,3.3,1422,Education
U07774,32,Other,Jaipur,Xiaomi,Android,12.0,35.8,86.2,116,3.9,921,4.5,2.9,344,Entertainment
U07775,30,Female,Ahmedabad,Google Pixel,Android,9.8,22.1,270.3,185,4.8,9093,2.0,0.9,1251,Entertainment
U07776,35,Other,Jaipur,Apple,Android,8.9,28.8,119.3,152,3.7,9833,3.3,2.7,1973,Entertainment
U07777,28,Male,Kolkata,Nokia,Android,11.7,35.6,38.2,102,1.3,8272,7.5,1.7,931,Gaming
U07778,56,Other,Jaipur,Nokia,iOS,10.9,16.5,118.0,16,4.8,9034,4.9,0.1,495,Social Media
U07779,50,Female,Bangalore,Oppo,iOS,11.3,33.2,75.7,162,1.2,4164,6.1,2.0,914,Gaming
U07780,33,Female,Mumbai,Apple,Android,7.5,21.4,160.9,67,2.5,2190,4.5,4.2,328,Work
U07781,17,Male,Ahmedabad,Apple,iOS,9.9,18.6,100.0,115,4.4,5539,4.5,3.3,184,Gaming
U07782,25,Male,Kolkata,Motorola,iOS,2.4,10.8,233.4,114,4.8,1315,3.0,4.2,139,Work
U07783,49,Female,Mumbai,Vivo,Android,2.7,3.3,6.5,135,1.7,2057,1.6,3.7,497,Work
U07784,55,Female,Bangalore,Google Pixel,iOS,7.5,42.8,220.7,19,0.8,9237,6.4,4.5,1972,Entertainment
U07785,59,Other,Lucknow,Realme,Android,8.2,3.6,51.5,99,1.2,8464,0.9,4.4,518,Education
U07786,27,Male,Lucknow,Samsung,iOS,9.9,31.5,196.6,124,4.0,8672,2.8,1.5,648,Work
U07787,30,Other,Mumbai,Vivo,iOS,10.1,11.5,217.7,83,4.1,2541,4.4,2.6,478,Gaming
U07788,34,Other,Bangalore,Motorola,Android,5.0,23.6,240.8,46,5.8,6121,1.7,0.1,1075,Work
U07789,33,Female,Delhi,Google Pixel,iOS,10.6,17.8,214.9,104,5.5,5586,3.5,2.7,1562,Education
U07790,36,Other,Pune,Nokia,Android,10.0,8.7,27.0,46,2.9,7282,3.6,2.4,1983,Entertainment
U07791,27,Other,Hyderabad,Apple,iOS,4.9,40.4,189.4,139,5.3,1862,3.3,3.0,464,Gaming
U07792,36,Female,Bangalore,Realme,Android,6.4,35.9,249.6,34,4.4,1116,3.4,4.7,963,Entertainment
U07793,42,Female,Lucknow,Oppo,iOS,11.7,46.2,226.0,18,2.5,8682,3.6,3.2,790,Entertainment
U07794,26,Male,Ahmedabad,Vivo,Android,8.8,31.0,297.1,64,2.8,7654,2.1,4.6,1648,Work
U07795,51,Other,Jaipur,OnePlus,Android,8.5,28.7,50.6,156,0.6,2484,7.1,4.4,1624,Entertainment
U07796,57,Female,Ahmedabad,Google Pixel,iOS,2.8,24.4,17.4,142,1.2,9743,5.9,0.8,1130,Social Media
U07797,18,Male,Mumbai,OnePlus,iOS,3.4,49.3,168.4,56,4.8,218,0.5,1.1,1381,Work
U07798,50,Male,Kolkata,Google Pixel,Android,6.8,34.2,298.3,121,3.9,7228,2.2,5.0,1513,Entertainment
U07799,34,Male,Mumbai,Motorola,iOS,1.5,21.1,166.0,156,3.1,6303,7.3,1.8,971,Entertainment
U07800,58,Other,Chennai,Motorola,Android,1.5,1.8,92.8,164,3.6,9665,1.2,4.3,1539,Entertainment
U07801,55,Female,Pune,Motorola,iOS,3.0,34.2,188.1,192,5.4,8253,1.4,2.9,567,Education
U07802,39,Female,Ahmedabad,Google Pixel,Android,9.6,49.3,281.8,94,1.8,9414,4.2,1.2,250,Entertainment
U07803,56,Male,Kolkata,Apple,iOS,5.8,26.2,292.9,103,1.3,2785,7.5,2.8,949,Entertainment
U07804,47,Other,Pune,Vivo,Android,4.1,21.2,128.1,154,3.8,5417,4.4,4.1,1508,Social Media
U07805,25,Female,Bangalore,OnePlus,Android,1.3,36.9,184.7,115,5.5,3168,0.9,1.6,803,Education
U07806,47,Female,Kolkata,Vivo,iOS,2.2,9.8,230.6,158,4.9,2201,3.3,2.8,1752,Work
U07807,59,Other,Ahmedabad,Vivo,Android,7.5,14.3,55.7,54,2.1,3177,7.9,3.0,1833,Social Media
U07808,30,Other,Ahmedabad,Vivo,Android,11.2,2.4,278.2,14,2.4,9214,2.3,3.8,1667,Education
U07809,59,Male,Jaipur,Nokia,iOS,2.4,45.0,40.0,114,1.6,7950,0.7,3.7,740,Education
U07810,37,Male,Jaipur,Nokia,Android,2.3,27.6,10.0,52,1.5,7774,6.7,4.2,277,Work
U07811,39,Other,Ahmedabad,Motorola,iOS,6.0,21.1,154.0,143,3.7,2614,2.3,3.1,471,Education
U07812,29,Male,Ahmedabad,Motorola,iOS,7.0,32.6,32.7,111,5.0,5604,2.8,2.6,999,Gaming
U07813,50,Female,Delhi,Apple,iOS,10.8,22.3,143.2,83,1.2,9963,1.4,1.7,1893,Entertainment
U07814,52,Other,Pune,Apple,iOS,6.8,35.3,264.3,152,1.0,5519,5.3,4.5,1338,Work
U07815,31,Female,Pune,Google Pixel,Android,7.5,17.9,174.5,109,1.6,4094,0.9,0.6,812,Work
U07816,23,Other,Mumbai,Google Pixel,Android,11.0,25.4,107.8,86,4.5,7218,3.5,2.5,1802,Education
U07817,56,Male,Kolkata,Apple,Android,10.2,21.7,132.6,147,3.9,1896,1.1,2.0,741,Social Media
U07818,30,Female,Delhi,Xiaomi,iOS,7.9,42.7,187.1,25,5.7,6682,7.0,0.6,997,Social Media
U07819,32,Male,Bangalore,Nokia,iOS,4.5,38.8,238.3,91,4.9,8433,4.8,5.0,1760,Work
U07820,22,Male,Hyderabad,Samsung,Android,4.5,14.4,160.5,121,5.3,5537,4.4,2.3,1990,Gaming
U07821,45,Other,Jaipur,Motorola,Android,3.9,28.2,172.0,167,5.3,2957,2.0,0.4,1439,Entertainment
U07822,44,Female,Lucknow,Nokia,Android,7.9,46.7,195.0,163,2.7,3621,4.3,1.5,790,Education
U07823,48,Other,Mumbai,Nokia,Android,8.0,36.3,152.3,91,5.3,1925,3.3,5.0,431,Gaming
U07824,26,Female,Pune,Google Pixel,iOS,6.0,5.5,229.1,101,3.7,5704,3.0,2.1,711,Entertainment
U07825,52,Female,Mumbai,Nokia,iOS,1.1,43.6,210.2,115,5.6,6996,7.5,3.0,1848,Education
U07826,17,Other,Ahmedabad,Apple,iOS,8.6,1.9,30.6,65,2.6,2831,4.2,2.7,1460,Education
U07827,36,Female,Pune,OnePlus,iOS,2.1,43.3,209.6,24,2.6,1720,7.9,4.3,1096,Education
U07828,58,Male,Hyderabad,Motorola,Android,10.5,20.8,62.1,173,4.8,1954,2.7,4.9,891,Education
U07829,49,Other,Hyderabad,Apple,Android,6.3,20.8,197.0,155,3.9,8223,2.1,3.5,855,Gaming
U07830,43,Female,Jaipur,Realme,iOS,8.4,45.8,81.1,29,1.0,7163,2.4,0.2,1334,Work
U07831,26,Female,Jaipur,Apple,iOS,11.2,6.0,139.1,59,3.5,4296,6.2,0.9,465,Work
U07832,30,Other,Kolkata,Vivo,Android,3.8,11.2,43.6,35,4.9,7716,6.5,1.1,123,Gaming
U07833,49,Other,Ahmedabad,Vivo,iOS,5.2,25.6,281.4,135,4.4,2263,7.4,0.6,601,Entertainment
U07834,30,Male,Kolkata,Apple,iOS,2.2,1.6,48.0,53,5.2,5947,1.3,0.0,1533,Work
U07835,50,Male,Ahmedabad,OnePlus,Android,9.3,2.4,67.0,176,4.3,1333,3.1,0.4,1392,Education
U07836,16,Female,Kolkata,Xiaomi,Android,12.0,26.1,285.5,52,1.5,5244,7.2,3.5,536,Gaming
U07837,49,Male,Chennai,Oppo,iOS,3.2,45.8,275.6,108,3.1,9672,4.4,0.8,992,Work
U07838,46,Other,Chennai,Oppo,Android,2.1,14.3,199.2,57,1.6,7040,5.9,4.9,403,Entertainment
U07839,42,Female,Kolkata,Apple,iOS,4.4,27.2,224.4,104,1.1,8730,7.7,3.0,545,Entertainment
U07840,43,Male,Kolkata,Samsung,iOS,1.7,1.6,215.5,141,5.4,405,3.2,3.5,1018,Education
U07841,50,Female,Jaipur,Apple,iOS,8.2,24.0,73.4,183,4.9,4901,1.9,2.6,1855,Social Media
U07842,16,Female,Ahmedabad,Nokia,Android,11.3,16.5,63.1,26,2.8,9168,7.8,4.9,1616,Social Media
U07843,17,Other,Ahmedabad,Oppo,iOS,6.9,13.0,243.4,161,2.3,6822,4.7,3.5,1110,Entertainment
U07844,15,Female,Kolkata,Realme,Android,10.9,20.7,203.3,106,5.9,539,0.6,2.0,198,Work
U07845,37,Female,Bangalore,Motorola,iOS,10.9,16.8,63.6,149,5.0,3011,5.1,0.8,1407,Education
U07846,44,Other,Bangalore,Samsung,Android,7.7,24.2,156.7,22,1.1,8250,1.1,3.8,530,Work
U07847,56,Other,Delhi,OnePlus,iOS,1.7,3.5,106.4,93,1.5,4505,3.1,5.0,1033,Gaming
U07848,51,Female,Hyderabad,Vivo,iOS,8.8,42.5,143.5,129,3.3,1589,2.5,0.4,851,Social Media
U07849,48,Female,Delhi,Apple,iOS,9.0,18.2,116.4,103,2.4,9711,4.1,1.1,1963,Gaming
U07850,39,Other,Mumbai,Realme,iOS,3.4,17.5,60.5,162,3.6,2940,6.7,0.9,803,Gaming
U07851,36,Other,Lucknow,Nokia,Android,1.9,4.9,11.1,196,5.5,4829,3.2,3.7,1452,Social Media
U07852,19,Male,Kolkata,Samsung,iOS,9.9,3.7,129.8,196,4.3,2628,6.4,0.4,803,Gaming
U07853,47,Male,Lucknow,Oppo,Android,4.1,20.8,223.1,58,4.9,3031,3.4,4.6,1927,Social Media
U07854,15,Female,Hyderabad,Motorola,iOS,3.6,30.6,144.5,136,5.6,939,3.8,1.8,608,Entertainment
U07855,54,Other,Pune,Realme,Android,1.6,18.8,294.3,199,0.6,7015,0.6,2.4,1646,Social Media
U07856,45,Other,Ahmedabad,Samsung,iOS,10.1,16.3,62.0,122,0.6,290,2.0,3.9,1718,Gaming
U07857,51,Female,Hyderabad,OnePlus,Android,6.6,11.7,274.5,146,5.5,539,3.4,1.5,1476,Gaming
U07858,26,Other,Bangalore,Xiaomi,iOS,8.6,20.1,258.7,95,0.9,5976,0.6,2.0,138,Entertainment
U07859,19,Other,Lucknow,Oppo,Android,1.7,31.4,10.5,164,1.7,787,5.1,0.3,1275,Work
U07860,49,Female,Kolkata,OnePlus,Android,6.3,32.8,124.8,56,1.1,9860,4.8,4.3,1541,Work
U07861,20,Male,Hyderabad,Oppo,iOS,1.9,9.9,67.0,197,0.8,9556,7.7,2.9,1893,Entertainment
U07862,45,Other,Ahmedabad,Vivo,Android,7.4,44.3,202.4,37,0.6,6303,5.3,4.7,188,Gaming
U07863,16,Female,Mumbai,Nokia,iOS,6.0,37.7,150.6,177,0.8,8129,8.0,1.0,1380,Entertainment
U07864,26,Male,Delhi,Realme,iOS,6.8,39.0,167.2,186,1.5,4030,4.3,3.7,1665,Education
U07865,20,Male,Delhi,Apple,Android,1.8,23.6,141.6,42,3.8,3388,4.7,1.9,1262,Social Media
U07866,36,Male,Hyderabad,Google Pixel,iOS,4.1,37.9,163.9,45,4.9,8222,4.1,3.0,1382,Entertainment
U07867,25,Female,Pune,Google Pixel,Android,1.8,12.5,146.6,112,3.6,7149,3.0,0.7,1977,Social Media
U07868,17,Female,Ahmedabad,Samsung,iOS,4.2,41.6,92.7,39,5.3,3743,1.5,3.0,983,Social Media
U07869,25,Other,Delhi,Apple,Android,11.2,27.0,30.3,23,1.2,5331,7.1,3.6,1066,Social Media
U07870,48,Female,Mumbai,Vivo,iOS,10.1,28.7,259.9,173,3.7,5417,5.5,2.7,904,Entertainment
U07871,25,Female,Delhi,OnePlus,iOS,8.6,22.2,173.3,192,3.1,3066,3.7,4.0,1635,Gaming
U07872,43,Other,Jaipur,Samsung,Android,8.5,2.1,59.9,161,4.8,115,6.8,4.3,978,Entertainment
U07873,33,Male,Mumbai,Apple,Android,4.8,48.4,228.3,18,1.8,3535,5.5,4.7,1515,Gaming
U07874,56,Other,Lucknow,Motorola,iOS,6.6,3.5,286.7,13,4.0,4053,3.1,0.6,1454,Work
U07875,21,Male,Chennai,Realme,Android,5.7,20.4,138.5,175,0.6,1946,7.6,0.9,818,Work
U07876,45,Male,Chennai,Oppo,iOS,2.9,17.3,85.6,42,4.3,6816,4.5,2.7,1351,Social Media
U07877,31,Male,Kolkata,OnePlus,iOS,11.5,24.8,176.1,36,5.2,8145,6.3,2.4,459,Work
U07878,41,Female,Hyderabad,Vivo,Android,6.9,25.0,246.3,80,1.5,9827,2.8,2.5,1835,Gaming
U07879,24,Male,Pune,OnePlus,Android,10.8,27.8,195.0,31,4.6,5728,5.1,2.3,1775,Gaming
U07880,53,Male,Kolkata,OnePlus,Android,1.8,28.0,137.3,14,1.3,5869,1.8,0.6,1606,Education
U07881,24,Other,Mumbai,Vivo,iOS,8.9,41.0,211.6,18,3.0,9253,0.8,4.1,1285,Education
U07882,37,Male,Chennai,Realme,Android,7.7,37.3,213.4,17,0.5,5324,1.8,4.7,148,Entertainment
U07883,23,Male,Chennai,Apple,iOS,1.1,38.7,158.0,126,5.2,211,0.6,0.1,244,Entertainment
U07884,52,Female,Kolkata,Motorola,Android,11.7,14.5,8.4,77,2.4,7159,7.1,1.8,552,Work
U07885,60,Other,Jaipur,Motorola,iOS,11.0,40.1,160.8,95,5.0,8881,2.2,3.7,1360,Education
U07886,53,Female,Jaipur,Nokia,Android,1.5,20.3,207.6,29,3.9,9146,4.3,2.2,431,Entertainment
U07887,48,Male,Bangalore,Motorola,Android,11.2,8.8,200.7,139,1.7,6584,6.0,1.6,1208,Work
U07888,33,Female,Jaipur,Samsung,iOS,10.9,22.8,152.0,149,3.0,9128,6.6,3.8,1734,Work
U07889,23,Male,Delhi,Apple,iOS,11.1,2.3,90.3,32,5.9,4098,4.8,5.0,301,Gaming
U07890,53,Male,Mumbai,Motorola,iOS,1.2,10.6,260.4,114,5.8,9349,5.0,3.5,699,Work
U07891,38,Female,Hyderabad,Apple,iOS,7.9,49.2,152.6,84,0.7,3789,7.6,4.8,110,Education
U07892,15,Male,Ahmedabad,Xiaomi,iOS,9.8,42.8,146.3,189,2.4,2451,7.5,2.4,335,Entertainment
U07893,41,Female,Delhi,Google Pixel,iOS,3.9,2.9,286.8,40,5.5,4495,5.9,0.3,1099,Social Media
U07894,40,Other,Jaipur,Oppo,Android,8.8,10.6,66.9,43,4.6,4329,7.7,1.6,716,Gaming
U07895,47,Other,Bangalore,Oppo,Android,10.8,37.6,81.6,45,1.9,9077,5.2,1.8,1382,Social Media
U07896,60,Male,Mumbai,Motorola,Android,6.2,30.6,176.7,160,3.0,7382,5.2,2.4,683,Entertainment
U07897,60,Female,Jaipur,Oppo,iOS,6.4,13.2,14.4,35,2.8,2691,5.2,0.5,890,Education
U07898,48,Other,Bangalore,Apple,Android,1.3,26.0,196.7,120,2.0,9209,3.9,2.4,399,Social Media
U07899,41,Male,Delhi,Motorola,Android,11.9,21.0,278.1,18,4.7,3023,3.7,4.3,205,Gaming
U07900,41,Female,Jaipur,Motorola,Android,9.0,1.6,39.6,44,5.3,4225,3.1,1.2,746,Gaming
U07901,56,Female,Delhi,OnePlus,iOS,1.0,19.1,144.1,96,3.6,8499,4.0,4.8,1908,Entertainment
U07902,23,Female,Bangalore,OnePlus,iOS,11.5,14.4,93.1,17,1.9,9520,2.0,3.1,1377,Gaming
U07903,58,Other,Jaipur,Apple,Android,9.7,30.2,203.8,91,4.8,9715,4.5,0.6,1448,Gaming
U07904,27,Female,Lucknow,Xiaomi,Android,3.9,34.4,45.7,125,5.3,4430,3.6,1.9,1882,Social Media
U07905,24,Female,Pune,Google Pixel,Android,1.3,11.3,107.9,30,2.6,5287,1.3,0.5,925,Work
U07906,31,Female,Kolkata,Nokia,iOS,9.2,42.7,205.6,69,5.9,4252,3.1,2.3,827,Entertainment
U07907,52,Male,Lucknow,OnePlus,Android,6.4,37.2,160.3,183,3.3,2114,7.8,2.7,1360,Social Media
U07908,50,Female,Pune,Nokia,Android,8.3,4.5,98.1,40,3.2,6360,4.4,4.7,1536,Gaming
U07909,59,Female,Ahmedabad,Google Pixel,iOS,3.3,23.8,149.4,117,4.2,5743,7.5,3.0,429,Education
U07910,15,Other,Bangalore,Nokia,iOS,11.5,10.4,125.4,23,0.6,9815,5.7,4.0,1963,Education
U07911,46,Male,Chennai,Google Pixel,iOS,10.1,19.4,124.8,11,4.1,2296,0.9,4.1,1438,Work
U07912,41,Male,Jaipur,OnePlus,iOS,11.7,44.1,294.1,156,1.6,1489,2.0,3.0,1575,Social Media
U07913,52,Female,Delhi,Vivo,iOS,1.4,13.1,267.7,85,2.6,2831,5.3,1.0,1079,Social Media
U07914,16,Other,Ahmedabad,Vivo,Android,5.5,21.2,259.5,164,1.8,5692,1.9,3.3,145,Work
U07915,44,Female,Kolkata,Samsung,Android,7.1,32.7,286.1,85,1.1,8400,5.1,3.6,758,Entertainment
U07916,33,Male,Hyderabad,Google Pixel,iOS,5.6,34.7,295.1,146,1.5,6439,3.2,0.8,1931,Entertainment
U07917,49,Female,Mumbai,Nokia,iOS,6.6,12.3,128.4,66,6.0,9545,4.3,3.8,161,Entertainment
U07918,44,Female,Chennai,OnePlus,Android,6.2,19.1,59.1,183,2.4,2986,0.8,1.7,677,Education
U07919,53,Male,Ahmedabad,Google Pixel,Android,8.0,6.0,128.1,143,3.3,5311,4.8,4.1,500,Social Media
U07920,44,Female,Ahmedabad,Samsung,Android,5.2,11.8,79.8,119,3.7,5982,4.7,0.6,961,Social Media
U07921,40,Other,Jaipur,Xiaomi,iOS,8.2,10.3,210.7,116,4.0,5715,4.5,3.6,1861,Work
U07922,31,Other,Jaipur,OnePlus,Android,3.1,14.2,174.8,161,3.7,7092,5.4,1.7,1821,Education
U07923,24,Female,Hyderabad,OnePlus,Android,4.9,42.6,125.0,34,4.5,1118,7.0,1.9,1070,Gaming
U07924,41,Other,Jaipur,Google Pixel,Android,2.2,2.3,209.8,27,5.3,7234,4.5,3.4,1746,Work
U07925,26,Female,Bangalore,Vivo,iOS,9.7,49.1,196.1,16,4.4,9294,3.4,0.0,1280,Gaming
U07926,34,Other,Hyderabad,Vivo,Android,7.7,29.1,205.5,21,1.3,5725,0.7,2.2,627,Education
U07927,44,Male,Jaipur,Realme,Android,9.1,29.7,275.4,30,0.6,5508,3.3,4.6,264,Work
U07928,47,Female,Pune,Vivo,Android,4.6,12.4,228.6,122,3.2,4203,3.8,2.9,544,Gaming
U07929,27,Other,Bangalore,Apple,Android,9.3,4.4,43.5,38,4.1,9697,4.8,0.7,110,Work
U07930,47,Female,Hyderabad,Samsung,Android,10.8,13.7,48.8,194,0.8,7935,7.4,4.5,670,Gaming
U07931,32,Male,Pune,Realme,Android,10.3,14.8,136.0,101,3.3,6703,4.4,4.9,1394,Work
U07932,60,Other,Jaipur,OnePlus,iOS,10.3,3.6,109.8,14,3.3,2893,7.7,4.6,1839,Education
U07933,25,Other,Ahmedabad,Nokia,Android,5.4,24.6,96.9,185,4.0,7806,4.9,2.0,761,Gaming
U07934,23,Male,Chennai,Google Pixel,Android,2.7,43.3,104.8,43,3.0,9551,1.8,3.1,570,Gaming
U07935,50,Male,Delhi,Samsung,iOS,7.8,44.7,163.8,56,4.5,205,0.7,2.4,609,Education
U07936,35,Male,Jaipur,Oppo,iOS,2.3,22.8,130.1,85,3.7,3782,5.4,3.5,406,Gaming
U07937,20,Male,Chennai,Motorola,Android,2.0,22.3,156.9,180,0.7,9591,2.1,1.9,248,Social Media
U07938,45,Male,Ahmedabad,Realme,iOS,8.1,21.2,50.1,129,4.4,2899,5.3,3.2,1546,Social Media
U07939,44,Female,Kolkata,Samsung,Android,5.8,6.5,164.6,77,4.4,8968,3.7,1.9,1321,Education
U07940,42,Female,Hyderabad,Xiaomi,Android,10.3,48.6,245.4,171,2.7,2481,1.6,0.3,608,Education
U07941,16,Other,Delhi,OnePlus,iOS,6.4,25.2,183.4,130,5.1,4220,5.4,3.9,1043,Social Media
U07942,22,Male,Ahmedabad,Nokia,iOS,7.1,35.7,270.9,72,5.5,4738,3.1,1.1,334,Work
U07943,20,Male,Chennai,Apple,iOS,8.5,5.0,37.8,48,3.7,8602,5.1,2.4,1044,Gaming
U07944,31,Female,Kolkata,Realme,iOS,2.8,37.3,151.5,70,4.3,2924,7.9,3.9,1757,Work
U07945,60,Other,Kolkata,Apple,Android,5.6,16.5,219.2,85,1.5,6166,2.5,0.9,1241,Gaming
U07946,48,Male,Pune,Apple,Android,5.2,13.9,244.0,58,5.9,5478,7.7,0.3,1097,Education
U07947,15,Male,Kolkata,Realme,Android,7.9,13.0,213.2,101,1.1,7964,6.8,4.3,1164,Gaming
U07948,32,Male,Pune,Nokia,iOS,3.9,45.5,65.2,187,1.1,3917,2.6,4.0,462,Gaming
U07949,35,Other,Delhi,Vivo,Android,2.7,17.0,129.9,87,6.0,4179,2.5,1.8,1156,Work
U07950,51,Female,Hyderabad,Motorola,Android,8.6,19.2,13.4,53,3.9,7580,6.0,4.3,1305,Education
U07951,53,Other,Chennai,Samsung,Android,11.3,20.5,239.2,55,3.2,7709,7.1,4.0,1870,Social Media
U07952,26,Female,Kolkata,Samsung,Android,2.6,34.4,264.7,159,3.1,2580,2.9,4.5,914,Education
U07953,39,Other,Jaipur,Motorola,iOS,11.5,39.5,275.3,138,2.2,4205,5.1,4.5,1423,Work
U07954,16,Other,Kolkata,Xiaomi,iOS,9.9,10.8,151.8,40,3.0,8742,4.8,1.3,1234,Social Media
U07955,44,Female,Delhi,Nokia,iOS,8.7,25.5,209.0,75,3.9,9110,0.7,4.2,1873,Gaming
U07956,53,Female,Kolkata,Vivo,Android,5.3,5.7,11.9,43,4.6,8798,6.7,3.7,807,Entertainment
U07957,52,Other,Pune,OnePlus,iOS,2.1,36.8,43.1,110,2.1,5442,3.0,2.3,156,Entertainment
U07958,24,Other,Ahmedabad,Oppo,iOS,8.1,5.7,289.0,47,4.5,3896,2.7,1.4,1368,Education
U07959,38,Female,Ahmedabad,Oppo,iOS,1.1,3.6,85.6,111,5.1,765,1.9,0.4,1998,Work
U07960,15,Male,Bangalore,Vivo,iOS,10.6,36.5,280.4,116,3.3,6946,1.0,4.1,807,Work
U07961,17,Other,Hyderabad,OnePlus,Android,11.9,11.8,93.5,72,2.8,3740,7.4,4.1,1276,Entertainment
U07962,26,Female,Hyderabad,Realme,iOS,6.8,16.5,294.6,90,3.5,4872,1.5,1.9,201,Entertainment
U07963,30,Other,Delhi,OnePlus,Android,6.8,42.8,39.3,153,1.3,9010,1.9,1.3,1641,Work
U07964,25,Other,Chennai,Google Pixel,iOS,10.1,48.7,188.0,120,0.8,3017,6.3,4.5,1501,Entertainment
U07965,37,Female,Chennai,Google Pixel,iOS,2.4,33.5,168.6,163,3.8,7962,5.2,0.0,190,Social Media
U07966,39,Other,Jaipur,OnePlus,Android,6.9,32.5,147.2,164,1.4,6904,7.1,0.7,551,Education
U07967,58,Male,Kolkata,Motorola,iOS,2.1,15.2,191.5,26,0.5,6152,8.0,4.6,732,Gaming
U07968,47,Male,Chennai,Google Pixel,Android,9.1,49.5,16.3,135,2.6,1038,4.0,2.6,1152,Social Media
U07969,35,Female,Ahmedabad,Oppo,iOS,5.7,23.7,262.7,154,1.9,2207,6.8,0.8,1453,Work
U07970,55,Other,Mumbai,Google Pixel,Android,7.3,33.7,141.8,36,3.3,6407,4.5,1.7,581,Education
U07971,47,Other,Delhi,Apple,Android,2.4,21.9,69.4,127,3.9,1969,1.2,0.9,484,Work
U07972,40,Female,Mumbai,Xiaomi,iOS,8.1,5.6,50.5,10,3.2,1609,6.6,5.0,295,Social Media
U07973,27,Male,Chennai,Vivo,Android,7.6,13.2,221.3,64,5.8,5388,4.7,2.4,1027,Work
U07974,48,Male,Lucknow,Apple,iOS,4.6,31.6,49.7,64,4.6,2931,5.8,1.8,1944,Social Media
U07975,49,Male,Ahmedabad,Google Pixel,iOS,2.6,42.2,40.0,87,3.2,1896,5.7,4.7,1422,Gaming
U07976,24,Male,Delhi,Oppo,Android,4.2,15.4,195.1,155,2.9,5121,3.3,0.1,941,Entertainment
U07977,53,Other,Ahmedabad,Motorola,Android,9.4,41.0,99.5,153,4.2,6227,4.0,1.9,192,Work
U07978,36,Female,Ahmedabad,Xiaomi,Android,11.3,41.8,298.5,12,3.2,3361,7.6,4.9,666,Education
U07979,28,Female,Jaipur,Oppo,iOS,1.3,4.2,240.6,196,4.2,5351,1.6,4.7,315,Entertainment
U07980,45,Other,Pune,Oppo,iOS,5.0,2.2,18.6,10,5.9,5238,7.1,0.2,772,Social Media
U07981,46,Male,Pune,OnePlus,iOS,6.0,36.2,246.3,114,5.1,4207,1.3,0.1,695,Education
U07982,15,Female,Jaipur,Vivo,Android,11.6,25.5,282.4,127,1.2,8969,3.5,0.2,1445,Social Media
U07983,27,Male,Delhi,OnePlus,iOS,1.3,31.8,172.1,93,5.8,2475,7.7,4.3,741,Education
U07984,22,Male,Delhi,Nokia,iOS,5.1,45.6,175.4,127,0.8,378,5.3,2.4,792,Gaming
U07985,35,Female,Hyderabad,Apple,iOS,3.9,13.5,241.7,102,4.9,5896,3.1,0.8,1007,Gaming
U07986,46,Other,Bangalore,Nokia,Android,11.9,9.4,107.9,14,3.4,4668,1.9,1.1,1753,Entertainment
U07987,30,Male,Kolkata,OnePlus,Android,8.5,9.4,137.0,100,3.8,8216,1.8,2.0,1502,Social Media
U07988,22,Other,Mumbai,Motorola,iOS,9.3,16.3,64.9,70,4.1,3617,6.4,1.7,316,Gaming
U07989,53,Male,Mumbai,Nokia,Android,5.4,9.6,181.7,19,5.6,8237,6.1,2.5,513,Gaming
U07990,49,Other,Pune,Xiaomi,Android,8.7,43.8,157.7,52,0.7,5104,6.4,3.5,895,Work
U07991,45,Male,Lucknow,OnePlus,iOS,9.6,20.2,257.6,73,4.2,8345,2.8,1.5,751,Work
U07992,48,Female,Ahmedabad,OnePlus,iOS,2.1,36.4,218.2,145,1.9,7733,2.3,4.0,1387,Education
U07993,30,Other,Mumbai,Nokia,iOS,7.9,34.1,244.0,170,2.0,4139,4.1,2.4,1301,Work
U07994,38,Male,Bangalore,Nokia,Android,2.1,49.1,259.4,134,4.9,1882,6.8,3.6,1069,Education
U07995,22,Female,Hyderabad,Realme,Android,1.9,12.9,196.7,15,1.8,8365,1.8,1.5,198,Social Media
U07996,47,Female,Chennai,Motorola,iOS,10.1,33.5,216.5,11,2.2,9949,2.3,3.1,367,Work
U07997,45,Male,Ahmedabad,Google Pixel,iOS,11.5,4.8,209.6,198,3.6,9655,1.5,1.0,269,Entertainment
U07998,58,Other,Chennai,Apple,Android,10.5,29.3,72.4,86,5.0,5463,7.0,3.2,1936,Education
U07999,41,Male,Kolkata,Motorola,Android,9.2,27.3,285.7,190,2.5,6271,2.5,0.9,953,Social Media
U08000,30,Other,Chennai,OnePlus,iOS,9.7,7.7,208.6,102,1.4,9543,5.5,4.6,1959,Gaming
U08001,46,Other,Pune,Apple,Android,1.2,14.9,196.1,26,3.8,898,2.3,2.5,1621,Gaming
U08002,52,Other,Hyderabad,Realme,iOS,8.1,16.5,155.3,136,0.9,3225,2.4,3.7,818,Gaming
U08003,24,Female,Bangalore,OnePlus,Android,11.1,45.2,145.1,181,2.7,9849,3.1,1.6,622,Education
U08004,58,Female,Delhi,OnePlus,iOS,4.6,25.7,57.7,93,4.0,2557,4.0,0.3,537,Gaming
U08005,15,Other,Delhi,Nokia,Android,7.9,12.8,232.4,180,2.1,4008,1.3,2.6,417,Social Media
U08006,45,Female,Pune,Realme,iOS,11.1,3.7,132.5,165,5.3,3864,7.4,3.3,1799,Social Media
U08007,53,Male,Kolkata,Nokia,Android,9.7,40.0,181.5,47,1.3,5758,5.2,0.8,1674,Gaming
U08008,24,Male,Kolkata,Apple,iOS,6.5,15.1,226.5,46,3.4,6387,5.0,4.0,1923,Education
U08009,58,Male,Bangalore,Xiaomi,Android,3.1,21.3,160.6,167,1.6,9550,3.9,4.6,518,Gaming
U08010,38,Female,Delhi,Google Pixel,iOS,3.9,26.7,105.6,79,2.0,3662,2.1,2.5,1621,Work
U08011,47,Other,Delhi,Xiaomi,Android,11.1,12.8,38.9,140,3.7,4464,7.2,4.9,147,Education
U08012,55,Male,Jaipur,Motorola,Android,2.4,43.4,37.7,123,3.6,8482,2.2,1.2,662,Gaming
U08013,33,Other,Delhi,Apple,iOS,10.3,43.2,69.4,124,1.4,4660,7.1,2.4,1979,Entertainment
U08014,40,Other,Bangalore,Motorola,Android,5.8,30.2,121.5,91,4.8,1135,6.6,2.2,1933,Education
U08015,15,Male,Kolkata,Samsung,iOS,11.4,16.6,49.1,74,2.6,6481,5.3,1.6,559,Education
U08016,53,Other,Delhi,Oppo,iOS,1.6,11.0,142.0,98,3.8,8247,7.7,2.8,136,Education
U08017,32,Female,Ahmedabad,OnePlus,iOS,7.6,35.5,196.1,36,4.3,6698,6.7,0.9,399,Work
U08018,29,Other,Lucknow,Xiaomi,Android,7.7,23.1,163.7,150,4.0,301,2.7,1.2,1921,Social Media
U08019,36,Female,Kolkata,Realme,iOS,2.4,40.0,93.1,190,1.1,6246,6.7,3.3,1837,Education
U08020,46,Other,Kolkata,Nokia,iOS,9.8,23.7,134.8,157,2.5,4776,1.5,2.3,1833,Work
U08021,21,Female,Bangalore,Nokia,Android,4.3,3.1,226.8,79,3.5,4426,7.8,2.1,788,Gaming
U08022,60,Male,Jaipur,OnePlus,iOS,9.3,17.7,41.0,150,5.9,7760,1.5,3.5,1361,Education
U08023,16,Other,Ahmedabad,Nokia,Android,3.2,38.1,233.4,56,2.2,3762,2.3,0.9,1115,Education
U08024,42,Male,Delhi,Oppo,Android,9.0,26.9,256.2,72,4.2,8373,2.5,3.5,1060,Work
U08025,17,Male,Kolkata,Xiaomi,Android,1.7,13.4,242.4,153,3.6,958,7.6,1.6,1015,Entertainment
U08026,50,Female,Ahmedabad,Realme,iOS,8.9,25.0,258.1,141,3.4,3604,6.5,1.7,1878,Work
U08027,29,Male,Kolkata,Apple,Android,7.7,8.8,104.6,91,1.6,3342,3.2,3.8,1556,Education
U08028,52,Female,Mumbai,Motorola,iOS,4.9,22.7,163.4,90,4.8,1968,3.4,4.5,1826,Work
U08029,56,Other,Mumbai,Realme,iOS,4.7,4.9,274.8,69,4.2,6444,1.3,2.3,291,Gaming
U08030,44,Female,Delhi,Apple,iOS,1.3,24.1,19.2,78,2.3,3886,0.7,2.2,814,Work
U08031,16,Male,Ahmedabad,Nokia,Android,1.4,49.8,246.4,16,5.9,9028,7.0,1.3,1594,Gaming
U08032,34,Other,Chennai,Apple,iOS,2.6,19.2,294.3,119,1.8,9497,3.3,3.4,1935,Social Media
U08033,15,Male,Kolkata,OnePlus,iOS,9.1,34.5,264.3,136,2.4,9297,5.1,1.3,368,Entertainment
U08034,42,Male,Delhi,Nokia,Android,5.4,44.3,78.1,145,2.2,5421,5.7,0.8,1375,Entertainment
U08035,60,Other,Kolkata,Xiaomi,Android,7.1,28.6,214.8,147,1.6,8339,1.7,2.5,502,Social Media
U08036,27,Female,Delhi,Xiaomi,Android,4.3,49.2,39.9,152,4.5,7510,2.8,0.5,1587,Social Media
U08037,23,Female,Hyderabad,Motorola,iOS,11.4,19.8,248.6,51,4.3,4343,6.3,2.7,1866,Gaming
U08038,42,Female,Jaipur,Xiaomi,iOS,5.2,31.6,96.0,42,0.8,472,2.0,3.4,1961,Education
U08039,34,Male,Mumbai,Nokia,Android,6.2,20.3,193.0,191,2.3,6326,1.7,3.0,949,Work
U08040,49,Other,Delhi,Vivo,iOS,6.4,12.0,156.4,19,4.4,2234,1.4,3.2,1266,Gaming
U08041,35,Male,Jaipur,Nokia,Android,10.1,4.7,282.5,198,4.5,2705,7.6,0.8,1772,Social Media
U08042,17,Female,Pune,Xiaomi,Android,2.5,9.2,158.4,174,3.9,5235,5.4,0.5,1696,Work
U08043,22,Female,Ahmedabad,Realme,iOS,3.6,28.9,112.0,120,3.3,9928,5.1,2.8,673,Education
U08044,47,Male,Chennai,Oppo,iOS,6.0,17.8,207.1,40,5.9,9891,0.8,1.5,1469,Social Media
U08045,54,Female,Bangalore,Motorola,iOS,8.8,35.6,260.5,190,5.4,5435,2.6,3.4,237,Work
U08046,28,Female,Bangalore,Samsung,Android,9.7,26.0,280.9,123,1.7,130,1.9,4.0,957,Education
U08047,48,Other,Kolkata,Oppo,Android,1.2,5.0,289.9,148,1.9,7184,6.2,3.9,1512,Gaming
U08048,45,Female,Jaipur,Vivo,Android,6.3,49.8,218.2,200,0.5,1232,7.6,2.5,1542,Education
U08049,47,Other,Chennai,Apple,iOS,5.8,13.5,41.1,47,4.6,567,6.3,0.1,1169,Social Media
U08050,17,Male,Delhi,Oppo,Android,10.8,23.0,134.5,98,2.3,6400,6.0,0.7,1239,Entertainment
U08051,52,Female,Bangalore,Oppo,iOS,11.0,15.3,190.4,16,2.3,6359,5.0,1.3,319,Work
U08052,22,Female,Hyderabad,Apple,Android,3.8,7.0,83.5,149,2.7,9603,2.3,1.8,652,Gaming
U08053,28,Male,Mumbai,Google Pixel,iOS,8.3,19.0,296.6,31,3.4,9965,1.5,0.1,131,Social Media
U08054,46,Other,Hyderabad,Realme,iOS,7.6,12.9,75.7,195,5.1,5462,2.5,1.9,155,Entertainment
U08055,46,Male,Delhi,Apple,iOS,5.4,29.0,270.2,29,4.7,5365,3.4,1.7,1954,Gaming
U08056,23,Female,Kolkata,Motorola,Android,3.7,16.4,176.1,98,3.9,4082,7.4,0.7,551,Gaming
U08057,44,Female,Bangalore,Apple,iOS,4.8,23.1,135.3,132,1.2,9657,7.7,2.9,1804,Gaming
U08058,24,Other,Pune,Xiaomi,iOS,3.7,43.1,225.0,109,5.9,1026,3.1,4.2,793,Entertainment
U08059,46,Female,Chennai,Realme,iOS,8.8,11.7,7.0,56,2.0,2157,5.5,2.7,1689,Entertainment
U08060,52,Other,Lucknow,OnePlus,Android,7.9,32.1,232.6,100,2.6,8622,1.6,3.1,653,Work
U08061,26,Female,Lucknow,Xiaomi,iOS,10.7,2.1,283.5,62,2.0,1285,6.5,3.1,1979,Work
U08062,15,Male,Bangalore,Vivo,iOS,8.9,11.5,173.1,87,4.5,5460,6.8,4.9,900,Work
U08063,36,Male,Jaipur,Xiaomi,iOS,4.7,25.3,146.2,82,2.2,3838,7.1,0.3,919,Social Media
U08064,25,Female,Pune,Apple,Android,6.1,6.3,225.4,120,4.4,6082,4.7,3.1,1990,Entertainment
U08065,51,Male,Mumbai,Samsung,iOS,9.1,46.0,68.4,157,5.4,2677,5.5,1.9,896,Social Media
U08066,16,Male,Pune,Oppo,iOS,9.5,11.8,130.0,63,4.0,7230,2.5,0.2,220,Social Media
U08067,50,Male,Bangalore,Oppo,Android,8.5,48.1,247.4,29,4.1,2979,1.4,2.4,1338,Social Media
U08068,26,Male,Hyderabad,Samsung,Android,1.6,47.7,114.3,177,2.7,2462,1.6,2.4,1957,Gaming
U08069,16,Female,Pune,Oppo,Android,5.7,32.9,92.9,169,1.7,5388,4.2,4.7,1676,Entertainment
U08070,31,Female,Hyderabad,Realme,Android,5.5,7.5,88.0,174,3.1,2498,0.6,1.7,1510,Entertainment
U08071,56,Male,Mumbai,Realme,Android,2.9,29.3,74.3,183,0.7,3076,2.8,4.6,1984,Education
U08072,55,Other,Jaipur,Samsung,iOS,1.8,1.1,198.2,126,2.9,3223,2.2,1.3,542,Social Media
U08073,27,Male,Delhi,Xiaomi,Android,9.4,2.5,209.3,127,2.7,9178,4.1,3.7,447,Entertainment
U08074,54,Other,Lucknow,Oppo,iOS,1.5,22.2,238.5,54,0.8,1375,0.8,4.0,265,Work
U08075,56,Other,Hyderabad,Vivo,iOS,8.3,38.7,147.3,91,1.5,9207,1.5,0.8,191,Gaming
U08076,53,Other,Lucknow,Vivo,iOS,6.2,9.1,210.0,171,4.8,9044,0.5,4.0,141,Work
U08077,47,Male,Lucknow,Vivo,Android,3.4,40.5,178.0,160,0.8,1191,6.3,2.3,1799,Education
U08078,42,Other,Jaipur,Google Pixel,Android,10.1,13.3,282.8,147,3.5,8420,6.6,1.7,895,Social Media
U08079,43,Male,Chennai,Xiaomi,Android,7.5,10.5,240.8,38,2.4,9392,2.9,0.8,393,Entertainment
U08080,41,Male,Delhi,Realme,Android,3.2,42.3,43.9,113,5.8,6411,3.7,1.2,726,Work
U08081,58,Female,Mumbai,Motorola,iOS,4.9,20.2,35.8,167,4.0,8048,7.8,1.3,1462,Social Media
U08082,33,Male,Chennai,Google Pixel,iOS,10.3,15.7,172.1,127,5.8,3841,1.6,1.6,1326,Entertainment
U08083,17,Male,Chennai,Realme,iOS,5.4,40.3,96.9,165,3.9,2539,2.4,4.0,619,Social Media
U08084,50,Male,Hyderabad,Google Pixel,iOS,6.9,40.5,21.0,133,1.1,9064,3.5,0.4,904,Social Media
U08085,24,Other,Hyderabad,Nokia,Android,3.8,30.0,271.8,123,4.1,4257,6.9,3.9,1589,Entertainment
U08086,58,Other,Pune,Xiaomi,Android,8.0,16.2,43.6,146,1.7,3294,6.6,1.2,966,Work
U08087,18,Male,Lucknow,Oppo,Android,11.2,12.7,242.9,42,3.4,1737,5.3,4.0,305,Entertainment
U08088,57,Other,Chennai,OnePlus,Android,6.5,35.1,70.0,147,2.7,4990,3.2,1.7,516,Entertainment
U08089,42,Male,Hyderabad,OnePlus,Android,8.4,20.0,179.1,79,5.3,3407,5.4,4.4,598,Education
U08090,24,Male,Chennai,Vivo,Android,4.4,34.3,228.0,130,0.6,7266,5.3,2.5,1628,Work
U08091,41,Male,Bangalore,OnePlus,Android,1.8,46.2,299.5,37,1.4,6470,7.5,2.7,1653,Gaming
U08092,58,Male,Bangalore,Oppo,iOS,11.0,35.3,94.7,31,3.5,6186,5.3,2.0,574,Entertainment
U08093,58,Other,Delhi,Xiaomi,Android,5.0,6.2,67.9,148,3.0,9802,4.5,2.9,106,Education
U08094,33,Female,Delhi,Oppo,Android,4.0,8.5,188.2,134,5.4,9747,6.8,2.6,182,Education
U08095,26,Male,Ahmedabad,Apple,iOS,8.2,33.4,76.0,62,2.8,5415,7.1,3.6,1073,Entertainment
U08096,24,Other,Bangalore,OnePlus,Android,1.3,24.4,283.0,79,2.6,7363,3.4,1.2,1774,Social Media
U08097,47,Female,Kolkata,OnePlus,Android,1.4,39.7,138.1,22,4.4,854,6.8,2.9,734,Gaming
U08098,54,Other,Pune,Samsung,iOS,2.5,5.0,298.4,150,4.8,2247,4.1,0.7,1830,Education
U08099,16,Female,Chennai,Vivo,iOS,1.2,36.0,242.1,197,2.2,2103,3.9,2.3,1956,Social Media
U08100,42,Female,Chennai,Realme,Android,5.8,38.9,155.3,161,4.9,3307,6.6,1.5,570,Social Media
U08101,21,Male,Mumbai,Realme,iOS,11.9,10.9,198.7,72,2.1,9962,6.9,4.3,1933,Work
U08102,56,Male,Mumbai,Apple,iOS,8.9,33.3,188.8,141,0.6,9461,7.4,4.9,1149,Social Media
U08103,26,Female,Hyderabad,Nokia,iOS,8.6,1.8,265.0,16,2.9,3814,4.3,2.8,1245,Gaming
U08104,37,Other,Bangalore,Oppo,iOS,4.3,46.6,290.6,119,5.4,4640,2.2,4.8,689,Gaming
U08105,40,Other,Delhi,Samsung,Android,9.4,4.0,124.3,190,2.6,6036,1.7,1.4,640,Gaming
U08106,17,Female,Mumbai,Vivo,Android,10.3,17.3,146.8,173,2.7,1064,5.2,3.1,955,Education
U08107,48,Female,Ahmedabad,Xiaomi,Android,1.8,27.1,60.0,157,5.4,5043,1.0,3.3,531,Gaming
U08108,26,Female,Jaipur,Vivo,Android,8.9,42.9,11.2,46,2.3,7588,1.2,1.6,1525,Entertainment
U08109,24,Other,Chennai,OnePlus,Android,10.6,38.1,281.7,94,2.8,3393,3.3,3.7,1318,Education
U08110,23,Female,Bangalore,Vivo,iOS,9.5,49.5,259.2,36,4.6,6621,5.0,1.7,767,Social Media
U08111,26,Female,Kolkata,Oppo,Android,8.3,22.8,144.2,11,4.6,7284,7.6,0.5,1848,Education
U08112,55,Female,Pune,Google Pixel,iOS,10.5,46.2,252.9,121,3.2,7928,4.9,4.7,714,Gaming
U08113,58,Male,Mumbai,Motorola,Android,3.7,11.0,82.5,165,3.0,4083,2.7,4.4,393,Gaming
U08114,51,Male,Hyderabad,Apple,iOS,8.5,34.8,88.2,136,4.8,9487,5.1,3.9,1429,Entertainment
U08115,21,Other,Bangalore,Apple,iOS,11.5,40.1,136.3,108,0.6,3085,1.7,4.1,887,Gaming
U08116,28,Female,Lucknow,Xiaomi,Android,11.3,23.6,204.0,194,3.6,1435,4.2,1.5,1407,Work
U08117,34,Other,Hyderabad,Motorola,iOS,4.6,26.6,165.5,107,3.0,1010,5.6,4.1,1986,Work
U08118,57,Other,Delhi,OnePlus,iOS,7.7,14.0,84.0,10,1.5,6962,6.5,4.2,1184,Gaming
U08119,44,Male,Bangalore,Vivo,Android,9.1,3.8,135.5,138,4.8,1268,7.6,2.9,565,Work
U08120,54,Male,Lucknow,Samsung,iOS,4.9,17.5,289.5,40,5.9,6957,5.6,4.0,1191,Gaming
U08121,20,Female,Ahmedabad,Apple,iOS,7.1,45.3,90.3,140,4.0,4967,0.9,0.9,138,Education
U08122,50,Female,Jaipur,Motorola,iOS,10.7,45.9,97.3,167,1.9,2231,5.7,0.1,111,Education
U08123,50,Female,Lucknow,Oppo,Android,10.9,18.6,200.8,46,5.5,1919,7.7,2.0,1457,Social Media
U08124,27,Female,Lucknow,Apple,iOS,2.0,17.2,79.2,45,3.2,9318,0.8,1.5,1470,Education
U08125,21,Other,Hyderabad,OnePlus,iOS,6.6,27.7,295.6,16,5.4,1653,7.5,1.1,274,Education
U08126,30,Female,Bangalore,Samsung,Android,6.0,24.1,13.3,188,2.8,5175,2.2,2.7,476,Gaming
U08127,38,Female,Mumbai,OnePlus,Android,5.9,18.8,137.1,176,5.6,1743,6.9,1.2,108,Gaming
U08128,51,Male,Mumbai,OnePlus,Android,2.2,2.0,157.4,57,2.0,4798,2.5,4.1,1064,Social Media
U08129,50,Male,Kolkata,Nokia,iOS,9.3,8.1,139.3,143,3.0,4672,6.2,4.0,182,Social Media
U08130,23,Male,Bangalore,Vivo,Android,4.7,13.6,97.1,34,3.8,1887,4.8,0.7,1741,Entertainment
U08131,25,Other,Ahmedabad,Google Pixel,iOS,2.2,27.3,102.0,83,2.4,7465,6.8,0.9,1310,Gaming
U08132,52,Female,Delhi,Motorola,iOS,2.5,45.4,45.0,58,1.0,1846,4.0,2.4,1146,Gaming
U08133,54,Male,Hyderabad,OnePlus,iOS,2.0,24.2,280.0,81,5.0,1661,3.8,0.6,198,Social Media
U08134,37,Female,Pune,Vivo,Android,11.8,19.9,45.2,118,1.2,2136,5.1,0.6,1248,Entertainment
U08135,34,Other,Pune,Vivo,Android,6.0,27.9,294.7,36,0.9,7454,7.1,1.1,1942,Social Media
U08136,49,Male,Kolkata,Google Pixel,Android,7.1,46.9,148.6,186,5.8,3902,5.6,0.6,1073,Entertainment
U08137,37,Female,Hyderabad,Google Pixel,Android,6.8,30.8,119.8,15,4.7,5261,3.6,0.7,1138,Social Media
U08138,51,Other,Jaipur,Vivo,iOS,3.4,32.2,103.2,143,4.8,6186,6.4,4.4,541,Education
U08139,31,Other,Delhi,OnePlus,iOS,5.6,46.1,5.5,176,3.6,4662,3.9,3.9,807,Gaming
U08140,39,Female,Ahmedabad,Oppo,iOS,5.8,24.2,57.2,197,4.1,5163,3.9,2.0,1808,Entertainment
U08141,60,Other,Jaipur,Vivo,iOS,4.1,7.4,64.8,24,2.3,717,1.2,3.2,1916,Work
U08142,19,Female,Ahmedabad,Apple,Android,4.1,13.1,47.9,68,4.8,5124,2.2,4.3,1484,Work
U08143,49,Other,Pune,Vivo,iOS,5.9,19.6,157.0,37,2.6,7822,2.5,1.1,1947,Education
U08144,59,Female,Chennai,Google Pixel,Android,6.9,42.1,289.2,19,2.3,6089,7.8,1.3,1683,Work
U08145,41,Female,Chennai,Nokia,iOS,5.0,29.6,132.8,75,4.6,6026,3.0,1.6,265,Entertainment
U08146,59,Male,Bangalore,OnePlus,Android,3.4,12.3,252.7,192,0.8,8713,4.9,4.7,294,Gaming
U08147,44,Other,Bangalore,Motorola,Android,8.8,1.0,57.7,180,5.3,2094,7.6,3.5,1620,Education
U08148,19,Female,Pune,Samsung,iOS,9.2,30.0,7.7,174,2.6,310,7.4,3.9,746,Entertainment
U08149,17,Other,Pune,Xiaomi,iOS,10.0,34.4,112.4,145,2.8,5571,7.8,4.5,1444,Entertainment
U08150,49,Female,Jaipur,Realme,iOS,8.7,32.1,278.1,59,3.9,2510,5.4,1.7,289,Gaming
U08151,40,Other,Pune,Xiaomi,iOS,3.6,7.5,183.8,38,0.9,419,4.0,2.2,1669,Entertainment
U08152,50,Other,Mumbai,OnePlus,iOS,11.6,40.7,143.1,158,0.7,6926,7.1,4.5,895,Entertainment
U08153,34,Male,Delhi,Oppo,iOS,1.1,47.8,124.0,83,1.4,5208,4.7,2.4,1961,Education
U08154,47,Other,Ahmedabad,Vivo,Android,11.2,47.8,186.4,170,0.5,5541,7.6,2.7,1033,Education
U08155,38,Male,Ahmedabad,Oppo,Android,6.3,38.3,292.1,69,5.2,8697,5.7,3.7,441,Social Media
U08156,21,Female,Delhi,Google Pixel,iOS,2.5,35.5,275.0,161,3.6,9420,5.1,3.6,185,Education
U08157,42,Male,Chennai,Samsung,iOS,8.1,6.7,226.2,98,4.5,9557,7.4,4.9,1106,Gaming
U08158,22,Male,Delhi,Motorola,iOS,2.6,11.1,147.1,191,2.6,5872,4.2,2.8,287,Social Media
U08159,55,Male,Chennai,Google Pixel,iOS,2.3,49.1,182.0,117,5.7,9179,3.7,2.3,392,Entertainment
U08160,26,Female,Chennai,Vivo,Android,3.0,16.1,263.7,126,0.7,6277,6.7,3.6,148,Social Media
U08161,55,Male,Chennai,Apple,iOS,9.5,32.4,112.5,136,5.1,4681,3.4,1.8,662,Education
U08162,33,Male,Ahmedabad,Realme,Android,10.6,14.9,155.9,48,5.2,4226,7.8,0.8,1212,Gaming
U08163,24,Other,Delhi,Vivo,Android,9.7,32.7,12.2,126,2.4,6412,4.2,1.0,287,Work
U08164,23,Male,Lucknow,Google Pixel,iOS,10.9,15.2,49.5,27,6.0,996,3.7,0.4,700,Work
U08165,49,Female,Bangalore,Motorola,iOS,5.0,13.3,144.4,81,3.9,7842,1.9,2.5,571,Work
U08166,21,Other,Ahmedabad,Apple,Android,11.9,49.5,281.0,169,4.1,2041,4.1,0.5,264,Work
U08167,34,Female,Jaipur,OnePlus,Android,6.3,48.9,216.7,22,0.6,3590,2.9,3.6,1104,Work
U08168,34,Female,Ahmedabad,Xiaomi,Android,10.1,24.8,111.2,191,2.4,6476,1.2,1.3,560,Education
U08169,43,Male,Mumbai,OnePlus,Android,1.7,8.6,19.0,107,1.5,7260,2.1,1.1,1855,Education
U08170,39,Other,Kolkata,Realme,Android,9.8,40.8,121.9,113,4.4,999,4.4,0.2,623,Gaming
U08171,36,Male,Pune,OnePlus,iOS,9.6,47.7,278.9,17,1.9,7657,7.5,4.5,1290,Work
U08172,32,Male,Jaipur,Samsung,Android,10.6,7.6,93.3,11,5.0,8345,4.2,2.6,916,Entertainment
U08173,59,Other,Hyderabad,Samsung,iOS,1.0,10.8,86.5,190,4.0,9636,5.7,1.6,1030,Gaming
U08174,20,Female,Chennai,Xiaomi,Android,2.3,37.8,126.2,29,5.7,4059,6.8,3.9,1515,Education
U08175,52,Female,Chennai,Realme,iOS,3.8,47.9,43.2,176,2.5,2174,3.3,1.5,618,Entertainment
U08176,37,Other,Ahmedabad,OnePlus,Android,5.5,29.4,182.0,54,3.6,942,7.3,4.1,263,Education
U08177,48,Male,Jaipur,Samsung,Android,2.7,23.0,298.6,84,2.2,9730,2.6,3.3,146,Work
U08178,47,Male,Lucknow,Xiaomi,Android,2.7,39.3,172.9,141,4.4,328,3.7,2.8,631,Work
U08179,32,Male,Kolkata,Google Pixel,Android,6.3,4.9,37.2,148,3.4,8149,2.1,1.7,1986,Entertainment
U08180,57,Other,Lucknow,Realme,iOS,9.9,26.4,165.3,168,4.8,8349,6.0,3.0,769,Entertainment
U08181,26,Other,Bangalore,Xiaomi,iOS,6.7,39.3,16.9,16,2.9,3699,5.5,0.9,1996,Education
U08182,49,Female,Delhi,Vivo,iOS,4.9,19.7,208.5,61,1.0,8933,4.1,3.9,1909,Entertainment
U08183,48,Female,Mumbai,Xiaomi,Android,2.9,3.7,283.1,101,1.5,6673,2.8,5.0,197,Social Media
U08184,49,Male,Kolkata,Samsung,Android,9.7,29.9,258.6,125,5.8,6987,8.0,0.9,1123,Work
U08185,20,Other,Bangalore,Nokia,iOS,11.9,21.7,294.6,57,4.2,4976,2.5,0.2,1323,Gaming
U08186,39,Male,Ahmedabad,OnePlus,iOS,7.5,15.4,242.2,146,0.8,4670,3.8,4.4,1347,Social Media
U08187,23,Other,Kolkata,OnePlus,Android,10.6,32.6,138.3,196,3.7,7056,2.0,4.6,772,Gaming
U08188,39,Male,Chennai,Samsung,iOS,7.6,30.6,93.9,85,2.0,8588,3.7,3.6,1113,Work
U08189,19,Male,Ahmedabad,Samsung,Android,1.7,19.3,170.0,128,5.1,3005,4.4,2.4,603,Work
U08190,32,Female,Chennai,Motorola,Android,8.9,38.2,203.1,60,2.4,7103,6.9,2.4,1774,Gaming
U08191,25,Female,Kolkata,Oppo,Android,8.1,2.1,286.2,99,5.9,5108,1.7,2.6,740,Entertainment
U08192,18,Female,Chennai,Nokia,Android,4.7,38.2,246.8,91,4.4,2124,2.1,1.4,1703,Entertainment
U08193,23,Female,Chennai,Vivo,iOS,5.2,8.7,66.6,80,5.0,6975,4.9,4.0,1457,Work
U08194,54,Male,Hyderabad,OnePlus,Android,5.2,41.4,114.0,172,4.9,4427,5.0,4.7,940,Social Media
U08195,30,Female,Hyderabad,Oppo,iOS,10.3,38.3,15.4,169,0.9,2530,5.8,4.5,134,Gaming
U08196,17,Male,Mumbai,Oppo,iOS,2.2,10.5,294.7,155,3.9,7600,5.6,0.6,357,Education
U08197,59,Male,Lucknow,Nokia,Android,9.6,8.0,275.9,53,2.0,8307,4.4,3.8,721,Social Media
U08198,55,Male,Hyderabad,Apple,Android,10.4,43.4,159.0,172,4.8,869,5.9,1.1,1337,Social Media
U08199,30,Male,Bangalore,Samsung,Android,3.9,24.9,147.9,26,3.6,1376,2.9,1.8,707,Entertainment
U08200,48,Male,Chennai,Realme,iOS,1.9,25.9,112.6,109,2.5,9809,2.6,1.1,1279,Gaming
U08201,34,Male,Pune,Nokia,iOS,3.5,5.4,33.1,119,4.1,3854,2.7,4.6,578,Gaming
U08202,60,Female,Mumbai,Xiaomi,Android,6.1,28.6,28.7,196,4.6,8665,1.4,0.6,1872,Entertainment
U08203,17,Other,Kolkata,Xiaomi,iOS,7.6,6.1,75.8,47,0.7,130,1.1,1.8,1808,Work
U08204,20,Female,Delhi,Oppo,iOS,9.7,14.7,237.9,183,4.1,2082,1.9,3.3,153,Gaming
U08205,51,Male,Lucknow,Samsung,Android,11.1,44.2,296.0,103,5.9,7752,4.7,2.4,892,Work
U08206,44,Female,Kolkata,Google Pixel,Android,1.1,17.2,91.1,59,2.4,9523,3.8,4.2,1724,Education
U08207,30,Other,Jaipur,Samsung,Android,2.3,15.0,31.5,193,4.5,8148,2.5,4.0,494,Gaming
U08208,25,Female,Mumbai,Motorola,Android,1.7,38.4,286.4,64,2.9,6065,2.9,1.9,719,Social Media
U08209,48,Other,Jaipur,Google Pixel,Android,7.1,35.6,152.6,91,5.3,916,0.8,1.9,459,Education
U08210,25,Male,Hyderabad,Nokia,Android,10.8,39.8,279.6,72,3.6,3603,0.8,1.2,401,Work
U08211,22,Female,Bangalore,Motorola,Android,3.3,13.4,254.6,188,2.0,9613,5.4,0.6,1521,Social Media
U08212,52,Male,Kolkata,Xiaomi,iOS,9.9,3.0,189.8,129,2.7,8870,3.3,0.4,918,Entertainment
U08213,48,Male,Kolkata,Motorola,iOS,2.9,41.6,48.8,159,4.6,6032,1.7,2.2,200,Education
U08214,52,Other,Kolkata,OnePlus,iOS,3.2,44.1,225.1,139,0.9,8144,6.8,1.8,945,Gaming
U08215,46,Male,Hyderabad,Apple,iOS,5.9,11.5,16.0,158,1.1,3389,5.8,3.1,1800,Work
U08216,53,Other,Kolkata,Vivo,Android,3.4,37.6,288.2,162,2.8,6365,5.5,1.8,318,Work
U08217,31,Other,Hyderabad,Oppo,iOS,7.2,43.3,287.3,25,5.5,5442,7.3,4.3,173,Work
U08218,52,Male,Kolkata,Apple,Android,1.3,14.5,154.3,79,4.4,2672,2.4,0.4,464,Education
U08219,33,Other,Mumbai,Google Pixel,Android,9.9,24.9,86.4,23,1.7,3287,5.3,4.9,554,Work
U08220,26,Male,Delhi,Oppo,iOS,7.0,15.4,77.1,69,5.5,7951,0.9,1.8,1088,Work
U08221,18,Female,Ahmedabad,Vivo,Android,1.2,28.4,290.3,185,3.7,9456,7.4,4.9,1605,Education
U08222,58,Male,Mumbai,Vivo,iOS,7.4,28.2,210.1,171,2.0,7798,7.4,0.4,1432,Social Media
U08223,53,Other,Bangalore,Google Pixel,Android,8.8,9.7,278.8,166,5.6,1115,5.5,3.6,1733,Education
U08224,32,Other,Bangalore,Apple,Android,1.3,20.5,239.3,154,1.2,9480,2.9,4.5,184,Social Media
U08225,19,Male,Lucknow,OnePlus,iOS,10.4,18.7,270.6,16,4.1,6519,4.8,3.5,108,Gaming
U08226,58,Female,Chennai,OnePlus,Android,10.6,34.1,14.3,60,3.3,8558,2.6,4.4,1315,Gaming
U08227,20,Female,Mumbai,Vivo,Android,3.9,38.3,295.4,60,1.6,3729,3.2,4.3,1870,Education
U08228,23,Female,Kolkata,Vivo,iOS,3.3,18.4,210.1,129,1.2,4744,6.3,3.9,1650,Gaming
U08229,35,Other,Mumbai,Vivo,iOS,5.0,36.4,222.9,184,1.4,5077,0.8,3.1,1179,Entertainment
U08230,60,Male,Mumbai,Realme,Android,6.0,1.9,208.8,80,5.2,391,2.6,4.3,160,Work
U08231,23,Male,Bangalore,OnePlus,Android,9.2,37.8,9.0,34,0.8,372,3.3,4.8,193,Work
U08232,25,Other,Ahmedabad,Motorola,Android,6.8,14.3,63.2,138,5.5,1781,1.2,0.1,1216,Education
U08233,22,Female,Pune,Google Pixel,iOS,8.4,50.0,22.2,145,4.7,2630,3.3,4.5,1653,Gaming
U08234,46,Other,Bangalore,Motorola,iOS,3.8,8.9,138.9,171,1.3,6979,5.3,3.8,1139,Social Media
U08235,44,Female,Ahmedabad,Samsung,Android,7.2,39.4,45.5,134,1.9,6299,1.2,1.0,1523,Education
U08236,42,Other,Chennai,Realme,Android,11.9,32.0,187.1,169,2.1,7061,1.0,1.0,884,Education
U08237,43,Male,Hyderabad,Samsung,iOS,3.9,42.9,210.7,64,5.9,7054,5.8,2.5,275,Education
U08238,47,Male,Mumbai,Motorola,iOS,5.7,42.2,29.7,80,1.3,5333,3.4,3.1,1224,Education
U08239,25,Male,Kolkata,Motorola,Android,2.0,20.5,86.9,15,1.8,7224,7.8,0.9,492,Work
U08240,39,Male,Delhi,Apple,Android,10.4,14.4,237.6,112,3.0,9140,1.9,3.9,1111,Education
U08241,24,Female,Ahmedabad,Apple,iOS,10.2,29.2,50.4,63,3.5,967,7.7,1.0,1742,Work
U08242,48,Other,Lucknow,Oppo,iOS,6.5,29.0,189.9,138,0.6,220,0.6,0.7,222,Social Media
U08243,42,Male,Ahmedabad,Nokia,iOS,7.0,31.2,180.8,47,0.7,4702,4.1,4.8,1020,Work
U08244,34,Other,Jaipur,Motorola,iOS,6.2,4.3,217.5,59,0.6,2342,2.5,3.8,343,Entertainment
U08245,36,Female,Pune,Xiaomi,Android,9.1,14.2,258.3,140,0.6,720,1.2,4.5,747,Gaming
U08246,34,Other,Jaipur,OnePlus,Android,11.1,30.8,297.7,164,1.8,1946,6.6,3.9,353,Education
U08247,20,Female,Delhi,Oppo,iOS,8.2,22.7,142.7,62,1.4,7447,2.0,2.3,309,Work
U08248,27,Male,Jaipur,Motorola,iOS,5.9,39.4,211.2,183,5.2,9157,4.5,3.0,321,Work
U08249,48,Female,Mumbai,Vivo,iOS,10.0,37.6,11.3,195,1.8,6553,7.8,0.7,973,Social Media
U08250,41,Other,Delhi,Samsung,Android,9.1,40.7,238.7,100,2.7,1308,7.4,0.4,669,Social Media
U08251,57,Female,Mumbai,Vivo,iOS,3.8,5.8,183.9,61,5.7,7164,0.6,4.2,1551,Entertainment
U08252,17,Male,Chennai,Apple,iOS,5.7,32.2,251.1,52,1.6,9874,7.5,0.1,1823,Entertainment
U08253,31,Male,Lucknow,Motorola,iOS,4.1,7.2,46.9,54,3.1,2093,5.1,3.6,890,Social Media
U08254,41,Other,Ahmedabad,Google Pixel,iOS,1.1,23.8,87.5,147,1.8,864,4.3,2.8,497,Entertainment
U08255,31,Female,Ahmedabad,Apple,iOS,5.1,31.9,88.8,148,2.4,6360,3.8,2.8,293,Gaming
U08256,48,Male,Chennai,Realme,iOS,7.8,28.6,170.3,71,0.5,6927,1.0,4.7,378,Gaming
U08257,49,Female,Mumbai,Vivo,Android,3.7,42.7,256.4,192,1.2,1761,4.3,3.6,1861,Work
U08258,30,Other,Hyderabad,Motorola,iOS,8.5,30.1,168.4,93,2.8,745,1.0,1.5,1308,Entertainment
U08259,35,Male,Jaipur,Realme,Android,6.8,36.7,239.3,28,2.7,5218,4.3,0.9,296,Work
U08260,17,Female,Mumbai,Xiaomi,Android,5.8,17.2,150.9,130,0.9,3455,4.6,1.8,1212,Social Media
U08261,26,Female,Delhi,Samsung,Android,4.1,17.6,202.3,189,4.4,940,5.2,3.2,986,Work
U08262,57,Other,Delhi,Motorola,Android,10.6,28.0,30.4,184,1.4,2258,8.0,2.8,1478,Gaming
U08263,17,Other,Chennai,Apple,iOS,3.0,7.7,198.0,193,3.7,3623,6.2,1.5,1584,Work
U08264,54,Other,Bangalore,Oppo,Android,9.2,49.9,292.4,110,3.0,6432,3.0,2.3,456,Work
U08265,45,Female,Jaipur,Xiaomi,Android,7.4,10.8,181.4,172,5.8,1807,2.2,4.3,443,Education
U08266,28,Female,Chennai,Realme,iOS,1.1,10.2,93.4,131,1.6,2657,5.9,4.9,157,Gaming
U08267,37,Male,Hyderabad,Vivo,iOS,6.8,17.0,249.8,191,3.1,2419,1.2,0.2,1837,Gaming
U08268,47,Female,Hyderabad,Nokia,Android,7.1,32.9,9.9,160,5.8,3846,2.6,3.3,151,Education
U08269,32,Other,Ahmedabad,Oppo,Android,9.2,9.3,282.7,147,5.1,1325,2.0,4.5,837,Entertainment
U08270,44,Male,Pune,Apple,iOS,6.7,31.7,169.8,175,2.1,2962,1.8,4.9,1219,Social Media
U08271,24,Female,Jaipur,Vivo,iOS,1.8,33.1,142.4,127,4.0,7439,4.0,0.4,1366,Social Media
U08272,47,Female,Delhi,Google Pixel,iOS,3.2,9.8,205.9,184,4.8,353,4.1,3.4,1226,Gaming
U08273,59,Other,Chennai,Samsung,Android,4.8,3.5,214.0,33,4.2,6065,3.5,0.6,246,Education
U08274,30,Other,Kolkata,OnePlus,Android,7.5,46.6,91.1,67,1.6,8237,4.1,1.3,1000,Social Media
U08275,26,Other,Pune,Google Pixel,Android,7.8,49.5,180.1,193,5.4,2344,0.8,3.8,1962,Education
U08276,49,Male,Bangalore,Google Pixel,Android,4.8,31.0,42.6,130,3.1,7152,7.7,0.0,1074,Entertainment
U08277,16,Female,Lucknow,OnePlus,iOS,1.1,40.5,219.7,78,2.0,9654,7.7,2.6,1244,Entertainment
U08278,39,Male,Delhi,Oppo,Android,1.7,28.2,221.0,195,2.0,3713,7.2,0.9,1865,Education
U08279,22,Male,Mumbai,Xiaomi,iOS,5.1,34.3,36.7,187,4.5,7168,1.7,2.6,571,Work
U08280,17,Male,Jaipur,OnePlus,Android,11.5,38.6,263.2,189,2.0,7950,6.8,3.5,1719,Entertainment
U08281,29,Other,Kolkata,Nokia,iOS,8.8,43.6,148.4,29,1.1,1036,4.7,4.6,1070,Gaming
U08282,36,Female,Delhi,Xiaomi,iOS,3.7,40.7,105.7,40,0.8,671,3.1,1.8,714,Work
U08283,56,Other,Delhi,OnePlus,iOS,5.4,3.1,235.3,111,1.7,8748,4.0,0.6,1664,Education
U08284,50,Other,Jaipur,Samsung,iOS,5.2,34.7,137.8,123,5.5,2592,5.5,4.2,465,Gaming
U08285,25,Female,Jaipur,Realme,iOS,11.9,8.1,151.2,100,4.2,5402,4.8,0.1,1970,Work
U08286,43,Female,Delhi,Motorola,iOS,6.4,49.6,233.7,135,4.1,165,7.6,0.3,1858,Gaming
U08287,24,Female,Jaipur,Motorola,Android,11.5,13.0,195.6,114,1.1,5294,6.3,3.3,1936,Entertainment
U08288,60,Female,Kolkata,Motorola,iOS,1.3,20.3,19.6,39,2.6,4630,6.6,2.5,1295,Education
U08289,59,Other,Jaipur,Samsung,iOS,6.4,16.0,245.8,131,5.9,7699,5.9,0.4,1244,Entertainment
U08290,49,Female,Lucknow,Google Pixel,Android,5.6,19.8,189.1,46,0.6,6170,1.2,0.3,275,Social Media
U08291,16,Female,Kolkata,OnePlus,iOS,5.6,33.1,49.7,55,0.5,2120,1.9,0.2,1268,Gaming
U08292,44,Female,Bangalore,OnePlus,iOS,2.4,19.9,233.2,56,5.2,2212,1.9,0.7,568,Gaming
U08293,32,Female,Mumbai,Nokia,iOS,11.7,41.4,33.3,185,5.4,6676,3.1,4.5,316,Work
U08294,33,Female,Mumbai,Realme,iOS,2.7,23.9,119.7,177,3.7,994,2.3,4.1,1845,Social Media
U08295,41,Female,Jaipur,Google Pixel,Android,8.8,9.4,275.0,83,2.6,1332,3.4,1.8,445,Gaming
U08296,30,Female,Chennai,Nokia,Android,6.0,16.4,237.6,114,3.7,2876,7.5,3.7,1048,Social Media
U08297,37,Other,Pune,Google Pixel,Android,10.6,38.7,187.2,172,4.5,6444,3.9,4.0,805,Social Media
U08298,21,Male,Kolkata,Apple,Android,6.6,11.5,196.8,47,2.9,6410,7.5,3.5,1008,Work
U08299,33,Male,Hyderabad,OnePlus,Android,6.1,24.4,258.5,61,1.0,3517,4.1,2.7,458,Education
U08300,54,Other,Mumbai,Nokia,Android,9.6,29.7,154.6,192,2.7,4208,4.7,2.6,756,Social Media
U08301,36,Other,Chennai,Realme,iOS,5.9,7.6,252.3,189,2.6,2651,5.9,4.9,1162,Entertainment
U08302,19,Other,Jaipur,Motorola,Android,9.1,36.1,79.5,43,2.3,8718,1.6,1.8,1881,Social Media
U08303,46,Male,Bangalore,Motorola,Android,8.9,14.7,208.3,157,4.1,8249,2.3,1.8,1846,Entertainment
U08304,45,Female,Lucknow,Nokia,Android,9.9,8.9,177.0,191,5.6,6751,6.8,0.0,1253,Work
U08305,59,Male,Pune,Google Pixel,iOS,10.2,11.3,106.1,188,5.0,1455,1.7,3.1,1531,Entertainment
U08306,22,Female,Mumbai,Motorola,Android,2.7,45.5,94.2,35,5.9,9303,3.9,3.8,1123,Gaming
U08307,45,Female,Jaipur,Apple,iOS,6.9,5.3,296.9,112,2.2,6837,2.8,3.6,110,Education
U08308,22,Other,Lucknow,Apple,Android,10.8,32.2,68.4,44,2.5,7122,7.1,1.1,1859,Entertainment
U08309,41,Female,Lucknow,OnePlus,iOS,5.0,43.1,88.3,142,3.7,1412,6.3,1.0,1252,Gaming
U08310,28,Male,Kolkata,Apple,Android,6.7,20.6,292.0,98,4.6,721,7.7,0.1,467,Work
U08311,28,Female,Lucknow,Vivo,Android,2.8,30.8,284.8,143,5.7,9547,3.5,1.0,1464,Education
U08312,27,Female,Kolkata,Samsung,iOS,4.9,41.2,146.4,200,4.1,6709,8.0,2.1,889,Gaming
U08313,22,Male,Mumbai,Nokia,iOS,10.1,33.5,167.2,149,3.4,2899,6.4,4.3,1006,Entertainment
U08314,20,Other,Mumbai,Apple,iOS,8.6,3.7,137.6,94,2.0,7198,6.0,2.5,1737,Education
U08315,33,Female,Lucknow,Motorola,Android,11.5,28.9,266.9,192,4.0,4623,3.8,1.0,752,Education
U08316,18,Female,Pune,Oppo,Android,12.0,20.4,216.3,167,4.3,6941,7.5,1.8,1057,Work
U08317,51,Female,Chennai,Oppo,iOS,2.7,46.4,70.4,146,3.6,1591,3.8,4.1,1819,Education
U08318,42,Male,Pune,Nokia,Android,7.7,36.2,208.3,40,2.8,8847,4.8,1.1,1555,Education
U08319,39,Other,Ahmedabad,Xiaomi,Android,5.3,19.8,120.5,116,4.3,1424,4.2,2.9,510,Gaming
U08320,57,Female,Hyderabad,Motorola,Android,4.5,33.5,96.9,143,3.8,6436,2.2,0.9,291,Work
U08321,59,Female,Hyderabad,Motorola,iOS,5.0,7.3,221.8,198,1.8,5832,0.7,4.3,405,Social Media
U08322,40,Other,Jaipur,Xiaomi,iOS,4.2,8.9,139.3,126,5.1,4719,0.5,4.4,1668,Gaming
U08323,20,Other,Hyderabad,Nokia,Android,5.0,22.6,114.7,125,5.0,9404,2.4,3.7,465,Social Media
U08324,22,Female,Hyderabad,Oppo,Android,4.9,18.4,159.8,107,1.8,9597,1.2,2.5,1976,Education
U08325,29,Male,Mumbai,Motorola,Android,10.6,19.7,89.6,103,3.3,8750,3.6,0.1,1416,Education
U08326,45,Female,Lucknow,OnePlus,Android,7.2,10.4,293.9,62,2.9,1180,3.8,0.4,478,Education
U08327,37,Other,Delhi,OnePlus,Android,5.3,4.5,239.8,143,1.7,3678,4.3,0.6,820,Social Media
U08328,58,Female,Jaipur,Realme,Android,8.4,25.6,64.5,116,4.8,3696,1.7,0.8,424,Gaming
U08329,26,Male,Lucknow,Xiaomi,Android,8.6,43.2,183.5,180,2.7,201,4.9,4.0,642,Work
U08330,32,Other,Delhi,Google Pixel,Android,11.3,5.8,255.4,133,4.7,2987,2.4,4.2,893,Entertainment
U08331,53,Male,Pune,Nokia,iOS,1.5,43.7,117.3,71,5.5,3004,4.2,3.4,646,Entertainment
U08332,42,Male,Pune,Xiaomi,iOS,8.5,44.6,191.6,175,2.9,5038,8.0,3.4,458,Work
U08333,54,Other,Lucknow,Xiaomi,Android,3.4,1.1,84.2,189,4.1,2469,7.1,2.1,209,Work
U08334,48,Female,Jaipur,Realme,Android,9.3,19.7,191.0,70,2.7,2269,5.6,3.8,579,Gaming
U08335,41,Male,Mumbai,Realme,Android,6.6,7.6,175.9,155,5.9,6803,7.0,0.0,490,Work
U08336,17,Female,Lucknow,Vivo,iOS,3.2,42.9,224.3,179,5.5,2322,3.4,2.3,181,Gaming
U08337,50,Female,Bangalore,Xiaomi,iOS,5.5,45.0,281.7,195,1.9,2851,7.5,4.1,1215,Gaming
U08338,38,Other,Pune,Nokia,iOS,3.7,27.8,227.7,21,1.0,1183,1.5,3.8,1192,Social Media
U08339,23,Female,Delhi,Apple,Android,1.5,11.0,10.4,56,3.7,7830,4.3,3.9,1863,Education
U08340,60,Female,Pune,Nokia,iOS,3.9,46.0,55.5,88,1.3,389,1.7,3.5,1218,Education
U08341,58,Other,Ahmedabad,Motorola,iOS,5.4,47.5,230.2,16,4.1,8462,7.0,0.6,1280,Social Media
U08342,26,Male,Bangalore,Vivo,Android,3.5,48.5,269.0,81,1.1,3543,0.8,1.4,791,Work
U08343,17,Female,Delhi,Vivo,Android,7.5,7.0,39.1,87,5.6,3804,1.6,0.7,1124,Social Media
U08344,31,Other,Jaipur,Samsung,iOS,3.9,19.4,116.8,106,4.1,5590,3.3,1.5,1925,Gaming
U08345,34,Female,Hyderabad,OnePlus,iOS,10.4,8.1,69.3,133,1.7,3865,2.1,5.0,1792,Social Media
U08346,36,Other,Lucknow,OnePlus,Android,3.6,18.7,285.5,161,2.4,3705,5.4,1.0,1952,Education
U08347,55,Other,Ahmedabad,Samsung,iOS,2.3,7.3,220.4,173,4.4,4795,7.4,3.6,941,Work
U08348,30,Male,Pune,Nokia,Android,11.8,4.4,195.3,160,4.5,4828,1.6,3.1,541,Social Media
U08349,40,Male,Pune,Xiaomi,Android,10.5,44.8,246.9,17,3.6,767,1.0,2.6,208,Social Media
U08350,44,Male,Hyderabad,Samsung,Android,2.0,36.1,134.0,80,5.7,4797,4.7,3.8,204,Entertainment
U08351,23,Female,Delhi,OnePlus,iOS,5.9,42.3,108.6,88,2.7,8603,3.6,4.6,1782,Education
U08352,33,Female,Kolkata,Xiaomi,Android,8.0,31.6,268.3,109,1.0,2067,3.4,3.1,1180,Work
U08353,43,Female,Chennai,Nokia,iOS,7.1,40.9,37.7,130,3.0,2788,7.4,1.8,262,Social Media
U08354,16,Male,Hyderabad,Samsung,Android,9.8,28.0,256.7,156,1.7,8097,2.3,4.3,1398,Entertainment
U08355,23,Female,Jaipur,Oppo,Android,1.4,23.0,113.5,58,3.2,8945,7.0,0.0,807,Social Media
U08356,24,Female,Hyderabad,Nokia,Android,10.1,8.3,180.0,34,3.0,9716,6.2,0.0,483,Gaming
U08357,41,Female,Jaipur,Samsung,Android,11.1,47.6,109.7,104,4.2,4902,5.9,1.6,913,Gaming
U08358,29,Male,Pune,Vivo,Android,9.9,32.0,283.8,195,2.0,6384,4.5,2.9,1731,Entertainment
U08359,38,Male,Chennai,Apple,Android,1.4,47.4,6.2,82,5.6,3506,3.8,3.7,1529,Entertainment
U08360,36,Male,Chennai,Samsung,iOS,6.6,7.0,144.5,59,3.2,4741,5.4,2.7,242,Entertainment
U08361,60,Female,Ahmedabad,Realme,Android,3.7,7.3,191.2,161,1.5,3252,7.8,2.7,1077,Social Media
U08362,51,Other,Jaipur,Samsung,Android,5.8,32.6,180.1,102,3.2,3529,5.2,1.0,304,Work
U08363,31,Other,Delhi,Samsung,iOS,7.3,34.7,293.5,155,1.1,8102,5.5,3.2,1328,Education
U08364,34,Other,Lucknow,Apple,Android,2.4,10.0,43.6,80,3.8,4736,7.4,3.0,229,Entertainment
U08365,34,Female,Chennai,Oppo,Android,4.9,10.8,75.9,13,2.8,2995,4.2,2.8,1919,Entertainment
U08366,20,Female,Ahmedabad,Motorola,Android,7.5,37.0,245.9,66,2.0,6818,2.6,1.7,1674,Education
U08367,58,Male,Jaipur,Motorola,iOS,4.6,23.5,205.9,175,0.7,5322,5.4,1.6,1374,Work
U08368,35,Other,Pune,Oppo,iOS,6.2,41.2,19.3,157,4.2,6022,3.4,2.0,970,Gaming
U08369,27,Other,Bangalore,Realme,iOS,7.0,17.5,225.5,37,4.7,2520,0.9,4.6,128,Entertainment
U08370,33,Female,Hyderabad,Xiaomi,iOS,4.8,42.7,39.4,186,3.4,8006,1.2,4.1,1704,Entertainment
U08371,59,Male,Bangalore,Oppo,iOS,3.0,49.9,188.2,96,3.5,9044,3.0,2.2,1860,Entertainment
U08372,54,Other,Hyderabad,Oppo,Android,7.2,35.3,161.8,29,4.4,2195,2.8,3.6,1729,Education
U08373,27,Female,Kolkata,Google Pixel,iOS,4.9,35.2,194.0,47,0.9,7803,4.6,4.5,177,Social Media
U08374,45,Other,Mumbai,Apple,iOS,10.6,34.8,278.5,111,2.0,4719,2.1,3.3,587,Entertainment
U08375,34,Male,Kolkata,Oppo,Android,6.9,42.4,23.0,174,5.5,3918,6.9,2.4,1667,Entertainment
U08376,27,Male,Ahmedabad,Google Pixel,Android,3.0,35.0,265.6,122,5.9,1212,5.0,0.2,430,Entertainment
U08377,47,Other,Ahmedabad,Google Pixel,iOS,6.9,39.3,45.5,108,3.7,4187,6.7,2.8,1461,Gaming
U08378,59,Female,Bangalore,Google Pixel,iOS,4.9,5.2,174.2,23,5.5,242,7.4,1.9,920,Entertainment
U08379,21,Other,Kolkata,Motorola,iOS,5.4,17.8,101.3,101,2.8,6817,5.1,1.5,1362,Social Media
U08380,22,Other,Hyderabad,Realme,Android,7.2,16.6,184.6,176,3.5,6183,3.4,1.2,878,Entertainment
U08381,60,Female,Ahmedabad,Motorola,Android,3.4,42.7,70.8,39,2.0,4955,0.9,0.5,134,Work
U08382,37,Female,Chennai,Realme,Android,6.4,43.6,113.3,128,5.1,1675,4.9,4.6,862,Work
U08383,30,Female,Mumbai,Samsung,iOS,6.8,39.6,25.2,166,1.7,7763,7.2,4.4,1312,Entertainment
U08384,29,Other,Lucknow,Realme,iOS,6.7,38.3,242.6,91,1.8,6620,7.1,0.3,1768,Work
U08385,60,Other,Hyderabad,Oppo,iOS,7.1,42.7,182.1,163,2.9,2926,0.8,4.7,449,Work
U08386,33,Female,Hyderabad,Apple,iOS,3.8,45.9,205.3,124,1.6,4087,2.8,3.5,204,Social Media
U08387,59,Male,Ahmedabad,Apple,Android,11.2,6.2,157.6,126,5.1,5512,1.8,0.1,898,Entertainment
U08388,49,Male,Pune,Samsung,iOS,5.7,29.7,75.6,49,4.8,6204,5.5,2.7,562,Social Media
U08389,44,Female,Mumbai,Vivo,Android,12.0,24.1,35.3,98,3.8,8663,0.5,2.8,959,Entertainment
U08390,19,Other,Mumbai,Samsung,iOS,4.7,7.3,163.2,154,5.4,8569,0.5,4.6,298,Entertainment
U08391,19,Female,Delhi,Xiaomi,Android,3.0,49.0,277.6,47,4.7,5587,4.0,1.1,1119,Social Media
U08392,46,Male,Jaipur,Oppo,iOS,6.2,27.8,229.6,19,5.1,6039,1.6,2.3,867,Social Media
U08393,42,Female,Jaipur,Samsung,iOS,2.0,22.5,190.7,188,2.2,2263,2.6,1.9,1198,Education
U08394,50,Male,Lucknow,Xiaomi,Android,7.1,38.8,266.7,40,2.5,2258,5.5,3.4,1561,Social Media
U08395,17,Male,Hyderabad,Google Pixel,Android,5.7,37.1,51.7,109,2.8,2491,5.1,1.4,1435,Gaming
U08396,20,Female,Ahmedabad,Apple,iOS,6.4,47.8,9.9,25,4.4,5321,3.1,0.7,1628,Education
U08397,29,Female,Delhi,Apple,Android,4.2,11.1,134.6,173,2.1,6092,6.8,3.7,1786,Social Media
U08398,19,Female,Pune,Nokia,iOS,8.8,21.8,261.1,198,1.7,6045,7.1,4.2,1082,Education
U08399,55,Male,Ahmedabad,Xiaomi,Android,9.1,10.8,102.1,165,0.8,6661,1.5,3.9,1573,Social Media
U08400,42,Female,Pune,Nokia,Android,11.8,18.6,192.7,50,4.0,9654,3.0,3.5,712,Gaming
U08401,43,Female,Lucknow,Nokia,iOS,6.9,48.2,153.6,82,3.8,7448,1.2,1.8,473,Work
U08402,17,Female,Chennai,Nokia,iOS,11.9,10.9,251.5,155,5.1,6742,5.7,0.6,750,Entertainment
U08403,47,Other,Delhi,Realme,Android,6.0,48.0,30.1,92,5.4,8624,2.6,4.7,603,Work
U08404,48,Other,Jaipur,Google Pixel,iOS,4.9,36.3,205.9,65,4.9,9337,2.4,3.4,1039,Education
U08405,20,Female,Hyderabad,Vivo,iOS,6.8,36.7,116.7,66,2.5,1730,1.4,2.0,1429,Work
U08406,59,Female,Mumbai,Realme,iOS,2.9,13.0,296.4,97,1.4,6500,6.7,0.8,1515,Social Media
U08407,42,Other,Kolkata,Apple,Android,10.0,7.5,58.4,118,2.1,2378,3.0,3.2,1889,Education
U08408,37,Female,Mumbai,Xiaomi,iOS,2.6,33.8,219.5,86,1.0,3459,0.9,3.8,1407,Social Media
U08409,59,Female,Pune,Vivo,Android,6.9,15.8,206.2,73,2.3,6273,7.2,4.6,870,Work
U08410,19,Male,Lucknow,Samsung,iOS,11.2,21.6,274.4,61,4.4,3410,2.1,4.8,1220,Social Media
U08411,56,Other,Lucknow,Xiaomi,iOS,1.4,37.0,33.4,137,0.7,643,4.5,4.3,829,Social Media
U08412,29,Other,Bangalore,Apple,iOS,11.7,47.9,92.8,122,2.3,9596,5.7,2.1,502,Work
U08413,27,Female,Ahmedabad,Vivo,Android,10.6,39.0,177.4,28,1.0,3771,4.6,3.0,1662,Education
U08414,35,Female,Hyderabad,Google Pixel,Android,6.7,6.8,142.1,195,1.3,4235,1.4,4.8,173,Social Media
U08415,26,Male,Kolkata,Samsung,iOS,8.2,20.7,134.8,122,3.4,6223,2.8,3.1,853,Social Media
U08416,44,Female,Mumbai,Oppo,iOS,3.3,27.3,200.7,51,1.7,6893,1.8,4.0,1884,Entertainment
U08417,35,Other,Lucknow,OnePlus,Android,5.4,14.7,68.4,67,2.7,4832,2.2,3.4,1854,Work
U08418,21,Female,Delhi,Vivo,iOS,1.7,46.8,104.1,76,3.8,2911,5.7,4.2,385,Social Media
U08419,54,Male,Delhi,Apple,Android,3.9,43.7,17.4,17,3.4,6677,1.5,1.4,1347,Work
U08420,39,Female,Mumbai,Apple,iOS,6.0,39.1,280.4,190,4.3,8236,5.1,1.1,191,Gaming
U08421,53,Female,Delhi,Nokia,iOS,2.1,21.3,31.9,106,3.6,4736,4.6,1.2,1779,Work
U08422,16,Other,Bangalore,Samsung,iOS,10.8,41.2,225.5,161,1.7,5766,7.2,4.8,1390,Education
U08423,56,Male,Chennai,OnePlus,iOS,11.4,34.9,51.7,167,4.4,806,4.4,4.6,582,Gaming
U08424,26,Male,Jaipur,Xiaomi,Android,6.8,27.8,256.9,167,2.1,1668,7.9,0.1,144,Social Media
U08425,34,Other,Bangalore,Oppo,Android,7.8,39.4,66.0,158,5.6,1246,0.9,3.4,1505,Entertainment
U08426,53,Male,Chennai,Motorola,iOS,6.9,27.1,83.6,43,3.4,6308,0.7,2.2,1428,Work
U08427,54,Female,Delhi,Realme,Android,7.1,13.1,230.2,132,4.9,8541,3.9,2.0,230,Entertainment
U08428,38,Other,Kolkata,Google Pixel,iOS,8.9,31.8,157.1,37,5.9,5424,2.8,3.7,1939,Social Media
U08429,47,Other,Bangalore,Oppo,iOS,3.8,14.2,62.7,155,4.2,9423,6.1,1.8,362,Work
U08430,58,Other,Delhi,Nokia,Android,8.8,8.1,97.2,26,4.9,4409,3.1,2.4,1408,Work
U08431,47,Other,Bangalore,Apple,iOS,6.2,3.3,61.9,93,5.9,9560,6.2,0.8,559,Social Media
U08432,15,Other,Kolkata,Vivo,Android,4.4,38.3,293.2,110,4.9,8825,7.6,4.7,1825,Gaming
U08433,50,Male,Lucknow,Oppo,iOS,5.9,14.4,275.8,77,3.2,2513,1.6,1.4,872,Social Media
U08434,21,Female,Lucknow,Vivo,iOS,3.2,48.4,123.3,139,1.6,6877,6.7,0.5,106,Social Media
U08435,47,Male,Lucknow,Google Pixel,Android,10.7,21.8,19.4,145,4.2,8002,3.4,0.7,1278,Entertainment
U08436,46,Female,Mumbai,Motorola,iOS,8.7,13.0,236.9,35,4.6,2800,4.9,1.6,1603,Education
U08437,19,Male,Chennai,Realme,iOS,1.5,28.7,159.0,197,3.3,6649,0.6,1.6,281,Education
U08438,21,Female,Chennai,OnePlus,iOS,6.0,27.8,50.1,98,2.0,4873,6.3,0.8,1198,Work
U08439,39,Other,Chennai,Xiaomi,Android,1.4,46.4,200.1,178,3.1,3651,0.6,1.6,1927,Social Media
U08440,27,Female,Hyderabad,Motorola,iOS,10.3,42.4,39.8,198,0.5,2471,4.7,0.4,1696,Work
U08441,18,Female,Bangalore,Google Pixel,iOS,5.8,31.5,268.0,181,4.3,693,6.7,1.7,1326,Social Media
U08442,17,Male,Delhi,Motorola,iOS,6.4,9.0,58.4,86,2.1,8862,6.2,0.8,1605,Social Media
U08443,44,Female,Mumbai,Apple,iOS,10.9,37.2,123.5,40,4.8,9600,2.5,1.3,1690,Education
U08444,55,Other,Lucknow,Google Pixel,iOS,5.3,26.6,133.4,88,5.7,4443,5.0,3.0,931,Social Media
U08445,48,Male,Delhi,Apple,Android,9.4,10.8,45.0,97,3.0,3857,1.2,0.5,735,Work
U08446,28,Male,Delhi,Nokia,iOS,4.3,24.1,55.6,188,3.0,6778,5.2,2.2,801,Work
U08447,43,Female,Ahmedabad,Realme,Android,3.6,19.7,161.2,163,5.2,4401,2.3,4.9,109,Entertainment
U08448,16,Female,Delhi,Samsung,Android,7.5,12.8,154.1,29,5.7,6797,5.6,1.6,592,Work
U08449,24,Male,Pune,Oppo,Android,5.7,23.5,72.8,106,3.7,2528,3.8,2.2,643,Social Media
U08450,45,Male,Jaipur,Google Pixel,iOS,1.7,28.5,193.2,199,1.6,4231,5.5,4.6,1418,Social Media
U08451,58,Female,Bangalore,Samsung,Android,8.4,11.0,5.4,74,3.3,9799,5.0,3.8,1363,Entertainment
U08452,17,Female,Kolkata,Google Pixel,Android,11.5,32.9,207.8,60,2.1,3349,6.9,1.5,395,Work
U08453,20,Other,Bangalore,Vivo,iOS,4.9,18.6,245.6,102,1.3,9375,6.3,1.2,1149,Education
U08454,40,Male,Ahmedabad,Xiaomi,Android,1.1,48.6,175.5,21,3.7,7304,6.4,3.5,1648,Education
U08455,44,Other,Chennai,Realme,Android,7.6,2.1,91.3,155,1.6,8643,7.5,2.3,1485,Gaming
U08456,43,Female,Bangalore,Oppo,Android,4.3,9.4,140.5,37,4.7,2878,7.7,0.8,343,Entertainment
U08457,40,Female,Lucknow,Apple,iOS,2.7,8.6,276.9,10,5.2,9739,6.5,4.0,1494,Entertainment
U08458,54,Male,Ahmedabad,OnePlus,Android,2.1,24.6,133.1,143,2.3,5397,3.9,3.2,1545,Entertainment
U08459,29,Female,Pune,Nokia,Android,9.0,4.1,121.9,65,2.3,2225,2.2,1.1,1492,Gaming
U08460,34,Other,Delhi,Samsung,Android,10.0,5.6,27.7,51,0.7,7971,4.5,0.4,474,Education
U08461,59,Female,Chennai,Apple,iOS,10.7,18.6,200.6,112,0.6,3020,4.2,4.7,667,Gaming
U08462,36,Other,Bangalore,Nokia,Android,4.4,42.4,107.1,109,1.3,904,7.7,3.8,269,Social Media
U08463,20,Female,Pune,Apple,Android,9.5,14.9,77.4,153,0.6,1363,2.0,1.8,361,Entertainment
U08464,36,Female,Mumbai,Nokia,Android,3.0,31.6,76.3,149,5.9,7167,5.4,2.5,1507,Work
U08465,21,Other,Bangalore,Apple,iOS,2.6,36.1,66.4,134,0.7,9077,6.6,3.1,250,Work
U08466,30,Other,Pune,Samsung,iOS,6.7,6.9,32.9,132,2.8,5545,7.2,4.9,1832,Entertainment
U08467,32,Other,Ahmedabad,Nokia,Android,11.7,21.8,172.0,187,5.0,7262,2.2,1.9,1852,Work
U08468,31,Female,Mumbai,Xiaomi,Android,7.6,28.0,220.1,142,4.0,6770,3.2,3.3,146,Gaming
U08469,43,Other,Kolkata,Samsung,iOS,4.3,1.6,181.2,163,3.5,8924,4.4,0.2,301,Entertainment
U08470,32,Male,Mumbai,Samsung,Android,4.4,27.2,51.7,198,5.9,919,1.1,2.6,897,Gaming
U08471,34,Male,Ahmedabad,Samsung,Android,7.2,44.3,172.2,33,2.9,7041,3.5,0.8,1922,Entertainment
U08472,46,Other,Mumbai,Google Pixel,Android,6.8,9.3,218.4,146,5.9,3579,1.6,3.3,1205,Gaming
U08473,31,Female,Hyderabad,Google Pixel,iOS,11.3,47.5,153.3,162,3.4,7036,5.8,3.7,1024,Social Media
U08474,48,Other,Kolkata,Oppo,Android,8.6,31.8,263.6,187,1.7,463,5.8,3.3,1471,Work
U08475,58,Female,Mumbai,Vivo,Android,2.6,40.6,292.5,127,2.2,9746,0.6,2.4,138,Education
U08476,16,Other,Bangalore,Apple,iOS,10.0,23.5,210.6,69,2.2,4918,0.9,3.2,1113,Education
U08477,50,Female,Pune,Oppo,iOS,5.4,7.3,221.2,176,3.1,922,7.0,3.7,1938,Work
U08478,30,Female,Lucknow,Xiaomi,Android,9.9,48.2,33.8,98,1.7,8145,7.0,1.6,216,Entertainment
U08479,28,Female,Jaipur,Apple,iOS,6.3,26.1,176.5,26,1.6,8393,7.7,4.8,890,Gaming
U08480,49,Other,Kolkata,Xiaomi,Android,8.8,36.7,174.0,139,0.8,1509,7.9,2.7,704,Work
U08481,41,Female,Hyderabad,Realme,Android,3.3,24.0,198.8,89,1.9,2767,2.7,4.1,1849,Social Media
U08482,32,Male,Bangalore,Vivo,Android,11.5,17.2,235.8,44,1.1,3516,5.4,0.6,1528,Social Media
U08483,47,Female,Kolkata,Apple,iOS,4.6,14.9,27.9,179,4.7,6985,5.0,1.7,1378,Social Media
U08484,18,Other,Mumbai,Realme,Android,5.8,43.2,255.3,124,3.0,5658,5.6,2.9,540,Work
U08485,56,Other,Jaipur,Realme,Android,1.9,43.4,216.5,95,0.7,8156,2.3,3.4,750,Entertainment
U08486,41,Female,Ahmedabad,Motorola,iOS,3.5,22.5,102.9,94,1.1,2540,2.1,4.2,1071,Education
U08487,24,Female,Ahmedabad,Nokia,iOS,5.5,32.6,43.3,157,3.3,1694,6.7,3.1,1549,Work
U08488,20,Female,Hyderabad,Nokia,Android,8.4,10.1,195.1,76,0.8,1475,5.0,3.7,357,Gaming
U08489,39,Female,Kolkata,Vivo,Android,3.5,48.3,122.7,92,3.3,9156,5.4,1.2,664,Education
U08490,56,Other,Delhi,Motorola,Android,9.0,32.0,18.5,69,4.0,3450,3.5,2.8,1209,Work
U08491,35,Female,Jaipur,Vivo,Android,8.8,33.6,230.0,21,1.9,3479,3.5,3.2,1769,Education
U08492,31,Female,Hyderabad,Samsung,Android,7.6,9.6,273.8,119,3.0,9781,1.2,0.4,1491,Work
U08493,18,Female,Kolkata,Xiaomi,Android,2.0,40.2,113.9,40,4.2,7415,3.0,0.3,266,Gaming
U08494,47,Male,Chennai,Xiaomi,iOS,3.9,9.4,202.8,95,1.6,7001,0.9,4.0,171,Gaming
U08495,25,Male,Delhi,Nokia,Android,6.9,18.5,168.1,85,2.0,7199,4.5,2.6,1463,Social Media
U08496,57,Female,Pune,Vivo,Android,3.6,42.7,213.7,125,5.9,273,0.5,1.9,478,Entertainment
U08497,37,Male,Bangalore,Xiaomi,iOS,2.8,3.3,162.4,195,2.9,5575,1.5,2.8,1164,Social Media
U08498,43,Other,Delhi,Samsung,iOS,4.7,17.8,169.4,156,3.1,2036,7.4,0.1,972,Social Media
U08499,40,Male,Chennai,Oppo,iOS,8.5,33.8,78.7,169,0.8,9184,5.0,2.7,632,Work
U08500,52,Other,Kolkata,OnePlus,Android,4.4,34.6,144.3,105,3.3,9020,6.8,2.8,325,Education
U08501,57,Female,Mumbai,Oppo,Android,5.9,33.8,40.3,71,0.7,2546,3.2,1.1,1026,Social Media
U08502,38,Male,Kolkata,Google Pixel,iOS,8.0,6.8,76.6,138,1.1,4692,1.1,4.7,1021,Social Media
U08503,21,Female,Pune,Oppo,iOS,4.7,34.3,180.2,70,0.8,2146,5.4,0.6,270,Entertainment
U08504,20,Female,Pune,Apple,Android,8.2,10.5,82.9,192,4.7,509,5.8,1.0,1563,Social Media
U08505,38,Female,Lucknow,Xiaomi,Android,8.3,1.4,224.6,77,0.8,714,2.8,4.4,1244,Gaming
U08506,58,Other,Ahmedabad,Nokia,iOS,3.3,28.9,231.8,27,2.6,9355,2.5,2.1,1254,Gaming
U08507,36,Female,Bangalore,Google Pixel,iOS,8.8,20.0,213.9,104,0.7,8988,4.6,4.8,1456,Gaming
U08508,54,Other,Ahmedabad,Xiaomi,iOS,4.6,18.5,273.0,80,3.5,2932,7.7,2.7,778,Social Media
U08509,34,Female,Jaipur,Realme,Android,6.9,39.4,230.5,68,3.8,9809,3.1,4.5,964,Work
U08510,39,Other,Pune,Vivo,iOS,10.8,1.8,191.7,41,3.8,2272,5.0,0.6,1477,Work
U08511,53,Female,Hyderabad,Vivo,iOS,9.2,12.4,60.6,82,5.7,2679,1.1,3.0,1446,Work
U08512,53,Other,Hyderabad,Apple,Android,3.0,21.4,33.6,36,1.7,8286,7.5,4.5,1943,Work
U08513,15,Male,Mumbai,Xiaomi,iOS,8.1,26.5,222.9,68,5.4,3201,6.3,0.3,1045,Entertainment
U08514,16,Female,Mumbai,Realme,iOS,5.5,44.3,57.7,135,2.4,7271,5.3,2.6,1402,Social Media
U08515,60,Other,Mumbai,Xiaomi,iOS,11.1,45.4,288.0,153,0.8,4981,7.9,2.7,1816,Education
U08516,18,Female,Delhi,Motorola,iOS,3.2,46.7,38.1,32,3.8,9120,7.5,4.0,1889,Gaming
U08517,36,Male,Lucknow,OnePlus,iOS,10.3,21.6,22.3,191,0.8,3340,1.3,5.0,681,Entertainment
U08518,59,Male,Ahmedabad,Google Pixel,Android,8.8,19.7,252.3,111,2.6,553,2.2,3.6,1651,Education
U08519,48,Female,Ahmedabad,Nokia,iOS,4.4,6.9,54.9,54,5.3,9393,5.8,2.7,382,Entertainment
U08520,57,Male,Lucknow,Oppo,Android,5.6,4.9,107.8,108,4.0,1906,3.6,4.7,1462,Work
U08521,38,Female,Ahmedabad,Realme,Android,8.1,47.1,131.3,160,5.2,2201,4.9,2.6,1988,Work
U08522,41,Other,Lucknow,Motorola,iOS,3.7,42.3,236.9,148,0.9,1131,6.4,4.4,450,Gaming
U08523,37,Male,Mumbai,Xiaomi,Android,1.3,10.3,15.3,165,0.6,7065,6.2,4.3,1236,Work
U08524,30,Female,Jaipur,Xiaomi,Android,12.0,3.4,276.9,159,3.2,2349,4.4,0.7,1126,Work
U08525,15,Male,Bangalore,Samsung,Android,9.9,43.7,75.0,52,5.7,8563,8.0,3.6,1490,Entertainment
U08526,56,Female,Jaipur,Google Pixel,iOS,7.5,49.1,253.5,89,5.1,9132,7.9,1.7,604,Work
U08527,22,Other,Jaipur,OnePlus,Android,5.4,9.9,149.4,49,4.6,2187,4.2,4.2,382,Gaming
U08528,42,Female,Mumbai,Google Pixel,Android,5.0,40.8,229.5,59,5.8,5612,3.5,4.4,757,Gaming
U08529,34,Other,Kolkata,Samsung,Android,1.1,13.0,76.0,103,1.6,3695,7.3,1.8,1216,Social Media
U08530,19,Other,Kolkata,Vivo,Android,3.8,14.6,191.5,137,1.3,2531,6.4,2.9,103,Work
U08531,51,Other,Delhi,Apple,iOS,10.6,46.1,201.3,173,1.1,4084,1.5,0.4,1223,Education
U08532,48,Other,Jaipur,Samsung,iOS,8.1,22.9,153.8,116,2.5,262,3.5,1.4,403,Entertainment
U08533,54,Other,Lucknow,Apple,Android,3.5,8.6,264.8,164,1.0,2004,2.7,0.4,885,Education
U08534,46,Female,Delhi,Realme,Android,10.5,39.3,176.4,138,1.9,9347,4.5,2.5,1989,Education
U08535,41,Male,Bangalore,Nokia,iOS,2.0,13.3,174.9,199,2.2,1050,7.8,1.6,490,Entertainment
U08536,35,Other,Chennai,Google Pixel,iOS,10.5,27.5,193.3,26,3.1,6588,6.0,2.4,1460,Education
U08537,43,Male,Hyderabad,Samsung,Android,1.1,41.0,195.8,23,5.8,2351,3.1,3.1,221,Social Media
U08538,28,Female,Ahmedabad,Nokia,iOS,2.9,24.7,129.8,179,2.6,2628,3.7,3.9,1107,Work
U08539,27,Female,Pune,Vivo,iOS,11.1,40.9,290.5,31,5.7,1384,3.0,0.3,1920,Social Media
U08540,19,Female,Chennai,Realme,Android,10.4,45.8,155.0,165,1.2,3470,7.6,0.8,229,Work
U08541,46,Female,Jaipur,Oppo,iOS,5.2,29.0,67.7,93,4.1,7182,7.5,0.3,1838,Social Media
U08542,30,Male,Bangalore,Nokia,Android,6.7,34.9,196.4,175,2.9,9167,4.2,1.3,1861,Entertainment
U08543,21,Male,Mumbai,Nokia,Android,11.5,48.3,213.4,132,5.6,8413,6.9,1.3,915,Gaming
U08544,58,Female,Delhi,OnePlus,iOS,11.8,7.6,121.4,161,5.5,3267,6.8,4.4,240,Social Media
U08545,27,Female,Bangalore,OnePlus,Android,4.0,41.5,181.8,99,4.1,4529,1.4,2.2,1538,Work
U08546,35,Female,Hyderabad,Xiaomi,iOS,11.8,26.3,264.8,168,5.0,8327,5.5,3.9,1477,Education
U08547,39,Other,Bangalore,Xiaomi,Android,9.3,37.7,216.8,74,0.5,2344,7.8,1.9,118,Social Media
U08548,42,Female,Mumbai,Apple,iOS,7.2,40.9,71.4,100,4.0,3183,6.5,3.5,121,Education
U08549,39,Female,Kolkata,Motorola,iOS,1.4,22.7,20.9,132,0.8,9538,7.8,2.9,133,Education
U08550,32,Female,Lucknow,Motorola,iOS,5.7,40.7,13.8,42,4.9,3536,5.3,0.8,788,Social Media
U08551,35,Female,Chennai,OnePlus,Android,2.0,7.8,65.4,61,5.9,4171,5.2,1.0,1807,Social Media
U08552,56,Female,Bangalore,OnePlus,Android,2.9,19.9,133.5,79,4.8,2089,6.9,3.6,1272,Education
U08553,51,Other,Hyderabad,OnePlus,Android,10.5,2.5,68.7,33,4.9,4411,2.8,4.2,356,Education
U08554,30,Male,Pune,Nokia,iOS,1.3,24.0,187.9,85,2.5,8361,5.3,0.6,256,Entertainment
U08555,29,Other,Ahmedabad,Oppo,iOS,4.6,24.1,25.4,195,5.9,4589,1.2,4.0,1404,Social Media
U08556,38,Female,Pune,Apple,iOS,4.4,12.6,287.7,48,3.6,6229,1.3,5.0,151,Gaming
U08557,58,Female,Pune,OnePlus,Android,8.4,29.3,254.5,120,5.9,165,3.7,2.5,1374,Social Media
U08558,32,Male,Lucknow,Nokia,Android,3.5,9.3,169.4,177,3.1,6883,2.1,1.6,1679,Gaming
U08559,24,Other,Delhi,Realme,Android,4.8,43.6,214.4,25,3.7,4217,2.6,4.6,1885,Work
U08560,52,Male,Kolkata,Apple,Android,1.1,16.3,204.4,169,3.7,6517,7.7,1.3,1781,Education
U08561,55,Female,Chennai,Apple,iOS,11.7,19.9,122.4,182,4.8,9927,7.0,2.7,426,Gaming
U08562,35,Female,Lucknow,Motorola,Android,3.0,6.8,139.8,75,4.3,4395,2.1,2.6,1430,Entertainment
U08563,27,Other,Delhi,Google Pixel,iOS,4.8,9.5,132.1,44,5.4,9280,4.6,3.6,793,Gaming
U08564,60,Other,Delhi,Realme,Android,1.1,41.5,66.4,180,2.8,8181,3.6,2.8,704,Entertainment
U08565,15,Other,Chennai,Realme,iOS,5.0,30.7,52.6,10,2.1,5527,4.0,3.3,788,Work
U08566,33,Female,Delhi,OnePlus,iOS,8.3,3.8,71.6,149,0.6,5160,8.0,3.0,1104,Education
U08567,34,Other,Hyderabad,Xiaomi,Android,6.9,9.1,203.6,53,5.5,9015,2.6,3.3,1158,Gaming
U08568,27,Male,Ahmedabad,Realme,Android,9.1,26.6,264.8,23,5.4,3782,3.9,0.7,518,Gaming
U08569,33,Male,Jaipur,Apple,iOS,11.8,44.1,83.6,181,1.9,7578,3.0,3.4,199,Education
U08570,30,Other,Chennai,OnePlus,Android,9.1,36.4,259.4,17,1.5,1728,2.4,1.1,471,Entertainment
U08571,51,Female,Hyderabad,Oppo,iOS,6.6,5.7,57.6,184,2.5,3676,2.6,0.8,1820,Work
U08572,59,Female,Pune,Samsung,Android,3.2,49.4,43.0,196,3.4,1190,6.2,1.0,803,Work
U08573,28,Other,Jaipur,Xiaomi,Android,6.7,20.4,73.0,200,3.0,2509,5.9,3.6,1448,Social Media
U08574,45,Female,Ahmedabad,Motorola,Android,6.2,49.7,198.8,135,0.5,1759,4.5,3.7,184,Entertainment
U08575,25,Other,Bangalore,Apple,iOS,2.3,31.4,158.5,68,5.5,5276,7.0,1.4,691,Work
U08576,36,Male,Lucknow,Oppo,Android,2.7,31.5,253.4,190,4.2,2081,7.1,2.5,270,Gaming
U08577,35,Male,Lucknow,Nokia,iOS,1.1,11.9,136.0,45,3.2,1414,4.1,2.5,886,Education
U08578,59,Female,Chennai,Vivo,iOS,11.0,34.9,119.8,105,1.2,4037,1.4,2.6,691,Entertainment
U08579,40,Male,Hyderabad,Samsung,Android,1.7,37.4,39.7,190,1.9,9515,1.0,4.7,420,Education
U08580,15,Male,Kolkata,Oppo,Android,10.0,3.4,251.7,62,4.0,983,2.7,0.1,868,Gaming
U08581,42,Female,Chennai,OnePlus,Android,10.5,28.5,238.1,158,1.7,1081,6.6,3.0,865,Work
U08582,21,Female,Hyderabad,Apple,iOS,6.2,18.6,220.9,192,0.8,9007,5.3,0.4,466,Social Media
U08583,18,Male,Bangalore,OnePlus,Android,8.7,25.9,249.7,90,4.2,7925,7.9,3.3,119,Social Media
U08584,53,Other,Pune,Xiaomi,iOS,11.1,39.8,126.5,186,5.1,2684,6.3,2.3,163,Entertainment
U08585,18,Female,Ahmedabad,Apple,Android,10.8,2.8,230.0,91,3.0,5449,3.5,3.3,1677,Gaming
U08586,32,Female,Chennai,Samsung,iOS,7.0,31.7,140.4,21,1.3,4121,7.4,4.8,1662,Gaming
U08587,32,Female,Kolkata,Samsung,Android,9.6,32.0,155.5,188,2.4,7442,7.0,4.0,1143,Entertainment
U08588,36,Female,Kolkata,Apple,Android,2.6,43.9,64.7,79,5.9,4975,2.3,0.2,492,Social Media
U08589,40,Other,Lucknow,OnePlus,Android,3.2,12.7,117.4,197,1.4,3867,6.0,3.4,117,Work
U08590,40,Other,Chennai,OnePlus,Android,9.0,12.8,112.4,99,5.3,3052,2.4,4.8,1381,Gaming
U08591,34,Female,Ahmedabad,Samsung,iOS,10.9,23.9,109.6,71,3.9,4196,5.3,2.7,1987,Work
U08592,30,Male,Jaipur,Vivo,Android,1.4,34.1,64.8,139,4.2,7703,3.1,2.5,1258,Gaming
U08593,58,Female,Ahmedabad,Motorola,Android,8.1,5.0,167.9,100,3.0,4017,0.8,3.8,1206,Entertainment
U08594,44,Female,Jaipur,Oppo,Android,4.9,33.3,127.8,187,1.0,9501,4.9,4.9,1264,Entertainment
U08595,40,Male,Ahmedabad,Oppo,iOS,2.4,5.3,261.2,198,5.7,9881,5.2,3.8,545,Work
U08596,49,Male,Delhi,Google Pixel,Android,5.5,36.7,85.1,10,5.6,147,1.1,1.4,769,Entertainment
U08597,52,Male,Mumbai,Nokia,iOS,6.4,23.0,99.3,82,5.4,1079,1.8,2.4,1806,Social Media
U08598,36,Female,Lucknow,Motorola,iOS,10.4,23.5,55.9,14,5.9,8061,2.4,3.5,1958,Education
U08599,52,Female,Mumbai,Nokia,Android,1.9,31.4,34.2,50,3.6,7731,0.9,1.6,811,Social Media
U08600,21,Female,Pune,Realme,Android,3.5,20.8,17.0,13,5.0,7830,2.6,2.4,1999,Education
U08601,31,Male,Bangalore,Nokia,Android,6.3,45.0,74.6,95,2.8,4728,5.8,0.8,835,Education
U08602,59,Female,Kolkata,Vivo,iOS,1.1,20.2,79.2,24,2.9,9732,3.5,4.8,1517,Education
U08603,48,Male,Delhi,Xiaomi,Android,2.5,19.0,136.4,28,1.8,9923,2.6,2.6,890,Education
U08604,32,Other,Ahmedabad,Motorola,iOS,9.1,6.9,66.8,61,5.0,7016,5.4,3.7,1964,Education
U08605,44,Other,Lucknow,Google Pixel,Android,1.6,42.4,148.0,67,2.2,4082,1.2,3.0,553,Gaming
U08606,51,Male,Chennai,Realme,Android,8.1,30.9,186.0,187,1.6,683,6.2,2.4,694,Entertainment
U08607,38,Other,Delhi,Oppo,Android,5.4,21.1,182.0,72,1.5,2019,3.5,4.4,1922,Entertainment
U08608,60,Female,Ahmedabad,Samsung,iOS,4.4,16.0,60.0,139,2.2,1909,6.9,2.6,1600,Education
U08609,15,Other,Kolkata,Vivo,Android,10.5,40.0,48.6,18,5.2,3392,3.3,2.1,1048,Work
U08610,49,Male,Bangalore,Samsung,Android,10.1,29.7,228.4,95,1.6,1167,5.7,4.6,563,Work
U08611,47,Male,Delhi,OnePlus,Android,9.3,39.4,296.4,85,5.6,704,4.7,2.9,227,Work
U08612,23,Male,Bangalore,Oppo,Android,5.6,47.7,185.7,167,1.9,7821,7.0,2.1,795,Gaming
U08613,36,Female,Jaipur,Xiaomi,iOS,4.9,25.9,100.7,115,4.5,9630,2.6,4.1,616,Gaming
U08614,45,Male,Chennai,Motorola,Android,8.3,24.9,44.8,45,0.6,3121,7.2,4.4,272,Social Media
U08615,27,Female,Chennai,Nokia,iOS,2.9,32.0,157.3,119,2.6,3077,3.1,4.5,1132,Social Media
U08616,36,Male,Ahmedabad,Oppo,Android,4.3,23.1,62.2,156,5.6,5022,5.0,4.8,573,Work
U08617,48,Other,Hyderabad,Oppo,iOS,4.8,8.2,6.5,156,3.5,6839,4.5,2.8,312,Gaming
U08618,58,Other,Mumbai,Oppo,Android,11.9,26.7,247.3,159,3.6,3103,7.3,1.0,617,Gaming
U08619,35,Male,Mumbai,Xiaomi,iOS,6.8,36.1,89.1,110,1.4,7425,2.1,3.6,1998,Social Media
U08620,59,Male,Jaipur,Apple,iOS,5.6,1.2,188.3,94,2.8,5356,2.1,2.3,1834,Education
U08621,55,Male,Hyderabad,Apple,iOS,3.1,26.0,32.1,112,5.2,9799,1.3,3.6,1154,Education
U08622,21,Female,Pune,Nokia,iOS,7.5,43.5,110.8,86,1.1,8433,4.5,1.8,1865,Gaming
U08623,19,Female,Delhi,Motorola,Android,10.6,37.8,45.7,152,3.8,7001,1.2,3.7,521,Work
U08624,27,Other,Lucknow,OnePlus,iOS,11.9,2.8,177.0,46,0.7,8771,1.7,2.5,286,Gaming
U08625,55,Female,Kolkata,Realme,iOS,8.9,9.2,52.2,181,1.1,3702,6.9,4.5,957,Gaming
U08626,43,Female,Ahmedabad,Motorola,iOS,11.0,44.8,180.1,176,5.8,5179,1.9,3.0,1744,Entertainment
U08627,23,Female,Pune,Samsung,Android,2.7,11.6,47.5,76,3.7,9359,2.6,2.6,1946,Social Media
U08628,36,Male,Lucknow,Oppo,Android,1.7,3.6,279.8,112,5.8,6828,5.4,0.0,129,Education
U08629,40,Female,Lucknow,Realme,Android,4.0,19.8,187.2,47,0.9,2529,1.0,2.2,1582,Gaming
U08630,17,Male,Jaipur,Nokia,iOS,6.2,15.7,106.4,91,1.0,3803,0.9,3.4,256,Education
U08631,42,Male,Hyderabad,OnePlus,iOS,9.5,19.9,118.6,134,1.6,6771,6.9,4.1,1179,Education
U08632,45,Female,Mumbai,Nokia,Android,9.5,4.1,190.1,94,4.4,5308,1.3,4.5,1168,Education
U08633,50,Male,Jaipur,Apple,Android,11.6,43.3,79.8,59,5.7,2330,4.3,4.0,207,Education
U08634,29,Other,Chennai,OnePlus,Android,4.7,6.5,275.8,37,3.9,6906,5.0,4.5,1940,Social Media
U08635,17,Male,Hyderabad,Oppo,iOS,3.2,36.2,249.4,161,4.8,5046,1.0,4.7,949,Entertainment
U08636,40,Other,Jaipur,Motorola,Android,7.2,39.4,22.1,11,5.1,9442,5.8,1.2,1265,Education
U08637,22,Other,Chennai,Xiaomi,iOS,7.5,21.3,272.8,64,0.5,2360,3.4,3.0,645,Education
U08638,54,Female,Lucknow,Motorola,Android,10.4,29.8,105.4,79,6.0,1980,0.5,2.0,1632,Gaming
U08639,56,Other,Bangalore,Motorola,Android,4.7,31.6,17.0,12,3.1,2105,7.2,4.7,1657,Education
U08640,49,Female,Lucknow,Oppo,Android,6.2,16.2,24.9,141,1.2,6759,2.7,5.0,377,Entertainment
U08641,31,Male,Chennai,Vivo,Android,6.9,42.3,45.0,79,5.4,1558,1.5,0.6,1424,Entertainment
U08642,43,Male,Lucknow,Motorola,iOS,6.6,41.5,133.1,23,4.4,4937,1.9,2.0,1881,Gaming
U08643,59,Other,Kolkata,Motorola,iOS,3.7,17.0,291.9,98,3.4,6150,1.6,0.9,335,Education
U08644,33,Female,Hyderabad,Nokia,iOS,3.2,13.8,175.8,22,4.7,6436,7.4,0.6,1093,Entertainment
U08645,18,Male,Hyderabad,Samsung,iOS,11.6,20.0,237.0,37,2.2,4102,7.9,1.8,1576,Gaming
U08646,50,Other,Hyderabad,Apple,Android,10.5,1.6,39.8,142,3.2,7382,6.9,3.2,1714,Gaming
U08647,31,Other,Mumbai,Samsung,Android,5.5,26.7,90.6,149,5.9,8415,1.6,3.3,1302,Education
U08648,54,Other,Lucknow,Nokia,iOS,5.0,43.9,183.6,49,3.0,1438,3.4,3.5,951,Gaming
U08649,21,Male,Chennai,Nokia,Android,2.5,45.3,288.8,143,2.8,1466,5.4,3.5,788,Work
U08650,53,Male,Hyderabad,Motorola,iOS,8.0,12.3,54.5,70,2.8,2755,1.4,0.2,1031,Gaming
U08651,60,Other,Ahmedabad,Realme,Android,4.5,16.7,144.7,35,0.6,340,4.2,1.2,1851,Social Media
U08652,58,Female,Delhi,Realme,iOS,6.8,20.0,127.6,133,1.8,2892,1.8,2.1,503,Social Media
U08653,19,Male,Delhi,Oppo,iOS,11.0,48.6,12.1,144,3.4,9955,2.9,1.8,953,Work
U08654,29,Male,Mumbai,Motorola,iOS,10.9,11.7,38.8,147,1.9,8536,3.9,1.9,1074,Education
U08655,46,Other,Lucknow,OnePlus,iOS,9.7,45.1,249.7,93,0.7,9857,7.3,4.8,1688,Education
U08656,29,Male,Pune,Nokia,iOS,7.8,26.6,203.8,129,2.2,6886,1.0,3.7,1590,Entertainment
U08657,28,Male,Ahmedabad,Xiaomi,iOS,11.7,33.1,261.8,197,3.7,4260,1.3,2.6,598,Education
U08658,25,Other,Bangalore,Oppo,iOS,1.7,49.4,52.5,60,3.2,9549,2.3,2.8,1232,Work
U08659,19,Other,Chennai,Realme,iOS,6.0,48.9,159.5,87,0.9,4658,2.8,1.6,569,Gaming
U08660,32,Female,Bangalore,Realme,iOS,8.7,9.1,59.3,56,0.5,8383,5.2,4.2,163,Entertainment
U08661,52,Other,Hyderabad,OnePlus,iOS,3.6,17.2,195.9,126,5.8,2388,2.2,3.9,1935,Entertainment
U08662,15,Other,Bangalore,Google Pixel,Android,6.0,35.2,95.1,162,4.0,8186,2.5,0.0,1973,Entertainment
U08663,31,Male,Mumbai,Realme,iOS,8.8,6.0,11.3,106,4.6,6887,1.7,3.3,973,Entertainment
U08664,19,Female,Kolkata,Apple,Android,3.5,5.2,22.6,99,2.3,2698,3.6,3.1,696,Education
U08665,54,Male,Hyderabad,Apple,iOS,6.1,12.9,251.9,191,3.7,4309,5.6,2.1,1961,Work
U08666,17,Other,Lucknow,Google Pixel,Android,4.0,27.3,49.1,109,2.1,9636,4.0,1.3,1167,Work
U08667,27,Other,Jaipur,Google Pixel,iOS,9.6,37.4,291.4,127,5.6,656,2.6,2.3,1796,Social Media
U08668,15,Female,Jaipur,Motorola,Android,11.7,31.1,92.1,82,2.0,4427,4.6,4.7,139,Gaming
U08669,49,Other,Hyderabad,Samsung,iOS,7.3,43.1,53.2,23,3.9,8797,7.2,0.4,1079,Education
U08670,59,Male,Bangalore,Motorola,Android,7.8,44.3,56.4,96,5.8,8494,5.1,3.0,1656,Entertainment
U08671,26,Female,Hyderabad,Google Pixel,iOS,3.2,40.0,40.9,14,1.8,9575,7.2,2.1,1783,Education
U08672,20,Female,Bangalore,Samsung,Android,6.8,29.0,13.7,61,3.3,6957,5.5,0.4,1680,Social Media
U08673,40,Other,Ahmedabad,OnePlus,iOS,10.9,49.0,139.7,88,2.9,7687,7.2,2.9,1783,Education
U08674,51,Other,Mumbai,Apple,Android,8.1,18.9,171.2,86,1.6,352,0.8,4.6,1177,Social Media
U08675,40,Other,Chennai,Vivo,Android,4.2,34.8,86.2,135,4.9,5487,6.0,1.3,1906,Gaming
U08676,36,Male,Pune,Oppo,Android,7.1,6.5,62.7,194,1.0,1736,1.4,3.8,1205,Education
U08677,24,Female,Mumbai,OnePlus,iOS,8.7,8.8,250.3,129,0.6,6290,2.9,2.4,1777,Social Media
U08678,15,Other,Jaipur,Motorola,Android,2.4,15.8,229.2,144,5.5,889,1.0,4.7,135,Education
U08679,25,Male,Hyderabad,Motorola,iOS,2.3,49.9,74.1,141,2.0,1356,2.4,0.7,687,Work
U08680,52,Female,Jaipur,Vivo,iOS,6.1,31.3,245.8,125,3.8,5259,2.1,0.5,520,Entertainment
U08681,36,Male,Hyderabad,Samsung,iOS,9.5,16.4,236.3,63,1.0,7018,7.4,1.6,1530,Gaming
U08682,58,Male,Pune,Motorola,Android,4.1,35.0,195.3,11,4.6,4015,3.2,1.5,1630,Education
U08683,54,Other,Mumbai,Vivo,Android,2.5,27.2,255.7,152,5.6,1486,0.7,0.3,1555,Gaming
U08684,19,Male,Mumbai,OnePlus,iOS,7.3,2.1,51.3,84,5.7,2242,5.1,4.8,582,Work
U08685,18,Other,Pune,Motorola,iOS,10.7,40.7,87.0,158,4.2,2698,0.5,1.9,410,Social Media
U08686,19,Male,Jaipur,Samsung,Android,5.8,26.2,70.1,96,1.3,3967,2.0,3.9,993,Social Media
U08687,27,Other,Hyderabad,Apple,Android,4.2,36.2,200.9,188,3.1,2273,1.9,1.3,623,Work
U08688,60,Other,Bangalore,Vivo,iOS,7.5,9.9,59.9,17,5.5,9144,2.1,3.0,1866,Education
U08689,27,Female,Chennai,Apple,iOS,9.2,43.7,260.2,17,3.3,2736,0.8,1.3,488,Education
U08690,23,Female,Pune,Oppo,Android,10.0,11.5,108.7,196,3.1,4871,4.2,4.5,707,Entertainment
U08691,53,Other,Hyderabad,Google Pixel,iOS,6.0,20.2,94.0,125,5.9,3712,5.3,1.2,627,Gaming
U08692,46,Female,Kolkata,Nokia,iOS,9.2,23.2,20.2,127,2.7,3589,1.3,2.6,818,Education
U08693,33,Male,Delhi,Motorola,iOS,9.6,3.2,170.0,12,1.8,9108,3.2,4.0,1142,Gaming
U08694,50,Female,Chennai,Oppo,iOS,10.4,30.2,240.5,123,1.7,7725,1.5,1.8,661,Social Media
U08695,59,Female,Mumbai,OnePlus,Android,8.6,28.2,280.7,152,4.3,4120,4.1,1.8,1801,Gaming
U08696,44,Male,Mumbai,OnePlus,Android,8.5,15.6,46.6,149,2.5,9413,5.4,4.6,1188,Gaming
U08697,52,Male,Lucknow,Motorola,Android,9.9,21.6,85.6,51,1.2,7983,3.2,0.1,1631,Entertainment
U08698,29,Female,Lucknow,Google Pixel,iOS,4.1,36.5,182.9,115,4.3,9224,6.2,3.3,1435,Social Media
U08699,25,Male,Hyderabad,Realme,Android,11.9,3.2,168.1,36,1.5,6239,5.3,2.9,1487,Education
U08700,46,Other,Jaipur,Xiaomi,iOS,4.5,39.7,247.5,27,3.2,7176,4.3,1.9,1637,Social Media
U08701,40,Male,Pune,Motorola,iOS,8.8,39.5,56.3,14,0.8,3884,5.0,0.4,1037,Entertainment
U08702,40,Other,Kolkata,Google Pixel,Android,11.6,42.7,88.3,124,2.7,6294,6.5,3.3,729,Social Media
U08703,40,Other,Lucknow,Realme,iOS,4.9,21.7,285.4,175,2.2,1200,2.9,2.3,1315,Social Media
U08704,22,Female,Jaipur,Apple,Android,9.8,3.7,145.0,61,2.7,9379,5.3,4.9,1537,Work
U08705,22,Male,Pune,Realme,Android,1.4,48.5,70.2,136,5.4,9921,4.6,3.9,1536,Education
U08706,25,Female,Jaipur,Motorola,iOS,4.5,4.5,237.3,98,1.0,3769,5.8,1.2,1125,Gaming
U08707,52,Female,Lucknow,Xiaomi,iOS,2.9,30.7,167.9,79,5.1,296,5.2,0.4,694,Entertainment
U08708,48,Other,Ahmedabad,Vivo,Android,8.8,44.9,23.4,20,5.0,1439,3.6,2.7,1863,Entertainment
U08709,19,Female,Kolkata,Xiaomi,iOS,4.7,12.8,59.0,70,5.5,2520,3.1,1.3,221,Social Media
U08710,59,Female,Chennai,Realme,iOS,8.4,14.7,106.9,19,1.4,9767,6.1,2.5,708,Work
U08711,54,Male,Chennai,Motorola,Android,8.7,10.2,296.8,51,4.2,7551,5.4,1.6,1824,Social Media
U08712,57,Other,Pune,Xiaomi,iOS,2.5,26.7,199.1,101,1.8,9086,3.4,4.0,1469,Entertainment
U08713,57,Female,Lucknow,Apple,iOS,4.5,21.6,15.9,179,2.3,3632,0.9,0.1,1139,Work
U08714,49,Female,Chennai,Oppo,Android,4.9,3.7,30.4,134,5.7,6977,5.6,2.9,337,Entertainment
U08715,18,Male,Delhi,Oppo,Android,4.8,45.3,283.4,67,5.7,4126,6.0,1.0,214,Work
U08716,24,Other,Pune,Apple,Android,9.7,10.4,285.6,48,2.6,1622,2.5,4.6,109,Social Media
U08717,19,Female,Pune,Oppo,Android,4.5,12.8,118.1,38,5.3,1838,7.7,4.3,1086,Education
U08718,43,Other,Chennai,Xiaomi,iOS,5.9,34.4,173.1,95,1.7,8356,1.2,2.4,1798,Education
U08719,58,Female,Ahmedabad,OnePlus,Android,8.3,21.5,208.7,134,5.5,1130,5.6,1.8,740,Gaming
U08720,58,Male,Pune,Nokia,Android,6.5,12.1,119.4,171,2.9,9901,7.1,2.6,1330,Entertainment
U08721,23,Female,Kolkata,Motorola,iOS,9.4,6.3,57.1,141,1.6,3866,6.1,2.1,118,Gaming
U08722,18,Female,Hyderabad,Samsung,Android,8.9,8.7,283.7,56,2.3,9618,7.1,1.8,851,Entertainment
U08723,27,Male,Delhi,Oppo,Android,6.3,6.1,242.0,10,5.0,4260,2.1,3.9,1151,Work
U08724,32,Male,Kolkata,Samsung,Android,2.8,3.5,181.8,61,2.3,1782,1.5,3.2,968,Gaming
U08725,25,Female,Chennai,Vivo,Android,10.3,41.8,189.3,186,2.9,1214,4.2,0.2,819,Education
U08726,16,Other,Hyderabad,Google Pixel,Android,5.8,2.4,161.3,181,5.2,5550,7.2,3.4,292,Social Media
U08727,57,Male,Mumbai,Google Pixel,iOS,6.6,33.2,234.4,100,2.0,6367,7.3,4.1,1431,Social Media
U08728,55,Female,Hyderabad,Nokia,iOS,3.8,8.8,90.4,191,2.0,1770,1.5,3.2,941,Work
U08729,37,Other,Ahmedabad,Google Pixel,Android,9.4,1.1,110.2,14,3.8,3741,7.7,2.3,930,Social Media
U08730,29,Male,Delhi,Google Pixel,iOS,3.7,38.9,237.6,200,4.1,7620,7.1,0.8,1877,Education
U08731,37,Other,Chennai,Vivo,iOS,7.3,36.3,148.4,57,5.5,3925,1.1,1.6,1685,Gaming
U08732,58,Female,Pune,Samsung,iOS,5.1,1.9,85.7,154,2.4,2639,7.2,4.1,119,Education
U08733,19,Male,Delhi,Apple,Android,9.9,24.2,119.8,190,5.3,625,1.8,4.7,1092,Education
U08734,25,Female,Hyderabad,Apple,iOS,2.9,41.5,55.0,13,3.8,7094,3.2,1.3,1586,Social Media
U08735,25,Male,Lucknow,Google Pixel,Android,11.0,30.8,36.8,163,2.0,879,6.4,0.1,1987,Education
U08736,18,Other,Mumbai,Oppo,Android,1.0,9.9,39.8,25,5.6,359,7.3,4.8,548,Gaming
U08737,15,Other,Lucknow,Samsung,iOS,6.6,4.4,84.5,18,5.5,2747,6.3,1.9,769,Entertainment
U08738,45,Female,Delhi,OnePlus,Android,4.6,48.4,54.7,60,5.7,4486,7.8,1.2,1864,Education
U08739,50,Male,Mumbai,Xiaomi,iOS,2.6,48.9,64.9,181,2.6,8178,2.0,1.8,785,Social Media
U08740,53,Other,Jaipur,Xiaomi,iOS,1.3,19.8,234.7,42,4.4,1714,7.6,0.0,1747,Gaming
U08741,16,Other,Mumbai,Oppo,iOS,11.4,21.5,123.7,16,5.3,3559,3.5,1.2,1757,Social Media
U08742,27,Female,Jaipur,Motorola,iOS,3.4,36.3,34.4,11,1.0,3363,6.8,4.0,1565,Gaming
U08743,42,Other,Delhi,Motorola,Android,11.1,1.2,78.7,168,2.4,8171,3.0,4.9,656,Work
U08744,45,Other,Pune,OnePlus,iOS,4.5,32.1,15.2,33,2.7,529,2.6,1.5,982,Gaming
U08745,23,Female,Chennai,Google Pixel,iOS,7.8,21.0,142.3,81,1.0,4115,0.7,4.0,1048,Education
U08746,49,Female,Hyderabad,Nokia,Android,3.8,9.6,87.4,44,5.6,954,6.1,2.9,231,Work
U08747,26,Female,Bangalore,Apple,Android,10.4,35.8,239.3,58,5.7,7304,6.7,4.5,1302,Gaming
U08748,60,Male,Mumbai,Vivo,iOS,6.8,16.4,285.9,93,3.6,658,0.7,2.5,1823,Gaming
U08749,45,Other,Pune,Oppo,iOS,5.5,29.3,268.8,116,0.6,5318,6.5,1.2,1270,Social Media
U08750,23,Other,Bangalore,Oppo,Android,5.9,45.4,93.0,72,2.9,4308,4.7,4.3,1438,Education
U08751,57,Male,Chennai,Realme,Android,7.5,24.6,78.9,170,5.2,2184,5.5,1.0,1704,Education
U08752,32,Female,Hyderabad,Nokia,Android,1.1,1.6,166.0,155,3.5,4919,6.3,0.3,414,Social Media
U08753,51,Female,Bangalore,Google Pixel,Android,5.4,14.3,34.1,37,5.8,1582,4.9,4.4,276,Gaming
U08754,33,Female,Chennai,Google Pixel,iOS,6.5,38.1,207.5,61,0.5,8905,2.1,2.6,361,Gaming
U08755,47,Other,Pune,Samsung,iOS,4.0,37.6,90.4,60,0.9,8369,2.7,0.9,1469,Social Media
U08756,15,Female,Kolkata,Google Pixel,Android,10.2,20.1,221.9,134,1.2,3962,2.6,2.0,354,Work
U08757,52,Male,Mumbai,OnePlus,Android,9.5,46.9,175.0,117,2.5,5158,5.2,1.4,936,Work
U08758,35,Other,Kolkata,Apple,Android,10.0,24.7,178.3,96,5.0,8941,2.1,4.2,402,Social Media
U08759,52,Male,Jaipur,Apple,iOS,7.1,36.0,154.7,33,4.9,1144,1.7,2.7,1879,Gaming
U08760,43,Female,Pune,Motorola,iOS,7.0,15.0,86.4,37,3.6,6057,5.3,3.6,975,Entertainment
U08761,17,Other,Delhi,Oppo,iOS,7.9,37.4,40.9,31,5.4,3659,2.2,1.5,1897,Education
U08762,33,Female,Mumbai,OnePlus,iOS,10.3,31.9,263.9,140,4.8,5662,4.9,2.1,783,Work
U08763,25,Male,Chennai,Nokia,Android,3.8,42.9,224.4,43,5.7,8306,6.7,3.2,664,Education
U08764,56,Other,Delhi,Motorola,iOS,7.2,2.1,59.4,53,4.9,2701,5.1,3.9,1122,Education
U08765,27,Other,Bangalore,Samsung,Android,10.4,41.4,85.0,176,5.0,6581,7.1,2.9,470,Gaming
U08766,46,Female,Delhi,Motorola,Android,2.4,2.9,295.7,51,1.8,8116,6.7,2.9,1996,Entertainment
U08767,22,Female,Delhi,Google Pixel,Android,10.7,3.7,132.2,67,2.9,8087,1.5,2.1,1269,Social Media
U08768,57,Female,Ahmedabad,Samsung,Android,10.8,3.8,20.0,22,5.7,8975,5.0,2.4,1233,Work
U08769,47,Male,Chennai,Motorola,iOS,9.3,26.7,228.2,24,1.5,8515,4.3,1.9,1431,Work
U08770,50,Male,Chennai,Samsung,iOS,4.9,17.0,110.9,61,2.4,8164,7.7,2.9,1102,Education
U08771,47,Male,Bangalore,Realme,Android,11.9,37.9,281.3,64,4.5,5005,7.0,3.9,1493,Entertainment
U08772,58,Male,Bangalore,OnePlus,iOS,8.7,18.8,121.6,166,1.8,3205,2.7,0.1,546,Work
U08773,15,Female,Chennai,Google Pixel,iOS,10.9,6.9,97.4,155,2.0,9412,4.8,4.8,1597,Work
U08774,15,Female,Mumbai,OnePlus,iOS,1.1,15.0,97.8,110,2.1,8437,0.6,4.1,416,Work
U08775,21,Male,Lucknow,Nokia,iOS,10.5,44.7,159.0,145,3.9,8912,2.2,3.8,919,Entertainment
U08776,43,Male,Lucknow,Apple,Android,8.4,12.4,16.1,119,3.8,8204,3.8,4.2,1834,Work
U08777,31,Female,Chennai,Nokia,iOS,1.6,33.5,149.4,75,1.5,7236,8.0,4.6,1209,Education
U08778,46,Other,Delhi,OnePlus,Android,8.0,34.1,47.8,66,5.8,4604,5.0,3.6,1754,Work
U08779,18,Male,Hyderabad,Google Pixel,Android,1.2,41.5,56.0,99,3.3,660,8.0,0.5,1905,Gaming
U08780,35,Other,Delhi,Oppo,iOS,8.6,13.5,107.6,193,4.1,4112,2.1,1.9,430,Entertainment
U08781,26,Other,Kolkata,Samsung,iOS,9.3,21.2,278.9,139,3.3,6057,6.5,0.4,1132,Gaming
U08782,21,Other,Kolkata,Realme,iOS,11.3,22.7,128.7,143,0.8,9884,1.0,0.7,1645,Gaming
U08783,47,Female,Pune,Vivo,Android,4.0,1.4,52.2,94,4.1,9843,3.2,1.9,647,Work
U08784,45,Male,Kolkata,Google Pixel,Android,6.7,48.2,181.0,100,5.8,1815,7.9,2.1,372,Entertainment
U08785,32,Other,Lucknow,Xiaomi,iOS,12.0,33.5,216.8,18,0.5,8238,6.0,4.7,507,Education
U08786,27,Other,Delhi,Samsung,Android,6.5,45.3,283.2,142,5.0,8556,7.7,3.6,1651,Education
U08787,59,Female,Ahmedabad,Vivo,Android,2.3,12.3,194.6,122,2.3,8152,4.1,2.8,1822,Social Media
U08788,32,Male,Hyderabad,Oppo,iOS,2.9,28.7,211.0,66,4.6,4453,7.0,0.0,1593,Gaming
U08789,51,Female,Hyderabad,Apple,Android,4.1,35.5,96.5,63,0.6,9623,6.9,0.5,1860,Work
U08790,50,Male,Pune,Samsung,iOS,7.5,28.7,226.4,134,3.0,2517,2.0,1.2,1616,Education
U08791,30,Female,Pune,Realme,Android,11.6,22.5,112.0,187,0.9,4296,1.0,4.4,240,Social Media
U08792,53,Female,Chennai,Oppo,iOS,10.5,34.5,173.2,104,5.6,6914,2.1,3.6,1224,Gaming
U08793,34,Other,Pune,Motorola,Android,11.8,42.2,65.9,17,2.0,8326,2.0,2.0,205,Education
U08794,55,Female,Pune,Vivo,Android,4.7,15.5,31.6,62,1.0,7562,2.2,0.8,224,Work
U08795,23,Male,Bangalore,Vivo,Android,8.8,12.0,133.3,21,4.2,8834,5.5,0.5,1045,Entertainment
U08796,57,Male,Pune,Google Pixel,Android,9.8,45.2,40.3,54,5.8,373,5.2,1.8,1948,Work
U08797,48,Female,Ahmedabad,Xiaomi,iOS,9.3,29.4,180.4,131,2.8,9084,6.8,0.1,137,Work
U08798,58,Female,Bangalore,Samsung,iOS,4.1,4.7,137.8,54,1.7,3948,0.7,3.2,1398,Education
U08799,34,Female,Chennai,Xiaomi,Android,10.7,24.4,276.7,170,1.6,2448,3.6,0.9,1438,Gaming
U08800,16,Female,Bangalore,OnePlus,Android,10.1,33.6,289.2,37,3.2,2941,4.3,2.4,1681,Social Media
U08801,60,Other,Jaipur,Realme,Android,8.7,26.0,79.6,24,3.5,139,5.5,3.3,634,Entertainment
U08802,27,Female,Kolkata,Realme,iOS,10.8,14.0,146.6,189,3.2,2721,2.5,2.2,375,Entertainment
U08803,19,Female,Kolkata,Samsung,iOS,4.6,5.7,185.3,136,2.5,8768,4.1,4.5,206,Social Media
U08804,33,Other,Mumbai,Motorola,Android,10.3,6.4,142.8,25,0.8,541,7.6,2.7,1313,Entertainment
U08805,36,Other,Pune,Google Pixel,Android,7.5,16.1,108.1,113,4.7,1046,2.6,1.5,474,Work
U08806,27,Other,Kolkata,Nokia,iOS,1.6,44.0,246.7,154,3.2,8537,4.4,2.8,546,Work
U08807,38,Male,Mumbai,Apple,Android,5.6,5.6,51.1,176,2.3,5518,2.4,2.8,1454,Gaming
U08808,26,Other,Pune,Motorola,iOS,11.3,37.6,224.9,140,0.9,9472,1.4,0.3,151,Work
U08809,17,Other,Lucknow,OnePlus,iOS,10.3,34.8,49.6,50,1.5,4624,4.8,0.7,896,Entertainment
U08810,47,Female,Pune,Oppo,Android,1.9,45.6,134.7,136,5.9,1607,6.0,2.2,723,Work
U08811,41,Female,Hyderabad,Realme,Android,10.4,42.3,24.0,67,2.3,6002,5.7,2.5,1885,Gaming
U08812,38,Other,Mumbai,OnePlus,iOS,5.0,5.3,209.2,161,5.0,9623,6.3,0.5,217,Gaming
U08813,57,Female,Pune,Apple,iOS,5.6,30.6,216.0,33,5.9,5861,5.6,0.7,927,Entertainment
U08814,51,Other,Jaipur,Apple,iOS,5.6,1.4,232.6,177,5.3,3959,6.7,3.1,1791,Education
U08815,55,Other,Kolkata,Xiaomi,Android,8.7,48.0,52.8,10,2.8,1098,6.9,0.0,249,Entertainment
U08816,47,Female,Delhi,Apple,iOS,9.5,18.7,118.1,45,5.7,195,3.4,2.1,1254,Work
U08817,53,Male,Chennai,Xiaomi,Android,2.7,18.8,22.7,179,2.0,5684,7.8,4.5,228,Education
U08818,29,Other,Ahmedabad,Motorola,iOS,9.6,5.3,34.3,77,3.6,8467,4.2,4.1,1459,Social Media
U08819,15,Female,Jaipur,Motorola,Android,4.5,27.4,144.2,108,1.0,8506,0.9,3.7,1152,Social Media
U08820,23,Female,Kolkata,Realme,iOS,9.7,1.6,119.6,117,0.6,9549,3.2,3.6,293,Entertainment
U08821,18,Female,Kolkata,Apple,iOS,3.6,7.3,82.0,144,4.6,4327,1.4,2.6,370,Entertainment
U08822,54,Male,Mumbai,Realme,iOS,8.5,44.1,8.1,199,2.1,9262,7.3,4.1,1833,Entertainment
U08823,36,Female,Kolkata,Xiaomi,Android,4.6,17.5,109.8,73,1.7,5131,4.6,1.3,208,Gaming
U08824,30,Other,Kolkata,OnePlus,iOS,11.9,40.7,264.4,138,1.7,4823,3.2,2.8,592,Entertainment
U08825,49,Male,Kolkata,Vivo,iOS,6.4,5.0,218.4,113,1.9,5440,2.9,0.8,339,Entertainment
U08826,56,Other,Bangalore,Vivo,iOS,6.6,26.6,225.0,156,5.0,3003,3.8,1.0,1278,Gaming
U08827,41,Male,Delhi,Samsung,Android,11.7,10.6,246.1,150,2.8,7341,2.1,4.1,797,Entertainment
U08828,59,Female,Jaipur,Xiaomi,iOS,10.8,7.4,68.4,81,1.0,8421,6.1,2.5,1670,Education
U08829,60,Male,Pune,Vivo,Android,7.0,24.3,55.6,88,2.8,8188,3.5,0.2,1840,Gaming
U08830,58,Other,Jaipur,Realme,Android,2.4,29.4,6.2,73,3.5,2140,6.9,4.0,471,Social Media
U08831,54,Female,Ahmedabad,OnePlus,iOS,5.2,24.3,129.5,30,1.4,9806,2.0,0.9,440,Social Media
U08832,41,Female,Pune,Realme,iOS,2.1,5.4,56.7,19,4.8,5519,7.1,3.8,1729,Education
U08833,53,Female,Mumbai,Samsung,Android,1.6,30.8,62.3,58,5.9,9732,2.0,2.7,720,Social Media
U08834,52,Female,Kolkata,Nokia,iOS,6.5,22.9,243.5,48,3.3,5099,4.8,4.7,324,Entertainment
U08835,57,Other,Kolkata,Vivo,Android,8.5,41.4,201.8,157,2.3,9663,1.4,1.4,215,Social Media
U08836,32,Male,Bangalore,Motorola,Android,1.9,16.0,97.8,90,5.0,1265,4.4,1.4,1522,Gaming
U08837,56,Other,Bangalore,Motorola,Android,7.4,22.8,25.4,62,3.9,9689,1.5,4.5,852,Gaming
U08838,18,Male,Chennai,Nokia,Android,4.0,20.0,239.7,136,2.1,8205,5.1,1.9,1725,Gaming
U08839,42,Male,Kolkata,Vivo,Android,5.8,47.1,49.4,87,5.0,2120,3.9,2.8,1174,Gaming
U08840,19,Female,Lucknow,Motorola,iOS,8.7,19.3,229.2,55,5.7,6150,1.2,2.4,205,Gaming
U08841,22,Male,Jaipur,Samsung,Android,6.8,43.2,94.6,24,3.3,9758,6.3,2.4,1606,Social Media
