User ID,Age,Gender,Location,Phone Brand,OS,Screen Time (hrs/day),Data Usage (GB/month),Calls Duration (mins/day),Number of Apps Installed,Social Media Time (hrs/day),E-commerce Spend (INR/month),Streaming Time (hrs/day),Gaming Time (hrs/day),Monthly Recharge Cost (INR),Primary Use
U08842,33,Female,Lucknow,Nokia,iOS,4.3,5.6,88.7,165,1.7,3515,4.6,1.8,362,Work
U08843,40,Female,Delhi,Motorola,Android,1.2,39.4,284.1,135,2.0,9108,5.4,3.7,1587,Gaming
U08844,19,Female,Pune,Nokia,iOS,10.8,40.2,77.1,173,4.6,9575,2.4,4.9,462,Social Media
U08845,46,Male,Hyderabad,Samsung,Android,6.8,18.3,183.6,120,4.6,6835,5.4,2.0,1048,Education
U08846,27,Other,Bangalore,Vivo,Android,3.9,42.5,165.2,168,5.8,2884,3.7,0.3,867,Work
U08847,50,Other,Mumbai,Realme,iOS,5.7,10.6,68.4,113,4.0,9932,4.4,1.9,1093,Education
U08848,60,Male,Pune,Samsung,iOS,9.7,20.5,74.6,193,5.5,6515,0.9,1.2,1663,Gaming
U08849,55,Male,Lucknow,Oppo,iOS,9.6,49.4,87.2,106,3.0,6001,3.9,1.8,1262,Entertainment
U08850,58,Female,Delhi,Oppo,Android,9.9,14.2,194.6,96,2.3,7592,5.3,3.2,901,Entertainment
U08851,31,Female,Bangalore,Vivo,Android,1.8,47.0,174.3,80,4.6,8025,6.5,3.9,156,Entertainment
U08852,31,Other,Jaipur,Nokia,Android,7.1,36.1,121.1,200,5.8,4597,1.0,3.5,1979,Entertainment
U08853,18,Male,Hyderabad,Google Pixel,Android,7.6,43.6,228.3,191,1.2,2661,4.0,2.3,223,Education
U08854,33,Female,Bangalore,Samsung,iOS,6.8,4.1,172.8,76,0.5,1130,1.7,0.2,1940,Entertainment
U08855,50,Other,Delhi,Realme,Android,10.9,13.3,286.0,97,1.2,2554,5.4,2.8,1592,Gaming
U08856,35,Male,Delhi,Nokia,Android,3.1,48.1,76.6,109,1.9,4580,2.4,0.9,1209,Social Media
U08857,49,Male,Jaipur,Oppo,Android,3.2,14.2,67.4,194,1.4,7413,3.1,0.8,1590,Education
U08858,49,Female,Ahmedabad,Samsung,Android,9.1,46.0,20.4,171,1.5,2680,7.9,2.5,1563,Education
U08859,44,Other,Delhi,Nokia,iOS,6.6,34.8,177.7,190,3.6,5837,2.7,4.6,1287,Entertainment
U08860,39,Female,Pune,Xiaomi,Android,2.8,30.2,228.1,121,1.0,2063,6.1,2.7,1061,Gaming
U08861,43,Male,Ahmedabad,Apple,iOS,10.0,16.7,136.1,61,5.4,2717,2.0,1.4,1065,Social Media
U08862,25,Other,Chennai,Apple,iOS,7.6,3.0,43.7,72,3.6,4408,7.6,1.6,648,Education
U08863,34,Male,Ahmedabad,Apple,iOS,10.2,27.7,73.7,121,6.0,270,3.4,3.6,370,Education
U08864,27,Female,Jaipur,Samsung,iOS,10.7,42.6,29.1,123,2.2,7393,4.7,2.5,688,Social Media
U08865,39,Other,Jaipur,Motorola,Android,7.4,5.0,255.5,133,2.7,4011,7.4,4.2,914,Social Media
U08866,20,Male,Pune,Vivo,Android,8.3,13.1,258.3,99,3.4,2055,7.4,2.9,1748,Education
U08867,19,Male,Pune,Motorola,iOS,1.3,37.2,43.1,128,4.7,9321,0.9,1.7,666,Work
U08868,20,Other,Chennai,Motorola,Android,2.4,37.7,118.4,49,5.8,6770,6.3,2.9,484,Education
U08869,29,Female,Bangalore,Vivo,Android,4.6,44.4,24.9,53,1.3,968,1.5,1.2,131,Entertainment
U08870,22,Female,Chennai,Realme,iOS,11.3,28.9,132.2,126,0.9,168,6.7,0.9,1301,Entertainment
U08871,55,Other,Chennai,Xiaomi,iOS,10.2,5.1,72.6,89,1.1,1972,5.1,3.6,290,Gaming
U08872,19,Other,Mumbai,Google Pixel,iOS,6.8,31.8,150.8,141,2.0,9646,0.7,3.1,1350,Work
U08873,51,Male,Ahmedabad,Motorola,iOS,4.9,15.0,114.0,94,5.8,3554,4.7,2.5,1182,Work
U08874,39,Other,Bangalore,Realme,iOS,9.6,13.0,173.6,183,3.3,8330,1.2,3.7,1191,Entertainment
U08875,53,Other,Jaipur,Google Pixel,iOS,11.1,33.7,68.4,114,1.1,3298,0.8,3.7,520,Gaming
U08876,40,Other,Kolkata,OnePlus,iOS,7.0,43.5,204.5,169,0.5,5524,6.3,2.4,1989,Entertainment
U08877,43,Male,Ahmedabad,Realme,iOS,1.8,45.3,232.6,89,2.0,2511,4.3,5.0,1388,Work
U08878,15,Male,Ahmedabad,Motorola,Android,5.7,49.1,264.2,39,2.6,3555,0.5,2.7,512,Education
U08879,56,Male,Ahmedabad,Realme,iOS,11.7,18.4,183.1,127,3.8,124,1.9,0.2,1319,Social Media
U08880,28,Other,Lucknow,Xiaomi,Android,11.8,41.0,189.7,147,3.8,8626,3.7,1.6,197,Gaming
U08881,34,Male,Jaipur,OnePlus,Android,9.7,4.0,164.8,79,1.2,4796,5.2,2.3,593,Gaming
U08882,50,Other,Mumbai,Realme,iOS,3.9,43.6,183.5,136,5.8,8981,6.2,1.6,158,Entertainment
U08883,37,Other,Pune,Xiaomi,iOS,3.2,2.2,85.6,186,0.7,9829,6.6,0.8,120,Education
U08884,46,Male,Jaipur,Realme,Android,9.6,47.0,190.7,27,4.0,5082,3.2,3.5,570,Education
U08885,42,Female,Jaipur,Oppo,Android,2.6,28.5,84.5,112,2.2,276,7.8,2.1,332,Entertainment
U08886,55,Other,Delhi,Nokia,iOS,4.8,6.9,180.5,51,2.0,2557,3.4,3.5,142,Work
U08887,32,Female,Bangalore,Google Pixel,iOS,10.6,21.4,148.7,78,4.2,2683,0.9,3.2,1585,Entertainment
U08888,35,Male,Ahmedabad,Motorola,Android,2.5,30.7,5.2,151,5.8,8027,4.1,1.5,827,Education
U08889,38,Other,Kolkata,Realme,iOS,5.4,42.5,286.5,134,6.0,266,6.8,4.1,570,Work
U08890,48,Female,Pune,Xiaomi,Android,10.4,13.8,272.1,182,1.2,4845,4.5,3.8,632,Work
U08891,45,Other,Pune,Google Pixel,Android,3.2,14.9,91.7,99,5.4,4722,3.4,4.6,136,Entertainment
U08892,16,Other,Hyderabad,Samsung,iOS,11.4,19.5,222.7,130,3.7,3097,3.3,4.6,1836,Work
U08893,46,Female,Delhi,Apple,Android,6.0,23.8,121.4,162,2.3,7986,5.7,4.2,1171,Work
U08894,38,Other,Pune,Vivo,iOS,4.9,7.4,41.6,51,5.5,1875,4.4,1.3,1495,Work
U08895,58,Other,Mumbai,Nokia,iOS,10.5,25.5,176.9,29,1.1,8017,4.9,1.0,1895,Gaming
U08896,38,Male,Jaipur,Motorola,Android,8.6,39.2,23.6,174,2.2,4356,3.6,1.6,308,Education
U08897,34,Male,Chennai,Nokia,Android,11.2,9.2,175.3,88,1.7,3130,2.2,0.6,797,Social Media
U08898,23,Female,Jaipur,Xiaomi,iOS,11.6,34.2,213.3,175,1.5,3788,3.2,4.9,1633,Education
U08899,44,Other,Hyderabad,Samsung,Android,6.9,6.3,195.7,64,2.7,4657,1.0,2.5,712,Entertainment
U08900,45,Female,Pune,Samsung,iOS,5.4,6.0,47.9,165,5.0,1326,0.7,2.5,1219,Work
U08901,44,Male,Mumbai,Google Pixel,iOS,1.6,28.1,255.9,76,2.6,4419,2.9,1.4,1995,Education
U08902,21,Male,Jaipur,Nokia,iOS,3.3,11.3,202.2,123,4.2,8453,5.1,3.9,675,Social Media
U08903,59,Female,Lucknow,Apple,iOS,8.9,30.0,148.5,70,1.4,8699,1.4,0.9,1323,Education
U08904,34,Other,Mumbai,Vivo,Android,4.1,41.3,164.8,121,2.2,1019,3.1,0.8,804,Gaming
U08905,58,Female,Mumbai,Vivo,Android,7.0,30.2,27.4,190,2.0,6135,6.1,0.5,419,Work
U08906,49,Other,Mumbai,Motorola,Android,10.1,33.1,231.3,29,3.3,6446,4.7,2.8,1359,Gaming
U08907,56,Other,Pune,OnePlus,Android,1.5,46.6,16.8,18,5.6,9265,3.3,3.5,1027,Work
U08908,26,Female,Delhi,Google Pixel,iOS,4.4,32.1,124.1,179,4.4,6092,1.6,3.0,1830,Entertainment
U08909,52,Male,Mumbai,Google Pixel,Android,11.8,16.3,90.1,10,5.2,8235,4.7,1.1,633,Social Media
U08910,59,Male,Pune,Google Pixel,Android,10.7,22.4,106.3,118,4.6,5792,2.4,2.1,611,Work
U08911,26,Male,Delhi,Nokia,Android,11.4,35.1,111.0,55,2.1,6298,6.0,4.2,189,Social Media
U08912,60,Other,Lucknow,Google Pixel,Android,7.6,37.0,135.2,110,2.7,4866,5.6,3.5,1288,Education
U08913,39,Female,Mumbai,Vivo,Android,2.1,36.0,147.7,67,1.6,6865,1.5,0.4,249,Education
U08914,16,Female,Mumbai,OnePlus,Android,6.8,27.6,77.7,197,5.1,2616,0.8,1.4,287,Social Media
U08915,60,Other,Jaipur,Vivo,Android,7.6,24.1,15.5,152,3.0,9389,3.9,0.7,525,Social Media
U08916,32,Female,Jaipur,Realme,iOS,5.0,14.0,149.8,55,0.7,6427,4.7,2.8,215,Entertainment
U08917,57,Other,Jaipur,Vivo,iOS,5.5,38.6,44.3,111,1.3,437,4.5,3.9,1367,Work
U08918,46,Female,Chennai,OnePlus,iOS,6.6,14.5,272.8,58,3.6,2855,4.8,1.7,635,Work
U08919,33,Male,Pune,Oppo,Android,4.0,4.6,65.5,159,4.5,7318,7.8,2.0,817,Gaming
U08920,50,Male,Ahmedabad,Samsung,iOS,5.0,46.6,38.9,114,2.2,4278,2.8,0.2,231,Education
U08921,32,Other,Chennai,Vivo,iOS,9.0,46.9,254.1,178,4.9,948,6.5,4.7,148,Work
U08922,32,Male,Kolkata,Nokia,iOS,11.0,27.2,136.7,67,5.5,2067,3.5,4.9,1572,Education
U08923,26,Male,Delhi,Motorola,Android,8.9,18.4,66.1,185,2.8,7722,3.3,0.7,210,Entertainment
U08924,35,Female,Pune,Realme,Android,4.8,16.0,177.2,40,3.3,4454,5.3,4.7,901,Work
U08925,48,Male,Mumbai,Google Pixel,iOS,4.1,40.6,137.4,105,3.4,4261,2.3,0.4,994,Social Media
U08926,40,Female,Bangalore,Vivo,Android,9.0,1.9,226.3,104,4.2,822,1.0,3.6,1633,Education
U08927,48,Male,Delhi,Nokia,iOS,9.8,12.9,8.4,77,0.5,3031,1.2,1.8,120,Education
U08928,56,Male,Lucknow,Apple,iOS,4.0,22.3,134.9,52,2.6,1555,2.0,1.0,1651,Social Media
U08929,34,Female,Pune,Realme,Android,7.5,13.7,79.4,55,1.3,5944,6.7,0.9,1012,Work
U08930,39,Female,Pune,Nokia,iOS,11.1,20.6,11.8,121,3.7,2085,4.8,2.8,1896,Social Media
U08931,45,Other,Delhi,Oppo,iOS,9.2,4.3,298.9,27,2.9,9100,7.8,4.9,1138,Entertainment
U08932,22,Female,Kolkata,Google Pixel,Android,8.0,41.0,250.6,99,2.5,2024,2.5,4.2,1517,Social Media
U08933,24,Other,Lucknow,Motorola,iOS,2.0,34.5,101.1,167,3.5,8193,4.4,0.9,1875,Social Media
U08934,38,Male,Pune,OnePlus,iOS,11.2,45.5,178.0,69,3.8,5900,3.9,1.3,1238,Gaming
U08935,43,Other,Delhi,Motorola,Android,6.3,13.3,43.0,99,5.2,2267,2.0,2.0,1294,Gaming
U08936,57,Female,Kolkata,OnePlus,Android,3.5,37.8,180.0,132,0.8,2107,3.2,4.1,341,Gaming
U08937,31,Male,Kolkata,OnePlus,Android,2.0,32.4,17.6,23,1.8,1860,1.4,1.2,1523,Education
U08938,57,Female,Chennai,Realme,iOS,11.1,27.6,47.5,81,5.8,3500,1.1,1.0,944,Education
U08939,55,Other,Bangalore,Oppo,Android,1.5,20.4,185.8,166,1.8,1244,1.5,1.8,762,Education
U08940,21,Female,Mumbai,Xiaomi,Android,4.2,46.5,231.2,112,5.7,6394,2.2,4.6,882,Entertainment
U08941,45,Male,Hyderabad,Oppo,Android,9.8,46.8,252.5,44,1.7,8401,1.3,1.6,324,Work
U08942,46,Male,Mumbai,Google Pixel,Android,8.1,14.6,206.4,60,3.0,6710,2.5,2.7,451,Entertainment
U08943,26,Female,Lucknow,Google Pixel,Android,3.3,26.7,153.6,78,5.7,2020,6.5,1.3,345,Education
U08944,54,Other,Mumbai,Samsung,Android,9.1,3.3,126.6,82,4.1,5922,2.5,4.6,320,Entertainment
U08945,37,Female,Delhi,Google Pixel,Android,11.3,11.9,134.9,120,2.0,5167,6.1,3.1,797,Social Media
U08946,49,Other,Delhi,Realme,iOS,9.9,7.7,106.8,179,4.6,7740,0.7,1.7,1255,Entertainment
U08947,47,Female,Jaipur,Vivo,Android,6.6,35.7,55.4,53,4.2,4101,2.0,1.2,570,Work
U08948,23,Other,Chennai,Apple,iOS,8.0,19.9,282.7,152,2.2,5346,0.6,1.5,511,Work
U08949,23,Female,Lucknow,Apple,iOS,1.1,46.6,244.7,154,1.9,9463,6.7,1.0,1616,Social Media
U08950,49,Other,Jaipur,Xiaomi,Android,1.0,38.0,135.7,96,3.3,6987,7.6,1.3,886,Education
U08951,16,Male,Delhi,Realme,iOS,3.9,8.6,203.1,153,4.3,8054,0.6,0.6,715,Education
U08952,22,Other,Bangalore,Motorola,Android,3.4,14.2,201.1,94,3.1,8137,0.7,3.3,163,Education
U08953,28,Male,Ahmedabad,Oppo,Android,3.9,33.1,274.0,123,4.3,4792,2.2,4.0,1142,Social Media
U08954,45,Male,Delhi,Realme,iOS,11.0,48.7,168.1,131,4.9,6181,0.7,0.5,642,Entertainment
U08955,27,Male,Kolkata,Motorola,Android,9.9,9.9,103.5,37,5.1,2259,3.7,0.9,227,Social Media
U08956,35,Female,Bangalore,Xiaomi,iOS,2.2,10.1,228.4,72,3.6,9259,2.4,3.3,815,Work
U08957,26,Female,Jaipur,Samsung,iOS,10.0,46.7,197.4,58,3.9,9738,3.2,1.6,1300,Gaming
U08958,23,Male,Mumbai,Realme,iOS,7.7,47.1,39.2,62,3.9,1133,4.7,3.3,253,Entertainment
U08959,40,Other,Pune,Vivo,iOS,1.6,31.5,133.0,137,2.6,3755,4.2,1.1,1869,Social Media
U08960,36,Male,Delhi,Samsung,iOS,1.7,12.6,260.8,32,5.6,3180,1.0,0.6,1141,Education
U08961,24,Other,Kolkata,Realme,iOS,3.8,19.1,290.1,117,5.8,546,7.1,1.1,1578,Work
U08962,28,Other,Delhi,Motorola,Android,10.7,46.2,198.7,184,4.7,1812,2.3,4.9,1982,Entertainment
U08963,19,Other,Chennai,OnePlus,Android,10.2,7.8,272.7,44,2.9,1314,7.7,4.7,1397,Work
U08964,18,Other,Kolkata,Nokia,iOS,2.7,42.8,14.9,22,6.0,8131,2.6,0.8,1295,Work
U08965,19,Male,Ahmedabad,Samsung,Android,6.0,39.0,65.2,51,3.4,4745,7.9,4.8,1503,Social Media
U08966,36,Female,Bangalore,Realme,Android,3.5,3.1,78.6,161,0.6,4695,6.1,3.0,739,Education
U08967,58,Male,Kolkata,Apple,Android,9.4,15.8,172.7,19,5.4,4311,3.7,3.9,437,Work
U08968,41,Female,Pune,Realme,Android,8.1,30.6,80.3,154,3.0,8346,1.5,3.2,896,Entertainment
U08969,26,Female,Mumbai,OnePlus,Android,4.0,38.5,119.7,141,3.7,8358,4.6,3.3,510,Gaming
U08970,59,Other,Kolkata,Vivo,Android,8.9,11.7,97.6,150,3.9,4106,5.9,0.0,159,Work
U08971,38,Male,Hyderabad,Samsung,iOS,2.5,48.8,229.1,46,3.0,4889,5.8,0.3,903,Gaming
U08972,30,Male,Mumbai,Oppo,Android,2.7,12.5,158.6,18,4.7,3117,1.1,3.9,904,Social Media
U08973,51,Male,Delhi,Google Pixel,Android,1.4,44.4,191.5,36,2.9,4276,5.9,0.7,1266,Education
U08974,42,Male,Hyderabad,Oppo,Android,2.0,9.5,165.4,157,3.6,1790,5.5,3.1,618,Education
U08975,31,Male,Lucknow,Nokia,Android,5.3,3.4,215.1,89,1.6,3459,3.1,2.2,530,Education
U08976,57,Female,Hyderabad,Realme,Android,4.8,32.7,45.6,27,4.3,9321,1.9,2.3,158,Entertainment
U08977,40,Other,Ahmedabad,Xiaomi,iOS,9.4,42.0,187.7,112,5.9,4828,3.8,0.3,883,Gaming
U08978,28,Other,Bangalore,Google Pixel,iOS,5.0,26.1,288.6,148,2.2,7967,4.7,0.9,304,Work
U08979,58,Female,Lucknow,Google Pixel,iOS,6.4,21.5,125.7,160,4.7,7421,5.5,4.2,937,Entertainment
U08980,16,Female,Delhi,OnePlus,Android,8.1,37.5,194.8,200,6.0,1075,2.5,4.7,661,Social Media
U08981,15,Other,Ahmedabad,Vivo,iOS,4.9,36.7,107.8,173,2.1,1168,2.9,2.5,1188,Gaming
U08982,51,Female,Pune,Motorola,iOS,2.6,43.0,66.0,34,4.0,4223,2.1,0.9,1118,Gaming
U08983,49,Other,Delhi,Nokia,Android,3.5,10.6,241.4,103,5.2,1922,2.7,4.6,1248,Gaming
U08984,15,Female,Bangalore,Xiaomi,iOS,11.2,9.6,178.9,47,2.2,4173,2.6,4.5,496,Education
U08985,59,Other,Ahmedabad,Motorola,iOS,8.4,22.2,259.1,12,4.2,201,5.7,2.9,1545,Entertainment
U08986,26,Other,Bangalore,Nokia,Android,6.2,10.8,91.0,29,4.3,9236,4.3,1.6,771,Education
U08987,46,Female,Ahmedabad,Xiaomi,iOS,11.8,36.2,241.7,37,2.6,9600,2.1,0.7,851,Education
U08988,46,Male,Bangalore,Realme,Android,8.6,7.2,30.8,21,1.6,1079,6.4,0.1,1791,Social Media
U08989,47,Female,Delhi,Vivo,iOS,3.8,39.8,119.4,138,0.7,8576,4.5,3.0,1164,Education
U08990,44,Male,Pune,Nokia,Android,11.6,24.7,115.8,71,4.0,6953,4.9,3.6,1691,Education
U08991,34,Female,Bangalore,Realme,iOS,6.6,6.5,231.6,36,3.8,5676,1.8,3.5,1412,Entertainment
U08992,30,Female,Delhi,Vivo,Android,5.3,17.2,142.9,57,3.3,8165,6.7,2.2,1160,Social Media
U08993,17,Male,Ahmedabad,Realme,Android,6.2,32.0,170.4,125,2.1,9096,4.2,4.0,732,Social Media
U08994,39,Male,Bangalore,Nokia,iOS,4.4,2.0,89.6,52,4.4,3496,2.2,1.0,198,Gaming
U08995,29,Male,Lucknow,Nokia,Android,6.0,28.5,149.5,119,0.7,2294,5.8,2.7,476,Gaming
U08996,52,Female,Bangalore,Samsung,iOS,9.7,17.2,226.8,191,5.2,1625,1.5,4.6,900,Gaming
U08997,38,Other,Lucknow,Apple,iOS,7.2,23.9,257.0,197,2.1,3277,3.8,2.6,866,Entertainment
U08998,40,Male,Ahmedabad,Samsung,Android,4.8,27.9,10.2,58,2.9,8493,1.0,1.3,1390,Work
U08999,35,Male,Bangalore,Oppo,iOS,1.5,13.0,167.7,179,1.9,4896,6.5,1.9,1122,Entertainment
U09000,15,Male,Bangalore,Samsung,Android,1.8,37.1,177.5,101,2.8,1948,4.2,4.1,1780,Education
U09001,43,Other,Ahmedabad,Realme,Android,8.4,39.5,211.5,124,1.0,9045,5.1,3.9,1340,Work
U09002,15,Female,Chennai,Google Pixel,iOS,6.1,8.1,136.2,140,4.9,8015,6.8,4.0,1087,Education
U09003,22,Male,Lucknow,Vivo,iOS,10.4,44.5,213.9,131,6.0,7769,2.8,4.5,715,Education
U09004,54,Other,Ahmedabad,Realme,iOS,7.2,17.2,196.5,178,4.3,5882,3.9,4.3,1594,Social Media
U09005,60,Other,Delhi,Apple,Android,1.3,25.7,18.7,146,2.4,7818,2.5,0.6,330,Entertainment
U09006,40,Other,Pune,OnePlus,iOS,6.8,16.4,164.7,159,3.1,4452,4.5,3.7,778,Social Media
U09007,53,Male,Delhi,Motorola,iOS,11.0,1.4,58.5,171,1.8,1548,4.3,5.0,1838,Entertainment
U09008,15,Male,Mumbai,Realme,iOS,8.1,48.4,177.8,64,2.1,3891,1.6,1.2,767,Social Media
U09009,19,Other,Hyderabad,Oppo,iOS,5.3,33.6,15.8,112,1.8,6967,3.4,1.2,599,Gaming
U09010,54,Male,Kolkata,Xiaomi,Android,8.2,30.4,45.5,19,5.6,5843,2.7,0.1,625,Social Media
U09011,17,Male,Delhi,Motorola,Android,3.1,29.2,191.8,144,4.8,8254,1.6,0.1,625,Gaming
U09012,42,Male,Mumbai,Google Pixel,Android,7.3,12.2,43.3,136,5.8,7945,6.1,4.2,1454,Education
U09013,40,Male,Bangalore,Oppo,iOS,7.5,17.2,35.4,110,3.3,9255,0.9,0.4,1229,Gaming
U09014,33,Other,Lucknow,Xiaomi,iOS,6.4,26.3,155.2,173,3.4,6794,4.3,1.5,1780,Social Media
U09015,42,Female,Jaipur,Google Pixel,Android,10.3,26.2,181.1,146,1.3,4969,2.3,0.9,1224,Entertainment
U09016,45,Other,Pune,Samsung,iOS,5.5,24.3,20.1,79,1.2,5252,7.4,3.8,1455,Education
U09017,47,Male,Kolkata,Samsung,Android,4.0,16.5,131.5,156,5.1,4356,3.7,0.7,1600,Entertainment
U09018,16,Other,Pune,Nokia,iOS,3.7,12.2,297.8,150,4.6,7944,7.0,0.9,396,Social Media
U09019,42,Male,Bangalore,Motorola,Android,3.6,18.7,177.1,65,4.2,2657,5.2,1.2,1522,Entertainment
U09020,42,Other,Jaipur,OnePlus,iOS,5.5,35.1,97.1,188,2.9,8136,2.3,2.3,1057,Entertainment
U09021,41,Female,Bangalore,OnePlus,Android,11.2,42.1,271.6,109,2.4,4546,2.4,3.7,892,Social Media
U09022,23,Male,Chennai,Apple,iOS,9.8,23.8,198.4,154,2.1,6418,6.0,1.7,460,Education
U09023,25,Female,Mumbai,Vivo,Android,8.2,46.5,28.6,144,1.4,2557,1.5,2.6,323,Gaming
U09024,55,Male,Jaipur,Vivo,Android,7.0,39.3,12.8,180,5.1,7368,4.9,2.2,1733,Entertainment
U09025,47,Female,Chennai,Motorola,Android,8.5,18.4,149.2,25,1.3,8862,5.4,1.0,969,Education
U09026,24,Male,Pune,Motorola,iOS,6.4,36.0,264.4,176,2.0,2383,2.1,1.3,1798,Entertainment
U09027,19,Female,Delhi,Realme,iOS,3.0,12.3,273.5,66,4.8,8996,5.1,3.6,526,Entertainment
U09028,35,Female,Bangalore,Samsung,Android,10.6,28.2,161.1,147,3.0,7666,2.5,3.5,1266,Work
U09029,28,Female,Jaipur,Vivo,Android,11.8,42.1,289.8,19,2.9,5593,3.5,3.5,1856,Education
U09030,58,Other,Jaipur,OnePlus,iOS,8.9,6.6,216.5,161,0.9,1299,1.3,4.8,1335,Work
U09031,52,Male,Delhi,Samsung,Android,6.1,19.9,222.2,163,2.3,9419,3.1,3.8,766,Gaming
U09032,16,Male,Lucknow,Oppo,Android,7.9,48.2,24.9,109,2.7,8747,7.4,3.5,1667,Social Media
U09033,21,Female,Mumbai,Google Pixel,Android,1.4,30.6,146.1,126,1.1,6442,3.2,1.1,180,Gaming
U09034,42,Female,Kolkata,Apple,Android,8.3,35.7,287.6,128,0.8,6746,6.2,3.2,1709,Gaming
U09035,23,Female,Mumbai,Oppo,iOS,5.3,37.6,218.9,43,5.1,3202,4.9,0.6,842,Work
U09036,55,Female,Kolkata,Vivo,Android,9.2,31.0,265.8,13,1.9,6710,2.6,4.6,1520,Gaming
U09037,30,Male,Mumbai,Motorola,iOS,1.9,29.0,68.7,86,4.1,4045,6.0,4.5,637,Education
U09038,17,Female,Mumbai,OnePlus,Android,8.5,6.9,57.6,27,2.7,9230,1.4,1.8,1735,Entertainment
U09039,30,Other,Delhi,Google Pixel,Android,5.9,46.8,45.7,190,4.4,4909,3.6,4.5,612,Education
U09040,22,Male,Pune,Nokia,Android,6.7,33.0,289.2,179,4.0,4777,1.3,1.9,1180,Gaming
U09041,19,Male,Hyderabad,Nokia,Android,3.3,26.5,211.5,65,5.4,1760,3.4,3.8,1813,Social Media
U09042,45,Female,Mumbai,Samsung,Android,3.7,27.2,245.9,44,2.7,166,7.7,3.2,1623,Gaming
U09043,36,Female,Lucknow,Apple,Android,2.1,34.6,124.3,104,6.0,5381,5.5,4.3,869,Education
U09044,53,Male,Kolkata,Motorola,iOS,9.4,36.4,193.8,175,4.3,5916,7.3,2.8,944,Entertainment
U09045,33,Female,Jaipur,Motorola,Android,5.9,1.9,232.2,16,5.4,6978,6.2,0.6,1062,Entertainment
U09046,45,Male,Mumbai,Oppo,Android,2.8,26.8,274.1,109,0.6,9469,2.7,0.5,1974,Social Media
U09047,32,Male,Hyderabad,Google Pixel,Android,7.9,47.8,247.1,138,5.7,5209,3.4,2.9,1240,Education
U09048,46,Other,Mumbai,Nokia,iOS,6.7,16.4,198.8,133,3.7,2030,7.4,3.8,666,Education
U09049,26,Male,Jaipur,Realme,Android,8.4,17.4,278.5,81,4.8,790,0.6,3.0,1880,Work
U09050,16,Male,Delhi,Apple,iOS,9.9,35.1,180.2,20,2.1,1356,7.2,2.4,1608,Social Media
U09051,30,Other,Ahmedabad,Xiaomi,iOS,4.7,16.7,75.7,31,5.4,466,1.7,0.8,1356,Work
U09052,49,Male,Kolkata,Google Pixel,Android,8.8,3.2,21.2,158,1.3,7793,6.5,1.9,1287,Entertainment
U09053,45,Other,Hyderabad,Xiaomi,Android,2.3,45.9,55.3,120,4.4,2958,6.6,1.7,1019,Entertainment
U09054,18,Male,Bangalore,Apple,Android,9.1,25.8,52.0,64,1.3,8107,7.2,2.5,172,Work
U09055,45,Female,Chennai,Nokia,Android,12.0,20.5,132.7,142,5.4,3734,5.6,4.5,437,Entertainment
U09056,60,Female,Lucknow,Nokia,iOS,10.3,40.5,244.2,110,1.4,8432,1.2,4.0,1406,Education
U09057,58,Male,Jaipur,Google Pixel,Android,8.1,9.3,268.1,174,4.6,4426,0.9,3.6,391,Social Media
U09058,27,Other,Kolkata,Vivo,Android,4.6,36.7,8.0,127,4.7,5559,3.6,4.9,228,Education
U09059,23,Female,Bangalore,Google Pixel,iOS,7.0,46.6,110.2,164,3.8,6203,2.9,2.7,288,Gaming
U09060,38,Male,Bangalore,Apple,iOS,8.5,23.6,140.0,129,2.6,1262,2.2,1.0,148,Work
U09061,19,Female,Kolkata,Xiaomi,Android,5.5,1.3,106.1,128,4.1,7888,3.5,3.8,1793,Entertainment
U09062,16,Male,Mumbai,Realme,Android,5.3,29.9,37.8,125,2.6,5136,2.8,0.0,362,Entertainment
U09063,22,Female,Bangalore,Nokia,iOS,5.6,16.8,53.1,180,3.3,4756,7.6,1.3,910,Entertainment
U09064,36,Other,Ahmedabad,Oppo,Android,3.8,48.1,225.5,48,2.2,3143,6.4,1.2,326,Education
U09065,50,Other,Chennai,Realme,Android,5.5,25.8,30.5,169,3.5,6461,6.2,2.7,1271,Education
U09066,16,Other,Lucknow,Apple,iOS,6.9,10.8,67.2,195,2.1,235,0.5,0.9,579,Gaming
U09067,52,Female,Bangalore,Nokia,Android,2.7,31.8,151.2,12,5.2,7296,1.2,1.5,1763,Work
U09068,59,Other,Jaipur,Apple,Android,9.8,2.6,95.0,15,5.9,3535,5.7,4.6,1038,Gaming
U09069,39,Male,Jaipur,Apple,iOS,9.4,10.2,221.4,159,3.0,9696,2.9,2.7,319,Work
U09070,41,Female,Ahmedabad,Oppo,Android,4.0,37.4,169.2,87,2.3,8170,5.7,4.4,833,Education
U09071,26,Male,Pune,Google Pixel,Android,7.4,10.9,290.8,89,0.9,9329,7.6,3.8,1165,Entertainment
U09072,58,Male,Lucknow,Realme,Android,11.7,44.2,106.6,160,5.9,9703,1.8,4.0,123,Work
U09073,27,Other,Chennai,Realme,iOS,7.1,37.5,43.7,183,1.6,383,7.3,1.2,885,Social Media
U09074,56,Male,Bangalore,Oppo,Android,7.7,37.8,123.0,125,5.7,8310,5.3,0.6,432,Entertainment
U09075,52,Female,Hyderabad,Samsung,Android,8.9,10.1,12.5,19,4.6,1186,4.4,0.1,527,Education
U09076,56,Male,Chennai,Apple,Android,11.2,32.2,14.2,13,5.5,6868,6.0,4.1,1626,Gaming
U09077,48,Male,Pune,Vivo,iOS,4.4,30.8,89.3,44,2.5,4770,1.8,3.9,397,Social Media
U09078,52,Male,Ahmedabad,Xiaomi,Android,10.5,47.6,209.7,42,2.2,2801,6.3,0.6,134,Gaming
U09079,47,Male,Pune,Xiaomi,Android,4.2,38.8,254.6,194,1.4,6666,1.6,4.1,928,Gaming
U09080,60,Male,Chennai,Samsung,iOS,2.3,37.1,269.1,94,2.7,5816,1.9,3.5,1858,Work
U09081,39,Female,Kolkata,Motorola,Android,3.3,25.8,252.4,109,0.7,6334,3.9,3.3,1106,Social Media
U09082,58,Female,Delhi,Xiaomi,Android,6.0,44.0,183.7,192,4.7,3267,6.9,2.5,1498,Education
U09083,52,Female,Chennai,Motorola,iOS,2.1,32.6,187.1,62,3.7,3098,0.9,4.9,1314,Social Media
U09084,59,Other,Hyderabad,Google Pixel,iOS,6.5,26.4,209.3,11,1.7,380,0.5,5.0,631,Social Media
U09085,28,Other,Jaipur,Realme,iOS,2.6,44.6,152.4,59,1.8,4481,7.6,4.9,1495,Social Media
U09086,53,Male,Chennai,OnePlus,Android,3.9,29.7,110.8,137,0.8,4889,1.8,2.5,1569,Entertainment
U09087,29,Other,Hyderabad,Apple,Android,8.7,6.9,73.1,119,5.2,9726,5.5,2.1,1910,Work
U09088,17,Male,Kolkata,Oppo,iOS,10.4,48.5,274.4,90,3.0,5153,6.0,3.9,216,Gaming
U09089,51,Other,Jaipur,OnePlus,Android,2.9,30.7,192.8,180,5.2,5462,4.9,3.6,636,Education
U09090,47,Female,Kolkata,Vivo,iOS,11.0,33.6,207.7,61,5.8,1022,5.6,4.8,1365,Gaming
U09091,51,Female,Delhi,Oppo,iOS,2.1,8.2,140.9,116,3.5,7284,5.7,1.7,1210,Entertainment
U09092,40,Other,Chennai,Oppo,Android,9.1,39.6,228.8,200,6.0,7358,3.7,1.2,1723,Social Media
U09093,31,Male,Bangalore,Realme,Android,10.4,41.2,116.5,145,3.1,9719,3.7,0.9,1285,Entertainment
U09094,37,Other,Hyderabad,Motorola,iOS,3.9,28.3,244.8,134,2.8,7920,2.9,4.2,977,Entertainment
U09095,40,Male,Pune,Apple,Android,5.2,4.6,208.3,39,3.1,1123,2.9,3.0,1817,Entertainment
U09096,17,Male,Lucknow,Nokia,iOS,5.6,5.7,43.3,112,3.6,1204,1.5,3.6,615,Work
U09097,48,Other,Chennai,OnePlus,iOS,9.7,14.2,75.5,185,1.3,8187,6.7,1.4,381,Work
U09098,37,Other,Ahmedabad,Google Pixel,iOS,7.4,10.1,202.1,41,4.1,3236,6.3,2.3,999,Entertainment
U09099,46,Other,Hyderabad,Nokia,iOS,6.4,34.1,235.1,87,4.1,2140,7.5,4.3,1654,Entertainment
U09100,36,Other,Kolkata,Oppo,Android,1.6,1.5,195.1,64,5.3,4498,7.5,0.8,313,Social Media
U09101,26,Other,Kolkata,Oppo,Android,11.3,22.3,226.8,156,3.2,6354,3.1,2.2,111,Education
U09102,45,Other,Kolkata,Motorola,Android,5.2,10.3,63.2,72,4.9,9637,6.7,1.5,436,Entertainment
U09103,44,Male,Ahmedabad,Realme,iOS,11.9,39.1,86.4,174,4.9,2104,3.9,0.9,1043,Entertainment
U09104,28,Other,Lucknow,Vivo,iOS,3.6,19.8,259.0,11,3.3,9839,7.8,0.1,577,Education
U09105,53,Female,Kolkata,Oppo,Android,5.3,15.3,168.5,99,3.3,3615,3.6,3.5,1585,Entertainment
U09106,58,Female,Kolkata,OnePlus,Android,3.2,5.2,171.2,13,5.8,8579,5.9,0.2,1744,Gaming
U09107,29,Male,Bangalore,Realme,iOS,5.3,22.0,28.6,135,2.3,442,4.3,3.5,711,Social Media
U09108,40,Other,Kolkata,Xiaomi,iOS,3.6,49.9,172.7,55,2.1,9163,4.0,2.7,1279,Education
U09109,48,Other,Lucknow,Google Pixel,iOS,10.1,18.1,256.3,196,5.5,7357,4.0,4.7,1392,Education
U09110,38,Male,Kolkata,Nokia,Android,4.7,13.6,21.2,187,4.9,3601,4.2,2.5,944,Work
U09111,31,Female,Kolkata,Oppo,Android,2.5,43.2,9.3,35,3.8,5728,1.1,4.8,207,Social Media
U09112,21,Female,Chennai,Motorola,iOS,10.3,30.1,63.9,156,3.8,2422,1.5,1.3,257,Work
U09113,47,Female,Hyderabad,Google Pixel,iOS,5.3,2.0,170.4,50,3.8,9108,2.2,3.5,1639,Entertainment
U09114,59,Female,Pune,Samsung,Android,11.8,43.3,137.3,172,1.3,6115,4.7,0.6,1348,Gaming
U09115,27,Female,Jaipur,Xiaomi,iOS,10.8,29.8,195.1,165,1.3,1670,4.6,1.4,1181,Gaming
U09116,25,Other,Hyderabad,Xiaomi,Android,6.4,41.3,297.4,108,3.8,4454,6.0,2.9,1888,Entertainment
U09117,46,Female,Ahmedabad,Oppo,Android,7.9,33.6,132.8,41,4.5,6956,4.5,4.7,1702,Education
U09118,42,Female,Pune,Google Pixel,iOS,11.7,7.3,226.7,184,3.6,816,3.7,4.4,1945,Gaming
U09119,42,Male,Delhi,OnePlus,iOS,5.1,14.6,279.1,53,1.1,9974,2.4,2.1,295,Work
U09120,51,Female,Bangalore,Motorola,iOS,11.3,37.9,258.5,64,5.3,3407,3.5,3.6,1844,Social Media
U09121,37,Male,Bangalore,Oppo,iOS,4.2,42.1,223.7,70,1.2,2098,6.9,2.3,1171,Work
U09122,58,Female,Ahmedabad,Motorola,iOS,6.6,49.3,295.1,181,2.1,2842,1.4,2.1,1295,Gaming
U09123,36,Male,Delhi,Samsung,iOS,6.2,45.9,65.8,53,4.3,3579,6.5,4.5,1762,Social Media
U09124,57,Male,Bangalore,Apple,Android,3.5,44.0,156.4,92,3.1,6225,4.8,0.5,415,Work
U09125,45,Other,Delhi,Motorola,iOS,3.2,45.2,244.1,154,1.2,4631,1.2,0.2,1500,Gaming
U09126,30,Female,Mumbai,Nokia,iOS,4.2,16.9,201.1,54,1.3,5408,3.5,1.2,1321,Gaming
U09127,47,Other,Delhi,Samsung,iOS,3.2,11.6,220.4,145,2.2,1470,4.0,3.5,1472,Education
U09128,59,Female,Kolkata,Google Pixel,iOS,5.6,9.6,56.0,137,1.9,8305,0.6,1.2,1053,Work
U09129,55,Other,Chennai,OnePlus,iOS,8.4,40.2,187.2,133,2.7,3931,2.7,4.3,1674,Work
U09130,20,Female,Pune,Realme,Android,6.8,20.0,217.9,156,1.4,5934,0.6,4.7,1934,Education
U09131,24,Female,Hyderabad,Nokia,Android,2.3,5.3,66.4,108,3.8,8161,3.0,3.6,759,Work
U09132,51,Other,Jaipur,Vivo,Android,8.4,26.8,70.0,21,5.6,4639,7.2,0.2,657,Education
U09133,57,Other,Kolkata,OnePlus,Android,2.6,11.7,281.2,67,1.2,3626,6.7,3.4,745,Education
U09134,48,Female,Lucknow,Motorola,iOS,11.0,44.0,173.6,73,3.7,4319,4.0,0.4,1074,Gaming
U09135,28,Male,Ahmedabad,Samsung,iOS,2.3,25.3,281.0,16,4.4,4980,1.6,2.8,1681,Work
U09136,24,Female,Chennai,Nokia,Android,10.6,35.0,179.9,66,3.8,1277,2.4,0.2,763,Entertainment
U09137,46,Other,Kolkata,Oppo,Android,10.2,7.6,173.4,185,1.7,2268,7.6,3.8,1510,Work
U09138,59,Male,Delhi,Nokia,Android,4.7,6.7,284.5,104,1.5,6441,7.5,1.6,1564,Work
U09139,35,Male,Pune,OnePlus,Android,7.1,13.9,190.9,10,1.3,2371,4.5,0.5,863,Social Media
U09140,52,Female,Delhi,Xiaomi,Android,4.0,28.8,133.7,118,2.2,1450,5.6,1.4,1810,Entertainment
U09141,29,Male,Mumbai,Google Pixel,iOS,3.2,14.7,165.8,163,3.5,5702,7.3,3.2,1016,Gaming
U09142,18,Other,Chennai,Google Pixel,Android,8.0,20.8,139.4,78,1.9,982,7.9,0.7,536,Gaming
U09143,43,Other,Bangalore,Motorola,Android,6.0,15.6,40.6,194,5.2,5197,6.7,4.0,1836,Social Media
U09144,59,Other,Lucknow,Motorola,Android,11.6,38.0,110.9,137,5.3,6040,7.6,3.0,811,Work
U09145,47,Female,Pune,Vivo,Android,5.5,45.4,245.3,131,5.6,2183,6.6,0.7,523,Gaming
U09146,34,Male,Lucknow,Apple,Android,10.2,32.4,9.8,106,4.7,4684,6.2,0.1,846,Work
U09147,18,Female,Ahmedabad,Google Pixel,Android,8.1,22.7,243.4,116,5.4,3721,5.6,0.0,454,Entertainment
U09148,27,Male,Delhi,Nokia,iOS,8.1,7.3,143.2,154,5.7,7694,0.8,1.7,1707,Social Media
U09149,41,Other,Pune,Google Pixel,Android,8.7,9.5,290.9,82,2.6,2567,2.6,4.8,198,Social Media
U09150,35,Female,Chennai,OnePlus,iOS,6.2,47.1,5.4,57,3.8,7687,2.9,3.2,596,Social Media
U09151,58,Other,Chennai,Apple,iOS,11.7,5.3,69.7,172,1.4,3800,1.9,3.4,1568,Work
U09152,20,Female,Delhi,Samsung,iOS,6.9,28.1,286.2,12,3.0,4873,6.1,2.6,1596,Work
U09153,17,Male,Lucknow,Nokia,Android,9.0,28.6,227.1,170,2.6,4250,5.1,2.6,1425,Entertainment
U09154,53,Other,Ahmedabad,Realme,Android,2.9,14.6,15.3,176,5.4,9859,6.4,2.1,1935,Entertainment
U09155,43,Male,Bangalore,Apple,iOS,5.6,28.8,68.1,166,2.5,7971,4.4,1.9,795,Social Media
U09156,33,Male,Pune,Xiaomi,Android,6.8,49.5,11.3,175,3.8,2813,2.1,2.3,1905,Social Media
U09157,26,Other,Chennai,Motorola,iOS,9.7,4.3,285.5,174,0.6,3269,4.0,4.4,673,Entertainment
U09158,48,Other,Jaipur,Motorola,iOS,6.6,19.2,31.6,181,2.0,9328,2.3,3.7,271,Social Media
U09159,48,Other,Jaipur,Vivo,iOS,7.9,26.0,185.2,37,1.4,9614,7.0,2.7,1112,Social Media
U09160,39,Other,Kolkata,Xiaomi,iOS,6.3,11.9,260.6,200,2.9,2232,6.3,3.7,1179,Gaming
U09161,56,Other,Hyderabad,Google Pixel,iOS,10.4,43.5,264.9,87,4.8,9468,7.5,3.0,1199,Entertainment
U09162,20,Female,Ahmedabad,Samsung,iOS,3.6,49.1,98.3,187,5.4,4825,7.5,2.3,448,Social Media
U09163,16,Male,Chennai,Nokia,Android,6.8,5.9,160.2,61,5.5,6316,0.5,1.3,787,Gaming
U09164,40,Male,Mumbai,Samsung,Android,7.9,27.8,78.0,56,2.4,5186,1.7,1.6,574,Entertainment
U09165,21,Other,Bangalore,Vivo,iOS,4.1,6.9,213.1,47,2.1,7993,5.2,2.5,1464,Work
U09166,37,Male,Chennai,Xiaomi,iOS,1.8,21.2,282.9,53,5.1,7815,4.6,1.5,321,Education
U09167,38,Male,Kolkata,Realme,iOS,8.0,33.4,283.1,55,4.5,7485,3.5,2.8,836,Education
U09168,21,Other,Pune,Oppo,Android,11.4,5.0,205.5,185,5.6,7027,3.0,1.5,213,Entertainment
U09169,34,Male,Ahmedabad,Motorola,iOS,5.1,31.7,280.7,154,2.5,4145,6.0,3.8,1993,Education
U09170,42,Other,Pune,Realme,Android,11.0,8.3,194.3,175,2.0,386,3.5,2.2,1769,Gaming
U09171,39,Female,Delhi,Samsung,Android,3.4,29.7,167.3,16,1.3,9524,1.3,0.9,265,Education
U09172,34,Male,Kolkata,Nokia,Android,6.8,19.6,240.4,200,4.1,3416,3.7,3.9,1907,Work
U09173,17,Female,Delhi,Xiaomi,Android,3.6,18.4,213.5,32,5.2,569,5.6,4.9,1229,Work
U09174,29,Female,Lucknow,Samsung,Android,8.9,22.0,262.0,49,3.3,4626,2.4,4.9,440,Gaming
U09175,23,Other,Delhi,Realme,Android,8.8,15.7,24.7,187,2.5,2665,2.9,4.5,1706,Gaming
U09176,26,Male,Ahmedabad,Google Pixel,Android,11.8,22.0,295.0,108,3.6,5430,0.5,2.1,647,Work
U09177,55,Male,Chennai,Vivo,iOS,10.1,20.6,257.8,164,2.2,6773,6.3,3.0,1831,Education
U09178,53,Female,Lucknow,Vivo,Android,5.9,21.0,211.8,189,3.7,8845,6.5,0.1,712,Gaming
U09179,58,Other,Pune,Vivo,iOS,8.1,38.6,272.8,109,3.9,8573,1.0,1.2,1663,Education
U09180,20,Female,Hyderabad,Xiaomi,Android,10.3,40.8,276.0,192,2.9,4090,2.1,0.9,1380,Social Media
U09181,21,Male,Ahmedabad,Motorola,Android,1.7,31.6,213.8,51,2.4,2793,1.3,0.9,649,Education
U09182,48,Female,Lucknow,Nokia,Android,6.7,39.0,139.0,91,4.5,2954,4.9,2.4,1027,Entertainment
U09183,60,Female,Mumbai,Oppo,Android,9.1,39.7,18.0,22,2.7,5606,7.1,0.0,847,Social Media
U09184,36,Other,Mumbai,Oppo,iOS,6.7,30.6,112.9,158,4.0,2004,4.7,4.1,1285,Education
U09185,48,Female,Hyderabad,Motorola,iOS,5.5,30.0,170.2,42,4.1,9044,2.8,3.8,1059,Social Media
U09186,42,Female,Lucknow,OnePlus,Android,9.4,47.0,72.5,112,5.0,9039,7.0,2.6,1193,Gaming
U09187,53,Male,Bangalore,Google Pixel,Android,9.1,20.3,170.5,179,3.0,8625,7.0,4.9,416,Social Media
U09188,25,Other,Jaipur,Apple,Android,11.0,33.7,85.7,150,1.3,5833,6.2,3.9,275,Gaming
U09189,17,Female,Jaipur,OnePlus,Android,8.1,41.5,95.3,112,2.7,6666,4.3,1.6,1007,Social Media
U09190,28,Other,Lucknow,Realme,Android,6.9,11.5,78.5,45,2.1,1441,3.1,4.6,303,Social Media
U09191,26,Female,Lucknow,Vivo,Android,5.7,40.6,36.0,125,0.6,3859,2.9,3.0,845,Education
U09192,20,Other,Delhi,Samsung,iOS,1.3,24.0,62.5,95,0.8,1820,3.3,2.2,1993,Social Media
U09193,30,Female,Delhi,Apple,Android,1.5,46.7,174.7,188,5.0,4899,3.8,3.7,1326,Entertainment
U09194,35,Female,Hyderabad,Oppo,iOS,7.7,37.4,36.1,11,0.7,7573,4.9,3.8,188,Education
U09195,48,Male,Hyderabad,Motorola,iOS,8.0,26.1,289.8,185,3.1,6199,6.9,4.4,1957,Education
U09196,53,Male,Delhi,Google Pixel,Android,9.7,49.3,13.5,109,1.4,3174,6.3,0.2,980,Education
U09197,44,Female,Lucknow,Xiaomi,Android,7.7,7.0,59.3,77,3.0,3786,2.2,0.3,857,Social Media
U09198,52,Other,Lucknow,Google Pixel,Android,5.8,38.2,45.0,25,0.7,7070,5.8,1.8,832,Work
U09199,27,Other,Lucknow,Nokia,Android,10.3,45.2,204.5,66,3.2,5597,5.8,4.9,1510,Education
U09200,47,Other,Chennai,Oppo,iOS,7.3,22.6,67.1,158,5.4,7293,7.7,0.7,1587,Entertainment
U09201,33,Female,Kolkata,Xiaomi,Android,2.5,16.0,144.5,170,1.5,1598,6.3,4.0,1562,Education
U09202,39,Male,Hyderabad,Samsung,Android,10.5,12.7,24.1,24,4.1,7098,0.8,3.3,586,Work
U09203,59,Male,Chennai,Google Pixel,iOS,9.3,3.5,42.6,20,2.8,8939,1.3,4.4,1621,Entertainment
U09204,17,Female,Kolkata,Oppo,iOS,3.1,36.1,140.7,105,3.1,7926,2.4,3.6,745,Gaming
U09205,23,Other,Delhi,Apple,Android,4.7,29.4,30.4,157,2.7,8912,7.9,4.6,1205,Education
U09206,37,Male,Hyderabad,Realme,Android,10.4,35.6,54.7,160,1.3,9318,1.6,4.4,1044,Education
U09207,43,Other,Ahmedabad,Realme,Android,11.5,38.5,107.2,105,4.8,3932,1.7,0.5,762,Work
U09208,36,Other,Lucknow,OnePlus,Android,4.8,49.9,172.5,123,1.3,1627,4.9,4.5,1586,Work
U09209,53,Other,Ahmedabad,Oppo,iOS,8.5,22.8,79.2,185,0.8,8263,6.6,0.2,1147,Work
U09210,60,Other,Chennai,Realme,Android,7.7,38.1,127.8,49,1.6,6766,2.1,1.8,1017,Social Media
U09211,49,Male,Jaipur,Xiaomi,Android,10.8,46.3,39.3,174,1.0,6756,1.3,4.0,1604,Social Media
U09212,60,Other,Mumbai,Nokia,Android,8.9,45.2,100.1,184,1.8,7257,4.7,0.3,1933,Social Media
U09213,38,Male,Chennai,Motorola,Android,4.8,37.3,277.8,15,2.2,4884,2.3,2.0,1758,Education
U09214,27,Other,Hyderabad,Nokia,iOS,2.4,5.2,133.9,126,5.9,6256,7.4,3.9,586,Work
U09215,29,Male,Pune,Realme,Android,8.1,1.6,5.9,65,0.8,5522,2.3,4.7,1701,Education
U09216,52,Male,Hyderabad,Nokia,Android,11.9,24.7,40.4,67,3.0,6577,7.0,4.5,405,Education
U09217,20,Other,Pune,Xiaomi,iOS,5.6,28.8,263.3,28,2.9,3134,0.6,5.0,1423,Work
U09218,21,Other,Chennai,Vivo,iOS,7.0,23.3,97.4,129,2.5,1518,1.1,3.5,1138,Entertainment
U09219,20,Male,Delhi,Realme,iOS,9.6,26.2,88.3,155,4.8,2107,2.3,0.4,996,Gaming
U09220,36,Female,Bangalore,OnePlus,Android,4.5,13.2,173.2,52,2.4,5199,7.8,0.2,1874,Education
U09221,16,Other,Ahmedabad,Nokia,Android,9.4,27.4,25.0,55,3.1,2484,0.8,0.1,549,Gaming
U09222,16,Male,Mumbai,Google Pixel,iOS,4.2,16.3,104.8,133,5.8,8996,6.8,4.7,1997,Gaming
U09223,54,Male,Hyderabad,Samsung,iOS,11.3,2.6,292.2,191,4.9,2319,2.8,0.2,1463,Social Media
U09224,59,Male,Chennai,Google Pixel,iOS,5.6,16.1,271.5,86,3.6,7352,4.9,3.5,1918,Entertainment
U09225,48,Other,Delhi,Vivo,Android,6.2,46.1,46.8,92,1.0,8781,6.2,0.1,214,Gaming
U09226,52,Male,Hyderabad,Apple,Android,2.4,2.7,297.6,165,1.0,6304,5.8,1.2,493,Education
U09227,49,Male,Ahmedabad,Realme,iOS,6.8,41.0,41.2,45,2.8,9196,7.1,3.3,889,Work
U09228,56,Male,Chennai,Motorola,Android,6.5,11.0,198.9,16,5.1,4474,3.3,1.3,1019,Gaming
U09229,22,Female,Ahmedabad,Apple,iOS,11.9,49.6,38.7,19,4.5,6601,7.2,4.7,813,Entertainment
U09230,35,Male,Lucknow,Motorola,iOS,7.7,22.1,271.6,169,4.6,9931,6.1,3.6,561,Gaming
U09231,23,Female,Mumbai,Google Pixel,Android,10.7,9.0,198.5,117,6.0,7691,3.2,3.6,678,Social Media
U09232,26,Other,Lucknow,Realme,Android,11.1,39.6,66.0,109,4.1,8198,5.1,1.4,1635,Entertainment
U09233,19,Female,Ahmedabad,Nokia,Android,6.8,47.6,114.2,164,2.4,1713,8.0,4.3,1570,Social Media
U09234,58,Male,Kolkata,Vivo,iOS,7.2,33.7,240.9,146,0.5,8481,3.0,0.3,1043,Work
U09235,42,Male,Jaipur,Xiaomi,iOS,6.7,2.7,175.5,192,3.6,1294,5.3,3.4,1140,Work
U09236,51,Female,Kolkata,Realme,Android,7.9,19.6,72.3,193,3.5,1464,3.4,3.3,801,Social Media
U09237,22,Female,Hyderabad,Xiaomi,Android,8.7,42.5,61.0,66,5.0,4673,2.6,0.9,976,Gaming
U09238,22,Male,Chennai,Apple,iOS,8.7,21.8,153.7,117,3.5,6860,2.0,2.1,165,Education
U09239,33,Female,Ahmedabad,Google Pixel,iOS,11.5,13.2,224.5,74,2.5,5228,4.6,0.3,1170,Education
U09240,39,Other,Kolkata,Motorola,Android,4.8,28.5,108.9,41,2.3,5927,7.1,1.0,489,Gaming
U09241,16,Male,Chennai,Xiaomi,iOS,8.1,4.7,128.9,16,1.5,2448,7.4,4.6,203,Work
U09242,20,Other,Ahmedabad,Oppo,Android,8.3,35.5,124.8,140,0.5,1704,4.5,1.3,1827,Gaming
U09243,48,Other,Mumbai,Xiaomi,iOS,8.6,24.4,185.7,133,3.2,216,5.9,0.1,1293,Gaming
U09244,42,Other,Hyderabad,Motorola,Android,8.4,35.1,11.5,197,1.4,2342,2.8,3.2,1555,Gaming
U09245,27,Other,Jaipur,Realme,iOS,1.2,8.2,84.9,59,0.8,8261,4.1,0.6,1534,Entertainment
U09246,52,Other,Kolkata,Realme,iOS,11.1,46.5,190.0,134,1.4,3108,8.0,4.0,639,Gaming
U09247,57,Female,Pune,Samsung,Android,9.4,11.2,276.5,61,4.7,6693,4.8,2.9,1901,Education
U09248,21,Female,Kolkata,Samsung,Android,7.9,20.9,134.6,108,2.3,6709,5.1,0.2,1450,Gaming
U09249,48,Female,Chennai,Realme,iOS,5.2,39.1,129.2,171,5.6,8744,0.7,1.9,154,Gaming
U09250,54,Other,Hyderabad,Oppo,iOS,1.6,2.6,171.1,115,3.1,3243,5.7,0.1,648,Gaming
U09251,21,Other,Hyderabad,Google Pixel,Android,6.3,7.9,201.7,12,1.2,8568,6.9,1.7,1059,Gaming
U09252,57,Other,Mumbai,Nokia,iOS,10.1,32.4,56.8,150,5.7,9198,4.1,0.2,998,Social Media
U09253,59,Female,Lucknow,Apple,Android,3.6,18.3,21.1,23,1.0,196,3.2,2.0,161,Education
U09254,27,Female,Chennai,Samsung,iOS,3.2,6.2,276.7,112,4.4,4445,1.5,1.5,1733,Gaming
U09255,35,Other,Ahmedabad,Realme,Android,9.6,18.2,139.4,189,1.8,2997,5.9,1.1,1960,Gaming
U09256,25,Male,Jaipur,Apple,iOS,4.8,11.6,195.3,153,4.1,5401,6.2,0.3,973,Gaming
U09257,32,Other,Hyderabad,Motorola,iOS,4.8,24.3,48.0,126,0.9,5953,3.8,1.0,1769,Social Media
U09258,46,Male,Ahmedabad,Nokia,iOS,11.6,38.5,96.9,97,4.5,9877,4.6,3.6,1049,Work
U09259,20,Other,Chennai,OnePlus,Android,8.8,40.5,235.4,17,1.2,7897,2.1,4.9,621,Gaming
U09260,25,Female,Chennai,Google Pixel,iOS,11.1,10.6,65.6,144,4.5,7837,7.2,1.5,112,Education
U09261,48,Other,Jaipur,Samsung,Android,2.9,12.7,189.6,180,2.3,8881,7.1,3.1,808,Education
U09262,23,Female,Mumbai,Samsung,Android,3.8,8.2,51.2,135,2.6,4204,2.8,2.6,423,Social Media
U09263,53,Male,Hyderabad,Xiaomi,iOS,7.8,39.0,102.1,146,1.0,5454,5.8,3.2,459,Social Media
U09264,34,Male,Ahmedabad,Nokia,iOS,7.4,20.4,62.9,62,4.5,635,2.6,4.1,1013,Education
U09265,36,Other,Jaipur,Realme,iOS,4.4,13.4,35.3,168,0.7,920,3.2,4.1,283,Gaming
U09266,37,Other,Kolkata,Vivo,iOS,1.5,34.6,127.6,125,4.1,5807,4.0,2.6,1806,Education
U09267,46,Female,Hyderabad,Oppo,Android,6.3,22.1,292.9,93,4.8,7019,5.9,0.9,482,Gaming
U09268,26,Male,Jaipur,Samsung,Android,3.8,10.4,7.8,67,3.4,7959,1.0,1.3,311,Social Media
U09269,48,Male,Ahmedabad,Apple,Android,4.2,12.1,136.7,157,0.8,3359,4.8,0.4,561,Entertainment
U09270,47,Other,Pune,Realme,Android,9.2,31.2,114.4,81,1.2,294,0.7,3.2,1927,Work
U09271,42,Other,Ahmedabad,Google Pixel,Android,7.6,40.8,280.9,80,0.6,3799,4.5,0.3,1229,Work
U09272,47,Female,Hyderabad,OnePlus,Android,8.2,49.6,61.3,14,0.5,1186,3.2,3.8,1012,Education
U09273,58,Male,Ahmedabad,Vivo,Android,10.8,13.4,238.6,65,3.0,4091,3.0,3.0,1448,Entertainment
U09274,43,Other,Lucknow,Xiaomi,Android,4.6,14.9,175.3,16,2.2,7736,5.8,1.2,645,Social Media
U09275,38,Female,Chennai,Vivo,iOS,1.6,35.7,82.8,103,1.7,1783,0.6,1.4,545,Gaming
U09276,46,Female,Mumbai,Vivo,Android,9.9,10.4,230.6,97,1.3,5008,1.9,0.6,469,Gaming
U09277,38,Other,Bangalore,Vivo,Android,10.1,48.3,153.4,61,0.8,9886,4.8,4.2,1574,Education
U09278,31,Male,Ahmedabad,Oppo,iOS,3.4,40.4,149.3,177,5.2,7627,1.3,1.4,1414,Social Media
U09279,43,Other,Ahmedabad,Vivo,iOS,7.3,35.5,77.9,185,3.6,7709,7.1,3.4,1377,Social Media
U09280,48,Other,Kolkata,Oppo,iOS,4.0,24.6,42.1,77,3.2,3854,2.2,4.5,441,Social Media
U09281,29,Other,Pune,Oppo,Android,6.1,11.9,38.4,181,4.7,8345,6.7,2.6,370,Entertainment
U09282,59,Other,Pune,Nokia,Android,6.1,8.2,224.3,177,4.3,4499,5.9,2.3,1957,Work
U09283,38,Male,Bangalore,Oppo,iOS,4.3,11.2,242.1,70,5.4,9186,3.6,3.5,218,Work
U09284,39,Female,Ahmedabad,OnePlus,iOS,9.6,44.3,200.3,62,1.0,9321,7.8,2.0,1835,Gaming
U09285,29,Female,Pune,OnePlus,Android,11.1,2.0,124.6,34,3.7,4559,0.8,4.5,272,Social Media
U09286,22,Female,Lucknow,Oppo,Android,11.9,15.7,187.2,173,2.3,2249,6.2,3.4,108,Gaming
U09287,19,Male,Delhi,Realme,Android,9.5,36.1,46.3,91,6.0,1471,2.6,3.7,842,Work
U09288,22,Other,Kolkata,Apple,iOS,4.3,48.0,101.1,90,4.5,7571,2.8,2.2,1399,Education
U09289,23,Other,Lucknow,Xiaomi,iOS,4.8,38.8,26.6,17,4.6,2191,5.4,3.1,630,Entertainment
U09290,26,Other,Mumbai,OnePlus,iOS,4.2,28.8,189.9,151,2.7,5748,7.0,2.8,431,Gaming
U09291,48,Female,Pune,Vivo,Android,4.1,44.4,87.6,98,4.6,4015,5.3,0.6,1793,Education
U09292,38,Other,Kolkata,Vivo,iOS,4.6,11.4,194.7,100,4.3,3795,5.2,4.6,831,Work
U09293,16,Male,Chennai,Vivo,Android,2.5,16.1,212.0,189,3.3,889,6.6,3.7,590,Education
U09294,34,Other,Ahmedabad,Google Pixel,Android,8.3,3.0,37.4,36,1.0,546,0.8,0.4,1533,Education
U09295,56,Other,Pune,Samsung,iOS,9.5,15.8,129.3,174,3.7,2188,3.7,1.2,1944,Gaming
U09296,41,Male,Chennai,OnePlus,iOS,8.4,21.6,5.7,157,3.2,7690,7.5,2.8,917,Education
U09297,43,Male,Lucknow,Xiaomi,iOS,1.7,41.0,79.2,125,2.3,8532,2.0,1.3,284,Social Media
U09298,31,Male,Ahmedabad,OnePlus,Android,11.9,13.4,176.8,189,5.7,5239,1.0,0.8,1746,Education
U09299,44,Other,Ahmedabad,Oppo,Android,9.4,35.2,74.0,134,1.0,3638,1.4,4.8,808,Gaming
U09300,42,Other,Delhi,Nokia,Android,11.0,12.9,242.3,87,3.1,5420,4.9,0.0,344,Work
U09301,44,Male,Delhi,Oppo,Android,8.3,49.9,221.0,134,4.8,157,4.1,3.7,1652,Gaming
U09302,51,Male,Jaipur,Samsung,Android,9.9,26.5,22.2,75,0.6,6789,3.1,3.5,1129,Entertainment
U09303,35,Female,Bangalore,Samsung,iOS,11.7,45.5,298.4,71,1.2,1300,6.5,2.8,316,Gaming
U09304,38,Female,Bangalore,Apple,Android,3.8,18.7,277.6,152,4.6,1899,5.0,4.3,392,Education
U09305,50,Male,Pune,Xiaomi,iOS,11.5,33.2,293.6,41,2.8,1389,5.8,1.6,1466,Entertainment
U09306,21,Male,Mumbai,Google Pixel,iOS,2.4,22.5,95.4,191,1.7,5783,4.9,4.7,1465,Gaming
U09307,40,Male,Bangalore,Nokia,Android,1.7,13.6,159.0,107,5.6,2595,7.9,0.9,1305,Work
U09308,39,Male,Jaipur,Google Pixel,Android,7.5,22.1,19.5,48,4.8,8704,3.8,3.7,723,Entertainment
U09309,31,Female,Hyderabad,Realme,Android,9.1,10.7,135.5,20,4.9,7526,1.5,2.6,334,Social Media
U09310,38,Female,Pune,Realme,iOS,10.0,47.1,290.7,35,1.3,939,4.8,4.7,480,Social Media
U09311,33,Other,Hyderabad,Nokia,Android,3.8,45.6,191.1,51,4.5,9883,5.9,3.9,1766,Gaming
U09312,55,Female,Chennai,Oppo,Android,5.5,12.3,58.1,152,2.3,9840,5.0,4.8,1439,Entertainment
U09313,22,Female,Pune,OnePlus,Android,9.4,29.7,9.0,103,4.0,7026,3.2,2.7,348,Education
U09314,32,Female,Pune,OnePlus,iOS,11.6,16.7,72.0,46,3.0,719,4.3,0.3,147,Gaming
U09315,39,Other,Chennai,Xiaomi,Android,2.4,8.8,36.3,90,3.2,2942,2.3,3.0,549,Social Media
U09316,57,Other,Mumbai,Samsung,Android,11.7,1.5,243.3,84,1.0,1536,0.9,0.6,1825,Entertainment
U09317,58,Male,Lucknow,Samsung,Android,10.3,35.4,40.6,176,0.5,3573,5.4,0.8,572,Education
U09318,38,Female,Mumbai,Nokia,iOS,4.6,21.5,250.5,115,4.0,6813,3.5,4.1,1360,Work
U09319,57,Male,Bangalore,Google Pixel,Android,1.2,29.8,210.1,102,4.7,5883,2.9,3.0,547,Gaming
U09320,38,Other,Pune,Google Pixel,iOS,4.0,26.8,254.0,68,1.1,4885,3.9,3.2,821,Gaming
U09321,45,Female,Jaipur,Google Pixel,iOS,8.5,8.7,127.3,79,4.1,3913,7.9,4.4,1818,Education
U09322,25,Other,Kolkata,Realme,Android,6.2,42.8,38.1,47,3.0,2765,3.0,0.5,1701,Social Media
U09323,51,Female,Mumbai,Realme,Android,5.9,28.6,282.0,108,5.3,1067,6.4,3.7,193,Gaming
U09324,18,Other,Ahmedabad,Apple,iOS,9.7,30.3,31.5,123,3.5,1063,3.2,1.6,1110,Work
U09325,19,Male,Mumbai,Oppo,iOS,8.9,31.4,103.5,41,5.0,7952,6.4,1.4,959,Entertainment
U09326,46,Other,Hyderabad,Realme,Android,9.9,41.6,134.3,49,5.5,233,6.4,1.5,677,Entertainment
U09327,37,Female,Kolkata,Vivo,Android,11.2,20.0,182.9,140,4.6,8846,6.9,2.7,169,Entertainment
U09328,24,Other,Delhi,Samsung,iOS,10.3,9.9,74.1,41,5.9,3992,2.1,1.6,789,Work
U09329,22,Female,Kolkata,Vivo,Android,10.5,33.2,227.5,136,2.9,3373,6.6,2.9,1804,Entertainment
U09330,18,Other,Ahmedabad,Oppo,Android,4.6,1.5,91.8,130,1.9,8945,5.1,1.3,1781,Entertainment
U09331,19,Other,Kolkata,Google Pixel,Android,11.8,49.2,38.2,10,5.6,450,4.5,3.9,1165,Entertainment
U09332,28,Other,Ahmedabad,OnePlus,iOS,11.7,24.3,214.0,12,4.1,7140,4.3,1.4,1640,Entertainment
U09333,27,Female,Delhi,Motorola,iOS,7.5,31.5,264.2,39,5.3,3146,0.9,3.5,132,Social Media
U09334,39,Other,Chennai,OnePlus,Android,6.3,21.8,56.8,19,1.5,4317,7.4,1.9,1195,Social Media
U09335,36,Male,Pune,Apple,Android,10.9,45.4,204.5,144,4.7,8390,5.1,4.1,619,Entertainment
U09336,20,Other,Ahmedabad,Motorola,Android,6.0,31.1,252.4,176,5.3,2708,4.3,3.2,659,Social Media
U09337,33,Other,Mumbai,Oppo,iOS,10.9,16.5,197.8,56,5.2,3402,5.1,2.5,1831,Gaming
U09338,35,Other,Bangalore,Apple,iOS,1.1,32.4,200.7,139,5.2,787,1.0,3.0,1326,Gaming
U09339,51,Male,Ahmedabad,Oppo,Android,10.0,19.0,258.5,41,1.2,3076,0.9,1.1,1382,Gaming
U09340,29,Female,Jaipur,Vivo,iOS,10.1,30.8,193.7,154,4.0,2732,3.9,3.5,1740,Gaming
U09341,24,Other,Lucknow,Motorola,iOS,1.5,15.7,269.3,57,5.5,7920,0.7,1.7,454,Work
U09342,24,Other,Chennai,OnePlus,Android,6.6,32.3,113.7,49,5.4,5746,2.3,1.1,1339,Social Media
U09343,17,Male,Chennai,Motorola,Android,6.7,17.1,200.8,101,2.9,9882,3.4,1.2,1042,Social Media
U09344,21,Male,Hyderabad,Realme,iOS,6.8,20.8,69.9,168,5.7,4042,8.0,1.0,112,Work
U09345,35,Female,Jaipur,Vivo,Android,4.2,46.6,110.7,80,1.9,8384,3.4,3.6,1876,Work
U09346,24,Male,Hyderabad,Xiaomi,iOS,4.2,7.9,44.7,33,5.7,3307,6.7,0.8,1832,Education
U09347,32,Female,Mumbai,Google Pixel,iOS,8.8,47.9,265.2,32,3.1,602,5.8,0.9,1500,Work
U09348,57,Female,Pune,Xiaomi,iOS,9.9,38.4,61.4,16,4.3,2887,6.8,1.0,1047,Gaming
U09349,45,Female,Mumbai,OnePlus,Android,6.7,10.3,164.0,25,5.2,9087,4.1,1.6,1726,Education
U09350,48,Other,Jaipur,Nokia,iOS,11.9,27.6,246.1,57,0.6,6324,3.4,2.8,399,Social Media
U09351,26,Male,Pune,Samsung,iOS,10.0,9.7,207.5,134,1.9,9425,2.1,2.6,1734,Gaming
U09352,44,Female,Kolkata,Vivo,Android,3.9,7.2,206.5,183,2.5,9379,7.9,1.7,1242,Work
U09353,53,Female,Kolkata,Oppo,Android,10.1,46.9,33.6,55,2.1,3688,4.9,2.7,274,Work
U09354,39,Other,Kolkata,Xiaomi,Android,6.9,43.7,204.6,68,3.6,3437,4.7,2.6,540,Entertainment
U09355,30,Other,Jaipur,Realme,Android,2.6,37.5,47.3,11,3.5,2045,7.4,4.2,1082,Social Media
U09356,15,Other,Ahmedabad,Samsung,Android,8.1,19.2,149.8,123,3.8,6100,7.4,2.1,1380,Entertainment
U09357,44,Female,Mumbai,Nokia,iOS,4.5,30.0,120.2,173,3.3,9368,2.5,3.1,1757,Social Media
U09358,15,Male,Ahmedabad,Realme,iOS,3.8,6.8,228.8,127,1.8,3558,5.9,0.8,1111,Work
U09359,54,Female,Hyderabad,Oppo,Android,6.6,27.0,203.0,34,1.7,3706,7.3,1.9,1609,Gaming
U09360,49,Male,Bangalore,Motorola,Android,4.9,39.2,113.0,157,6.0,5498,6.6,0.3,1110,Education
U09361,32,Male,Ahmedabad,OnePlus,Android,4.3,31.9,294.4,10,5.0,7861,3.1,0.3,308,Work
U09362,36,Male,Kolkata,OnePlus,Android,11.2,11.2,160.6,135,2.2,8240,7.8,4.6,367,Education
U09363,50,Other,Ahmedabad,Oppo,Android,2.6,17.7,255.4,103,4.2,7841,5.2,4.6,1552,Gaming
U09364,34,Other,Mumbai,Oppo,Android,7.3,30.5,278.3,26,5.4,274,5.3,0.1,1251,Social Media
U09365,25,Male,Kolkata,Samsung,iOS,8.2,42.1,285.8,94,3.4,6610,7.5,2.1,1455,Entertainment
U09366,35,Male,Jaipur,Samsung,iOS,9.7,7.1,295.7,104,2.3,7829,6.9,3.3,1657,Gaming
U09367,20,Male,Ahmedabad,Apple,Android,8.9,4.9,124.2,141,3.4,7796,2.0,4.2,1297,Entertainment
U09368,44,Other,Delhi,Motorola,Android,5.0,30.5,94.5,11,1.7,3915,1.2,4.4,574,Gaming
U09369,27,Female,Ahmedabad,Apple,iOS,9.8,3.3,86.1,81,1.2,3827,7.6,1.0,1505,Education
U09370,39,Female,Lucknow,Vivo,iOS,7.0,38.1,198.6,78,4.0,8501,7.7,0.7,577,Work
U09371,44,Other,Bangalore,Apple,Android,11.5,21.4,174.3,127,4.5,8393,1.7,3.5,1471,Education
U09372,52,Female,Jaipur,Motorola,Android,6.5,46.0,55.8,155,3.0,2521,5.3,2.7,118,Gaming
U09373,15,Female,Jaipur,Apple,Android,4.8,46.6,131.0,165,2.8,7149,5.4,0.4,439,Education
U09374,19,Other,Hyderabad,Motorola,iOS,3.2,23.3,97.2,180,1.7,9725,4.9,2.6,155,Education
U09375,38,Male,Bangalore,Apple,Android,3.3,34.8,29.6,172,1.8,9178,4.1,2.8,1189,Gaming
U09376,36,Female,Jaipur,Nokia,Android,6.4,25.4,193.9,119,5.6,4269,4.7,3.0,1943,Education
U09377,29,Other,Hyderabad,Apple,Android,5.6,3.7,75.8,88,4.7,2159,7.7,4.1,200,Education
U09378,18,Female,Delhi,Motorola,iOS,3.2,43.0,208.3,11,3.1,1614,5.0,2.6,332,Work
U09379,22,Male,Kolkata,Vivo,iOS,3.2,8.7,203.4,104,4.0,6073,2.1,4.4,431,Education
U09380,15,Other,Pune,Google Pixel,iOS,3.0,34.2,129.1,97,5.1,9700,2.0,4.9,1067,Entertainment
U09381,18,Male,Ahmedabad,Samsung,Android,3.9,8.9,99.8,143,4.1,7363,5.0,2.0,130,Entertainment
U09382,31,Male,Ahmedabad,Samsung,iOS,8.2,23.7,11.1,16,0.7,2010,7.0,3.0,1089,Education
U09383,36,Female,Pune,Nokia,iOS,7.7,42.3,132.9,142,3.9,3030,4.8,0.4,1686,Social Media
U09384,58,Female,Delhi,OnePlus,Android,7.1,9.4,169.4,55,5.2,1468,4.6,0.9,1786,Gaming
U09385,40,Female,Lucknow,Oppo,Android,2.1,25.1,53.3,68,3.7,5410,5.5,2.5,318,Social Media
U09386,49,Female,Pune,Motorola,iOS,4.0,16.7,28.2,180,2.9,1727,3.1,4.6,620,Entertainment
U09387,25,Female,Mumbai,Nokia,iOS,7.0,38.4,298.3,160,2.1,8610,3.5,2.1,704,Education
U09388,37,Other,Chennai,Google Pixel,Android,7.0,11.7,111.2,144,4.5,6718,1.5,1.6,749,Education
U09389,17,Other,Lucknow,Nokia,iOS,4.8,40.4,118.9,48,5.2,5691,7.6,1.0,1350,Gaming
U09390,53,Other,Lucknow,Motorola,Android,3.9,3.4,150.5,129,5.4,9209,1.2,4.8,209,Entertainment
U09391,24,Male,Ahmedabad,Nokia,iOS,11.1,24.0,206.9,65,2.8,1328,0.7,4.0,673,Gaming
U09392,21,Male,Ahmedabad,Vivo,iOS,2.8,2.6,290.7,85,2.7,4124,1.7,4.3,874,Education
U09393,34,Female,Chennai,Oppo,iOS,4.9,7.2,34.9,128,4.9,9901,7.2,1.7,226,Education
U09394,20,Male,Mumbai,Xiaomi,Android,3.4,8.1,9.0,121,1.7,967,0.7,2.3,782,Work
U09395,45,Male,Mumbai,Vivo,iOS,11.3,20.0,60.0,139,2.1,413,3.5,0.1,650,Entertainment
U09396,54,Male,Jaipur,Realme,Android,8.9,15.0,252.6,166,4.1,9047,6.9,2.9,1911,Work
U09397,18,Other,Kolkata,Apple,Android,4.4,42.0,17.9,87,0.7,196,5.7,4.8,312,Work
U09398,39,Other,Bangalore,OnePlus,Android,3.5,4.8,231.0,75,5.6,6934,3.4,3.2,1309,Gaming
U09399,23,Other,Pune,Samsung,Android,9.0,19.4,268.0,179,2.5,5964,3.6,4.7,1060,Entertainment
U09400,35,Other,Ahmedabad,Apple,iOS,7.8,12.9,161.2,177,5.4,528,5.5,2.4,1139,Gaming
U09401,34,Female,Ahmedabad,OnePlus,Android,9.1,33.2,139.8,128,4.7,4768,5.0,4.2,1906,Gaming
U09402,42,Male,Chennai,Samsung,iOS,3.7,33.6,98.5,48,5.9,6299,7.6,1.1,1722,Work
U09403,52,Female,Kolkata,Motorola,iOS,11.8,25.6,116.2,25,4.3,7183,5.3,4.9,1397,Gaming
U09404,51,Female,Lucknow,Realme,iOS,3.6,16.0,28.0,123,5.4,7950,4.4,2.9,1467,Education
U09405,16,Female,Hyderabad,Vivo,iOS,4.1,28.8,165.4,37,4.1,570,7.0,1.8,1688,Gaming
U09406,59,Male,Lucknow,Samsung,Android,1.7,6.3,48.7,191,4.5,6533,6.5,1.7,1934,Social Media
U09407,27,Male,Jaipur,Nokia,iOS,2.3,37.4,268.0,107,4.9,5964,1.7,2.6,737,Work
U09408,41,Other,Kolkata,Xiaomi,iOS,4.2,9.3,175.3,73,3.5,5010,7.7,1.0,523,Social Media
U09409,43,Other,Hyderabad,Realme,Android,7.5,6.8,210.7,53,3.0,3118,4.5,3.3,1366,Work
U09410,60,Male,Bangalore,Xiaomi,Android,8.5,39.8,152.9,89,2.5,3518,5.3,0.3,1606,Social Media
U09411,35,Other,Delhi,Nokia,Android,7.0,16.5,223.7,41,5.2,4681,2.4,2.6,279,Social Media
U09412,25,Female,Ahmedabad,Vivo,iOS,8.4,14.2,284.8,159,1.6,3493,4.4,4.7,1878,Gaming
U09413,54,Other,Lucknow,OnePlus,Android,8.2,17.1,42.4,170,2.0,3211,3.5,5.0,291,Gaming
U09414,52,Female,Delhi,Google Pixel,Android,1.5,35.8,298.5,96,3.7,3271,7.5,4.2,1438,Entertainment
U09415,36,Other,Mumbai,Samsung,iOS,11.8,35.4,52.3,67,4.3,178,1.3,4.4,1297,Social Media
U09416,36,Male,Kolkata,Apple,Android,5.4,4.3,72.8,121,3.1,6336,3.1,0.7,659,Social Media
U09417,60,Male,Ahmedabad,Xiaomi,iOS,3.1,15.9,85.1,107,2.9,278,7.5,0.5,1958,Gaming
U09418,27,Female,Chennai,Nokia,iOS,2.0,22.8,249.4,50,2.4,7191,0.6,1.4,1221,Education
U09419,55,Other,Hyderabad,Motorola,Android,11.9,7.3,40.9,108,2.3,4419,5.1,0.6,537,Education
U09420,19,Male,Hyderabad,Apple,Android,1.9,37.5,164.0,56,2.3,7207,1.6,0.5,1838,Social Media
U09421,41,Other,Ahmedabad,Nokia,Android,11.1,38.9,256.9,81,1.1,997,5.0,2.5,669,Work
U09422,21,Other,Mumbai,Vivo,Android,6.8,42.1,225.7,110,1.0,2014,3.4,1.5,597,Social Media
U09423,46,Female,Delhi,Nokia,Android,10.9,29.8,200.4,48,6.0,6226,2.2,1.8,1149,Entertainment
U09424,49,Other,Chennai,Vivo,iOS,10.1,17.8,68.1,142,3.7,6442,0.5,2.0,1050,Social Media
U09425,29,Male,Hyderabad,Apple,iOS,8.4,26.0,5.4,39,3.3,2816,2.3,2.2,1235,Social Media
U09426,23,Male,Kolkata,Apple,Android,1.7,13.5,232.3,110,3.0,4494,4.7,2.7,628,Entertainment
U09427,52,Male,Hyderabad,Nokia,iOS,10.7,2.8,143.1,84,2.6,431,4.4,3.4,1588,Entertainment
U09428,50,Female,Mumbai,Vivo,Android,7.6,23.7,216.4,44,4.9,3004,3.8,4.3,843,Social Media
U09429,53,Male,Lucknow,Samsung,iOS,3.4,13.2,242.1,50,1.6,3376,0.6,0.1,509,Social Media
U09430,38,Male,Delhi,Google Pixel,Android,4.1,39.3,165.0,96,3.0,2629,7.5,0.7,931,Work
U09431,47,Male,Hyderabad,Samsung,iOS,7.2,4.8,100.5,60,4.7,4424,5.6,1.7,1175,Education
U09432,22,Male,Pune,Google Pixel,iOS,6.8,35.6,240.9,146,3.3,7067,4.2,0.5,650,Entertainment
U09433,44,Female,Mumbai,Realme,Android,1.9,13.0,161.4,90,1.4,3219,1.5,2.7,1633,Education
U09434,23,Male,Bangalore,Oppo,iOS,6.5,34.3,71.9,26,5.2,2033,1.9,2.7,1321,Work
U09435,57,Male,Hyderabad,Realme,iOS,11.2,13.0,93.8,183,2.4,279,6.5,2.6,1092,Gaming
U09436,31,Male,Lucknow,Oppo,iOS,2.0,48.8,131.6,122,1.8,7607,0.5,4.4,1620,Work
U09437,60,Other,Hyderabad,Realme,Android,10.4,32.3,221.2,76,0.6,1112,8.0,1.8,763,Entertainment
U09438,32,Female,Lucknow,Nokia,iOS,10.5,15.7,162.6,159,2.8,1144,2.0,3.5,548,Entertainment
U09439,56,Male,Hyderabad,Samsung,iOS,4.3,24.0,77.8,112,4.7,7651,5.5,3.8,1876,Work
U09440,54,Other,Lucknow,OnePlus,Android,10.4,36.9,187.0,124,5.7,1836,7.0,1.5,1392,Social Media
U09441,31,Female,Lucknow,Xiaomi,Android,9.9,29.7,18.2,81,5.4,4092,7.3,2.7,1084,Gaming
U09442,57,Female,Ahmedabad,Vivo,iOS,4.0,22.7,295.4,35,1.6,4178,3.2,2.9,553,Work
U09443,51,Other,Mumbai,Apple,iOS,8.9,4.0,31.5,102,4.3,6396,3.2,2.0,1707,Gaming
U09444,48,Female,Chennai,Oppo,Android,7.2,23.0,64.2,19,4.8,8508,6.5,0.9,690,Social Media
U09445,27,Female,Hyderabad,Apple,iOS,8.9,41.0,267.6,118,4.9,129,6.1,2.0,1633,Entertainment
U09446,18,Other,Chennai,Realme,iOS,5.9,41.8,271.6,60,4.3,5533,3.6,4.0,138,Entertainment
U09447,33,Other,Delhi,Realme,Android,11.8,43.7,103.3,23,5.2,2444,5.7,0.7,367,Work
U09448,54,Other,Pune,Motorola,iOS,10.6,22.6,185.7,12,3.6,932,3.5,4.4,1889,Entertainment
U09449,35,Female,Bangalore,Vivo,Android,8.6,24.2,206.2,137,0.7,2886,3.0,4.3,1538,Gaming
U09450,27,Other,Lucknow,Apple,Android,3.8,32.0,27.0,44,5.9,3295,5.5,3.5,439,Work
U09451,29,Female,Jaipur,OnePlus,iOS,10.6,48.5,135.1,191,1.1,8365,4.9,4.3,306,Education
U09452,28,Other,Pune,Apple,Android,10.5,44.9,297.0,97,1.1,7730,3.4,2.6,1569,Work
U09453,32,Female,Bangalore,Xiaomi,iOS,3.5,36.5,22.6,72,0.6,6809,5.9,0.1,1063,Social Media
U09454,58,Other,Kolkata,Xiaomi,Android,2.6,3.2,60.6,185,5.8,1092,4.7,3.0,1523,Education
U09455,48,Male,Mumbai,Nokia,Android,8.1,28.0,169.3,92,3.8,5655,6.8,3.9,107,Gaming
U09456,52,Male,Bangalore,Oppo,Android,4.6,16.9,41.2,138,1.2,2517,5.1,4.8,1878,Entertainment
U09457,20,Male,Jaipur,Nokia,iOS,10.3,13.4,26.2,147,3.6,7987,6.3,3.7,592,Social Media
U09458,48,Female,Kolkata,Realme,Android,4.5,22.8,127.0,125,1.5,3311,3.2,0.7,1338,Education
U09459,18,Male,Jaipur,Vivo,Android,9.4,25.2,296.2,145,1.7,4040,6.7,0.2,1539,Education
U09460,16,Female,Hyderabad,Google Pixel,iOS,4.9,29.8,114.2,37,3.8,3628,7.4,2.6,1527,Work
U09461,25,Other,Pune,OnePlus,Android,9.4,47.7,208.2,113,1.0,8508,5.4,3.0,1574,Work
U09462,36,Other,Jaipur,Realme,iOS,7.2,9.6,279.8,199,5.8,4142,3.2,2.3,712,Education
U09463,41,Other,Delhi,Google Pixel,iOS,8.0,40.3,238.4,39,2.5,8798,2.3,3.2,1120,Work
U09464,53,Female,Chennai,Nokia,Android,11.3,3.8,274.8,183,3.6,229,7.9,4.2,1360,Entertainment
U09465,24,Male,Jaipur,Vivo,Android,11.2,19.2,176.9,164,4.4,4707,5.5,3.1,1588,Work
U09466,40,Female,Jaipur,Samsung,iOS,2.9,38.5,205.6,13,0.7,4079,2.4,4.9,1514,Gaming
U09467,37,Other,Lucknow,Apple,iOS,9.1,21.4,237.1,103,2.2,9590,2.2,4.2,1272,Education
U09468,16,Male,Delhi,Motorola,iOS,7.0,36.0,108.4,61,1.0,7815,2.3,4.2,646,Education
U09469,50,Male,Kolkata,Nokia,iOS,11.5,8.9,177.6,115,3.5,8484,5.2,2.6,1025,Work
U09470,34,Other,Ahmedabad,Oppo,Android,9.2,8.7,297.6,46,1.0,2299,5.6,0.0,1214,Gaming
U09471,31,Male,Mumbai,Vivo,iOS,9.7,32.6,126.8,60,4.2,2142,2.8,0.6,1607,Work
U09472,30,Male,Ahmedabad,Samsung,iOS,10.8,30.6,102.2,116,1.1,7290,7.4,3.3,1688,Gaming
U09473,50,Male,Pune,Samsung,iOS,3.9,6.4,64.6,86,1.2,3080,6.5,3.8,1714,Gaming
U09474,55,Other,Mumbai,Apple,iOS,5.2,42.9,249.7,50,1.2,2055,3.0,4.6,1798,Entertainment
U09475,15,Female,Kolkata,Samsung,Android,9.9,5.1,258.1,175,4.8,4520,0.7,4.6,395,Work
U09476,52,Other,Mumbai,Apple,iOS,1.8,20.4,46.7,20,6.0,4635,1.6,0.8,399,Education
U09477,59,Other,Bangalore,Motorola,iOS,6.5,27.6,9.6,170,4.6,3598,1.1,2.1,191,Gaming
U09478,34,Male,Jaipur,Motorola,Android,7.9,17.8,279.5,125,1.1,3627,3.6,1.1,382,Social Media
U09479,48,Male,Ahmedabad,OnePlus,Android,8.2,49.9,228.0,59,2.7,2723,6.3,2.2,1026,Gaming
U09480,19,Male,Ahmedabad,OnePlus,iOS,8.9,41.3,5.7,26,3.5,3515,6.3,4.6,1796,Education
U09481,33,Other,Hyderabad,OnePlus,Android,8.7,29.6,184.6,109,2.2,7349,5.2,3.0,1518,Entertainment
U09482,27,Other,Kolkata,Samsung,Android,9.2,7.6,250.8,99,1.8,9944,7.7,3.0,1708,Work
U09483,40,Female,Delhi,Xiaomi,iOS,4.9,30.2,26.2,79,5.5,7651,2.1,1.8,154,Gaming
U09484,40,Male,Delhi,Xiaomi,Android,4.1,47.5,205.8,99,2.2,8212,2.0,3.6,1374,Entertainment
U09485,52,Other,Ahmedabad,Samsung,Android,8.6,43.5,197.5,114,2.2,3875,1.2,0.8,1396,Social Media
U09486,51,Female,Delhi,Apple,iOS,9.8,32.9,127.5,107,5.3,2771,1.5,4.3,549,Entertainment
U09487,18,Male,Delhi,Xiaomi,iOS,3.8,3.7,63.6,86,3.2,7937,1.3,1.9,1809,Entertainment
U09488,21,Female,Lucknow,Xiaomi,Android,9.3,20.1,191.8,165,1.2,3752,6.2,0.1,644,Education
U09489,40,Male,Chennai,Samsung,iOS,7.2,39.3,10.8,77,1.0,866,1.5,4.7,1979,Social Media
U09490,20,Male,Pune,Realme,Android,8.8,13.9,296.7,67,2.2,3102,3.6,1.3,1044,Work
U09491,17,Female,Chennai,Oppo,iOS,6.2,37.8,65.4,155,4.4,6289,5.8,1.8,1742,Entertainment
U09492,18,Other,Mumbai,Vivo,Android,9.5,16.3,94.1,120,1.2,3706,2.7,4.9,1440,Work
U09493,48,Other,Delhi,Nokia,Android,9.1,49.5,135.1,43,2.8,3379,2.5,4.2,467,Work
U09494,53,Other,Pune,Nokia,Android,5.5,38.2,243.6,71,5.7,2938,1.7,0.2,1684,Social Media
U09495,15,Male,Delhi,Nokia,Android,8.0,2.9,294.2,149,4.1,3934,3.8,2.1,743,Education
U09496,52,Male,Bangalore,OnePlus,Android,5.6,28.1,200.9,75,0.8,6530,4.1,0.5,726,Work
U09497,41,Male,Pune,Oppo,Android,5.8,27.7,22.7,76,1.0,3270,2.0,3.5,1191,Entertainment
U09498,32,Female,Jaipur,Nokia,Android,3.2,27.2,260.9,196,3.3,6200,2.6,3.1,557,Entertainment
U09499,29,Female,Kolkata,Xiaomi,iOS,1.3,13.0,295.8,172,2.6,5952,6.3,1.3,1160,Gaming
U09500,31,Female,Hyderabad,Oppo,Android,5.4,45.7,254.9,38,2.2,5961,7.2,0.2,923,Gaming
U09501,32,Female,Delhi,OnePlus,iOS,5.7,49.2,38.5,73,5.4,2074,3.4,0.0,1369,Work
U09502,45,Female,Lucknow,Realme,iOS,11.5,32.6,236.5,21,3.6,6266,0.8,2.0,1546,Education
U09503,60,Female,Pune,Google Pixel,iOS,9.5,26.6,99.9,153,3.2,6142,7.0,1.6,270,Education
U09504,55,Other,Delhi,Apple,Android,4.0,11.5,14.3,152,5.5,5809,2.9,2.2,523,Work
U09505,42,Female,Mumbai,Realme,iOS,5.3,26.2,272.0,194,2.1,9105,0.7,4.4,103,Education
U09506,57,Other,Bangalore,Google Pixel,iOS,9.2,32.6,10.0,78,2.3,7924,5.3,2.4,1185,Gaming
U09507,55,Female,Hyderabad,Motorola,iOS,1.1,2.7,182.0,104,1.8,1509,2.6,2.2,669,Education
U09508,55,Male,Pune,Google Pixel,iOS,10.0,27.9,115.0,70,0.6,4878,2.8,3.0,1802,Work
U09509,45,Other,Bangalore,Xiaomi,iOS,1.9,29.2,164.1,159,4.3,3873,6.8,4.5,116,Gaming
U09510,47,Other,Ahmedabad,Nokia,Android,5.8,19.0,106.9,66,1.3,3964,5.9,4.6,1690,Education
U09511,60,Male,Bangalore,Oppo,Android,2.0,49.9,103.1,149,1.2,7176,2.0,1.4,118,Work
U09512,38,Female,Chennai,Realme,iOS,6.0,8.0,262.7,84,5.6,9759,2.9,3.7,1157,Social Media
U09513,24,Female,Mumbai,Xiaomi,iOS,10.6,7.3,100.9,90,2.6,5199,1.1,3.5,177,Work
U09514,29,Other,Hyderabad,Realme,iOS,11.1,34.9,5.3,194,3.6,7955,5.8,0.5,1054,Social Media
U09515,37,Male,Mumbai,Realme,Android,3.9,8.7,296.5,111,3.2,4878,2.5,0.9,1011,Work
U09516,53,Female,Mumbai,Motorola,iOS,4.6,22.0,251.5,194,5.0,2338,4.7,0.3,959,Work
U09517,33,Other,Ahmedabad,Xiaomi,iOS,6.7,13.6,116.2,70,0.9,3068,4.4,1.9,585,Entertainment
U09518,28,Male,Hyderabad,Vivo,iOS,10.7,36.6,244.7,120,2.6,1436,1.4,4.3,558,Social Media
U09519,28,Female,Hyderabad,Google Pixel,iOS,8.2,2.4,54.3,124,2.4,2914,5.5,4.6,949,Entertainment
U09520,49,Male,Chennai,Realme,Android,9.3,25.9,40.4,84,5.0,877,7.7,1.2,1482,Work
U09521,41,Female,Bangalore,Realme,Android,10.2,6.6,273.4,41,5.6,3295,3.2,4.4,195,Work
U09522,59,Other,Kolkata,Apple,iOS,6.1,21.7,121.4,18,1.0,2629,0.9,4.3,358,Social Media
U09523,39,Male,Chennai,Nokia,iOS,11.4,14.7,148.4,169,2.3,2902,7.0,3.8,897,Entertainment
U09524,17,Male,Mumbai,Motorola,Android,3.4,38.3,288.5,147,1.7,9814,0.8,1.0,538,Social Media
U09525,51,Female,Chennai,Samsung,iOS,3.7,27.4,157.3,115,0.8,5431,4.4,1.1,1200,Work
U09526,56,Male,Ahmedabad,Nokia,iOS,4.1,37.6,33.5,39,3.9,8480,7.1,4.6,1497,Social Media
U09527,30,Female,Jaipur,Google Pixel,iOS,1.4,6.3,120.1,192,0.9,3326,5.8,4.4,1346,Education
U09528,30,Female,Hyderabad,Oppo,iOS,6.3,17.2,87.9,155,1.3,2313,2.2,4.5,1458,Social Media
U09529,57,Male,Pune,Apple,Android,7.7,43.1,253.0,127,5.1,8483,7.6,0.5,217,Work
U09530,45,Male,Ahmedabad,Vivo,iOS,10.5,20.4,129.2,91,0.9,5355,3.6,1.1,1554,Entertainment
U09531,20,Female,Kolkata,Samsung,Android,6.8,44.4,107.0,46,3.7,1400,0.9,0.3,141,Work
U09532,52,Female,Bangalore,Nokia,Android,9.7,18.8,62.5,29,1.7,7118,2.1,1.9,1853,Gaming
U09533,38,Other,Mumbai,Google Pixel,iOS,8.1,10.4,160.1,96,3.3,3147,2.6,3.0,804,Work
U09534,43,Other,Delhi,Google Pixel,iOS,7.3,40.7,103.3,198,1.5,1767,7.8,2.2,1525,Entertainment
U09535,47,Female,Jaipur,Apple,iOS,9.9,13.8,47.2,190,4.0,2607,6.8,2.6,1891,Social Media
U09536,18,Male,Hyderabad,Samsung,iOS,4.0,48.8,54.2,118,5.1,1644,2.3,3.4,563,Social Media
U09537,32,Other,Jaipur,Samsung,iOS,11.0,10.2,68.6,193,5.5,9766,5.0,2.6,1407,Gaming
U09538,21,Female,Ahmedabad,Vivo,iOS,10.5,1.6,236.7,183,2.6,5366,2.2,1.4,244,Work
U09539,60,Female,Chennai,OnePlus,Android,5.1,31.4,112.4,63,1.4,9810,6.2,3.2,654,Social Media
U09540,20,Male,Chennai,Vivo,iOS,3.8,15.9,204.6,168,4.5,5346,7.1,0.2,140,Gaming
U09541,47,Male,Ahmedabad,Vivo,iOS,5.2,2.3,25.9,16,4.4,9655,7.3,0.1,1279,Work
U09542,33,Male,Pune,Xiaomi,Android,5.9,37.2,246.0,188,3.3,8136,7.7,1.7,538,Entertainment
U09543,37,Male,Jaipur,Nokia,Android,10.6,32.3,202.0,64,4.1,2538,1.5,3.0,386,Social Media
U09544,37,Male,Delhi,Apple,Android,2.6,29.4,194.2,130,2.9,1066,1.3,3.4,1923,Work
U09545,42,Other,Hyderabad,Vivo,iOS,1.6,5.4,75.3,118,0.9,4745,5.7,2.8,1471,Social Media
U09546,35,Female,Pune,Motorola,iOS,8.1,21.8,224.2,131,4.8,4570,3.6,3.4,675,Education
U09547,31,Other,Kolkata,Oppo,iOS,11.9,32.4,244.7,115,4.2,2713,2.3,4.9,1610,Social Media
U09548,54,Male,Kolkata,Vivo,iOS,3.2,29.4,67.5,95,0.9,3850,7.6,3.6,1018,Education
U09549,24,Other,Hyderabad,Google Pixel,iOS,11.1,30.9,290.0,53,4.1,6763,4.5,2.9,180,Gaming
U09550,21,Male,Hyderabad,Nokia,iOS,9.6,16.4,115.0,44,5.9,2169,3.9,1.7,425,Gaming
U09551,43,Other,Kolkata,Google Pixel,iOS,3.1,27.3,264.0,144,5.4,9120,4.0,2.0,1862,Work
U09552,32,Male,Kolkata,Oppo,iOS,11.0,6.5,192.9,196,4.8,1165,5.4,0.9,1769,Education
U09553,24,Female,Mumbai,OnePlus,Android,8.8,16.9,178.5,168,0.7,7452,1.3,0.0,690,Gaming
U09554,17,Male,Hyderabad,Google Pixel,Android,8.6,30.5,77.7,53,5.2,5416,3.3,1.8,1969,Work
U09555,44,Female,Jaipur,OnePlus,iOS,8.7,36.4,227.2,193,5.4,7013,1.9,4.0,1944,Social Media
U09556,58,Other,Pune,Oppo,Android,2.5,49.4,75.6,63,4.9,4583,4.5,4.9,1677,Work
U09557,52,Male,Chennai,Samsung,iOS,4.1,14.9,219.2,32,3.8,2450,1.6,4.1,714,Entertainment
U09558,40,Female,Bangalore,Oppo,iOS,6.6,4.4,97.4,78,0.8,899,3.1,4.9,1488,Gaming
U09559,25,Female,Ahmedabad,Realme,iOS,2.7,46.5,200.7,180,3.8,9965,2.8,2.4,1678,Entertainment
U09560,57,Other,Hyderabad,Motorola,Android,8.4,2.0,159.2,160,3.7,9890,1.9,5.0,199,Work
U09561,41,Other,Jaipur,Nokia,iOS,5.6,18.6,244.6,150,4.0,9158,7.4,1.8,1191,Work
U09562,44,Other,Chennai,Motorola,Android,2.7,47.8,263.8,63,2.0,7235,3.1,0.5,534,Social Media
U09563,23,Female,Delhi,Nokia,Android,5.1,12.1,75.2,14,5.0,995,7.7,0.3,248,Entertainment
U09564,40,Other,Lucknow,Nokia,Android,5.6,17.0,196.1,82,1.1,2213,6.2,4.2,1050,Gaming
U09565,27,Female,Bangalore,Nokia,Android,6.7,41.6,135.2,185,4.2,1695,6.4,1.6,588,Work
U09566,54,Male,Lucknow,Xiaomi,iOS,8.7,25.6,291.9,69,5.6,1712,6.8,3.9,762,Work
U09567,36,Other,Ahmedabad,Google Pixel,Android,8.7,10.1,45.6,131,4.1,9159,0.8,4.4,242,Entertainment
U09568,17,Female,Mumbai,Google Pixel,iOS,4.2,28.5,61.1,57,1.2,4651,5.8,0.1,1450,Education
U09569,39,Other,Lucknow,Google Pixel,Android,11.6,31.0,244.0,62,4.9,2073,4.3,4.1,115,Entertainment
U09570,20,Male,Pune,Apple,iOS,9.3,40.2,7.7,116,5.2,4838,0.8,1.4,1188,Education
U09571,21,Female,Hyderabad,Samsung,Android,11.2,27.5,253.7,143,2.8,1985,7.3,3.0,1087,Work
U09572,41,Male,Kolkata,Xiaomi,iOS,8.4,44.1,195.3,23,5.9,6609,4.4,3.8,1198,Gaming
U09573,17,Other,Kolkata,Vivo,Android,9.3,25.2,144.8,56,4.6,3876,7.7,0.5,1440,Work
U09574,59,Other,Hyderabad,Realme,iOS,7.7,23.8,50.1,111,5.6,1312,2.0,2.5,464,Social Media
U09575,49,Other,Ahmedabad,Realme,Android,1.7,47.3,145.0,18,0.9,9746,3.1,1.6,1112,Social Media
U09576,33,Female,Lucknow,Motorola,Android,9.7,8.5,57.7,10,1.8,5512,2.9,3.2,1823,Education
U09577,38,Other,Hyderabad,Vivo,iOS,11.2,4.7,236.8,84,2.0,9212,5.7,0.1,1926,Social Media
U09578,47,Female,Jaipur,Motorola,Android,11.3,16.7,297.9,86,3.3,7848,7.4,4.1,1450,Entertainment
U09579,33,Female,Kolkata,Xiaomi,iOS,9.3,3.9,112.0,106,0.5,6394,2.7,2.7,1016,Education
U09580,45,Female,Hyderabad,Realme,iOS,11.0,24.4,27.0,158,2.0,8390,7.6,2.5,1713,Education
U09581,36,Other,Mumbai,OnePlus,Android,6.3,48.9,266.7,109,1.7,9668,4.8,3.7,997,Gaming
U09582,19,Male,Ahmedabad,Realme,iOS,7.2,48.0,79.0,175,1.9,4090,5.6,4.9,1996,Gaming
U09583,42,Other,Mumbai,Xiaomi,Android,2.2,17.1,231.7,88,4.0,1332,1.3,1.7,756,Work
U09584,55,Other,Mumbai,Vivo,Android,4.3,4.4,145.9,139,2.0,951,3.3,4.3,747,Gaming
U09585,26,Female,Bangalore,Realme,Android,3.9,10.4,13.2,181,5.4,4310,1.8,2.0,595,Gaming
U09586,52,Other,Pune,Apple,Android,4.1,22.1,83.6,58,3.3,5736,8.0,1.6,1371,Work
U09587,33,Male,Bangalore,Apple,Android,6.4,30.8,259.4,78,5.2,7940,7.4,3.9,382,Gaming
U09588,54,Other,Kolkata,Oppo,Android,4.6,41.6,15.8,31,2.6,2637,3.4,3.2,1586,Social Media
U09589,55,Male,Mumbai,Nokia,iOS,4.4,26.0,212.6,193,1.4,6955,1.3,4.0,1714,Education
U09590,54,Male,Chennai,Motorola,iOS,4.3,33.3,35.6,169,0.7,9787,1.7,1.0,1026,Entertainment
U09591,60,Female,Kolkata,Google Pixel,iOS,8.7,18.2,135.7,75,5.1,8105,0.9,4.6,1097,Entertainment
U09592,43,Other,Hyderabad,Google Pixel,iOS,5.1,8.5,255.2,183,2.4,1066,6.4,2.9,1312,Entertainment
U09593,27,Male,Lucknow,Samsung,iOS,8.5,9.4,106.5,188,5.7,6268,3.0,5.0,1968,Social Media
U09594,28,Male,Delhi,Realme,Android,10.7,22.2,39.6,129,3.4,9999,1.5,0.9,1902,Work
U09595,46,Female,Pune,Xiaomi,Android,11.7,48.0,101.2,125,3.7,8836,3.5,3.5,1241,Social Media
U09596,38,Male,Ahmedabad,Google Pixel,iOS,3.6,41.6,231.5,154,2.3,3985,6.5,3.6,1634,Social Media
U09597,34,Male,Bangalore,Google Pixel,Android,3.5,49.1,247.8,129,5.5,8116,2.5,0.3,445,Gaming
U09598,31,Female,Hyderabad,Xiaomi,Android,4.6,35.6,167.8,157,2.0,4154,6.4,0.1,1806,Social Media
U09599,59,Female,Ahmedabad,OnePlus,Android,1.4,31.7,176.8,60,1.4,8266,7.1,0.5,1015,Work
U09600,39,Other,Hyderabad,Oppo,Android,4.5,26.9,263.0,149,1.9,710,7.8,2.7,776,Entertainment
U09601,55,Female,Lucknow,Nokia,Android,9.1,22.5,270.5,51,3.6,6877,5.5,4.8,161,Social Media
U09602,16,Male,Pune,Google Pixel,iOS,5.5,2.1,36.1,36,2.3,5935,6.5,4.4,609,Social Media
U09603,25,Female,Hyderabad,Google Pixel,iOS,1.2,34.6,251.4,138,3.5,1403,6.7,3.0,1338,Work
U09604,26,Other,Lucknow,Xiaomi,iOS,1.0,33.6,107.2,69,1.9,5507,6.4,3.5,179,Social Media
U09605,40,Male,Pune,Xiaomi,iOS,9.9,39.2,53.2,82,4.7,1973,6.0,4.5,1576,Gaming
U09606,43,Female,Ahmedabad,Samsung,iOS,5.5,22.9,82.6,48,4.6,8541,5.8,4.5,1135,Work
U09607,30,Female,Hyderabad,Vivo,iOS,11.1,35.3,209.5,161,0.7,558,8.0,2.9,960,Entertainment
U09608,21,Male,Lucknow,Oppo,Android,10.2,43.8,83.7,41,5.5,3068,5.0,1.7,475,Work
U09609,57,Female,Delhi,Oppo,iOS,1.7,2.4,48.7,140,4.6,3525,6.2,4.0,1410,Work
U09610,60,Female,Kolkata,Realme,iOS,8.5,3.7,138.3,167,4.6,7326,1.6,1.1,290,Education
U09611,22,Female,Pune,Motorola,iOS,6.1,19.5,211.1,160,1.4,3255,3.6,2.8,1631,Gaming
U09612,36,Female,Ahmedabad,OnePlus,iOS,3.8,43.5,104.9,45,4.6,1487,2.4,1.8,1528,Entertainment
U09613,36,Other,Lucknow,Vivo,iOS,11.7,49.7,47.7,192,3.7,3257,5.0,3.7,1684,Gaming
U09614,29,Male,Ahmedabad,OnePlus,iOS,7.6,29.8,42.8,13,5.6,558,5.7,1.2,1538,Social Media
U09615,37,Other,Pune,Google Pixel,Android,11.7,27.3,88.0,20,2.9,9250,0.8,0.4,1292,Gaming
U09616,24,Other,Chennai,Vivo,iOS,10.3,34.1,225.7,142,3.4,8572,3.4,0.0,263,Entertainment
U09617,21,Other,Mumbai,Google Pixel,iOS,1.3,16.7,6.6,145,1.4,2469,3.4,3.8,1196,Work
U09618,22,Female,Bangalore,Samsung,iOS,3.1,27.0,7.8,154,3.1,9021,6.0,3.2,1718,Education
U09619,59,Female,Lucknow,Vivo,iOS,9.7,35.8,255.7,83,5.7,1437,5.9,0.2,971,Gaming
U09620,46,Other,Chennai,Apple,Android,5.9,27.1,276.5,78,2.9,4392,4.5,4.3,1277,Education
U09621,28,Male,Hyderabad,Oppo,Android,6.4,4.8,23.3,50,3.6,2936,3.3,4.4,888,Entertainment
U09622,52,Female,Hyderabad,Apple,iOS,1.4,24.6,188.8,76,4.9,2092,1.2,3.0,918,Social Media
U09623,39,Female,Kolkata,Vivo,iOS,2.5,32.9,233.7,26,2.0,9607,6.5,2.4,1672,Gaming
U09624,20,Other,Lucknow,Oppo,iOS,10.3,24.9,184.9,64,1.7,9662,1.9,1.9,280,Gaming
U09625,58,Other,Bangalore,Motorola,iOS,10.1,19.0,116.5,149,5.6,7667,7.9,0.8,963,Entertainment
U09626,45,Male,Chennai,Oppo,iOS,4.9,28.9,29.5,49,1.8,239,4.9,4.8,1777,Work
U09627,39,Other,Jaipur,Samsung,Android,1.9,29.9,184.7,121,4.0,9956,1.0,1.5,1094,Gaming
U09628,56,Male,Lucknow,Oppo,Android,7.5,29.6,248.7,135,3.9,9954,3.0,4.5,635,Entertainment
U09629,20,Male,Kolkata,Motorola,iOS,5.1,9.4,201.3,67,0.6,8763,6.2,3.7,1766,Gaming
U09630,42,Male,Hyderabad,Google Pixel,iOS,8.9,43.9,258.5,18,2.6,8920,2.9,4.4,879,Gaming
U09631,49,Female,Ahmedabad,Motorola,iOS,5.2,47.1,193.2,30,4.0,292,7.2,1.6,831,Work
U09632,17,Other,Ahmedabad,Apple,Android,8.5,49.1,149.1,158,0.6,1451,1.2,3.4,1723,Work
U09633,15,Male,Chennai,Nokia,Android,7.3,8.7,79.7,95,2.5,2782,4.2,0.6,484,Work
U09634,28,Male,Ahmedabad,Realme,iOS,2.2,3.3,35.5,21,4.7,5535,2.1,2.1,1913,Social Media
U09635,28,Female,Delhi,Nokia,iOS,10.7,19.5,102.1,121,3.2,2133,5.8,1.5,1190,Social Media
U09636,54,Other,Ahmedabad,Nokia,iOS,6.5,36.6,108.3,76,1.6,7086,6.2,0.9,832,Entertainment
U09637,51,Female,Lucknow,OnePlus,Android,11.1,43.4,65.8,146,2.6,9442,5.4,4.3,978,Social Media
U09638,30,Female,Kolkata,Apple,Android,2.9,7.6,29.7,35,4.9,2630,6.1,3.8,429,Gaming
U09639,17,Male,Hyderabad,Google Pixel,Android,1.1,27.7,196.5,108,5.1,3269,6.6,2.9,314,Entertainment
U09640,51,Male,Hyderabad,Nokia,Android,2.1,42.5,146.5,90,4.0,8463,1.2,0.6,1289,Work
U09641,48,Other,Ahmedabad,Samsung,iOS,10.5,40.6,12.0,175,2.9,2689,5.4,3.2,1402,Education
U09642,27,Male,Jaipur,Apple,iOS,7.8,8.0,173.4,19,0.7,4498,1.1,4.7,1829,Work
U09643,39,Male,Jaipur,Realme,iOS,11.6,7.2,230.9,195,0.7,8983,7.7,3.4,883,Gaming
U09644,38,Other,Hyderabad,Motorola,Android,6.9,4.0,34.3,164,4.8,5219,5.0,1.9,822,Social Media
U09645,36,Other,Chennai,OnePlus,iOS,7.7,18.5,68.6,142,3.0,862,2.8,3.7,1156,Gaming
U09646,18,Male,Kolkata,Motorola,Android,5.3,38.5,148.9,142,1.4,9217,7.8,4.8,1570,Education
U09647,60,Other,Kolkata,Apple,iOS,3.8,25.1,50.9,109,0.5,9557,6.9,1.5,132,Social Media
U09648,18,Female,Lucknow,Vivo,Android,5.6,32.5,137.3,93,3.5,9012,2.7,1.1,535,Education
U09649,31,Other,Kolkata,Xiaomi,iOS,6.1,37.3,79.8,104,5.8,7167,4.1,1.8,161,Entertainment
U09650,33,Male,Hyderabad,Vivo,iOS,9.3,13.8,226.8,162,1.5,2599,4.7,1.3,256,Entertainment
U09651,36,Female,Lucknow,Vivo,Android,8.2,31.5,247.9,122,4.4,9243,1.5,2.7,697,Work
U09652,40,Female,Mumbai,Apple,iOS,1.3,5.3,106.9,27,2.5,7737,6.5,3.0,196,Social Media
U09653,15,Other,Ahmedabad,Motorola,Android,8.7,14.1,205.4,38,1.0,4568,3.9,1.2,1952,Gaming
U09654,24,Male,Mumbai,Realme,Android,9.7,39.2,29.0,17,2.0,1280,5.9,2.1,468,Education
U09655,45,Female,Pune,Oppo,Android,7.2,47.9,140.3,69,4.5,8953,4.2,2.6,144,Entertainment
U09656,60,Male,Kolkata,Motorola,iOS,7.7,11.3,290.9,104,3.5,7050,0.9,1.5,614,Gaming
U09657,37,Female,Hyderabad,Xiaomi,iOS,9.1,40.5,202.2,18,5.5,9026,4.2,4.5,1113,Education
U09658,21,Male,Hyderabad,Vivo,iOS,7.7,11.0,32.3,174,4.1,9740,7.8,3.6,1105,Education
U09659,58,Male,Chennai,OnePlus,iOS,6.1,22.2,213.4,126,5.1,1490,4.7,4.8,1504,Education
U09660,47,Female,Bangalore,Oppo,iOS,8.5,14.9,275.2,134,2.7,6896,2.0,2.2,1938,Gaming
U09661,43,Other,Bangalore,Xiaomi,Android,2.9,49.2,134.0,66,5.5,9190,4.2,4.3,1557,Social Media
U09662,41,Male,Hyderabad,Realme,iOS,2.2,30.0,121.7,47,4.9,164,6.5,2.1,1778,Entertainment
U09663,16,Female,Delhi,Samsung,iOS,4.8,21.4,190.8,143,1.4,2086,1.0,1.7,1250,Gaming
U09664,38,Female,Ahmedabad,Apple,iOS,3.6,47.8,185.3,29,1.7,1341,6.9,0.4,784,Gaming
U09665,36,Female,Ahmedabad,OnePlus,iOS,3.9,35.1,110.3,73,3.6,5758,4.6,0.1,1731,Social Media
U09666,39,Male,Kolkata,Realme,Android,11.5,12.0,131.5,169,1.7,229,3.5,4.0,1155,Work
U09667,29,Female,Pune,Xiaomi,Android,3.5,45.9,117.2,97,4.7,454,6.8,3.7,1857,Gaming
U09668,17,Female,Pune,OnePlus,iOS,11.7,42.6,125.9,88,2.3,8215,4.9,3.0,1735,Entertainment
U09669,36,Male,Pune,Motorola,Android,6.3,9.7,209.2,151,1.6,5416,7.6,2.8,259,Social Media
U09670,17,Male,Pune,Google Pixel,iOS,4.2,17.1,16.7,77,5.6,7331,4.6,4.0,1823,Work
U09671,43,Other,Kolkata,Motorola,Android,10.2,16.2,77.3,165,5.0,7760,6.3,1.9,1860,Social Media
U09672,16,Female,Mumbai,Realme,iOS,5.0,16.6,259.6,83,5.3,542,4.5,1.1,1243,Education
U09673,43,Male,Lucknow,Samsung,Android,11.6,13.5,30.2,82,5.1,5596,2.3,0.6,1218,Work
U09674,16,Male,Jaipur,Realme,iOS,7.2,26.5,31.2,121,1.8,5002,6.2,3.0,526,Social Media
U09675,39,Other,Bangalore,Samsung,Android,6.0,18.1,57.1,137,2.1,6182,5.5,0.3,1323,Education
U09676,18,Other,Kolkata,Vivo,Android,10.1,33.5,49.6,106,3.6,6176,2.6,1.4,1102,Entertainment
U09677,35,Other,Mumbai,Oppo,Android,8.3,33.0,68.6,89,1.4,7413,1.3,1.1,352,Work
U09678,23,Other,Mumbai,Motorola,Android,6.2,8.4,288.5,133,1.5,4384,2.8,1.9,427,Gaming
U09679,19,Other,Delhi,Apple,iOS,1.4,16.9,114.8,63,2.5,3094,5.3,3.6,458,Social Media
U09680,37,Female,Jaipur,Motorola,Android,10.4,15.8,191.1,98,1.0,1976,1.0,2.4,622,Social Media
U09681,44,Female,Hyderabad,Realme,Android,9.3,21.1,286.0,188,3.0,2452,3.8,1.2,902,Gaming
U09682,37,Other,Kolkata,Motorola,iOS,7.2,30.9,247.3,89,2.5,1326,6.8,2.9,925,Education
U09683,20,Other,Delhi,Xiaomi,iOS,7.9,28.6,191.0,184,3.4,7950,0.8,2.0,1342,Gaming
U09684,26,Female,Mumbai,Motorola,Android,11.4,12.4,65.0,36,3.4,6064,2.1,0.5,1946,Gaming
U09685,32,Female,Lucknow,Google Pixel,iOS,3.1,37.8,280.0,27,3.7,271,0.8,0.2,1135,Work
U09686,37,Male,Pune,Nokia,Android,1.1,23.5,125.6,38,3.2,9160,6.3,2.2,423,Work
U09687,19,Other,Kolkata,Nokia,iOS,8.0,21.5,213.1,32,3.2,1194,3.9,3.9,758,Entertainment
U09688,51,Other,Ahmedabad,Samsung,Android,2.8,37.9,90.4,49,3.8,3251,3.4,0.5,530,Social Media
U09689,23,Male,Jaipur,Apple,Android,2.2,16.6,191.2,187,2.1,1121,5.5,0.5,1443,Education
U09690,57,Female,Lucknow,Vivo,iOS,7.8,3.0,53.0,176,1.7,7719,0.6,4.8,1794,Work
U09691,58,Male,Delhi,Samsung,Android,8.3,28.4,117.1,68,1.2,6252,3.5,4.7,1241,Entertainment
U09692,26,Female,Hyderabad,Samsung,Android,4.0,1.6,261.6,99,2.1,5771,6.5,4.5,538,Gaming
U09693,44,Male,Bangalore,OnePlus,iOS,7.5,21.3,285.5,117,0.7,1115,3.7,4.6,1726,Work
U09694,51,Male,Delhi,Motorola,iOS,2.1,2.4,67.4,158,1.0,5887,2.9,2.7,293,Social Media
U09695,19,Male,Pune,OnePlus,Android,5.4,13.1,268.6,44,2.3,5707,6.1,1.6,1312,Gaming
U09696,35,Female,Jaipur,Apple,iOS,7.9,17.4,11.4,116,4.8,8820,1.2,4.4,161,Education
U09697,60,Other,Lucknow,Vivo,iOS,3.1,17.9,29.6,81,2.3,376,1.2,3.1,511,Social Media
U09698,35,Other,Jaipur,Google Pixel,iOS,11.0,17.9,23.9,150,4.7,4600,7.2,3.3,1598,Social Media
U09699,21,Female,Ahmedabad,Realme,iOS,1.7,3.6,224.7,60,1.2,4779,1.5,4.2,1192,Entertainment
U09700,60,Female,Jaipur,Vivo,iOS,7.1,34.7,231.9,180,2.6,8196,4.1,4.8,311,Education
U09701,57,Female,Delhi,Vivo,Android,3.9,22.6,46.5,192,4.8,8954,6.6,3.5,308,Entertainment
U09702,38,Other,Hyderabad,Xiaomi,iOS,8.9,38.7,192.2,136,1.2,3729,5.9,3.0,1448,Entertainment
U09703,36,Other,Chennai,OnePlus,iOS,5.9,4.2,283.3,52,1.0,8758,5.7,1.7,1537,Education
U09704,29,Male,Bangalore,Apple,Android,4.6,5.6,106.3,152,5.6,514,4.0,0.8,293,Education
U09705,53,Male,Hyderabad,OnePlus,iOS,7.2,26.7,299.9,187,1.5,9087,2.6,0.0,1430,Work
U09706,54,Male,Jaipur,Realme,iOS,11.8,29.1,88.1,140,3.4,8062,1.2,3.7,335,Work
U09707,32,Male,Pune,Nokia,Android,1.5,43.9,245.7,34,3.4,1287,7.7,0.7,701,Social Media
U09708,49,Male,Lucknow,OnePlus,Android,7.7,29.2,292.3,97,2.6,9494,3.9,2.4,648,Gaming
U09709,28,Other,Pune,Motorola,iOS,3.3,28.0,111.7,17,3.0,9269,3.9,1.9,621,Gaming
U09710,36,Female,Chennai,Google Pixel,Android,2.1,1.5,19.1,15,1.0,9508,5.1,0.3,1493,Social Media
U09711,60,Male,Ahmedabad,Vivo,Android,8.9,46.5,106.4,14,5.5,5148,5.5,0.9,522,Gaming
U09712,46,Other,Kolkata,OnePlus,iOS,9.9,6.3,288.7,141,2.6,1189,4.2,3.0,1749,Entertainment
U09713,44,Female,Ahmedabad,Google Pixel,iOS,5.0,42.0,234.5,158,2.2,3780,7.8,2.7,1243,Education
U09714,33,Male,Hyderabad,Apple,iOS,2.8,48.8,115.3,124,5.7,7158,7.5,0.3,1585,Social Media
U09715,58,Other,Hyderabad,Oppo,iOS,3.9,39.3,138.2,79,4.0,1406,4.3,4.1,635,Education
U09716,36,Female,Hyderabad,OnePlus,Android,10.3,35.9,200.1,200,2.2,6511,4.0,2.4,950,Entertainment
U09717,52,Other,Pune,Samsung,iOS,4.8,49.2,118.6,157,4.5,6139,1.6,2.5,1393,Education
U09718,33,Male,Lucknow,Realme,Android,4.5,47.6,101.5,150,3.8,282,3.0,2.9,834,Gaming
U09719,59,Other,Chennai,Xiaomi,Android,8.1,37.0,153.2,197,5.5,4401,4.4,4.4,1961,Gaming
U09720,47,Female,Delhi,Google Pixel,Android,4.1,24.6,63.6,122,2.0,5572,7.7,0.0,889,Entertainment
U09721,57,Male,Ahmedabad,OnePlus,Android,4.6,22.5,94.1,60,2.4,8069,2.8,0.2,615,Social Media
U09722,33,Male,Bangalore,Nokia,iOS,7.3,1.2,121.4,94,5.5,9745,5.1,0.8,1386,Work
U09723,55,Other,Chennai,Google Pixel,Android,7.4,3.4,58.9,63,2.5,8648,6.6,1.2,1849,Entertainment
U09724,16,Other,Hyderabad,Oppo,Android,6.3,47.4,171.7,141,2.6,5903,1.2,1.3,217,Education
U09725,44,Male,Pune,Motorola,iOS,7.3,45.2,97.6,68,1.4,1194,7.7,1.8,684,Work
U09726,56,Other,Hyderabad,Apple,iOS,1.4,48.4,93.1,141,4.1,4927,5.0,3.2,623,Social Media
U09727,32,Male,Chennai,Xiaomi,iOS,12.0,5.4,208.7,161,3.8,416,1.0,0.5,1436,Education
U09728,35,Female,Hyderabad,Xiaomi,iOS,4.7,45.1,245.2,41,4.9,7707,1.1,3.2,1588,Social Media
U09729,43,Male,Ahmedabad,Realme,Android,6.1,44.2,235.0,40,2.8,1126,3.1,0.6,440,Entertainment
U09730,36,Female,Jaipur,Google Pixel,iOS,3.6,33.7,293.9,108,5.5,9915,5.1,1.1,1709,Education
U09731,19,Male,Lucknow,OnePlus,Android,5.8,45.6,111.7,54,2.6,1185,5.8,2.3,890,Education
U09732,21,Male,Kolkata,Vivo,Android,1.5,50.0,247.2,121,5.6,2026,1.5,2.4,587,Social Media
U09733,41,Female,Lucknow,Samsung,Android,3.4,24.5,269.3,83,3.3,6228,7.0,0.5,1002,Social Media
U09734,56,Female,Lucknow,Realme,Android,3.7,30.5,26.4,39,2.1,908,0.5,3.4,1238,Education
U09735,41,Other,Chennai,Vivo,iOS,1.5,22.8,201.2,155,4.5,2492,4.6,2.1,940,Education
U09736,56,Male,Mumbai,Google Pixel,iOS,2.2,46.3,29.8,159,4.7,9087,3.2,3.5,544,Education
U09737,46,Male,Jaipur,Nokia,Android,6.8,30.6,132.1,137,4.7,1350,4.9,4.7,338,Gaming
U09738,56,Other,Lucknow,Xiaomi,Android,7.5,36.2,136.1,99,4.2,2898,1.2,3.8,159,Work
U09739,55,Male,Hyderabad,Motorola,Android,7.1,47.3,171.3,196,1.3,2985,7.8,0.2,881,Gaming
U09740,48,Male,Bangalore,Google Pixel,iOS,9.3,3.1,141.7,130,2.4,6016,2.8,0.4,497,Social Media
U09741,46,Female,Lucknow,Xiaomi,Android,3.4,29.4,190.8,51,3.0,873,1.6,0.4,1209,Gaming
U09742,52,Other,Delhi,OnePlus,iOS,10.3,30.3,232.1,79,5.8,9450,2.4,0.3,202,Work
U09743,35,Female,Bangalore,Google Pixel,iOS,7.5,11.6,83.5,63,6.0,3840,2.0,0.9,627,Work
U09744,54,Female,Delhi,Google Pixel,Android,2.6,13.9,220.7,177,4.3,8533,2.4,2.5,748,Education
U09745,42,Female,Jaipur,Nokia,iOS,8.7,21.7,46.2,26,1.8,5151,3.4,4.3,1511,Education
U09746,50,Male,Jaipur,OnePlus,iOS,11.3,35.6,238.6,94,3.0,5493,4.9,4.4,1496,Work
U09747,27,Female,Hyderabad,Realme,iOS,10.1,2.6,162.7,81,2.9,2745,1.2,2.2,1582,Education
U09748,32,Other,Chennai,Nokia,Android,1.7,37.7,121.4,52,2.4,3392,1.3,4.7,1903,Social Media
U09749,53,Male,Ahmedabad,Apple,iOS,4.0,12.3,259.8,24,2.9,378,6.1,4.8,433,Education
U09750,42,Female,Delhi,Oppo,iOS,11.1,47.8,186.3,107,1.6,8826,4.0,1.7,340,Work
U09751,20,Other,Lucknow,Oppo,Android,11.4,17.0,71.5,117,5.4,7297,4.6,1.6,1435,Gaming
U09752,24,Other,Pune,Motorola,iOS,1.3,24.2,86.3,138,3.9,4015,5.7,5.0,1590,Work
U09753,36,Male,Ahmedabad,Nokia,Android,4.3,8.7,30.6,118,5.2,9669,2.2,4.7,1554,Entertainment
U09754,53,Female,Delhi,Vivo,Android,10.1,3.1,140.2,47,4.7,6907,7.5,1.1,1264,Social Media
U09755,24,Female,Delhi,Xiaomi,Android,9.5,45.0,252.4,35,3.2,9000,2.6,3.3,1927,Social Media
U09756,51,Female,Chennai,Motorola,iOS,3.8,49.2,244.3,94,5.5,9543,2.7,1.2,290,Education
U09757,50,Female,Hyderabad,Xiaomi,Android,5.5,16.8,142.4,59,1.7,2039,7.4,2.3,1367,Work
U09758,30,Female,Kolkata,Xiaomi,iOS,3.5,1.1,125.7,185,3.3,933,7.2,4.6,1672,Social Media
U09759,55,Other,Bangalore,Oppo,Android,2.6,44.4,273.0,74,6.0,1973,1.4,2.1,1345,Education
U09760,43,Other,Mumbai,Motorola,iOS,8.9,46.6,289.1,43,3.1,7289,1.7,5.0,1379,Entertainment
U09761,47,Male,Hyderabad,Vivo,Android,5.2,31.3,290.8,54,3.2,2903,7.0,1.4,1942,Education
U09762,35,Male,Pune,Oppo,iOS,9.4,1.9,171.6,93,1.5,1038,4.1,3.3,1652,Work
U09763,50,Other,Chennai,Nokia,iOS,8.2,13.3,266.3,71,3.6,3061,5.0,4.1,477,Social Media
U09764,25,Male,Delhi,Samsung,Android,2.7,48.1,281.2,200,3.7,5180,3.6,1.4,1443,Gaming
U09765,46,Other,Mumbai,Apple,iOS,10.4,4.8,162.3,198,3.1,8367,2.5,2.1,317,Work
U09766,47,Female,Ahmedabad,Samsung,iOS,3.8,27.5,189.8,134,2.4,7509,1.2,0.7,694,Education
U09767,32,Male,Chennai,Vivo,Android,4.0,26.7,71.5,196,4.0,6856,6.1,0.1,1596,Education
U09768,59,Female,Mumbai,Samsung,Android,3.4,4.2,292.6,49,3.5,967,2.4,1.0,426,Gaming
U09769,49,Male,Ahmedabad,Oppo,Android,6.7,32.7,80.5,83,4.3,8601,0.8,1.4,285,Social Media
U09770,50,Other,Jaipur,Samsung,iOS,6.5,26.7,50.7,15,1.2,388,2.8,2.4,1780,Education
U09771,50,Female,Chennai,Xiaomi,iOS,9.9,43.9,240.8,188,5.5,2310,7.8,3.0,1184,Gaming
U09772,17,Other,Bangalore,OnePlus,iOS,6.4,5.2,171.7,32,3.1,9731,1.8,0.0,452,Gaming
U09773,60,Other,Pune,Oppo,Android,6.3,37.2,200.4,21,5.5,9803,3.5,3.3,513,Education
U09774,42,Other,Mumbai,OnePlus,Android,5.1,32.0,65.6,14,4.6,8280,7.2,4.0,1601,Work
U09775,58,Female,Kolkata,OnePlus,Android,9.5,40.7,150.9,192,3.1,2638,6.3,1.6,1781,Gaming
U09776,51,Male,Lucknow,Oppo,iOS,7.4,17.6,6.5,87,5.5,4494,6.3,4.3,914,Work
U09777,25,Male,Pune,Apple,Android,8.5,18.2,39.1,65,3.5,9613,0.5,2.2,784,Social Media
U09778,54,Other,Hyderabad,Realme,iOS,11.4,22.6,33.6,145,5.9,7516,5.2,2.3,1497,Work
U09779,54,Male,Mumbai,OnePlus,Android,6.4,32.7,150.9,169,2.7,9539,4.6,1.3,348,Work
U09780,40,Female,Kolkata,Realme,Android,1.3,12.4,142.3,145,3.4,1861,2.5,0.7,1176,Social Media
U09781,41,Male,Ahmedabad,OnePlus,Android,5.4,15.3,72.2,164,5.5,2975,0.7,4.0,883,Gaming
U09782,33,Other,Delhi,Oppo,iOS,6.6,6.6,185.7,78,3.8,2625,2.5,3.5,1936,Social Media
U09783,19,Male,Jaipur,Oppo,Android,10.3,22.7,95.8,121,4.5,8318,2.5,2.2,1880,Gaming
U09784,41,Male,Chennai,Apple,iOS,7.5,26.8,110.7,150,1.2,2114,6.6,1.9,1368,Entertainment
U09785,29,Female,Kolkata,Google Pixel,iOS,1.7,20.9,88.8,120,5.9,2629,1.2,2.2,394,Work
U09786,43,Female,Kolkata,Xiaomi,Android,10.0,22.4,6.7,121,3.6,1442,0.6,5.0,934,Gaming
U09787,32,Other,Kolkata,Motorola,Android,4.0,35.1,191.4,93,1.0,1145,7.8,4.8,1300,Social Media
U09788,22,Other,Ahmedabad,Xiaomi,Android,4.8,40.2,248.6,16,2.8,2806,7.0,3.7,1775,Entertainment
U09789,52,Female,Mumbai,Xiaomi,iOS,3.5,4.8,155.1,131,5.5,347,2.8,0.3,1802,Gaming
U09790,35,Other,Pune,Vivo,iOS,2.9,42.1,288.9,110,0.7,3776,3.2,1.8,287,Gaming
U09791,46,Other,Lucknow,Oppo,iOS,8.4,30.2,183.5,30,1.9,705,2.8,3.0,299,Gaming
U09792,22,Female,Bangalore,Xiaomi,Android,4.7,23.2,157.9,116,1.3,2922,3.8,3.3,1280,Gaming
U09793,20,Other,Bangalore,Realme,iOS,3.0,24.3,179.7,79,0.7,5592,2.9,0.9,653,Work
U09794,28,Other,Delhi,Apple,Android,9.3,46.8,125.3,95,3.0,5921,1.6,2.9,422,Entertainment
U09795,44,Other,Bangalore,Apple,Android,3.9,15.8,133.5,149,3.5,6593,3.9,1.0,1209,Education
U09796,54,Male,Ahmedabad,Motorola,Android,3.0,35.8,83.5,96,4.5,2528,5.1,2.5,1140,Work
U09797,37,Other,Pune,Apple,iOS,7.9,19.3,156.8,53,2.4,6317,1.5,5.0,1567,Education
U09798,55,Female,Bangalore,Oppo,iOS,6.9,35.3,289.7,86,2.3,8247,0.7,1.4,985,Social Media
U09799,41,Male,Delhi,Apple,iOS,11.3,36.7,237.4,120,3.3,4911,4.5,1.0,1869,Entertainment
U09800,35,Male,Ahmedabad,Xiaomi,iOS,10.6,34.7,278.4,12,2.3,4912,1.3,0.3,1286,Education
U09801,17,Female,Bangalore,Nokia,Android,7.4,47.1,127.1,73,1.4,1238,6.6,4.4,538,Gaming
U09802,48,Female,Delhi,Vivo,iOS,10.7,36.3,193.5,131,2.3,2702,4.6,2.3,294,Entertainment
U09803,49,Male,Pune,Realme,Android,9.6,31.5,214.7,88,3.2,7968,4.4,2.8,429,Education
U09804,24,Other,Chennai,Vivo,iOS,8.0,3.3,56.2,54,4.7,1449,0.5,0.5,1905,Social Media
U09805,33,Male,Kolkata,Xiaomi,iOS,10.7,10.0,82.6,85,0.8,4411,3.3,4.7,1954,Gaming
U09806,30,Other,Hyderabad,Xiaomi,Android,9.9,46.1,222.7,171,5.8,7270,4.7,0.1,398,Gaming
U09807,20,Male,Ahmedabad,Oppo,Android,5.8,17.8,241.7,18,0.9,4957,6.6,0.0,1048,Education
U09808,15,Female,Hyderabad,Nokia,Android,5.2,7.8,11.1,156,2.7,2080,2.3,0.1,1340,Education
U09809,59,Male,Jaipur,Google Pixel,iOS,3.7,26.3,253.4,116,5.4,2507,1.4,0.2,1350,Work
U09810,45,Other,Hyderabad,Motorola,Android,10.8,14.8,199.5,167,0.9,2948,3.5,0.4,955,Work
U09811,24,Other,Delhi,Xiaomi,iOS,4.9,40.9,227.1,195,5.8,1631,8.0,0.4,1650,Education
U09812,59,Other,Delhi,Motorola,iOS,7.0,41.6,17.6,135,4.3,1451,3.2,4.5,1028,Social Media
U09813,56,Other,Bangalore,Google Pixel,Android,1.1,9.3,148.6,99,2.8,2492,1.3,1.1,966,Work
U09814,16,Male,Bangalore,Nokia,Android,8.6,41.3,114.9,85,4.1,9646,0.5,2.9,813,Entertainment
U09815,27,Female,Pune,Realme,iOS,11.4,22.6,161.5,100,5.2,5598,2.5,1.4,1469,Work
U09816,51,Other,Delhi,Xiaomi,Android,9.2,8.0,249.4,19,4.3,6504,0.6,0.7,1151,Gaming
U09817,44,Female,Bangalore,Realme,iOS,10.5,21.4,234.1,167,2.8,7827,0.9,3.6,1272,Work
U09818,46,Male,Hyderabad,OnePlus,Android,7.0,14.3,116.2,136,4.0,2041,4.6,0.4,804,Work
U09819,23,Other,Hyderabad,Samsung,Android,3.4,32.6,281.0,171,1.3,896,7.8,3.2,1001,Gaming
U09820,41,Other,Lucknow,Samsung,iOS,7.2,29.6,60.7,133,3.7,5752,1.8,0.0,1626,Social Media
U09821,49,Male,Jaipur,Vivo,Android,10.0,41.5,68.5,10,1.7,9190,4.9,0.4,519,Gaming
U09822,28,Female,Bangalore,Realme,iOS,11.8,19.7,72.3,96,3.4,782,3.0,2.6,1131,Gaming
U09823,15,Female,Delhi,Motorola,Android,11.7,31.6,276.1,62,3.3,623,5.4,1.7,1836,Education
U09824,33,Other,Jaipur,Vivo,Android,3.9,31.0,242.9,146,3.2,3274,3.2,3.6,994,Education
U09825,21,Male,Mumbai,Samsung,iOS,7.2,12.8,230.2,157,4.7,443,7.7,4.1,170,Gaming
U09826,25,Other,Hyderabad,Motorola,Android,3.9,16.4,107.0,91,1.1,384,5.4,0.9,619,Entertainment
U09827,36,Other,Bangalore,Samsung,iOS,6.0,24.1,285.0,103,2.2,7496,6.1,2.8,603,Entertainment
U09828,56,Male,Lucknow,Nokia,Android,5.4,10.5,200.6,169,1.3,8098,6.8,1.1,562,Gaming
U09829,51,Female,Delhi,Google Pixel,Android,4.9,36.2,197.3,22,1.7,6725,6.4,4.5,472,Gaming
U09830,46,Other,Lucknow,Apple,iOS,1.5,49.5,209.4,41,4.6,3178,0.8,4.8,836,Education
U09831,54,Female,Delhi,Google Pixel,Android,10.9,3.3,64.7,134,4.2,3317,2.3,0.2,1338,Entertainment
U09832,33,Other,Pune,Oppo,Android,5.1,9.0,286.8,170,4.2,1017,5.0,1.2,723,Gaming
U09833,20,Male,Ahmedabad,Xiaomi,Android,10.4,36.6,45.1,194,3.6,6097,1.5,3.7,1466,Social Media
U09834,39,Other,Chennai,Google Pixel,Android,10.4,26.8,277.0,35,3.5,8716,1.3,0.6,190,Gaming
U09835,21,Other,Bangalore,Apple,iOS,8.1,45.7,193.4,30,1.1,605,4.2,2.7,1006,Social Media
U09836,50,Male,Delhi,Samsung,Android,1.2,33.1,75.7,156,3.6,8739,1.0,1.0,107,Education
U09837,19,Other,Lucknow,Vivo,iOS,2.2,17.7,85.9,124,4.3,3589,4.0,4.0,1744,Social Media
U09838,31,Female,Bangalore,Vivo,iOS,11.1,27.9,89.1,73,0.8,8109,3.9,4.7,900,Education
U09839,36,Male,Chennai,Samsung,Android,5.2,23.0,208.3,78,4.5,4595,1.6,2.4,818,Social Media
U09840,50,Female,Bangalore,Realme,Android,10.2,4.6,157.3,92,3.4,8511,5.4,2.9,1139,Education
U09841,31,Male,Pune,OnePlus,iOS,6.7,23.2,173.9,157,6.0,6711,4.7,1.8,246,Gaming
U09842,50,Other,Lucknow,Xiaomi,iOS,10.3,1.1,132.8,182,1.3,3499,5.2,3.0,751,Gaming
U09843,34,Other,Jaipur,Realme,iOS,11.7,36.4,206.4,148,2.1,1659,5.4,3.1,1214,Work
U09844,30,Female,Hyderabad,Vivo,iOS,2.8,23.7,120.4,99,1.0,2786,2.1,1.2,1522,Gaming
U09845,55,Other,Hyderabad,Realme,iOS,10.8,3.9,21.5,24,1.0,6868,5.2,1.4,104,Gaming
U09846,52,Other,Mumbai,Oppo,iOS,3.6,11.8,79.2,157,4.2,573,7.2,1.5,953,Work
U09847,34,Female,Pune,Oppo,Android,11.3,40.2,121.8,139,2.8,5295,3.8,2.3,1990,Gaming
U09848,28,Other,Mumbai,Samsung,iOS,11.5,29.5,254.4,135,5.3,1618,1.3,2.2,1669,Entertainment
U09849,26,Male,Jaipur,Nokia,iOS,7.5,43.5,10.9,70,3.0,5905,3.6,2.4,1606,Gaming
U09850,34,Female,Hyderabad,Oppo,iOS,7.3,42.7,186.6,43,0.9,7057,3.5,2.1,127,Education
U09851,53,Female,Hyderabad,Vivo,iOS,7.2,26.3,11.2,39,1.6,131,4.2,2.6,710,Education
U09852,49,Male,Pune,OnePlus,Android,7.3,46.3,52.4,112,5.1,1016,1.1,1.7,1895,Education
U09853,40,Other,Kolkata,Xiaomi,Android,5.0,46.4,74.5,129,2.9,5337,0.9,1.6,664,Entertainment
U09854,25,Female,Kolkata,Samsung,iOS,1.9,42.7,285.5,43,4.4,7485,3.6,2.5,1451,Entertainment
U09855,44,Other,Mumbai,Realme,iOS,5.6,17.6,51.7,56,1.7,4249,1.9,0.6,426,Education
U09856,33,Other,Lucknow,Xiaomi,Android,10.5,46.3,55.3,33,1.7,4140,5.2,1.5,1813,Work
U09857,21,Female,Chennai,Google Pixel,iOS,10.8,43.6,231.3,30,3.3,2747,5.8,3.9,870,Social Media
U09858,16,Male,Hyderabad,Google Pixel,Android,4.5,27.6,141.4,72,4.4,9254,0.8,0.8,1909,Social Media
U09859,25,Other,Jaipur,Realme,Android,6.5,15.0,96.4,70,0.9,4269,7.4,0.7,991,Gaming
U09860,50,Male,Chennai,Samsung,Android,4.7,4.8,223.6,27,3.3,4679,1.3,0.4,889,Gaming
U09861,20,Male,Ahmedabad,OnePlus,iOS,3.3,5.2,205.6,168,4.4,4654,3.6,3.2,730,Social Media
U09862,57,Male,Jaipur,Motorola,iOS,3.6,13.8,288.4,162,5.2,8775,6.5,1.4,187,Social Media
U09863,27,Other,Jaipur,Realme,Android,5.3,47.6,36.7,48,4.4,4853,4.2,3.8,739,Entertainment
U09864,51,Other,Ahmedabad,Nokia,iOS,1.5,3.9,254.0,39,6.0,3812,1.5,2.3,1482,Education
U09865,47,Other,Pune,Nokia,iOS,5.8,13.9,90.0,73,3.3,5255,6.1,4.0,1957,Work
U09866,24,Male,Hyderabad,Samsung,Android,5.5,4.7,97.0,103,5.0,3025,1.6,3.5,609,Social Media
U09867,29,Other,Pune,Nokia,iOS,6.0,1.1,281.6,173,3.0,205,7.7,3.4,1662,Social Media
U09868,29,Male,Lucknow,Realme,iOS,6.2,37.3,120.7,176,5.3,2830,7.3,3.7,1353,Work
U09869,17,Female,Hyderabad,Xiaomi,Android,6.8,14.9,259.7,195,3.7,788,0.9,2.1,1351,Gaming
U09870,31,Female,Bangalore,Google Pixel,Android,2.9,6.6,73.2,80,5.9,2289,0.7,2.6,599,Gaming
U09871,37,Male,Hyderabad,Motorola,iOS,9.7,49.1,194.9,86,0.8,1098,2.9,4.9,1223,Entertainment
U09872,20,Female,Chennai,Google Pixel,iOS,5.0,30.7,145.1,151,1.3,488,6.0,1.4,1331,Gaming
U09873,23,Other,Ahmedabad,OnePlus,iOS,5.3,21.1,16.4,23,1.6,8752,4.6,3.7,181,Education
U09874,19,Other,Lucknow,OnePlus,iOS,8.4,47.3,285.4,47,2.3,3023,2.7,0.7,830,Work
U09875,46,Other,Mumbai,Samsung,Android,7.5,25.1,228.9,188,3.7,216,7.1,1.7,1750,Social Media
U09876,59,Female,Jaipur,Nokia,Android,6.7,11.7,214.5,38,3.6,9606,1.0,3.9,617,Social Media
U09877,21,Female,Jaipur,OnePlus,iOS,3.5,13.4,191.4,48,4.5,6561,5.1,2.0,1932,Social Media
U09878,56,Female,Mumbai,Motorola,iOS,7.5,34.8,268.0,125,1.9,6283,5.9,1.5,1056,Entertainment
U09879,38,Other,Delhi,Realme,Android,10.4,18.4,56.1,162,4.1,1980,6.3,1.2,1254,Education
U09880,15,Female,Delhi,Xiaomi,Android,3.4,22.2,259.9,139,1.4,4942,7.4,3.6,613,Work
U09881,58,Female,Kolkata,Xiaomi,Android,2.7,28.9,276.6,43,4.4,3421,1.6,3.5,1330,Entertainment
U09882,56,Other,Pune,Realme,Android,1.4,5.5,52.9,157,4.1,8094,3.5,0.9,1786,Entertainment
U09883,26,Female,Jaipur,Apple,Android,3.0,1.7,265.0,138,2.8,6843,4.9,0.2,906,Social Media
U09884,17,Male,Kolkata,Oppo,iOS,2.6,4.8,208.0,102,5.6,292,7.2,3.8,158,Work
U09885,54,Other,Pune,OnePlus,iOS,10.3,28.7,44.8,109,5.1,1834,2.6,3.3,489,Work
U09886,49,Male,Lucknow,Motorola,Android,2.1,12.7,241.5,87,4.8,2089,3.6,4.5,417,Education
U09887,17,Male,Lucknow,Google Pixel,iOS,7.0,11.5,291.5,112,2.4,1039,1.1,2.5,1511,Social Media
U09888,22,Female,Chennai,Samsung,Android,10.4,9.8,188.9,153,2.1,6234,2.8,4.6,213,Social Media
U09889,54,Other,Lucknow,Realme,iOS,7.4,17.8,171.2,118,1.2,9640,1.6,4.7,1153,Education
U09890,15,Other,Chennai,Motorola,Android,3.2,43.1,172.5,164,5.2,143,7.2,5.0,263,Entertainment
U09891,27,Female,Mumbai,Apple,Android,9.8,29.0,117.7,83,3.6,5658,5.7,2.5,736,Work
U09892,15,Male,Lucknow,Motorola,Android,4.2,31.7,175.6,26,3.4,8473,3.9,4.8,1943,Work
U09893,48,Female,Ahmedabad,Vivo,iOS,4.7,2.0,197.4,10,1.2,7624,4.4,1.1,1824,Education
U09894,33,Female,Pune,Vivo,iOS,5.7,24.3,43.8,99,2.8,9636,0.6,4.0,1286,Education
U09895,54,Female,Delhi,Samsung,Android,8.7,10.4,124.2,12,1.1,5579,5.9,3.4,1454,Gaming
U09896,24,Other,Hyderabad,Vivo,iOS,8.2,42.3,95.1,157,4.0,9544,4.2,1.1,1214,Education
U09897,46,Other,Ahmedabad,Nokia,Android,8.6,41.0,169.3,110,0.8,1009,4.6,5.0,221,Education
U09898,50,Female,Jaipur,Motorola,iOS,2.4,37.6,63.5,51,3.6,8087,1.5,3.9,1657,Work
U09899,34,Other,Chennai,Realme,iOS,8.0,16.0,191.8,132,4.2,7052,3.4,1.2,1412,Work
U09900,33,Female,Lucknow,Nokia,Android,2.1,39.8,216.3,164,3.6,939,5.9,0.7,866,Gaming
U09901,31,Male,Pune,Xiaomi,Android,2.0,18.7,147.6,70,4.2,4395,1.8,4.7,298,Work
U09902,47,Male,Mumbai,Motorola,iOS,10.6,47.1,198.6,179,3.9,2836,6.4,3.7,1048,Work
U09903,37,Female,Ahmedabad,Apple,Android,9.9,46.2,164.4,167,0.6,3266,7.0,2.1,423,Entertainment
U09904,30,Other,Kolkata,Vivo,Android,7.3,36.8,262.4,184,3.0,6020,5.7,0.4,1739,Gaming
U09905,36,Male,Lucknow,Apple,iOS,10.4,49.3,88.2,126,3.1,1812,0.9,0.3,598,Entertainment
U09906,19,Female,Lucknow,Nokia,iOS,2.9,23.3,41.6,51,2.2,4894,4.0,4.3,758,Gaming
U09907,48,Female,Mumbai,Nokia,iOS,2.5,15.3,220.6,26,2.0,9733,3.7,3.1,203,Work
U09908,18,Other,Delhi,Samsung,iOS,3.2,48.1,213.7,103,5.6,1052,0.9,3.4,1775,Social Media
U09909,31,Female,Bangalore,OnePlus,iOS,1.4,37.9,208.4,40,3.3,6193,0.7,4.0,774,Gaming
U09910,41,Male,Lucknow,Samsung,iOS,7.8,2.8,269.6,125,2.9,4949,4.9,2.9,1991,Work
U09911,52,Female,Lucknow,Nokia,Android,6.2,12.6,28.3,176,3.3,7105,3.7,2.1,1958,Work
U09912,42,Other,Chennai,Motorola,iOS,6.2,4.3,215.3,78,5.9,9996,4.8,1.0,846,Work
U09913,33,Female,Chennai,OnePlus,iOS,3.3,34.9,6.5,163,3.9,4866,2.7,4.4,317,Work
U09914,55,Female,Delhi,Apple,iOS,5.0,48.9,290.2,48,1.6,8189,0.6,3.7,1499,Entertainment
U09915,29,Female,Hyderabad,Nokia,Android,9.1,44.0,34.9,35,2.8,8340,1.2,2.4,765,Gaming
U09916,20,Other,Pune,Xiaomi,iOS,2.2,27.2,170.6,189,2.1,385,3.0,5.0,376,Gaming
U09917,27,Other,Chennai,Motorola,iOS,5.5,38.5,153.8,67,4.2,1272,3.5,0.7,1807,Social Media
U09918,40,Other,Hyderabad,Xiaomi,Android,2.9,13.5,127.3,120,3.3,7674,3.7,4.3,443,Entertainment
U09919,19,Male,Hyderabad,Motorola,iOS,7.3,2.8,264.4,182,3.2,1135,5.2,0.6,1235,Education
U09920,30,Male,Bangalore,Samsung,Android,6.1,21.1,295.4,97,2.1,6403,0.8,3.2,458,Social Media
U09921,39,Female,Kolkata,Nokia,Android,10.7,16.3,175.7,80,3.6,1405,5.1,2.9,1881,Entertainment
U09922,58,Other,Ahmedabad,Apple,iOS,6.0,1.8,201.7,26,3.8,4989,4.0,0.2,482,Social Media
U09923,49,Other,Mumbai,Vivo,iOS,5.7,26.7,240.8,181,1.3,6116,7.8,4.3,1738,Gaming
U09924,57,Other,Bangalore,Oppo,iOS,2.3,10.8,26.0,82,4.0,8267,5.7,1.2,983,Entertainment
U09925,25,Female,Hyderabad,Nokia,Android,3.8,17.4,115.0,190,2.6,2956,2.5,1.0,675,Gaming
U09926,42,Male,Jaipur,Apple,Android,6.4,24.7,37.0,107,1.1,7565,6.4,3.4,680,Social Media
U09927,27,Other,Ahmedabad,Vivo,iOS,4.1,16.8,259.7,37,5.4,6011,5.4,3.9,1354,Entertainment
U09928,40,Other,Hyderabad,Google Pixel,iOS,4.8,23.6,40.7,86,1.1,5650,2.2,1.8,826,Social Media
U09929,30,Female,Chennai,Motorola,iOS,6.8,7.0,196.6,140,4.2,7888,6.6,3.8,1374,Work
U09930,27,Male,Chennai,Oppo,Android,1.9,30.0,204.7,72,0.6,3869,4.9,4.7,858,Gaming
U09931,51,Male,Bangalore,OnePlus,iOS,4.4,20.9,186.6,119,1.9,4660,0.6,0.7,1178,Education
U09932,40,Female,Delhi,Apple,Android,4.4,4.6,188.3,186,5.1,7403,0.8,5.0,1100,Education
U09933,46,Male,Ahmedabad,OnePlus,Android,10.0,4.3,201.4,96,2.4,8148,4.3,4.3,698,Social Media
U09934,17,Male,Chennai,OnePlus,iOS,11.9,3.5,283.3,130,0.7,6710,2.6,0.3,1134,Entertainment
U09935,19,Female,Lucknow,OnePlus,iOS,11.5,7.0,67.5,195,4.1,2340,2.7,1.4,1270,Work
U09936,37,Other,Mumbai,Vivo,iOS,10.8,29.2,196.8,26,2.3,7438,1.5,1.2,1532,Education
U09937,21,Other,Lucknow,Oppo,Android,11.8,5.9,229.2,132,2.2,7827,5.0,3.2,533,Education
U09938,40,Female,Ahmedabad,Apple,iOS,3.9,43.1,69.4,185,4.4,1615,2.6,0.2,447,Social Media
U09939,58,Other,Kolkata,Realme,Android,10.8,4.7,25.2,182,1.9,7469,2.7,2.5,752,Gaming
U09940,40,Other,Chennai,Motorola,Android,3.3,7.6,168.0,36,5.4,3227,2.2,0.8,1111,Work
U09941,36,Female,Ahmedabad,Apple,iOS,10.4,10.7,177.1,87,2.4,551,5.6,0.4,996,Work
U09942,59,Female,Delhi,Oppo,Android,5.2,15.9,211.7,98,2.0,1434,6.8,0.8,1669,Work
U09943,32,Other,Ahmedabad,Google Pixel,Android,7.5,46.0,191.5,109,2.9,4328,4.7,3.9,1393,Entertainment
U09944,56,Other,Delhi,Realme,iOS,11.7,18.5,100.2,122,3.8,9960,4.2,3.5,1087,Education
U09945,47,Male,Delhi,Xiaomi,Android,7.1,18.9,35.2,73,5.9,5655,1.2,1.7,195,Entertainment
U09946,56,Other,Kolkata,Vivo,iOS,10.2,12.2,79.0,134,3.7,5421,4.5,1.7,1591,Gaming
U09947,33,Female,Chennai,Google Pixel,iOS,6.1,31.3,57.7,50,2.3,8183,6.6,1.7,1367,Entertainment
U09948,40,Male,Pune,Google Pixel,iOS,6.5,36.0,89.2,119,5.7,3248,3.5,2.6,1609,Gaming
U09949,38,Male,Lucknow,Realme,Android,8.3,47.6,264.1,110,4.1,3241,1.4,2.5,447,Gaming
U09950,27,Male,Ahmedabad,Samsung,Android,7.1,26.1,278.4,123,1.6,8025,1.8,2.7,1712,Education
U09951,40,Female,Pune,Realme,iOS,11.8,15.4,299.5,113,2.0,8556,3.3,3.6,1401,Education
U09952,38,Female,Bangalore,Motorola,Android,10.7,1.0,254.3,108,0.7,2587,6.7,3.7,761,Entertainment
U09953,16,Other,Mumbai,Nokia,iOS,9.4,45.4,43.8,144,5.8,7100,7.6,1.0,1089,Work
U09954,32,Male,Pune,Realme,iOS,7.2,17.7,197.9,75,4.8,5416,1.8,2.8,1097,Education
U09955,31,Male,Hyderabad,Realme,iOS,5.9,38.5,105.3,120,5.7,1428,2.4,4.4,1889,Social Media
U09956,17,Female,Pune,Vivo,Android,2.2,32.6,17.3,135,5.5,8737,6.8,4.2,1132,Work
U09957,31,Other,Kolkata,OnePlus,Android,2.2,33.2,38.6,18,1.9,2534,2.5,1.7,636,Work
U09958,44,Male,Pune,Oppo,Android,6.9,23.0,183.5,36,5.4,6085,4.1,5.0,1236,Work
U09959,55,Male,Kolkata,Oppo,iOS,4.7,37.9,137.7,124,4.3,150,6.0,0.3,188,Entertainment
U09960,50,Other,Chennai,Nokia,iOS,7.2,32.5,207.8,194,3.9,9093,0.7,4.2,1377,Work
U09961,37,Female,Bangalore,Oppo,Android,11.5,1.2,101.7,84,3.2,5198,1.9,4.8,1918,Education
U09962,21,Male,Bangalore,Samsung,iOS,5.1,2.5,239.0,134,5.5,5874,1.0,0.2,1451,Work
U09963,22,Other,Bangalore,Google Pixel,Android,8.6,9.2,230.9,155,5.8,5803,2.6,1.6,332,Social Media
U09964,22,Other,Chennai,Nokia,iOS,9.7,40.1,141.0,130,0.8,8365,2.5,1.6,983,Gaming
U09965,59,Female,Hyderabad,Google Pixel,iOS,4.7,49.4,187.4,57,0.5,2023,7.0,0.6,1891,Education
U09966,35,Female,Bangalore,Apple,iOS,12.0,8.0,208.3,43,6.0,2428,3.6,3.1,191,Education
U09967,59,Male,Bangalore,Google Pixel,iOS,6.3,24.2,45.7,96,3.4,4913,2.8,1.9,972,Education
U09968,25,Female,Ahmedabad,Apple,iOS,6.1,3.7,273.8,172,1.2,8430,0.7,4.6,325,Social Media
U09969,46,Other,Pune,Vivo,Android,1.2,45.8,183.7,79,1.7,3622,7.0,2.1,1004,Social Media
U09970,59,Female,Ahmedabad,Vivo,iOS,9.7,8.4,51.1,143,5.7,2663,3.4,4.8,1825,Education
U09971,22,Male,Chennai,Realme,iOS,3.6,14.0,210.8,52,1.8,465,4.5,2.7,1619,Work
U09972,25,Other,Mumbai,Motorola,Android,10.5,25.4,290.8,94,4.3,4687,3.6,0.8,257,Education
U09973,42,Male,Chennai,Motorola,Android,4.5,19.4,273.6,76,0.9,2904,0.5,0.8,348,Gaming
U09974,54,Male,Jaipur,Nokia,iOS,6.6,11.6,210.2,183,0.9,2346,2.9,4.7,1616,Social Media
U09975,25,Male,Chennai,Apple,Android,5.9,15.9,296.2,40,0.8,1201,4.9,3.7,1752,Entertainment
U09976,32,Female,Kolkata,Google Pixel,Android,1.5,32.3,75.5,11,5.7,6056,5.5,3.8,1966,Social Media
U09977,44,Other,Mumbai,Apple,iOS,4.0,2.3,131.8,158,1.3,7057,1.4,0.4,1637,Gaming
U09978,39,Female,Pune,OnePlus,Android,2.0,30.4,277.2,172,5.9,1727,2.4,1.1,1628,Gaming
U09979,21,Other,Pune,Samsung,iOS,3.0,18.8,16.4,73,2.1,6644,1.8,2.9,392,Entertainment
U09980,35,Male,Pune,OnePlus,iOS,4.3,8.6,181.8,169,2.7,2999,7.2,3.1,1141,Gaming
U09981,20,Female,Mumbai,Nokia,Android,8.7,22.3,116.5,69,6.0,2184,0.6,2.9,1255,Work
U09982,21,Female,Delhi,Samsung,Android,5.0,11.5,228.7,125,3.4,8969,4.4,3.0,1189,Social Media
U09983,50,Other,Mumbai,Google Pixel,Android,2.9,15.1,30.7,39,0.7,1948,4.8,2.7,370,Entertainment
U09984,51,Other,Lucknow,Vivo,iOS,1.6,39.0,298.0,79,2.5,4830,3.5,3.6,1453,Social Media
U09985,17,Other,Pune,Realme,iOS,2.3,9.1,170.3,74,3.6,5135,1.8,3.9,1014,Work
U09986,58,Other,Mumbai,OnePlus,iOS,5.5,24.3,237.5,152,4.4,3567,1.8,3.5,321,Social Media
U09987,53,Male,Kolkata,Vivo,iOS,7.1,32.4,208.1,169,1.7,5726,3.1,4.7,1245,Work
U09988,26,Male,Delhi,Xiaomi,iOS,4.3,15.8,66.5,54,5.1,540,1.6,4.0,1896,Work
U09989,54,Female,Chennai,OnePlus,Android,4.7,31.4,93.4,168,5.8,9765,0.8,3.4,760,Entertainment
U09990,59,Female,Jaipur,Google Pixel,Android,7.0,2.0,253.2,175,5.3,440,3.9,0.2,384,Social Media
U09991,55,Female,Hyderabad,Samsung,Android,2.8,16.1,196.3,50,5.4,5423,5.2,4.0,1964,Social Media
U09992,18,Other,Ahmedabad,Motorola,Android,10.9,32.1,153.6,198,2.3,124,1.6,4.3,1163,Gaming
U09993,32,Male,Mumbai,Nokia,Android,6.5,31.0,205.4,176,2.4,119,5.2,1.6,1248,Entertainment
U09994,33,Other,Jaipur,Samsung,iOS,10.4,38.8,185.8,119,1.5,9447,1.9,2.9,1555,Education
U09995,32,Female,Lucknow,Vivo,iOS,2.5,43.1,95.0,198,1.4,8710,6.4,1.5,1974,Entertainment
U09996,28,Other,Pune,Apple,Android,10.1,38.7,16.6,178,3.9,1142,1.1,4.7,649,Education
U09997,16,Female,Kolkata,OnePlus,iOS,4.8,20.8,136.3,48,3.3,9055,7.3,4.6,1796,Education
U09998,20,Other,Ahmedabad,Google Pixel,Android,11.7,13.3,185.9,120,3.5,2690,3.0,1.9,684,Gaming
U09999,58,Female,Lucknow,Realme,Android,1.4,6.5,273.1,169,1.4,8786,7.0,4.3,1049,Education
U10000,48,Other,Chennai,OnePlus,iOS,3.1,20.8,244.8,121,1.9,2187,0.7,1.2,1748,Education
U10001,19,Male,Bangalore,Google Pixel,iOS,8.2,21.4,111.0,46,3.7,8684,2.0,3.3,108,Social Media
U10002,26,Male,Ahmedabad,Nokia,Android,11.1,12.2,161.4,22,2.7,6004,3.2,3.8,1544,Social Media
U10003,35,Male,Mumbai,Nokia,iOS,1.1,11.9,190.8,186,4.1,3669,7.4,3.1,1643,Education
U10004,25,Male,Delhi,Motorola,iOS,8.3,30.8,239.8,150,5.1,7091,3.7,1.7,1801,Gaming
U10005,57,Other,Bangalore,OnePlus,iOS,9.7,48.5,102.7,31,4.4,6465,1.8,1.6,219,Education
U10006,23,Male,Kolkata,Apple,iOS,9.5,15.3,154.9,76,4.5,1362,6.4,1.5,301,Work
U10007,20,Other,Kolkata,Motorola,Android,6.8,34.8,210.4,170,5.4,7597,5.4,3.5,396,Social Media
U10008,51,Female,Hyderabad,OnePlus,iOS,10.7,4.3,164.6,96,5.1,6219,7.7,1.4,667,Entertainment
U10009,46,Male,Chennai,Apple,iOS,2.7,40.1,111.0,161,2.3,8224,0.7,2.9,267,Gaming
U10010,48,Female,Ahmedabad,Samsung,Android,9.5,27.5,245.1,97,5.0,9154,7.0,1.6,1629,Entertainment
U10011,41,Other,Kolkata,Samsung,Android,11.5,2.6,179.9,85,5.1,9152,3.7,3.5,436,Gaming
U10012,60,Other,Pune,Samsung,Android,11.0,23.8,88.4,169,3.3,8842,2.8,3.7,676,Work
U10013,22,Male,Chennai,Xiaomi,iOS,10.3,42.0,6.1,81,2.1,6296,6.4,0.9,532,Work
U10014,44,Other,Delhi,Samsung,iOS,5.5,30.4,229.2,146,2.5,4832,4.7,1.1,1338,Entertainment
U10015,16,Other,Ahmedabad,Realme,iOS,9.7,36.2,105.3,125,1.6,6107,2.5,4.4,142,Gaming
U10016,35,Male,Delhi,Apple,Android,2.1,30.5,223.8,194,4.1,2817,7.1,1.5,529,Work
U10017,16,Male,Ahmedabad,Nokia,Android,7.6,13.2,222.9,11,4.8,5312,2.4,3.4,731,Entertainment
U10018,46,Female,Bangalore,Motorola,Android,6.1,1.5,62.5,10,4.3,777,6.9,3.0,1256,Entertainment
U10019,23,Female,Pune,Realme,iOS,8.3,25.9,101.1,51,2.9,448,5.0,2.4,1999,Social Media
U10020,27,Male,Bangalore,Apple,iOS,2.2,19.7,202.9,65,2.2,5556,3.4,2.1,1210,Entertainment
U10021,37,Female,Hyderabad,Vivo,Android,5.2,6.8,102.9,81,3.1,6780,5.2,1.4,1164,Gaming
U10022,60,Female,Hyderabad,Apple,iOS,5.7,37.8,295.8,40,1.5,2432,5.4,0.9,1085,Work
U10023,51,Other,Chennai,OnePlus,Android,9.8,15.1,177.2,150,4.1,1682,2.9,2.9,1455,Education
U10024,31,Female,Pune,Realme,Android,9.6,36.0,149.6,63,4.4,1199,1.1,0.7,663,Entertainment
U10025,41,Female,Lucknow,Vivo,Android,1.2,10.9,256.2,74,5.9,6212,2.0,4.9,1344,Education
U10026,53,Other,Delhi,Oppo,iOS,7.8,43.8,164.4,197,5.7,1470,3.4,0.7,908,Education
U10027,19,Other,Mumbai,Samsung,Android,4.2,25.4,280.6,136,2.3,1719,6.2,1.1,112,Work
U10028,31,Female,Ahmedabad,Vivo,iOS,4.1,31.0,16.7,76,4.9,888,1.3,1.4,952,Work
U10029,40,Other,Mumbai,Google Pixel,Android,10.4,21.5,181.9,44,5.6,8498,5.0,2.4,1768,Social Media
U10030,39,Female,Kolkata,Motorola,iOS,10.2,49.8,285.1,200,3.3,1237,6.8,0.6,1260,Gaming
U10031,23,Male,Jaipur,Motorola,iOS,9.3,47.0,60.7,67,0.8,6453,3.8,1.9,1032,Social Media
U10032,36,Female,Delhi,Realme,Android,3.5,47.0,262.0,111,3.1,7603,7.4,3.4,1568,Work
U10033,48,Female,Jaipur,Xiaomi,iOS,3.3,5.8,9.8,48,2.4,5658,3.2,0.6,1405,Social Media
U10034,60,Female,Hyderabad,Oppo,iOS,8.4,48.7,186.1,57,4.0,8302,2.5,2.1,101,Entertainment
U10035,36,Female,Pune,OnePlus,iOS,10.1,42.0,88.0,146,2.5,7149,6.2,4.0,1288,Entertainment
U10036,47,Other,Pune,Realme,iOS,8.1,47.6,167.6,152,5.7,3322,4.0,4.8,1852,Education
U10037,46,Male,Delhi,Apple,Android,3.8,20.4,178.7,56,2.0,9584,2.9,1.5,1808,Entertainment
U10038,16,Female,Lucknow,Apple,Android,1.2,21.8,185.6,91,1.3,392,3.2,3.0,547,Entertainment
U10039,37,Female,Hyderabad,Google Pixel,Android,7.9,43.4,24.3,173,5.8,6976,3.7,4.7,1422,Gaming
U10040,26,Other,Jaipur,Apple,iOS,8.8,31.7,42.6,192,3.9,2749,7.8,0.8,1835,Gaming
U10041,35,Other,Chennai,Xiaomi,Android,9.1,41.2,77.9,69,5.4,4977,3.2,2.3,603,Work
U10042,60,Other,Jaipur,Vivo,iOS,8.8,29.1,196.6,58,3.9,421,7.3,1.2,823,Social Media
U10043,57,Other,Kolkata,Motorola,Android,6.1,46.7,256.5,96,1.6,941,1.0,2.6,796,Social Media
U10044,19,Female,Ahmedabad,Realme,iOS,1.1,12.6,19.8,48,4.9,9426,2.6,0.7,1568,Entertainment
U10045,58,Male,Mumbai,OnePlus,iOS,4.1,33.6,106.8,126,2.4,3378,5.5,2.9,762,Gaming
U10046,47,Female,Lucknow,Vivo,Android,5.9,48.1,154.5,17,5.0,1462,1.4,1.0,1832,Social Media
U10047,40,Other,Mumbai,Vivo,Android,11.5,13.7,175.6,140,4.7,4621,6.1,3.5,1048,Work
U10048,32,Female,Delhi,Samsung,iOS,2.5,6.7,165.7,37,2.8,1586,2.3,4.8,731,Work
U10049,26,Male,Ahmedabad,OnePlus,Android,3.2,17.4,95.0,107,0.9,4350,7.6,3.0,1213,Gaming
U10050,19,Female,Mumbai,Apple,Android,7.6,37.2,87.0,142,2.0,7582,1.8,4.0,1520,Entertainment
U10051,16,Other,Lucknow,OnePlus,iOS,8.9,37.6,41.3,45,2.8,5964,6.7,4.3,844,Entertainment
U10052,28,Male,Lucknow,Motorola,iOS,3.4,11.4,68.6,12,4.3,463,4.0,4.6,1572,Education
U10053,22,Female,Ahmedabad,Xiaomi,Android,10.9,38.7,224.9,139,3.2,5846,4.7,3.4,1968,Education
U10054,20,Female,Lucknow,Motorola,iOS,6.9,6.9,169.1,100,4.5,2511,4.4,4.6,1337,Gaming
U10055,23,Male,Hyderabad,Apple,iOS,4.2,21.7,235.3,71,2.8,1171,6.1,4.4,438,Education
U10056,38,Male,Lucknow,Google Pixel,Android,6.8,36.6,147.0,51,3.6,9298,1.1,4.2,1452,Education
U10057,19,Male,Jaipur,Samsung,Android,3.1,20.9,294.2,192,1.9,3267,2.3,4.6,1525,Social Media
U10058,19,Female,Jaipur,Oppo,Android,11.8,26.1,6.4,126,6.0,6446,1.2,1.7,1839,Education
U10059,36,Male,Chennai,Samsung,iOS,11.3,42.0,63.4,87,4.1,9710,2.3,0.9,688,Gaming
U10060,48,Female,Bangalore,Apple,Android,9.9,29.8,154.6,146,3.3,6840,6.5,2.5,699,Entertainment
U10061,24,Other,Ahmedabad,Samsung,iOS,1.0,22.3,270.9,182,3.2,7468,2.9,0.1,1524,Entertainment
U10062,54,Male,Mumbai,Samsung,iOS,10.8,28.4,132.7,85,4.5,7419,3.0,2.3,1638,Social Media
U10063,28,Other,Pune,Samsung,Android,10.5,8.3,50.4,88,1.5,6971,7.1,3.8,1448,Work
U10064,47,Other,Ahmedabad,Apple,Android,1.3,22.5,140.2,45,2.1,8470,5.5,1.0,1000,Entertainment
U10065,39,Female,Lucknow,Xiaomi,iOS,3.6,12.5,251.3,45,2.5,4726,2.8,2.9,360,Education
U10066,26,Other,Kolkata,Vivo,Android,7.4,46.2,72.7,19,1.3,8575,2.8,3.3,1031,Gaming
U10067,21,Female,Delhi,Google Pixel,Android,4.8,40.4,242.6,135,2.0,4099,1.4,0.9,1250,Social Media
U10068,29,Female,Bangalore,Samsung,Android,8.5,37.4,194.3,25,4.1,7840,3.0,0.4,1684,Social Media
U10069,23,Female,Delhi,Oppo,iOS,2.9,18.7,227.0,126,5.6,7641,5.9,4.8,1406,Gaming
U10070,46,Other,Ahmedabad,Oppo,Android,4.3,25.2,208.5,17,6.0,3990,1.4,4.5,1599,Social Media
U10071,25,Female,Chennai,Motorola,Android,4.9,21.4,44.4,82,1.4,9611,1.5,4.2,515,Social Media
U10072,16,Female,Delhi,Xiaomi,iOS,1.8,29.7,169.4,195,1.9,1222,5.0,4.3,626,Social Media
U10073,24,Male,Mumbai,OnePlus,iOS,10.4,33.3,28.8,135,1.2,5658,4.0,3.5,1286,Gaming
U10074,31,Female,Pune,OnePlus,iOS,10.9,28.4,98.5,108,3.2,7822,5.9,0.9,734,Entertainment
U10075,40,Female,Hyderabad,Google Pixel,iOS,6.8,26.3,70.7,125,2.7,4181,5.2,0.6,1598,Work
U10076,18,Other,Chennai,Realme,iOS,8.2,17.6,170.7,130,6.0,6325,7.3,1.6,1709,Entertainment
U10077,18,Other,Hyderabad,Xiaomi,Android,6.6,24.3,280.8,91,1.2,2802,5.4,0.1,1611,Education
U10078,48,Other,Pune,Samsung,Android,11.4,38.8,254.6,152,3.3,7317,1.5,3.5,422,Education
U10079,26,Male,Chennai,Google Pixel,Android,4.4,27.4,250.7,45,1.8,8785,5.4,4.4,962,Entertainment
U10080,49,Male,Bangalore,Oppo,Android,9.4,37.0,225.8,134,3.5,5927,0.7,3.8,197,Entertainment
U10081,28,Male,Jaipur,Motorola,Android,4.0,39.2,284.9,30,0.9,3949,7.0,3.3,1619,Work
U10082,60,Other,Kolkata,Realme,iOS,4.8,48.4,43.8,82,5.7,7951,4.4,4.4,297,Entertainment
U10083,59,Male,Mumbai,Motorola,iOS,10.0,32.7,108.1,154,1.0,4429,2.7,4.9,710,Gaming
U10084,59,Female,Chennai,Samsung,iOS,4.3,4.3,95.0,138,4.5,2494,5.7,4.2,1075,Entertainment
U10085,21,Female,Pune,Motorola,iOS,1.1,44.6,192.7,50,0.6,2468,3.6,3.8,105,Education
U10086,24,Female,Kolkata,Google Pixel,iOS,1.2,39.2,15.1,11,1.0,5983,5.2,0.3,859,Gaming
U10087,31,Other,Delhi,Vivo,Android,8.8,14.1,261.4,100,2.1,459,6.3,0.9,377,Gaming
U10088,22,Male,Ahmedabad,Google Pixel,Android,1.8,30.5,14.4,183,4.2,7542,5.3,3.8,1061,Education
U10089,52,Male,Chennai,Realme,Android,10.8,19.2,29.7,158,5.6,8168,7.4,1.5,1030,Gaming
U10090,24,Other,Kolkata,Realme,Android,9.1,30.5,8.7,135,4.3,707,5.3,2.1,1341,Gaming
U10091,57,Female,Bangalore,Samsung,iOS,7.2,38.2,193.6,175,3.9,3673,1.7,2.5,1014,Work
U10092,53,Male,Delhi,Motorola,iOS,2.7,24.7,176.9,196,1.9,8907,1.8,4.0,1040,Entertainment
U10093,19,Female,Mumbai,Apple,iOS,2.5,2.1,207.3,159,5.0,5887,2.9,2.2,1043,Social Media
U10094,43,Male,Kolkata,Motorola,Android,3.0,24.0,243.3,128,4.6,8529,1.2,3.6,873,Work
U10095,22,Male,Bangalore,Oppo,Android,9.0,12.7,220.6,110,2.6,6770,3.3,4.9,984,Entertainment
U10096,42,Male,Chennai,Apple,Android,3.9,5.9,114.8,23,2.8,366,0.9,0.3,1418,Work
U10097,31,Male,Chennai,Vivo,Android,9.1,12.3,32.2,166,4.4,715,1.2,2.1,1057,Social Media
U10098,41,Other,Ahmedabad,Xiaomi,iOS,5.6,36.4,269.7,146,5.1,9111,4.7,0.1,1058,Gaming
U10099,17,Male,Kolkata,Motorola,iOS,9.5,39.5,84.5,195,3.4,3267,4.4,3.2,768,Gaming
U10100,50,Other,Chennai,Nokia,iOS,2.9,43.5,40.5,69,1.0,8720,7.3,2.8,1621,Work
U10101,27,Female,Chennai,Vivo,iOS,7.2,18.0,42.8,71,1.1,9232,0.8,3.8,1931,Entertainment
U10102,21,Male,Chennai,Samsung,Android,2.3,19.9,172.4,66,1.9,8125,4.9,2.7,675,Social Media
U10103,57,Male,Lucknow,Motorola,Android,8.4,46.6,137.4,59,2.1,1812,5.1,2.9,694,Education
U10104,16,Female,Lucknow,Motorola,iOS,5.4,10.0,218.6,63,1.8,2971,4.2,4.1,523,Education
U10105,16,Other,Ahmedabad,OnePlus,iOS,11.7,46.8,77.8,190,5.3,4746,6.7,3.2,214,Entertainment
U10106,32,Male,Lucknow,Motorola,iOS,9.6,21.9,244.4,158,5.4,5730,6.3,4.1,1380,Education
U10107,16,Female,Kolkata,Oppo,Android,4.5,1.4,157.5,86,0.9,2608,4.2,4.6,439,Education
U10108,45,Female,Mumbai,Samsung,Android,5.4,39.6,168.4,194,5.6,4440,7.2,4.9,686,Gaming
U10109,36,Other,Mumbai,Samsung,iOS,2.6,28.8,198.2,56,4.0,7764,0.9,3.9,226,Work
U10110,17,Male,Delhi,Realme,Android,7.2,2.9,48.0,93,5.2,1750,3.3,4.9,1092,Entertainment
U10111,59,Male,Delhi,Vivo,iOS,6.7,16.7,297.9,76,2.6,3627,4.9,0.6,806,Gaming
U10112,38,Other,Mumbai,Xiaomi,Android,6.4,21.2,165.7,125,5.6,7398,6.4,3.4,805,Work
U10113,22,Female,Bangalore,Nokia,iOS,3.6,31.5,61.2,88,1.4,1245,4.0,4.3,1110,Work
U10114,23,Male,Bangalore,Xiaomi,iOS,5.0,18.0,107.0,120,3.5,8741,5.0,4.3,824,Entertainment
U10115,42,Other,Ahmedabad,Nokia,iOS,6.0,22.2,106.4,193,4.6,4220,2.1,0.7,981,Entertainment
U10116,60,Other,Ahmedabad,Google Pixel,Android,4.8,39.5,205.6,185,5.3,8114,6.6,0.4,683,Social Media
U10117,33,Female,Kolkata,Google Pixel,Android,8.4,27.8,186.7,194,3.4,7225,7.5,0.1,610,Education
U10118,37,Other,Jaipur,Google Pixel,Android,5.6,18.9,221.8,130,3.1,4829,6.9,3.7,693,Education
U10119,23,Male,Jaipur,Apple,Android,7.1,30.7,74.4,22,3.4,3742,4.2,2.3,679,Social Media
U10120,46,Other,Kolkata,OnePlus,iOS,8.9,15.6,113.3,161,4.8,7757,7.8,4.5,1581,Work
U10121,51,Other,Pune,Google Pixel,Android,11.2,26.0,196.9,142,3.0,7135,0.9,3.7,1831,Entertainment
U10122,28,Other,Bangalore,Nokia,Android,7.6,41.5,211.2,12,4.2,3914,7.0,4.7,1104,Social Media
U10123,40,Other,Chennai,Realme,Android,11.7,24.9,136.9,58,5.2,8164,1.8,3.1,1466,Social Media
U10124,53,Other,Bangalore,Xiaomi,Android,10.7,43.0,158.3,108,5.6,6774,2.2,1.4,430,Entertainment
U10125,57,Female,Delhi,Xiaomi,iOS,7.7,45.6,62.6,77,4.0,6957,1.0,2.7,729,Social Media
U10126,15,Other,Mumbai,Oppo,Android,4.7,6.4,67.2,127,1.9,1117,7.1,2.5,1560,Gaming
U10127,36,Male,Delhi,Motorola,Android,9.8,4.8,143.6,65,0.9,412,0.6,3.8,1863,Education
U10128,24,Female,Lucknow,OnePlus,iOS,5.0,23.7,40.1,135,3.7,4540,2.3,1.9,1258,Work
U10129,48,Other,Jaipur,Motorola,Android,11.9,21.7,281.3,196,1.9,159,5.8,2.2,754,Education
U10130,25,Female,Delhi,Google Pixel,Android,11.5,46.5,214.8,34,2.4,1280,4.0,0.2,513,Work
U10131,57,Male,Chennai,Vivo,iOS,4.0,26.4,130.3,77,3.2,1165,5.7,4.9,364,Social Media
U10132,59,Male,Bangalore,Motorola,Android,3.4,15.1,244.9,103,3.4,4997,7.2,4.5,1853,Social Media
U10133,53,Female,Ahmedabad,Google Pixel,iOS,6.2,29.4,33.2,118,1.4,1743,6.2,0.1,839,Work
U10134,31,Male,Delhi,Realme,Android,5.6,18.0,156.2,67,2.8,2113,4.2,0.8,1919,Work
U10135,23,Other,Bangalore,OnePlus,Android,3.8,36.1,93.3,91,0.9,2188,1.7,3.8,732,Work
U10136,18,Other,Jaipur,Apple,Android,11.2,30.7,130.0,34,2.2,2928,3.8,4.4,1179,Gaming
U10137,51,Female,Jaipur,Motorola,iOS,10.5,13.2,268.6,143,5.6,2016,1.6,0.5,1011,Work
U10138,27,Female,Hyderabad,OnePlus,iOS,8.9,19.7,288.2,107,3.8,5992,2.7,3.8,1626,Social Media
U10139,43,Male,Lucknow,Motorola,Android,11.1,41.0,216.1,107,1.7,7846,4.1,4.1,1033,Entertainment
U10140,19,Other,Jaipur,Xiaomi,Android,1.9,41.1,58.0,189,2.4,3661,2.4,0.4,634,Work
U10141,27,Female,Bangalore,Vivo,Android,3.0,42.1,153.8,188,2.2,1842,5.1,0.1,1477,Entertainment
U10142,45,Other,Chennai,Nokia,Android,11.4,11.0,211.8,172,5.2,814,4.0,3.1,994,Entertainment
U10143,40,Male,Pune,Google Pixel,Android,8.4,22.5,17.4,178,5.4,9570,1.8,3.1,204,Work
U10144,49,Other,Ahmedabad,Motorola,Android,3.3,46.8,198.8,152,2.0,1706,5.4,2.3,1104,Entertainment
U10145,41,Other,Delhi,Samsung,Android,6.7,8.1,289.6,19,4.2,2815,7.6,3.0,1634,Entertainment
U10146,52,Female,Kolkata,Xiaomi,iOS,4.2,46.9,197.4,53,0.8,9992,7.1,2.1,1375,Gaming
U10147,19,Other,Lucknow,Samsung,Android,4.5,17.3,89.0,64,1.8,7815,7.7,0.8,1097,Education
U10148,21,Female,Delhi,Nokia,Android,8.3,15.4,261.0,123,5.4,2697,2.4,0.8,303,Entertainment
U10149,56,Female,Lucknow,Google Pixel,iOS,4.6,4.5,168.3,170,4.1,7999,5.8,4.9,213,Work
U10150,42,Other,Chennai,Samsung,iOS,7.2,49.1,62.4,71,1.0,5251,5.8,1.2,1281,Work
U10151,60,Male,Hyderabad,Xiaomi,iOS,5.2,8.3,113.1,156,4.3,4233,7.2,4.3,1901,Education
U10152,28,Other,Jaipur,OnePlus,iOS,3.6,16.6,158.0,33,5.5,5650,4.6,3.9,652,Gaming
U10153,15,Female,Lucknow,Motorola,iOS,3.5,22.3,104.7,192,3.1,9238,5.9,3.5,541,Social Media
U10154,32,Female,Mumbai,Vivo,iOS,10.6,40.7,75.7,52,0.8,8240,3.0,4.7,1791,Entertainment
U10155,33,Other,Pune,OnePlus,Android,9.8,39.7,173.6,15,1.1,2853,3.1,1.1,1851,Social Media
U10156,36,Female,Lucknow,Motorola,Android,12.0,43.1,222.8,89,4.2,2292,6.7,3.8,1487,Education
U10157,21,Other,Chennai,Xiaomi,iOS,6.6,14.9,110.4,188,1.7,3698,0.7,3.6,571,Education
U10158,50,Male,Hyderabad,OnePlus,iOS,2.3,35.1,122.7,42,2.4,8381,6.4,2.0,1159,Entertainment
U10159,20,Male,Jaipur,Samsung,Android,11.8,47.4,61.8,166,3.9,8169,4.5,1.6,1219,Social Media
U10160,52,Other,Hyderabad,Google Pixel,Android,11.1,44.5,178.5,26,4.5,912,8.0,1.6,1582,Entertainment
U10161,34,Male,Lucknow,Google Pixel,Android,6.9,12.1,274.6,77,3.9,4002,3.3,0.2,1601,Work
U10162,31,Female,Bangalore,Oppo,Android,5.2,42.7,12.2,77,5.3,4333,7.4,2.7,1986,Gaming
U10163,58,Other,Jaipur,Oppo,iOS,7.5,20.0,181.7,92,5.4,2114,3.0,2.5,1394,Work
U10164,44,Other,Delhi,OnePlus,iOS,6.6,35.2,161.6,92,5.6,4066,4.6,2.0,694,Social Media
U10165,16,Male,Chennai,Motorola,iOS,4.5,47.6,151.5,161,4.7,7978,7.9,1.0,1507,Work
U10166,40,Male,Kolkata,Xiaomi,Android,12.0,26.3,110.9,111,4.3,3599,3.6,1.4,1390,Work
U10167,56,Other,Jaipur,Realme,Android,7.1,41.2,231.9,35,1.5,9299,4.1,1.9,729,Work
U10168,51,Other,Delhi,OnePlus,Android,1.8,38.7,275.3,109,1.4,9161,7.5,4.7,157,Education
U10169,55,Other,Hyderabad,Vivo,iOS,11.4,24.2,199.2,120,4.1,2523,5.8,2.7,1810,Entertainment
U10170,25,Other,Lucknow,Vivo,iOS,11.1,38.7,8.2,114,6.0,1118,7.3,3.0,1426,Entertainment
U10171,50,Male,Hyderabad,Xiaomi,Android,6.4,18.1,137.3,49,1.6,5268,3.1,4.2,1491,Gaming
U10172,44,Other,Kolkata,Vivo,Android,1.3,43.8,156.7,50,3.9,8616,7.8,4.7,1126,Gaming
U10173,45,Female,Kolkata,Google Pixel,iOS,10.3,29.3,137.8,16,0.7,8209,4.2,2.3,214,Social Media
U10174,59,Female,Bangalore,Xiaomi,iOS,3.6,44.6,219.9,20,5.5,8781,3.9,1.7,1825,Work
U10175,59,Male,Pune,Vivo,iOS,10.9,16.7,146.3,35,0.9,4012,2.9,0.5,1269,Gaming
U10176,46,Female,Kolkata,Apple,iOS,9.3,45.5,223.4,110,4.7,8936,4.8,3.8,1511,Gaming
U10177,37,Female,Lucknow,Motorola,Android,11.6,1.7,142.9,98,5.3,8110,2.8,4.5,484,Work
U10178,21,Male,Bangalore,Realme,iOS,3.1,19.2,102.8,186,1.0,6205,4.1,1.5,1711,Entertainment
U10179,54,Male,Mumbai,Google Pixel,Android,8.8,25.6,293.7,130,4.7,9242,0.5,3.4,1667,Gaming
U10180,40,Male,Lucknow,Realme,iOS,4.5,18.5,182.1,193,1.6,2620,5.8,3.1,535,Entertainment
U10181,20,Female,Mumbai,OnePlus,Android,7.2,44.5,151.0,174,2.9,7199,3.2,1.3,797,Work
U10182,40,Male,Hyderabad,Apple,iOS,9.7,22.7,260.7,119,2.4,7263,5.4,1.4,288,Entertainment
U10183,53,Male,Bangalore,Nokia,Android,5.2,48.3,36.5,43,1.2,7870,4.9,0.4,163,Gaming
U10184,57,Other,Delhi,Oppo,iOS,11.9,13.1,209.8,24,5.6,9631,2.5,1.5,591,Entertainment
U10185,31,Other,Jaipur,Google Pixel,Android,4.0,19.9,42.9,197,2.9,3104,2.9,2.2,294,Gaming
U10186,43,Female,Lucknow,Vivo,Android,7.8,25.0,211.5,48,0.6,5253,4.6,1.2,1346,Gaming
U10187,27,Female,Kolkata,Samsung,iOS,4.4,2.7,92.5,199,1.3,7814,0.6,0.0,1029,Gaming
U10188,53,Female,Hyderabad,Nokia,iOS,5.7,12.3,93.1,119,4.4,8448,3.8,0.3,1283,Gaming
U10189,22,Other,Hyderabad,Vivo,iOS,3.4,18.2,151.9,159,1.5,945,1.6,2.3,335,Education
U10190,27,Male,Delhi,Oppo,Android,4.3,22.6,54.6,92,5.5,7110,0.6,1.2,1672,Entertainment
U10191,59,Female,Mumbai,Apple,Android,2.0,17.2,261.4,134,4.3,1772,5.2,3.9,1123,Gaming
U10192,27,Other,Chennai,Apple,iOS,11.3,14.9,58.1,18,3.3,3560,1.6,3.5,681,Gaming
U10193,53,Male,Lucknow,OnePlus,iOS,6.2,26.0,261.8,126,1.5,8246,4.5,1.4,1681,Social Media
U10194,35,Other,Ahmedabad,Apple,Android,5.5,7.7,32.6,77,2.3,6764,2.7,1.8,228,Gaming
U10195,34,Female,Lucknow,Samsung,iOS,3.2,47.3,198.1,132,3.3,3136,1.2,3.5,954,Social Media
U10196,15,Male,Lucknow,Oppo,iOS,7.7,32.5,34.2,109,3.5,668,1.7,3.5,824,Entertainment
U10197,17,Female,Ahmedabad,OnePlus,Android,1.2,46.1,128.7,157,4.2,9118,1.2,0.5,933,Entertainment
U10198,26,Other,Hyderabad,Vivo,Android,4.0,34.7,43.8,181,2.5,2911,5.7,0.3,1324,Education
U10199,57,Other,Mumbai,Nokia,iOS,8.7,2.7,68.9,140,5.9,3859,1.1,4.2,684,Gaming
U10200,28,Other,Chennai,Xiaomi,Android,7.9,8.8,6.1,192,1.7,7847,2.0,0.9,1994,Work
U10201,47,Other,Mumbai,Oppo,Android,8.0,19.9,38.4,103,1.3,8603,3.6,4.2,1142,Gaming
U10202,46,Female,Chennai,Vivo,iOS,6.3,32.0,255.7,105,4.8,818,2.4,0.2,1695,Entertainment
U10203,29,Female,Bangalore,Vivo,iOS,6.4,41.9,285.8,115,2.4,8278,6.5,3.1,1303,Entertainment
U10204,49,Other,Lucknow,Nokia,iOS,5.5,13.6,130.1,123,3.5,1568,6.8,1.9,1965,Education
U10205,16,Other,Bangalore,Google Pixel,iOS,2.6,41.0,39.3,181,3.7,948,6.5,4.3,1347,Work
U10206,49,Male,Jaipur,Motorola,iOS,8.3,43.2,112.1,107,0.7,9506,4.3,3.1,1625,Entertainment
U10207,35,Other,Ahmedabad,OnePlus,Android,10.2,19.6,169.4,186,1.4,2985,1.4,0.6,1719,Social Media
U10208,23,Female,Bangalore,Apple,Android,6.6,31.9,105.8,47,5.9,6475,2.2,1.4,857,Entertainment
U10209,19,Female,Bangalore,Google Pixel,iOS,10.5,18.2,78.2,129,0.7,8780,8.0,1.7,1269,Gaming
U10210,15,Male,Delhi,Google Pixel,Android,2.0,29.6,65.6,50,1.1,7299,6.0,0.4,1092,Social Media
U10211,52,Other,Delhi,OnePlus,iOS,7.4,4.1,193.1,13,2.6,8594,1.2,2.8,1653,Gaming
U10212,22,Female,Delhi,Vivo,Android,3.2,46.9,244.6,146,1.4,4240,0.8,1.6,1814,Education
U10213,24,Male,Ahmedabad,Apple,iOS,10.0,40.2,83.6,45,4.7,937,0.7,0.5,353,Social Media
U10214,29,Other,Delhi,Apple,Android,3.4,2.1,235.6,115,5.1,7713,2.0,2.0,811,Education
U10215,51,Female,Hyderabad,Nokia,iOS,1.2,12.5,183.5,108,4.1,4826,7.5,2.9,445,Education
U10216,49,Female,Mumbai,Nokia,Android,3.6,2.9,215.9,49,3.3,7719,3.8,1.3,1018,Gaming
U10217,20,Female,Pune,Samsung,Android,7.9,20.2,219.3,200,1.6,190,1.8,1.7,1093,Social Media
U10218,52,Female,Bangalore,Samsung,Android,2.9,31.2,170.7,16,2.2,5977,4.2,4.6,1801,Social Media
U10219,29,Female,Kolkata,Nokia,iOS,6.7,37.1,92.3,82,4.5,8525,3.8,2.3,1520,Education
U10220,27,Female,Pune,Samsung,Android,2.0,9.5,217.0,159,4.5,6169,3.9,3.0,236,Social Media
U10221,50,Other,Mumbai,Motorola,Android,7.1,32.6,295.5,151,3.4,4524,7.3,0.4,1339,Entertainment
U10222,44,Other,Ahmedabad,Vivo,iOS,5.8,7.1,199.4,82,1.7,9340,2.1,2.9,1746,Social Media
U10223,45,Other,Pune,Nokia,Android,6.9,22.9,272.7,11,4.3,6695,5.3,3.1,247,Work
U10224,58,Male,Hyderabad,Vivo,Android,10.4,25.2,187.6,96,3.8,6472,1.9,2.7,1656,Education
U10225,32,Female,Kolkata,Oppo,Android,8.0,42.2,252.6,44,4.3,9850,5.5,1.5,289,Gaming
U10226,22,Female,Delhi,Apple,iOS,11.4,17.0,18.1,166,0.5,4198,0.6,4.4,262,Education
U10227,33,Female,Ahmedabad,Apple,Android,7.8,39.0,63.4,15,3.1,7573,7.8,0.1,897,Education
U10228,36,Other,Ahmedabad,Xiaomi,Android,5.9,35.9,150.5,133,5.2,2485,7.2,4.8,775,Work
U10229,47,Other,Lucknow,Google Pixel,Android,3.2,5.9,15.6,60,4.5,4519,2.8,1.4,1296,Education
U10230,53,Female,Hyderabad,Xiaomi,iOS,10.3,2.9,116.4,73,5.1,1959,3.8,2.2,126,Education
U10231,15,Other,Kolkata,Xiaomi,iOS,6.5,42.4,250.1,152,4.6,2558,3.6,2.7,700,Work
U10232,28,Female,Hyderabad,Nokia,Android,3.4,8.7,166.1,174,4.1,6464,7.7,1.7,1445,Social Media
U10233,37,Female,Lucknow,Realme,Android,6.0,36.1,151.8,81,3.5,132,2.0,0.9,1859,Work
U10234,27,Female,Mumbai,Oppo,iOS,5.1,9.1,52.4,119,5.0,1853,6.8,2.2,223,Work
U10235,54,Male,Pune,Xiaomi,iOS,11.7,28.9,120.5,69,5.3,6556,2.3,2.1,325,Social Media
U10236,16,Other,Hyderabad,Samsung,iOS,4.0,7.7,214.1,51,3.4,3071,6.6,0.5,154,Social Media
U10237,58,Female,Ahmedabad,Nokia,iOS,4.1,24.6,285.3,91,0.8,9571,3.9,3.2,1488,Education
U10238,43,Female,Mumbai,Motorola,Android,2.1,17.8,292.4,179,3.0,8293,3.1,4.5,439,Education
U10239,50,Female,Kolkata,Realme,iOS,6.6,43.4,154.0,108,0.8,8883,7.1,0.0,602,Social Media
U10240,49,Male,Jaipur,Xiaomi,Android,10.2,33.1,131.1,90,2.8,1717,3.5,3.3,1669,Work
U10241,50,Female,Kolkata,OnePlus,Android,5.5,17.9,279.3,11,1.2,5502,2.4,2.8,878,Education
U10242,19,Male,Ahmedabad,OnePlus,Android,2.6,9.5,8.8,132,5.5,4995,4.8,2.8,1282,Social Media
U10243,28,Male,Mumbai,Xiaomi,Android,2.9,13.1,78.3,70,3.2,3357,5.0,3.0,1279,Entertainment
U10244,47,Male,Pune,OnePlus,Android,9.5,45.2,291.4,64,3.6,658,6.5,3.1,1137,Gaming
U10245,38,Other,Hyderabad,Oppo,iOS,4.9,6.1,116.7,104,3.2,5611,6.5,2.0,1364,Work
U10246,50,Female,Ahmedabad,Motorola,iOS,2.5,49.0,38.6,82,3.5,1493,0.7,5.0,293,Education
U10247,57,Female,Bangalore,Apple,Android,10.3,11.5,212.7,169,5.1,2104,4.7,2.4,1188,Social Media
U10248,15,Male,Mumbai,Realme,Android,8.0,44.0,87.7,69,5.6,1219,4.8,4.7,1490,Gaming
U10249,24,Other,Lucknow,Nokia,iOS,7.0,28.6,91.2,35,3.3,2525,4.4,3.7,1941,Entertainment
U10250,57,Male,Lucknow,Oppo,iOS,8.8,1.1,58.2,143,5.7,4235,7.2,3.4,1583,Social Media
U10251,48,Female,Delhi,Samsung,iOS,7.0,21.4,223.0,77,1.2,4605,5.7,1.6,1968,Social Media
U10252,54,Female,Lucknow,Vivo,Android,1.9,15.6,258.5,170,2.6,6030,6.4,3.2,270,Work
U10253,27,Other,Chennai,Apple,Android,7.6,23.2,47.2,75,4.4,3108,1.0,3.1,201,Work
U10254,42,Female,Bangalore,Xiaomi,iOS,11.5,26.6,269.2,158,5.7,8046,2.8,2.3,808,Social Media
U10255,49,Other,Ahmedabad,Google Pixel,iOS,3.0,11.0,78.2,136,3.4,2242,5.6,2.4,1876,Work
U10256,44,Female,Bangalore,Vivo,Android,9.6,17.0,151.0,101,1.3,2604,0.7,0.8,1296,Education
U10257,16,Male,Delhi,Motorola,iOS,4.5,30.4,117.6,111,2.3,5847,6.5,4.2,1555,Work
U10258,32,Other,Hyderabad,Vivo,Android,1.2,24.6,81.1,127,1.7,5388,2.9,0.1,668,Entertainment
U10259,56,Female,Bangalore,Realme,Android,10.4,40.4,122.1,116,2.5,5871,7.6,5.0,1526,Entertainment
U10260,42,Other,Ahmedabad,OnePlus,iOS,7.5,35.8,87.3,193,4.1,8099,3.9,1.0,263,Gaming
U10261,19,Female,Bangalore,Realme,Android,6.4,22.3,269.2,163,2.2,580,0.9,0.7,974,Work
U10262,41,Female,Ahmedabad,Oppo,Android,7.1,26.2,30.4,170,4.2,2056,3.0,2.1,279,Entertainment
U10263,34,Female,Bangalore,Xiaomi,iOS,10.8,33.4,19.8,193,4.8,151,4.5,1.9,448,Entertainment
U10264,29,Other,Chennai,Realme,Android,7.1,12.6,19.4,31,2.5,9116,5.0,3.4,1045,Gaming
U10265,27,Male,Hyderabad,Nokia,iOS,9.5,21.1,276.5,72,1.6,4221,6.4,1.6,1347,Gaming
U10266,32,Other,Chennai,OnePlus,Android,1.7,23.9,105.9,37,4.0,4532,1.0,3.7,275,Education
U10267,34,Other,Hyderabad,Nokia,iOS,10.8,49.6,96.9,121,5.8,7325,1.7,1.8,831,Work
U10268,23,Other,Chennai,Motorola,Android,5.6,18.3,135.8,64,0.7,4628,2.7,0.5,967,Social Media
U10269,42,Male,Chennai,Oppo,Android,10.0,6.1,34.1,35,2.0,222,3.0,2.9,359,Gaming
U10270,27,Male,Jaipur,Samsung,Android,11.8,13.4,207.9,123,1.1,8277,1.3,2.8,1608,Entertainment
U10271,44,Other,Pune,Oppo,iOS,3.8,34.9,243.9,193,3.3,978,6.9,2.1,229,Social Media
U10272,35,Other,Lucknow,Apple,iOS,11.9,14.5,289.8,195,3.1,2359,4.1,1.3,1414,Education
U10273,52,Female,Hyderabad,Oppo,Android,11.0,24.3,201.9,116,5.4,4860,5.0,0.5,1976,Social Media
U10274,15,Other,Delhi,Oppo,iOS,2.3,30.1,110.5,38,1.4,9033,3.7,4.1,1554,Gaming
U10275,23,Male,Chennai,Apple,iOS,4.4,45.6,11.9,190,1.7,7215,2.2,0.3,423,Work
U10276,21,Other,Mumbai,Samsung,Android,2.6,49.0,66.4,138,2.0,4883,4.6,2.0,1278,Gaming
U10277,27,Male,Ahmedabad,Oppo,iOS,5.7,3.8,100.3,131,0.8,6694,6.4,4.0,134,Social Media
U10278,29,Male,Pune,Apple,iOS,11.9,25.2,204.8,182,4.9,7255,0.9,4.7,1516,Entertainment
U10279,34,Male,Chennai,OnePlus,Android,2.3,2.7,8.3,135,0.5,8996,8.0,1.1,1005,Social Media
U10280,25,Female,Delhi,Vivo,Android,11.2,2.9,102.5,43,5.9,2882,1.2,0.8,410,Entertainment
U10281,20,Male,Hyderabad,Nokia,iOS,1.2,13.4,175.8,136,2.6,6460,3.1,0.2,396,Entertainment
U10282,32,Other,Chennai,OnePlus,Android,10.2,18.7,57.9,179,4.7,2705,6.2,0.6,762,Gaming
U10283,42,Female,Pune,Realme,iOS,7.4,19.0,218.1,59,4.6,9412,2.8,4.6,376,Education
U10284,46,Male,Hyderabad,Realme,iOS,3.0,28.4,252.4,130,3.4,7736,4.4,0.4,297,Entertainment
U10285,58,Female,Jaipur,Oppo,Android,6.6,12.4,25.9,185,0.6,1439,3.8,4.6,1876,Work
U10286,50,Female,Chennai,Oppo,iOS,2.2,15.7,261.2,87,0.6,6137,6.4,4.1,1093,Gaming
U10287,55,Female,Lucknow,Oppo,iOS,9.9,15.7,77.2,35,5.7,5831,1.9,2.6,1486,Gaming
U10288,24,Other,Kolkata,Xiaomi,Android,5.1,31.8,271.0,50,4.2,6396,4.3,0.3,1585,Gaming
U10289,39,Male,Bangalore,Oppo,iOS,5.5,20.3,69.0,135,1.5,8304,7.8,3.4,693,Entertainment
U10290,47,Other,Kolkata,Xiaomi,iOS,1.3,37.3,19.6,131,5.8,9331,4.8,3.8,241,Education
U10291,43,Other,Bangalore,Google Pixel,iOS,2.3,20.7,127.3,126,3.6,3279,1.3,2.4,1494,Gaming
U10292,26,Other,Bangalore,Nokia,Android,10.1,3.4,238.2,98,1.3,745,6.4,3.2,594,Entertainment
U10293,55,Female,Mumbai,Apple,iOS,11.7,12.3,97.6,34,3.8,4332,2.2,2.7,523,Gaming
U10294,58,Female,Kolkata,Google Pixel,Android,10.1,48.1,131.0,137,0.6,7700,3.5,3.9,368,Work
U10295,56,Female,Bangalore,Xiaomi,iOS,5.6,24.4,282.9,62,2.0,3443,4.6,0.0,943,Gaming
U10296,21,Other,Pune,Google Pixel,iOS,11.2,25.1,55.7,39,4.9,5056,4.0,3.7,1741,Social Media
U10297,15,Other,Kolkata,Nokia,iOS,10.4,16.8,191.7,153,0.6,6934,5.1,3.0,1794,Gaming
U10298,58,Female,Delhi,Apple,Android,8.2,36.4,136.4,135,4.3,3667,1.3,0.0,265,Work
U10299,23,Female,Pune,Apple,iOS,7.4,49.3,287.0,81,2.1,2698,2.1,1.1,825,Social Media
U10300,38,Female,Delhi,Vivo,Android,4.2,24.8,154.3,29,5.5,3515,7.7,1.5,1301,Social Media
U10301,16,Other,Delhi,Oppo,Android,3.4,8.0,239.9,131,3.1,2250,4.5,2.6,1907,Education
U10302,41,Male,Chennai,Xiaomi,iOS,10.7,25.2,14.9,169,0.7,4918,7.3,5.0,967,Social Media
U10303,47,Female,Delhi,Oppo,Android,8.0,7.7,36.2,29,1.9,3840,3.6,1.0,514,Social Media
U10304,31,Male,Delhi,Vivo,iOS,6.1,8.0,98.6,147,5.1,9211,7.4,1.7,841,Education
U10305,54,Other,Chennai,Oppo,Android,11.5,18.2,263.1,63,2.1,8138,4.8,0.6,1262,Gaming
U10306,30,Female,Jaipur,Xiaomi,Android,7.1,8.4,186.0,22,1.9,2610,4.4,0.2,733,Entertainment
U10307,31,Male,Pune,Nokia,iOS,10.7,47.4,143.5,188,3.9,1901,5.6,2.9,1697,Work
U10308,38,Male,Mumbai,Realme,iOS,10.3,1.5,243.6,34,5.9,3263,2.8,4.3,1774,Gaming
U10309,24,Other,Delhi,Samsung,iOS,5.6,49.5,248.2,172,4.7,8033,3.8,3.1,1346,Education
U10310,38,Other,Chennai,Motorola,Android,9.3,28.0,96.6,137,5.7,2372,5.0,4.0,327,Social Media
U10311,60,Female,Mumbai,Xiaomi,iOS,1.4,23.7,60.4,116,2.3,8550,2.2,0.2,651,Education
U10312,54,Male,Hyderabad,OnePlus,Android,8.1,2.5,151.3,152,2.6,8545,6.0,1.5,1321,Education
U10313,15,Female,Lucknow,Apple,iOS,1.1,48.7,231.2,11,5.0,3045,5.5,2.0,471,Work
U10314,27,Other,Bangalore,OnePlus,Android,10.7,16.7,66.4,37,1.5,7226,0.6,4.3,1534,Work
U10315,18,Male,Pune,Samsung,Android,8.9,24.4,12.2,107,5.2,6930,3.2,4.7,286,Education
U10316,57,Male,Kolkata,Google Pixel,Android,7.3,34.5,35.2,43,3.1,5715,6.9,4.8,336,Social Media
U10317,48,Female,Lucknow,Vivo,Android,10.9,35.8,11.5,141,4.7,7201,7.1,3.6,267,Entertainment
U10318,55,Other,Pune,Oppo,Android,1.7,17.2,7.4,96,5.2,4817,7.4,0.8,509,Gaming
U10319,20,Male,Kolkata,Oppo,Android,4.1,31.4,292.6,14,3.8,8242,1.3,0.7,947,Entertainment
U10320,42,Other,Kolkata,Xiaomi,iOS,3.1,38.3,180.6,108,2.0,9321,6.8,3.9,554,Gaming
U10321,20,Male,Ahmedabad,Apple,iOS,7.7,29.5,296.8,190,5.9,7270,5.2,2.2,607,Entertainment
U10322,31,Male,Chennai,Vivo,Android,6.8,32.4,241.2,92,4.7,5257,1.6,4.9,916,Work
U10323,39,Female,Delhi,Motorola,Android,7.1,18.2,255.8,180,4.6,9437,3.1,0.8,1108,Education
U10324,40,Other,Bangalore,Oppo,iOS,5.0,42.3,122.6,82,1.7,689,6.0,4.7,626,Social Media
U10325,34,Other,Bangalore,Xiaomi,iOS,8.6,5.7,166.7,52,2.6,6845,7.0,2.5,1857,Social Media
U10326,31,Female,Delhi,Motorola,Android,6.8,31.5,68.3,190,1.9,8516,3.8,0.2,406,Work
U10327,53,Other,Kolkata,OnePlus,iOS,6.8,16.6,165.9,81,5.6,744,7.3,2.0,469,Education
U10328,17,Female,Bangalore,Oppo,Android,2.0,18.0,12.9,114,5.7,2995,7.2,2.9,1053,Gaming
U10329,49,Female,Pune,Realme,Android,11.3,40.2,215.2,178,5.9,1295,2.4,3.1,881,Work
U10330,54,Female,Chennai,Vivo,iOS,2.7,10.1,249.5,90,3.3,7582,4.3,0.2,749,Gaming
U10331,20,Other,Delhi,Oppo,Android,8.2,20.7,42.2,197,2.2,672,3.3,2.4,1225,Entertainment
U10332,45,Male,Jaipur,Nokia,Android,3.3,18.9,69.7,157,4.2,789,6.2,3.8,1722,Entertainment
U10333,28,Other,Lucknow,Realme,iOS,4.6,44.8,215.9,42,2.8,4530,2.6,0.5,876,Education
U10334,28,Male,Chennai,Samsung,iOS,10.7,34.8,205.8,161,3.2,7832,1.7,2.5,1888,Gaming
U10335,28,Other,Mumbai,Realme,Android,9.3,11.0,21.5,116,5.6,2786,3.3,3.6,1625,Gaming
U10336,26,Male,Delhi,Realme,Android,2.0,15.4,147.3,80,5.6,2431,6.4,0.1,1868,Social Media
U10337,22,Male,Pune,Samsung,Android,5.6,4.0,21.5,129,5.7,4580,3.2,2.4,1197,Entertainment
U10338,45,Female,Pune,Apple,iOS,3.0,37.0,119.1,103,4.7,7890,1.9,1.5,1198,Gaming
U10339,37,Female,Kolkata,Motorola,iOS,6.9,44.6,261.9,90,2.7,163,2.4,2.0,299,Education
U10340,43,Male,Ahmedabad,Xiaomi,iOS,10.3,3.3,277.7,183,2.2,9884,7.7,1.5,879,Entertainment
U10341,54,Female,Hyderabad,Realme,iOS,1.5,49.3,82.1,146,5.5,8705,2.3,1.0,1878,Gaming
U10342,30,Male,Kolkata,Oppo,iOS,1.3,5.5,277.6,78,2.1,2175,4.9,0.6,214,Gaming
U10343,29,Male,Lucknow,Google Pixel,Android,2.1,1.9,165.7,100,5.3,8369,7.3,4.8,1291,Work
U10344,46,Male,Jaipur,Apple,Android,1.2,49.3,175.0,49,5.7,5695,5.3,4.8,602,Education
U10345,39,Male,Lucknow,Nokia,Android,4.1,15.0,180.4,19,5.3,8326,1.0,3.7,926,Entertainment
U10346,40,Female,Hyderabad,Vivo,iOS,4.3,2.2,284.7,119,4.4,6828,7.9,0.5,1353,Gaming
U10347,34,Male,Pune,Google Pixel,iOS,5.8,43.3,267.1,60,4.4,8390,2.0,2.4,635,Work
U10348,58,Male,Pune,Xiaomi,Android,6.6,28.6,286.7,124,3.6,2328,5.4,2.5,1249,Education
U10349,28,Male,Lucknow,Apple,iOS,8.1,6.1,40.7,48,3.8,4126,3.9,0.3,547,Work
U10350,36,Other,Kolkata,Vivo,iOS,5.2,34.1,224.6,48,4.1,5372,2.3,2.0,1513,Gaming
U10351,47,Female,Pune,Motorola,Android,8.5,25.9,38.9,70,4.4,1602,4.5,2.4,1122,Work
U10352,46,Female,Chennai,OnePlus,iOS,5.9,43.4,280.5,184,5.5,801,6.2,2.9,1352,Gaming
U10353,30,Other,Kolkata,Realme,iOS,6.8,20.1,299.4,12,5.4,1917,2.8,3.6,1215,Entertainment
U10354,43,Female,Kolkata,Vivo,Android,3.6,19.5,77.1,148,2.0,4082,1.1,3.3,1671,Social Media
U10355,54,Other,Ahmedabad,Google Pixel,iOS,1.4,27.5,26.8,156,2.2,634,7.8,0.4,1237,Entertainment
U10356,55,Female,Jaipur,Vivo,Android,6.1,29.2,262.4,64,2.5,2721,0.8,3.8,276,Education
U10357,38,Other,Ahmedabad,Oppo,Android,10.9,45.0,92.0,87,4.2,1036,1.4,3.8,1791,Work
U10358,60,Female,Bangalore,Oppo,Android,4.2,11.6,292.8,43,1.8,283,7.2,0.5,562,Education
U10359,58,Male,Lucknow,Oppo,Android,3.4,27.9,223.3,148,3.8,282,6.7,1.4,912,Entertainment
U10360,22,Other,Kolkata,Xiaomi,Android,10.6,15.5,78.4,31,3.9,6493,6.1,3.6,1727,Entertainment
U10361,29,Male,Hyderabad,Realme,Android,7.6,32.3,89.9,120,4.5,1275,6.0,5.0,1580,Social Media
U10362,26,Other,Ahmedabad,Xiaomi,Android,11.1,47.9,273.0,51,3.9,2658,6.6,1.2,430,Entertainment
U10363,22,Other,Kolkata,Apple,Android,6.3,49.5,198.3,122,1.7,4832,5.1,1.9,1309,Work
U10364,55,Other,Chennai,Samsung,Android,2.5,18.3,32.3,56,2.2,5640,3.6,4.2,220,Education
U10365,57,Female,Lucknow,Apple,Android,5.2,25.9,159.9,70,5.1,9670,4.8,1.4,301,Entertainment
U10366,56,Other,Bangalore,Motorola,iOS,8.3,39.2,44.1,91,5.6,3295,3.7,1.8,588,Social Media
U10367,16,Male,Lucknow,Motorola,iOS,2.1,36.2,190.5,113,2.7,4560,3.6,2.8,1521,Social Media
U10368,53,Female,Mumbai,Xiaomi,Android,6.0,28.7,164.1,178,5.0,9063,0.9,2.3,1351,Work
U10369,26,Other,Jaipur,Motorola,iOS,5.4,39.3,140.1,43,5.8,651,6.7,3.5,421,Work
U10370,21,Male,Jaipur,OnePlus,Android,11.5,5.0,104.1,88,5.6,864,1.7,2.0,1030,Entertainment
U10371,43,Female,Lucknow,Nokia,Android,9.1,48.8,293.2,157,4.6,1023,2.7,0.2,468,Social Media
U10372,25,Female,Bangalore,OnePlus,Android,4.4,20.0,45.1,174,5.3,4512,4.7,1.2,1733,Gaming
U10373,52,Other,Bangalore,Motorola,iOS,4.1,10.5,241.1,47,5.8,6655,2.1,5.0,791,Education
U10374,52,Other,Pune,Apple,Android,9.2,25.3,143.5,194,3.1,5501,7.5,1.1,1209,Entertainment
U10375,45,Male,Hyderabad,Xiaomi,Android,7.1,7.9,230.3,104,4.0,7032,4.2,1.3,972,Education
U10376,55,Other,Chennai,Oppo,Android,7.5,43.0,204.9,108,1.0,2197,5.0,2.1,720,Social Media
U10377,56,Female,Ahmedabad,Oppo,iOS,3.7,34.3,148.3,13,1.4,1346,1.7,2.6,346,Social Media
U10378,59,Male,Lucknow,OnePlus,iOS,9.9,49.1,78.7,142,2.3,3480,3.9,4.7,1470,Gaming
U10379,32,Other,Ahmedabad,Vivo,Android,10.8,13.5,279.1,29,1.8,6509,5.1,4.0,172,Gaming
U10380,25,Female,Mumbai,OnePlus,iOS,9.7,26.7,136.3,28,2.6,3083,3.8,1.9,1214,Work
U10381,51,Female,Mumbai,Samsung,iOS,11.0,46.5,213.3,139,1.9,4786,6.3,4.8,1411,Work
U10382,22,Male,Ahmedabad,Apple,Android,6.9,4.4,189.3,10,5.6,9861,3.5,2.9,1522,Social Media
U10383,58,Male,Delhi,Nokia,iOS,9.0,34.6,20.0,36,4.2,5340,3.6,0.7,584,Social Media
U10384,20,Male,Ahmedabad,Motorola,Android,5.5,22.7,282.4,152,3.3,1670,4.9,1.5,309,Entertainment
U10385,59,Other,Mumbai,Xiaomi,Android,9.8,39.2,262.6,111,4.2,8566,6.3,0.9,1694,Social Media
U10386,42,Other,Jaipur,Nokia,iOS,10.0,30.6,220.1,146,3.7,9126,5.0,2.5,349,Education
U10387,26,Male,Kolkata,Xiaomi,Android,4.1,28.7,72.3,191,3.6,5675,7.3,4.5,401,Social Media
U10388,30,Other,Mumbai,Nokia,Android,9.0,33.4,89.1,66,1.7,3742,4.2,4.6,1535,Work
U10389,41,Male,Kolkata,Google Pixel,Android,2.8,44.6,37.4,157,4.5,6982,7.2,2.7,929,Work
U10390,22,Other,Ahmedabad,Xiaomi,Android,6.1,20.2,133.9,87,2.3,2853,6.5,1.7,137,Social Media
U10391,33,Male,Bangalore,Oppo,Android,5.2,33.1,49.2,130,2.6,8536,0.9,1.1,889,Education
U10392,40,Male,Mumbai,Realme,Android,3.9,22.8,59.0,62,0.7,9834,4.0,1.2,1789,Social Media
U10393,60,Male,Jaipur,Xiaomi,Android,11.8,27.0,284.6,168,4.6,708,5.5,2.2,1673,Entertainment
U10394,28,Female,Pune,OnePlus,iOS,2.4,2.1,294.3,163,2.0,2140,6.4,3.7,325,Work
U10395,43,Male,Hyderabad,Google Pixel,Android,1.6,48.4,286.5,143,4.4,2216,2.9,0.8,1733,Gaming
U10396,32,Other,Delhi,Motorola,iOS,5.9,41.4,234.9,42,5.3,8996,7.1,3.4,1495,Entertainment
U10397,23,Female,Delhi,Realme,iOS,5.7,7.3,200.3,196,2.6,5526,0.8,4.8,994,Social Media
U10398,33,Other,Ahmedabad,Apple,Android,9.8,9.8,293.1,116,2.3,3702,6.9,2.7,293,Social Media
U10399,41,Other,Delhi,Vivo,Android,2.6,27.2,204.3,57,5.1,569,1.0,4.3,1864,Social Media
U10400,54,Male,Bangalore,Vivo,Android,3.8,1.2,278.0,53,2.8,5444,7.0,0.8,1793,Education
U10401,28,Other,Lucknow,Motorola,iOS,5.0,16.2,144.5,147,5.6,239,2.4,4.5,585,Social Media
U10402,30,Other,Mumbai,Oppo,iOS,8.1,46.1,43.6,44,3.5,4270,6.5,4.5,947,Gaming
U10403,41,Male,Pune,Xiaomi,Android,9.8,6.2,125.5,125,2.8,5788,2.5,2.3,277,Entertainment
U10404,24,Male,Bangalore,Vivo,iOS,5.5,17.1,143.3,137,1.5,7462,7.5,2.3,1664,Work
U10405,48,Female,Mumbai,Xiaomi,iOS,1.9,32.4,32.7,178,5.5,1038,6.0,3.8,107,Social Media
U10406,60,Male,Hyderabad,Google Pixel,Android,8.0,19.1,120.7,118,4.3,7968,3.1,1.9,1639,Social Media
U10407,59,Other,Bangalore,Google Pixel,Android,6.6,8.2,80.3,78,1.1,3047,5.5,4.3,650,Education
U10408,32,Female,Pune,Nokia,iOS,11.7,28.6,133.6,89,5.9,1443,0.9,2.0,532,Work
U10409,54,Female,Pune,OnePlus,iOS,6.2,44.5,138.0,168,0.7,5169,5.2,1.3,1777,Work
U10410,16,Other,Delhi,Google Pixel,Android,3.5,45.0,124.5,148,3.7,9859,4.3,1.9,873,Entertainment
U10411,52,Male,Pune,Realme,Android,3.7,25.1,244.0,139,2.1,5699,7.5,1.8,1651,Entertainment
U10412,34,Other,Jaipur,Oppo,Android,5.9,30.5,264.0,42,3.4,3258,3.1,1.7,212,Gaming
U10413,56,Male,Lucknow,Samsung,iOS,3.8,36.7,93.0,36,3.1,1365,5.0,1.2,1105,Entertainment
U10414,37,Male,Chennai,Samsung,iOS,3.5,33.2,9.3,185,3.3,4331,5.3,5.0,1601,Social Media
U10415,20,Female,Delhi,OnePlus,iOS,10.3,32.2,263.8,81,3.5,4964,0.5,0.5,217,Gaming
U10416,25,Male,Kolkata,Realme,Android,9.2,46.7,71.5,37,2.6,5367,4.9,0.9,1158,Education
U10417,45,Female,Bangalore,Nokia,Android,1.2,24.8,121.3,33,3.7,7259,4.8,1.6,1063,Social Media
U10418,31,Male,Jaipur,Samsung,Android,2.9,8.2,105.8,10,2.3,7676,2.4,3.1,458,Social Media
U10419,44,Female,Mumbai,Motorola,Android,4.0,9.1,117.8,184,2.2,5320,7.5,1.7,146,Entertainment
U10420,54,Male,Bangalore,OnePlus,Android,9.9,37.3,69.2,77,4.2,7733,7.0,1.0,1793,Entertainment
U10421,15,Female,Chennai,Vivo,iOS,10.6,8.5,27.8,128,3.5,3789,4.9,1.5,837,Education
U10422,27,Female,Lucknow,Xiaomi,Android,4.6,3.6,160.5,71,5.0,6875,5.4,2.9,211,Education
U10423,57,Female,Chennai,OnePlus,iOS,8.2,2.8,282.2,25,1.5,9812,4.3,2.0,285,Work
U10424,57,Female,Chennai,Vivo,iOS,8.3,3.6,90.9,63,5.1,3703,0.5,0.0,1766,Work
U10425,46,Male,Delhi,Vivo,iOS,7.1,49.8,261.4,26,3.4,2120,5.4,4.9,432,Work
U10426,23,Female,Chennai,Motorola,iOS,11.1,9.6,281.8,177,2.2,368,6.4,0.4,301,Gaming
U10427,24,Other,Bangalore,Xiaomi,iOS,4.1,39.9,76.7,12,3.6,7553,4.8,1.2,228,Entertainment
U10428,47,Male,Mumbai,OnePlus,iOS,4.7,5.9,164.2,196,3.8,5054,4.5,4.8,1326,Education
U10429,38,Female,Pune,Realme,Android,1.8,11.1,228.0,106,5.5,7006,5.6,3.2,1667,Education
U10430,58,Female,Pune,Realme,Android,8.1,14.3,176.9,157,5.9,7714,6.5,3.5,1849,Work
U10431,17,Female,Jaipur,OnePlus,iOS,8.5,36.6,19.5,130,5.2,9294,4.5,3.8,645,Work
U10432,49,Female,Mumbai,Samsung,iOS,11.3,20.1,176.6,30,1.5,6452,2.2,0.5,1728,Social Media
U10433,40,Other,Jaipur,Samsung,Android,7.7,25.3,107.8,143,4.5,5631,5.1,0.1,1528,Social Media
U10434,51,Female,Jaipur,Nokia,Android,5.0,10.3,175.1,15,2.3,8805,3.6,4.9,267,Entertainment
U10435,29,Female,Chennai,Motorola,Android,8.7,10.6,250.3,119,4.4,1353,4.4,0.6,1347,Entertainment
U10436,54,Female,Chennai,Vivo,Android,2.7,44.9,226.9,117,0.7,3880,4.5,2.8,1500,Social Media
U10437,37,Other,Lucknow,Vivo,iOS,7.8,16.0,205.8,21,1.2,5419,2.2,1.5,1255,Work
U10438,27,Female,Kolkata,Realme,iOS,3.1,26.7,251.0,89,5.2,466,7.8,2.7,1063,Gaming
U10439,58,Male,Mumbai,Google Pixel,Android,9.5,44.5,247.7,29,0.5,2135,2.1,3.7,978,Education
U10440,50,Male,Mumbai,Nokia,Android,5.6,9.2,121.9,26,3.3,1108,4.5,0.1,1156,Education
U10441,21,Female,Jaipur,Google Pixel,Android,2.0,5.0,147.5,179,2.7,4408,4.0,0.2,539,Education
U10442,45,Male,Pune,Motorola,Android,10.9,18.3,171.6,56,2.9,5995,6.4,1.0,804,Social Media
U10443,15,Female,Mumbai,Realme,iOS,4.5,3.2,225.0,98,1.2,9503,5.8,1.8,1023,Education
U10444,28,Female,Ahmedabad,Motorola,Android,8.8,43.6,144.4,121,3.7,1245,0.7,0.1,1504,Work
U10445,28,Male,Pune,Oppo,Android,7.6,13.7,113.3,32,1.3,5310,0.8,4.1,1112,Social Media
U10446,15,Other,Pune,Vivo,Android,10.3,42.6,40.7,176,1.9,7747,1.9,1.3,204,Social Media
U10447,60,Female,Bangalore,Xiaomi,Android,8.4,30.6,174.2,26,6.0,9941,2.2,1.2,888,Entertainment
U10448,17,Male,Hyderabad,Vivo,iOS,6.2,3.8,153.7,94,4.0,2973,7.5,0.7,576,Entertainment
U10449,22,Female,Lucknow,Xiaomi,iOS,11.0,4.8,232.2,141,0.8,1973,2.6,0.5,1985,Social Media
U10450,29,Female,Delhi,Oppo,iOS,4.5,10.6,84.3,47,5.6,9595,4.8,1.6,1382,Work
U10451,51,Other,Kolkata,Nokia,Android,4.3,38.6,218.1,133,1.4,7051,6.1,4.3,987,Entertainment
U10452,37,Other,Chennai,Apple,Android,1.4,4.0,112.6,167,5.4,667,4.1,1.6,911,Gaming
U10453,18,Other,Chennai,Nokia,Android,11.7,30.7,283.5,48,5.7,7920,6.5,4.5,1105,Social Media
U10454,60,Female,Chennai,Vivo,Android,3.6,10.0,78.1,87,1.2,9731,7.9,1.6,1440,Gaming
U10455,25,Male,Pune,Vivo,iOS,3.8,44.5,127.9,162,3.2,8976,8.0,1.5,1672,Entertainment
U10456,60,Other,Ahmedabad,Vivo,Android,6.3,37.6,226.1,19,5.3,5963,2.5,3.7,1753,Gaming
U10457,34,Male,Chennai,Nokia,iOS,2.2,47.3,132.1,27,2.7,1608,2.6,0.8,1234,Social Media
U10458,26,Male,Mumbai,Xiaomi,Android,9.5,12.1,243.8,62,4.6,7360,1.7,2.3,1931,Entertainment
U10459,39,Other,Bangalore,Google Pixel,Android,5.8,29.1,53.4,22,2.9,9884,0.7,2.4,1296,Social Media
U10460,56,Other,Delhi,Realme,iOS,9.4,46.7,60.2,100,5.6,499,2.1,3.0,1136,Gaming
U10461,34,Male,Hyderabad,OnePlus,Android,8.6,5.9,188.5,58,3.0,7100,7.7,4.9,974,Entertainment
U10462,35,Male,Pune,Oppo,Android,7.6,1.3,49.1,118,1.4,9593,3.9,0.6,586,Gaming
U10463,23,Other,Pune,Samsung,Android,8.9,6.2,224.4,109,4.0,1964,2.4,2.9,1620,Entertainment
U10464,18,Female,Jaipur,Samsung,Android,2.3,47.7,128.8,35,0.8,7857,5.7,5.0,264,Education
U10465,16,Male,Mumbai,Apple,iOS,12.0,30.8,231.6,88,5.0,669,6.9,2.8,241,Work
U10466,49,Female,Ahmedabad,Motorola,Android,7.9,18.1,201.2,196,3.0,7682,1.4,4.0,1744,Work
U10467,48,Female,Mumbai,Realme,Android,10.7,2.3,173.8,55,5.6,6063,2.0,2.7,779,Work
U10468,36,Other,Jaipur,Apple,Android,11.3,23.8,213.4,181,4.9,640,0.9,3.9,549,Social Media
U10469,23,Male,Ahmedabad,Apple,iOS,4.8,12.4,181.1,173,4.9,2834,4.3,0.4,190,Education
U10470,54,Female,Lucknow,Vivo,iOS,8.7,28.2,253.8,148,3.3,752,7.1,3.7,493,Education
U10471,54,Other,Delhi,Realme,Android,5.5,45.4,169.2,140,2.3,5630,5.9,3.8,1576,Entertainment
U10472,52,Female,Jaipur,Xiaomi,Android,2.7,44.4,241.1,178,4.8,6672,1.1,4.1,1950,Entertainment
U10473,50,Male,Delhi,Google Pixel,iOS,2.4,40.4,250.6,159,3.0,5723,4.1,3.8,583,Entertainment
U10474,32,Other,Kolkata,Samsung,Android,4.1,1.3,189.9,126,5.4,1758,4.2,0.2,807,Work
U10475,51,Female,Hyderabad,Nokia,iOS,8.7,6.0,123.2,156,4.2,4420,6.2,2.4,351,Social Media
U10476,57,Other,Jaipur,OnePlus,Android,1.9,17.4,255.9,120,2.5,3589,4.9,1.5,622,Gaming
U10477,40,Male,Ahmedabad,Xiaomi,iOS,11.9,13.8,141.6,72,1.7,3468,1.0,2.5,572,Entertainment
U10478,41,Male,Bangalore,Apple,iOS,7.8,18.8,135.8,51,1.5,3542,4.9,0.7,1488,Entertainment
U10479,51,Male,Delhi,Samsung,iOS,1.6,1.3,171.1,142,3.8,2146,2.1,2.1,1692,Education
U10480,60,Female,Delhi,Nokia,iOS,2.3,42.2,267.9,178,2.0,1278,7.5,3.0,1358,Entertainment
U10481,55,Male,Lucknow,Google Pixel,iOS,7.2,5.2,175.4,163,2.1,8628,4.2,0.4,183,Education
U10482,22,Female,Ahmedabad,Nokia,iOS,8.6,12.9,294.3,143,2.6,2307,1.0,3.8,119,Education
U10483,18,Male,Jaipur,OnePlus,iOS,1.4,30.3,105.4,26,2.9,8884,6.4,0.1,1641,Education
U10484,28,Other,Lucknow,Samsung,iOS,7.8,49.6,290.2,73,3.2,3143,3.4,4.9,1767,Gaming
U10485,58,Female,Hyderabad,Google Pixel,Android,1.7,24.0,139.9,16,2.3,1835,1.6,2.0,1966,Social Media
U10486,42,Male,Chennai,OnePlus,iOS,10.8,30.1,247.3,17,1.7,7006,0.5,2.4,1205,Gaming
U10487,25,Male,Chennai,Vivo,Android,10.5,33.5,65.4,95,3.3,2667,0.6,2.4,1994,Entertainment
U10488,28,Other,Mumbai,Nokia,Android,6.5,44.3,181.9,105,3.1,3303,7.9,2.8,1430,Gaming
U10489,18,Other,Chennai,Realme,Android,8.3,50.0,106.0,93,0.6,8314,3.8,0.6,1108,Gaming
U10490,55,Male,Ahmedabad,Samsung,iOS,5.7,30.5,292.9,192,4.0,2043,7.9,0.4,682,Education
U10491,25,Female,Kolkata,Xiaomi,iOS,3.3,6.6,255.4,157,2.9,4775,6.8,0.6,314,Social Media
U10492,51,Other,Chennai,Nokia,Android,11.5,12.2,94.3,159,5.9,7411,7.2,2.9,373,Gaming
U10493,60,Male,Mumbai,Google Pixel,iOS,3.1,8.3,223.1,107,4.1,4312,5.2,4.2,1241,Gaming
U10494,41,Male,Lucknow,Realme,Android,10.4,22.3,256.9,114,1.6,2899,1.9,1.2,398,Work
U10495,52,Female,Chennai,Xiaomi,iOS,11.6,37.3,73.3,10,5.3,558,2.6,4.5,1032,Education
U10496,44,Female,Kolkata,OnePlus,Android,8.1,36.4,167.5,155,2.9,6242,4.1,4.8,492,Social Media
U10497,30,Other,Jaipur,Xiaomi,iOS,5.1,5.5,120.9,18,0.9,486,0.7,0.9,1203,Gaming
U10498,22,Male,Bangalore,Google Pixel,iOS,1.5,44.9,60.3,72,5.4,4584,4.4,0.1,1664,Education
U10499,27,Male,Pune,Vivo,iOS,8.8,11.2,217.1,17,0.5,8289,5.5,3.8,331,Work
U10500,56,Male,Mumbai,Xiaomi,Android,9.1,11.3,172.5,151,3.2,806,6.0,1.1,1179,Social Media
U10501,27,Male,Mumbai,Realme,iOS,1.3,40.4,45.6,188,1.1,8322,4.3,0.8,607,Gaming
U10502,22,Male,Kolkata,Google Pixel,iOS,5.4,33.7,23.9,172,1.8,2706,6.3,4.9,858,Gaming
U10503,20,Female,Ahmedabad,Samsung,iOS,8.4,19.1,20.3,199,5.9,1116,6.9,2.5,1836,Entertainment
U10504,52,Female,Delhi,Apple,iOS,7.7,31.6,250.6,50,1.7,4398,7.9,4.6,1826,Gaming
U10505,47,Other,Jaipur,Oppo,iOS,6.6,25.0,274.5,168,5.0,1828,2.7,3.4,1627,Social Media
U10506,26,Male,Jaipur,Apple,Android,11.1,8.2,250.7,162,1.8,2101,6.1,1.2,1251,Work
U10507,53,Male,Delhi,Google Pixel,Android,10.9,15.6,45.1,175,2.5,1347,7.0,4.0,1460,Education
U10508,42,Female,Chennai,OnePlus,iOS,10.0,26.4,247.2,192,3.6,3195,4.1,1.2,1084,Entertainment
U10509,57,Male,Delhi,Realme,Android,9.8,44.0,133.2,30,2.1,2303,3.7,1.3,1678,Work
U10510,22,Other,Delhi,OnePlus,iOS,9.1,30.8,254.4,18,2.7,6815,0.6,3.0,807,Work
U10511,31,Male,Lucknow,Vivo,iOS,8.8,36.6,236.9,118,4.4,8704,0.8,1.9,395,Entertainment
U10512,58,Female,Bangalore,Motorola,iOS,5.3,17.3,67.6,48,2.8,6280,3.3,3.9,1347,Work
U10513,44,Female,Pune,Realme,iOS,7.8,4.7,202.6,99,2.6,184,1.1,2.3,631,Entertainment
U10514,43,Male,Hyderabad,Nokia,iOS,3.8,9.0,244.1,153,0.9,4044,5.8,1.3,1533,Gaming
U10515,29,Other,Bangalore,Google Pixel,Android,3.5,27.3,208.9,67,5.7,5613,1.5,3.9,1085,Work
U10516,26,Male,Pune,Nokia,iOS,7.4,33.1,100.9,115,3.2,883,2.5,4.9,1690,Education
U10517,31,Male,Chennai,Realme,iOS,11.7,15.3,265.3,178,1.9,862,4.6,0.3,431,Gaming
U10518,54,Male,Pune,Apple,iOS,4.9,41.0,124.6,191,1.5,8366,5.7,0.1,181,Work
U10519,34,Other,Bangalore,Nokia,iOS,10.4,4.4,163.7,58,5.5,911,7.1,1.6,1349,Education
U10520,17,Male,Delhi,Nokia,Android,7.0,37.3,135.2,189,3.7,8764,6.7,0.2,1178,Social Media
U10521,51,Other,Pune,OnePlus,iOS,10.1,9.2,29.6,67,4.9,2693,6.9,4.5,549,Education
U10522,32,Male,Lucknow,Nokia,iOS,8.9,14.2,162.2,157,1.6,9873,0.8,4.5,515,Education
U10523,32,Other,Hyderabad,Vivo,Android,11.9,37.7,20.4,17,1.7,2882,0.7,0.1,255,Education
U10524,39,Female,Ahmedabad,Oppo,Android,6.4,43.3,8.5,173,1.3,5890,5.0,4.0,1151,Social Media
U10525,35,Female,Bangalore,Vivo,Android,6.6,11.5,63.6,173,3.4,9551,5.3,2.2,745,Entertainment
U10526,17,Male,Delhi,OnePlus,Android,9.6,9.6,171.9,183,2.9,6487,3.8,4.8,1411,Gaming
U10527,19,Male,Chennai,Xiaomi,Android,7.5,35.1,107.9,147,4.9,1201,4.9,2.0,768,Education
U10528,51,Female,Lucknow,Nokia,iOS,4.1,30.1,80.6,192,4.9,7205,1.9,3.5,1314,Education
U10529,35,Female,Bangalore,Samsung,Android,4.5,18.1,87.4,200,4.9,4256,7.8,1.5,1352,Entertainment
U10530,53,Female,Bangalore,Google Pixel,Android,8.3,41.8,289.8,137,0.6,7657,7.1,0.2,1298,Entertainment
U10531,59,Female,Bangalore,Realme,Android,6.1,29.8,283.9,152,3.4,279,3.4,3.4,705,Entertainment
U10532,37,Female,Ahmedabad,Oppo,Android,9.9,8.6,73.5,163,0.8,8920,1.6,0.9,1601,Education
U10533,57,Other,Lucknow,Samsung,iOS,9.7,27.0,59.1,113,5.8,8376,1.2,3.9,584,Work
U10534,50,Male,Lucknow,Realme,Android,4.1,26.7,102.8,96,3.6,1106,5.4,0.5,964,Work
U10535,49,Female,Mumbai,Samsung,iOS,1.8,48.0,130.7,10,5.0,9186,3.8,1.5,1324,Social Media
U10536,21,Male,Lucknow,Vivo,iOS,11.4,21.7,153.9,162,3.7,1715,5.9,4.5,311,Gaming
U10537,22,Female,Lucknow,Realme,iOS,1.3,42.9,272.9,193,4.6,4757,1.2,1.1,1842,Social Media
U10538,55,Other,Hyderabad,Samsung,Android,11.1,22.3,54.1,100,5.6,6394,7.0,0.4,597,Entertainment
U10539,36,Other,Delhi,Xiaomi,Android,10.2,49.5,65.3,19,5.3,8979,2.4,4.9,274,Work
U10540,55,Male,Chennai,Realme,iOS,11.6,34.6,82.4,125,1.3,1211,2.4,0.4,1965,Work
U10541,33,Female,Lucknow,Vivo,Android,1.4,14.1,245.8,176,4.4,9337,7.0,1.7,993,Work
U10542,57,Female,Jaipur,Realme,Android,10.5,8.3,44.9,24,5.8,1949,3.1,3.5,1734,Entertainment
U10543,44,Female,Bangalore,Apple,Android,9.5,47.0,249.8,49,1.1,2905,3.2,1.3,1260,Entertainment
U10544,29,Other,Pune,Apple,Android,1.4,26.6,124.1,105,1.6,7525,0.8,1.5,1332,Entertainment
U10545,39,Male,Mumbai,Google Pixel,iOS,5.5,49.7,151.4,160,5.1,7093,1.8,1.9,1974,Social Media
U10546,52,Female,Delhi,Google Pixel,Android,9.1,33.7,122.0,70,5.7,2045,0.6,3.2,708,Entertainment
U10547,52,Female,Kolkata,Vivo,Android,4.1,33.9,199.5,141,0.9,3909,4.5,5.0,924,Education
U10548,60,Female,Pune,Motorola,iOS,7.8,1.0,293.4,39,4.0,211,3.7,4.1,742,Work
U10549,42,Male,Bangalore,Motorola,Android,2.0,22.2,232.7,109,5.0,513,4.4,2.3,1152,Entertainment
U10550,47,Female,Pune,Vivo,Android,6.1,18.8,265.2,91,5.4,4256,4.3,4.0,868,Work
U10551,47,Male,Delhi,OnePlus,iOS,5.4,48.5,288.2,66,5.6,2519,6.2,1.0,443,Social Media
U10552,30,Female,Ahmedabad,Realme,iOS,5.0,34.6,280.6,198,3.2,3733,3.5,2.5,1760,Gaming
U10553,29,Other,Hyderabad,Apple,iOS,9.3,25.1,50.3,36,2.3,8971,3.9,1.8,1350,Gaming
U10554,37,Other,Mumbai,Nokia,Android,5.1,13.7,171.2,102,5.0,3868,4.1,1.3,1483,Education
U10555,46,Male,Chennai,Google Pixel,iOS,11.8,7.8,213.4,74,3.0,1220,4.4,3.8,724,Education
U10556,43,Male,Kolkata,Realme,iOS,7.6,41.8,120.9,167,3.9,6168,6.3,1.1,301,Gaming
U10557,47,Female,Mumbai,Oppo,iOS,2.7,42.2,24.5,171,3.2,7800,1.6,2.9,1583,Work
U10558,39,Female,Hyderabad,Realme,iOS,10.2,43.8,63.9,174,0.9,2366,3.7,3.8,1353,Entertainment
U10559,57,Female,Mumbai,Nokia,iOS,7.6,46.4,265.3,128,3.2,7114,2.5,4.3,798,Social Media
U10560,39,Female,Kolkata,Oppo,iOS,9.0,17.8,296.4,51,5.0,3468,7.8,2.0,945,Entertainment
U10561,55,Other,Kolkata,Xiaomi,Android,10.1,17.9,254.6,145,3.4,5337,6.7,1.4,1960,Education
U10562,58,Female,Ahmedabad,Vivo,iOS,1.9,23.0,56.8,68,1.2,7825,1.4,2.6,1517,Entertainment
U10563,53,Male,Delhi,Apple,iOS,7.7,2.8,286.8,196,1.1,533,0.7,3.7,130,Work
U10564,32,Male,Hyderabad,Xiaomi,iOS,2.5,14.1,264.0,70,4.9,1821,5.7,3.5,1964,Education
U10565,34,Other,Chennai,Apple,Android,5.8,8.3,65.7,151,1.3,9301,2.3,2.3,1727,Social Media
U10566,51,Other,Chennai,Vivo,iOS,2.6,46.4,59.3,200,2.5,5198,3.9,0.0,950,Social Media
U10567,53,Male,Ahmedabad,OnePlus,Android,10.6,46.9,29.9,186,1.7,3970,4.9,1.2,736,Gaming
U10568,46,Female,Pune,Motorola,Android,6.3,47.2,158.6,199,5.1,5464,5.4,2.5,330,Social Media
U10569,22,Other,Bangalore,Samsung,iOS,8.7,16.1,39.1,149,2.3,3026,5.7,2.3,1782,Work
U10570,16,Female,Chennai,Apple,iOS,4.4,3.6,264.0,191,1.5,747,2.7,1.9,1540,Education
U10571,51,Male,Pune,Realme,iOS,1.9,15.6,30.0,78,1.4,2826,4.2,1.4,1099,Gaming
U10572,54,Female,Hyderabad,Apple,iOS,5.3,17.8,263.3,127,0.6,3349,4.0,4.7,362,Social Media
U10573,21,Male,Ahmedabad,Xiaomi,Android,1.6,21.4,250.6,154,3.4,9610,2.3,3.5,822,Gaming
U10574,60,Male,Chennai,Oppo,Android,1.6,2.6,51.0,41,0.6,3775,6.9,0.1,110,Social Media
U10575,54,Other,Lucknow,Realme,iOS,9.5,35.9,199.1,40,3.2,9336,5.8,4.7,679,Gaming
U10576,21,Male,Kolkata,Motorola,iOS,9.5,12.5,181.9,189,2.0,9895,3.0,1.8,426,Entertainment
U10577,49,Other,Kolkata,Motorola,Android,5.5,32.6,47.0,80,3.5,3770,2.0,0.4,1899,Gaming
U10578,52,Female,Kolkata,OnePlus,Android,6.3,6.0,280.6,67,2.0,2343,6.7,4.9,1824,Social Media
U10579,57,Other,Lucknow,Google Pixel,Android,4.6,18.9,61.0,74,5.2,9431,6.9,0.7,1327,Social Media
U10580,23,Other,Bangalore,Vivo,iOS,9.6,30.5,102.8,96,2.9,4933,0.6,3.7,130,Social Media
U10581,16,Male,Ahmedabad,Xiaomi,Android,3.8,21.2,138.1,108,5.5,3052,2.4,3.3,1052,Social Media
U10582,47,Female,Pune,OnePlus,iOS,10.1,25.1,199.2,171,4.5,6722,1.7,3.5,1731,Gaming
U10583,34,Female,Mumbai,Xiaomi,Android,7.2,48.5,96.6,144,1.0,7671,3.6,1.6,148,Gaming
U10584,53,Male,Delhi,Nokia,iOS,7.5,14.9,128.3,110,0.8,9984,2.0,2.4,993,Social Media
U10585,40,Male,Ahmedabad,Motorola,iOS,4.6,15.4,250.8,154,0.5,2953,3.0,1.3,1570,Social Media
U10586,60,Other,Hyderabad,Vivo,iOS,8.7,10.1,51.4,156,5.4,8448,5.9,0.8,611,Education
U10587,57,Male,Pune,Google Pixel,iOS,5.7,33.1,199.2,70,1.1,2849,7.3,1.1,209,Gaming
U10588,53,Female,Kolkata,OnePlus,iOS,1.4,8.1,171.7,56,3.7,6866,1.9,1.6,1922,Entertainment
U10589,57,Male,Delhi,Nokia,iOS,10.3,44.9,88.6,94,4.8,6602,2.8,1.2,322,Entertainment
U10590,23,Other,Ahmedabad,Nokia,Android,1.2,16.9,49.0,22,0.7,4628,3.9,4.0,1244,Education
U10591,31,Female,Lucknow,Realme,Android,1.8,1.8,152.5,27,1.5,1296,6.9,1.2,236,Social Media
U10592,54,Other,Ahmedabad,Motorola,iOS,12.0,19.9,174.1,59,5.9,1554,7.7,3.3,620,Work
U10593,45,Female,Ahmedabad,Google Pixel,Android,1.0,9.9,287.5,115,1.5,294,6.1,3.7,748,Education
U10594,39,Female,Kolkata,Xiaomi,Android,5.1,23.1,177.7,152,3.9,3844,5.6,3.6,1842,Entertainment
U10595,46,Other,Mumbai,Samsung,Android,10.6,30.8,82.9,126,5.6,3029,5.5,1.2,1083,Education
U10596,17,Other,Kolkata,Xiaomi,Android,3.2,14.0,176.8,108,3.1,7604,7.6,2.2,1130,Social Media
U10597,58,Male,Jaipur,Google Pixel,iOS,5.8,47.7,133.0,58,2.5,3600,2.1,3.6,327,Social Media
U10598,20,Female,Delhi,Xiaomi,iOS,10.0,20.8,102.9,192,4.7,6377,1.8,0.5,998,Entertainment
U10599,19,Female,Jaipur,Samsung,Android,4.0,20.5,243.6,159,2.0,6370,1.7,0.4,911,Education
U10600,18,Female,Kolkata,OnePlus,Android,4.4,45.1,250.0,162,1.4,6678,3.2,4.9,380,Work
U10601,19,Female,Jaipur,Vivo,iOS,11.1,19.3,269.0,198,1.0,4377,3.8,2.8,1667,Gaming
U10602,24,Other,Ahmedabad,OnePlus,Android,8.2,24.0,61.5,121,2.3,7528,2.0,3.0,238,Entertainment
U10603,59,Female,Pune,Oppo,Android,10.8,3.1,228.2,12,2.6,4421,1.2,3.2,1260,Education
U10604,18,Other,Lucknow,Xiaomi,Android,4.2,25.8,291.1,63,3.5,9161,5.3,0.1,1772,Social Media
U10605,55,Female,Ahmedabad,Oppo,Android,2.6,18.8,21.2,153,3.3,8999,5.6,4.2,1102,Work
U10606,35,Male,Ahmedabad,Oppo,Android,6.1,28.9,60.5,138,3.7,5667,1.1,4.7,397,Work
U10607,18,Other,Mumbai,Samsung,iOS,5.4,37.4,22.6,158,3.9,5469,1.4,0.6,629,Entertainment
U10608,16,Other,Hyderabad,Realme,iOS,11.4,43.2,76.1,117,1.2,2166,6.1,2.4,441,Work
U10609,54,Other,Chennai,Nokia,iOS,11.9,8.9,63.6,29,0.6,1210,2.1,3.2,624,Work
U10610,30,Male,Bangalore,Samsung,iOS,2.3,13.9,123.1,66,3.5,3343,5.5,3.5,1394,Social Media
U10611,20,Male,Pune,Samsung,iOS,10.4,9.3,129.9,37,3.9,8154,3.2,0.6,1036,Work
U10612,19,Other,Bangalore,Oppo,iOS,5.4,16.4,124.7,193,3.2,6275,5.4,2.6,947,Entertainment
U10613,56,Female,Lucknow,Realme,iOS,6.9,13.4,199.0,46,1.8,3091,2.4,2.8,1581,Work
U10614,34,Female,Mumbai,Google Pixel,Android,1.6,41.8,101.8,187,3.7,5202,0.8,1.1,339,Social Media
U10615,53,Male,Pune,OnePlus,Android,5.4,49.7,216.6,54,3.3,7651,0.6,1.5,1166,Education
U10616,60,Other,Mumbai,OnePlus,Android,1.9,40.0,175.8,68,3.4,5388,1.9,2.1,151,Gaming
U10617,41,Male,Delhi,Motorola,iOS,1.5,28.4,126.7,127,1.4,3468,1.3,2.6,1434,Work
U10618,52,Female,Hyderabad,Samsung,Android,7.2,35.7,96.6,76,5.1,2889,6.5,2.5,1902,Entertainment
U10619,54,Male,Delhi,OnePlus,Android,10.0,48.8,57.3,56,5.3,3732,0.6,4.8,1691,Gaming
U10620,34,Female,Mumbai,Motorola,Android,8.1,34.6,134.2,110,5.9,7631,3.8,4.4,608,Entertainment
U10621,21,Female,Lucknow,Apple,Android,1.8,11.9,219.4,132,2.2,8574,2.5,1.5,506,Gaming
U10622,22,Other,Mumbai,Motorola,iOS,7.2,2.4,89.8,185,2.2,4176,1.6,2.0,1883,Gaming
U10623,33,Male,Kolkata,Realme,Android,7.7,12.8,125.5,121,3.6,2931,3.0,0.2,280,Social Media
U10624,45,Other,Mumbai,Google Pixel,Android,10.9,15.1,165.2,157,3.2,4327,6.1,1.0,1036,Education
U10625,26,Female,Delhi,Google Pixel,iOS,2.0,49.0,270.7,75,3.2,213,4.7,1.2,367,Education
U10626,39,Male,Bangalore,OnePlus,iOS,6.8,40.0,161.7,170,3.2,7782,4.7,2.3,324,Work
U10627,45,Female,Bangalore,Motorola,iOS,1.2,9.7,20.9,17,3.8,1198,2.2,3.5,935,Education
U10628,38,Other,Ahmedabad,Motorola,Android,8.9,11.0,33.6,50,4.3,9033,2.1,0.3,714,Work
U10629,23,Male,Ahmedabad,Xiaomi,iOS,6.7,42.8,26.4,21,2.1,2190,7.9,4.8,797,Entertainment
U10630,41,Other,Hyderabad,Samsung,Android,8.9,23.5,225.6,177,0.8,7928,5.4,3.5,929,Work
U10631,21,Other,Bangalore,Apple,Android,11.8,20.7,151.8,181,1.0,2265,7.9,4.2,1997,Gaming
U10632,47,Female,Mumbai,Vivo,iOS,10.0,48.2,288.9,118,3.6,7158,2.8,3.8,738,Social Media
U10633,42,Male,Pune,Oppo,iOS,8.8,23.8,183.2,40,5.7,8998,2.2,0.1,1019,Gaming
U10634,18,Other,Bangalore,Nokia,iOS,7.0,32.5,226.3,131,5.2,4534,5.5,1.2,841,Social Media
U10635,31,Male,Pune,Xiaomi,iOS,2.2,14.7,235.6,126,1.9,5437,6.9,4.4,1509,Education
U10636,44,Female,Ahmedabad,Vivo,Android,7.5,22.1,32.4,105,3.6,5738,2.4,1.3,1911,Education
U10637,57,Female,Delhi,Realme,Android,4.8,48.6,247.1,196,2.7,1667,5.8,4.5,1235,Social Media
U10638,26,Other,Mumbai,Nokia,iOS,6.5,43.0,245.6,132,1.5,5551,6.7,4.9,525,Gaming
U10639,56,Female,Chennai,Oppo,iOS,11.3,6.8,126.1,142,1.7,1216,1.3,1.6,446,Education
U10640,16,Female,Lucknow,Samsung,iOS,3.6,37.5,271.3,90,4.9,9561,3.1,2.8,1829,Gaming
U10641,21,Male,Chennai,Google Pixel,Android,4.7,9.0,125.1,175,3.4,6796,1.2,3.4,1778,Entertainment
U10642,56,Male,Ahmedabad,Oppo,iOS,3.7,39.8,181.1,139,2.6,7455,3.3,1.4,1812,Work
U10643,22,Other,Mumbai,Vivo,Android,5.6,19.1,7.4,114,5.0,1031,1.0,0.9,1502,Gaming
U10644,51,Other,Bangalore,Realme,Android,8.7,14.5,249.9,38,1.5,1761,3.0,4.1,498,Entertainment
U10645,28,Female,Hyderabad,Apple,iOS,10.7,35.7,169.7,153,4.0,5827,6.8,0.3,1955,Social Media
U10646,35,Other,Bangalore,Xiaomi,Android,1.4,43.4,221.0,48,5.3,8624,6.1,0.5,221,Education
U10647,56,Male,Mumbai,Motorola,Android,4.8,34.4,110.9,129,5.6,7505,4.6,3.8,1416,Work
U10648,60,Other,Chennai,Google Pixel,Android,9.0,25.3,210.1,137,0.6,224,6.0,2.6,1526,Work
U10649,48,Male,Kolkata,Xiaomi,Android,3.3,1.7,46.8,64,5.0,9456,0.7,3.9,710,Entertainment
U10650,60,Other,Jaipur,Xiaomi,Android,3.0,40.9,86.6,134,5.0,9801,7.3,2.0,1010,Gaming
U10651,21,Male,Ahmedabad,Motorola,Android,4.5,29.9,274.4,108,4.2,4689,7.4,5.0,1986,Social Media
U10652,24,Other,Pune,Motorola,iOS,8.8,4.3,135.8,97,5.3,7205,3.5,0.3,708,Education
U10653,23,Other,Chennai,Google Pixel,iOS,3.0,39.1,56.7,156,2.4,5811,0.8,0.2,1533,Entertainment
U10654,30,Male,Ahmedabad,Google Pixel,Android,7.6,9.7,260.5,30,5.2,3574,7.3,4.8,478,Gaming
U10655,48,Other,Kolkata,Apple,Android,10.7,32.7,73.8,43,2.0,1552,6.8,3.7,635,Gaming
U10656,28,Other,Jaipur,Samsung,Android,10.5,8.7,28.0,119,2.7,846,5.1,1.1,1450,Gaming
U10657,57,Female,Chennai,Motorola,iOS,11.8,4.6,163.9,95,5.6,2034,2.6,1.9,1406,Education
U10658,32,Female,Hyderabad,OnePlus,iOS,3.0,48.3,142.9,72,0.6,721,3.6,2.5,445,Education
U10659,29,Other,Jaipur,Google Pixel,iOS,3.0,22.5,188.6,52,4.1,7061,4.6,3.6,1729,Work
U10660,58,Female,Bangalore,Oppo,iOS,3.3,31.0,267.5,14,5.7,122,6.5,4.5,1057,Social Media
U10661,31,Female,Hyderabad,Motorola,iOS,7.3,3.9,158.4,39,2.8,6515,4.0,2.7,973,Social Media
U10662,21,Female,Delhi,Xiaomi,iOS,8.8,15.1,55.9,118,2.8,8084,0.5,0.8,1609,Social Media
U10663,31,Male,Delhi,Xiaomi,iOS,9.1,24.8,97.4,178,1.9,1854,7.8,1.1,886,Education
U10664,51,Other,Bangalore,OnePlus,iOS,1.9,18.1,63.7,100,2.2,7177,5.2,4.9,1134,Entertainment
U10665,28,Other,Chennai,Nokia,iOS,3.3,42.5,244.1,170,5.3,1904,0.6,5.0,947,Education
U10666,15,Female,Hyderabad,Samsung,Android,6.8,7.6,204.0,198,1.7,216,5.9,4.0,914,Work
U10667,29,Other,Kolkata,Realme,iOS,9.1,30.1,70.9,184,3.5,1729,6.8,2.4,1212,Education
U10668,19,Male,Delhi,Oppo,Android,9.2,47.4,162.7,42,2.8,5178,4.7,0.9,1769,Work
U10669,59,Other,Mumbai,Motorola,iOS,5.5,37.5,84.3,10,4.4,4565,6.3,4.3,1641,Work
U10670,24,Male,Chennai,Xiaomi,Android,11.6,16.3,69.9,43,3.1,4981,0.6,4.7,1363,Gaming
U10671,47,Other,Jaipur,Motorola,Android,4.1,39.6,260.1,151,1.7,1022,5.4,4.5,1899,Gaming
U10672,22,Female,Hyderabad,Realme,Android,3.6,27.5,106.5,47,4.3,1949,5.6,1.4,511,Entertainment
U10673,46,Male,Jaipur,Xiaomi,iOS,10.8,33.7,269.3,56,3.7,536,2.2,2.4,212,Gaming
U10674,33,Other,Hyderabad,Nokia,iOS,9.8,2.8,109.6,57,2.2,612,2.5,2.2,1959,Social Media
U10675,59,Other,Lucknow,Motorola,iOS,3.8,6.4,149.2,162,1.0,4572,7.5,3.3,312,Social Media
U10676,16,Other,Jaipur,Google Pixel,iOS,6.7,31.4,120.3,92,1.7,8492,3.3,1.3,275,Education
U10677,53,Male,Lucknow,Vivo,iOS,2.0,34.6,74.1,25,4.1,6089,3.8,3.2,327,Social Media
U10678,27,Other,Delhi,Vivo,Android,2.6,26.1,153.9,182,3.7,2289,5.6,0.5,397,Gaming
U10679,29,Female,Kolkata,Google Pixel,iOS,5.8,3.1,54.0,76,4.1,4016,3.3,3.6,269,Gaming
U10680,53,Other,Chennai,Xiaomi,Android,8.4,44.9,6.9,148,4.6,9091,6.2,4.7,1094,Gaming
U10681,23,Female,Mumbai,Oppo,Android,4.9,15.5,66.0,19,5.8,2458,3.9,1.8,758,Social Media
U10682,56,Other,Jaipur,Nokia,Android,9.3,47.8,267.8,172,1.1,3974,0.9,4.7,902,Entertainment
U10683,41,Male,Pune,Nokia,iOS,11.7,34.9,96.5,88,1.8,3296,3.4,1.1,1887,Entertainment
U10684,52,Female,Bangalore,Apple,Android,3.9,10.6,147.7,76,5.0,9778,4.1,4.5,167,Work
U10685,27,Other,Delhi,Nokia,iOS,11.1,16.2,72.4,142,4.2,4957,5.7,2.9,1606,Work
U10686,31,Male,Kolkata,OnePlus,Android,9.9,42.2,24.1,147,5.3,5674,0.7,1.7,1498,Social Media
U10687,49,Female,Chennai,Realme,iOS,3.7,14.4,235.2,185,2.5,7017,7.9,1.9,660,Entertainment
U10688,60,Female,Hyderabad,Vivo,iOS,6.3,32.4,253.9,158,3.0,1260,8.0,3.3,1032,Work
U10689,16,Male,Hyderabad,Oppo,Android,4.9,17.6,145.9,104,1.5,2629,5.1,3.4,864,Gaming
U10690,24,Male,Ahmedabad,Realme,iOS,8.9,33.7,291.3,78,5.8,343,3.8,4.0,1161,Entertainment
U10691,50,Other,Mumbai,Xiaomi,iOS,6.2,20.9,188.0,80,5.4,8124,7.0,1.5,1096,Gaming
U10692,58,Male,Kolkata,Vivo,iOS,10.7,39.0,178.8,33,3.3,4066,4.0,2.6,103,Work
U10693,25,Female,Delhi,Realme,Android,8.7,43.4,214.6,103,3.1,8343,2.8,2.5,553,Social Media
U10694,47,Male,Kolkata,Nokia,iOS,1.4,1.2,33.9,164,4.7,1585,4.2,3.6,1907,Entertainment
U10695,45,Male,Pune,Samsung,Android,2.9,49.2,195.7,198,2.6,438,1.8,1.4,1354,Work
U10696,51,Female,Pune,Nokia,iOS,4.6,8.9,43.6,133,3.0,1301,7.2,1.8,1843,Education
U10697,16,Other,Jaipur,OnePlus,iOS,7.9,35.2,149.5,153,3.1,7436,5.5,1.2,1513,Gaming
U10698,41,Other,Mumbai,Apple,iOS,3.3,49.7,222.9,28,2.4,3975,6.3,1.8,1132,Work
U10699,40,Other,Delhi,Google Pixel,Android,2.7,17.8,85.5,68,0.5,892,0.8,4.9,1406,Social Media
U10700,52,Male,Delhi,Oppo,iOS,1.5,6.7,268.7,103,0.9,7486,4.8,4.8,194,Social Media
U10701,17,Male,Mumbai,Motorola,iOS,7.7,2.9,299.9,34,2.4,6387,1.2,2.0,1147,Entertainment
U10702,43,Other,Chennai,Google Pixel,iOS,3.5,9.3,287.7,46,0.8,5982,2.6,0.6,1376,Education
U10703,32,Female,Chennai,Xiaomi,iOS,10.1,8.1,9.3,27,4.5,1300,5.7,2.1,810,Education
U10704,58,Male,Ahmedabad,Samsung,Android,2.0,39.4,178.4,149,3.2,7969,6.8,3.5,399,Entertainment
U10705,18,Male,Kolkata,Nokia,iOS,5.1,18.7,206.6,87,4.0,1543,6.1,0.1,1619,Entertainment
U10706,49,Other,Delhi,Google Pixel,Android,1.5,49.3,44.1,171,3.3,9832,5.7,3.7,1414,Gaming
U10707,51,Male,Pune,Xiaomi,Android,9.2,1.1,35.4,76,4.7,4667,3.5,0.1,880,Entertainment
U10708,50,Female,Jaipur,Motorola,iOS,6.4,38.4,43.5,188,2.9,8924,5.4,4.7,477,Entertainment
U10709,17,Other,Delhi,OnePlus,Android,6.0,2.4,103.0,94,0.9,964,5.6,0.4,1111,Entertainment
U10710,22,Male,Ahmedabad,Oppo,iOS,2.2,22.0,160.9,11,3.2,149,3.9,0.2,825,Work
U10711,48,Other,Chennai,Samsung,Android,10.6,12.3,42.5,140,4.3,5024,1.3,2.3,598,Work
U10712,57,Other,Chennai,Realme,iOS,7.1,39.5,251.4,15,2.1,3262,5.4,3.1,1697,Entertainment
U10713,45,Other,Lucknow,Realme,Android,6.3,21.9,91.1,37,4.5,8481,4.1,3.7,345,Education
U10714,18,Female,Delhi,Apple,Android,7.2,15.7,277.7,96,3.5,3081,7.1,2.6,180,Education
U10715,42,Male,Kolkata,Realme,iOS,10.4,28.0,57.4,189,1.6,1073,5.1,0.8,560,Social Media
U10716,18,Female,Chennai,Motorola,Android,8.0,16.7,256.5,119,2.8,1742,2.2,1.2,419,Social Media
U10717,28,Male,Bangalore,OnePlus,Android,11.2,32.8,122.9,50,1.2,7818,2.5,3.2,1139,Entertainment
U10718,55,Other,Lucknow,Apple,Android,6.2,28.6,164.7,94,1.1,2560,4.0,3.9,374,Gaming
U10719,59,Other,Lucknow,Apple,iOS,4.5,42.6,34.8,34,0.7,4434,1.3,2.9,864,Work
U10720,47,Male,Hyderabad,Xiaomi,iOS,6.3,26.5,186.5,22,5.0,1808,7.5,4.2,1830,Gaming
U10721,51,Female,Delhi,OnePlus,Android,6.4,38.7,66.0,135,1.5,3542,3.4,0.9,1986,Work
U10722,37,Female,Chennai,Vivo,iOS,11.6,26.5,182.9,108,5.1,6195,5.5,3.5,460,Social Media
U10723,58,Male,Pune,Apple,iOS,11.4,1.9,268.1,47,3.9,4086,4.7,2.8,992,Education
U10724,36,Male,Pune,Vivo,Android,11.3,14.6,239.2,83,1.0,9622,2.9,4.3,175,Education
U10725,39,Female,Ahmedabad,Google Pixel,Android,8.0,37.7,114.4,150,0.5,3664,3.9,3.5,1087,Entertainment
U10726,50,Other,Lucknow,Apple,Android,1.9,14.4,114.0,119,0.6,7519,4.0,4.0,1679,Social Media
U10727,26,Male,Bangalore,Xiaomi,Android,5.2,48.6,58.2,53,1.2,7167,2.4,4.9,488,Social Media
U10728,49,Male,Jaipur,Motorola,Android,11.0,17.8,221.5,187,3.7,7018,3.4,0.1,1464,Entertainment
U10729,40,Other,Kolkata,OnePlus,Android,4.7,14.9,228.9,84,1.0,3415,4.1,0.3,1752,Education
U10730,16,Male,Kolkata,Apple,Android,7.3,44.3,111.8,155,1.0,9390,1.4,0.8,983,Entertainment
U10731,49,Male,Kolkata,Apple,Android,8.5,42.1,287.8,165,2.1,5835,3.0,2.6,864,Education
U10732,28,Other,Hyderabad,Google Pixel,iOS,7.9,16.8,90.5,149,1.6,1599,4.5,2.3,1690,Social Media
U10733,53,Other,Delhi,Google Pixel,Android,3.3,49.5,208.2,191,5.1,915,2.7,4.4,135,Social Media
U10734,60,Other,Kolkata,Xiaomi,Android,10.0,29.9,258.9,129,3.3,8965,7.5,4.5,219,Entertainment
U10735,42,Other,Jaipur,Oppo,Android,7.8,8.6,142.0,139,5.5,4445,7.4,2.5,1959,Work
U10736,29,Female,Kolkata,OnePlus,iOS,7.8,5.4,160.8,147,0.9,172,7.5,3.8,914,Entertainment
U10737,55,Female,Ahmedabad,Google Pixel,iOS,10.5,9.6,32.8,189,4.2,645,1.1,3.1,524,Social Media
U10738,58,Male,Pune,Oppo,iOS,9.0,3.1,79.4,129,2.4,9944,6.4,2.7,1294,Work
U10739,51,Male,Jaipur,Realme,iOS,8.8,45.9,175.9,189,1.2,5886,5.9,3.7,536,Gaming
U10740,25,Other,Mumbai,OnePlus,iOS,3.8,15.6,288.9,81,3.4,9751,1.6,2.9,914,Social Media
U10741,24,Other,Jaipur,Google Pixel,Android,4.1,46.6,120.5,48,3.9,4760,2.2,2.4,116,Education
U10742,41,Male,Lucknow,Vivo,Android,2.3,29.3,109.4,25,2.6,1576,2.7,3.2,1860,Education
U10743,40,Other,Hyderabad,Realme,iOS,3.0,24.7,127.6,37,4.6,5216,2.3,4.5,1590,Social Media
U10744,41,Female,Jaipur,Nokia,Android,7.1,16.2,112.2,189,2.5,9300,1.9,1.7,1278,Work
U10745,54,Other,Lucknow,Nokia,Android,5.1,38.8,150.3,42,5.4,947,5.8,2.7,1535,Entertainment
U10746,20,Other,Delhi,Oppo,iOS,6.2,25.8,105.9,62,2.7,4018,6.8,4.5,1224,Work
U10747,33,Other,Bangalore,Samsung,Android,5.3,29.9,121.6,161,2.8,5167,4.5,1.3,1034,Education
U10748,44,Other,Ahmedabad,Xiaomi,iOS,8.6,41.5,211.6,34,1.7,8945,3.7,2.2,1684,Gaming
U10749,22,Male,Hyderabad,Motorola,Android,2.2,18.5,169.3,84,5.0,5684,6.6,0.0,1534,Gaming
U10750,15,Other,Jaipur,Samsung,iOS,9.1,2.0,5.7,97,1.3,2648,0.8,3.2,1728,Gaming
U10751,26,Other,Chennai,Realme,Android,4.8,14.6,136.1,24,5.6,9376,2.2,2.4,471,Gaming
U10752,23,Other,Lucknow,Oppo,iOS,1.4,11.9,207.8,194,1.3,2624,3.1,0.5,445,Social Media
U10753,19,Other,Ahmedabad,Motorola,iOS,7.6,20.6,75.1,153,2.8,2665,3.9,2.9,1272,Social Media
U10754,40,Male,Hyderabad,Apple,Android,6.4,43.2,277.9,168,4.8,6527,2.2,2.2,754,Gaming
U10755,17,Other,Delhi,Vivo,Android,3.9,46.3,245.1,15,2.9,5716,4.3,4.7,1978,Education
U10756,59,Male,Hyderabad,Samsung,iOS,4.0,5.0,84.2,134,5.9,5401,5.6,1.3,1603,Entertainment
U10757,29,Male,Kolkata,Nokia,Android,3.5,3.1,33.2,139,4.5,1778,1.4,2.5,519,Entertainment
U10758,52,Male,Lucknow,Samsung,iOS,8.8,10.6,98.2,64,3.5,8746,7.4,2.7,1141,Gaming
U10759,42,Other,Mumbai,Google Pixel,Android,1.0,18.3,18.6,76,2.7,1231,2.8,3.8,1971,Gaming
U10760,24,Male,Pune,Nokia,iOS,10.2,11.3,208.6,49,2.6,7976,6.7,1.6,541,Work
U10761,29,Male,Mumbai,Motorola,iOS,1.2,29.2,120.9,21,4.9,6796,7.1,0.5,305,Work
U10762,51,Male,Ahmedabad,Samsung,Android,2.8,6.8,162.6,84,1.2,3647,7.8,0.1,1507,Entertainment
U10763,55,Other,Chennai,Xiaomi,Android,2.7,10.4,101.4,57,4.9,7519,4.3,2.1,940,Social Media
U10764,55,Other,Kolkata,OnePlus,iOS,5.5,16.7,207.2,194,4.7,5957,3.5,3.7,1311,Work
U10765,33,Male,Pune,Realme,Android,1.4,19.4,196.9,175,2.3,267,7.4,0.3,988,Entertainment
U10766,52,Female,Delhi,Motorola,iOS,8.6,21.2,277.0,115,4.8,5085,7.2,0.2,994,Work
U10767,37,Male,Pune,OnePlus,Android,4.5,39.6,12.1,35,2.0,6277,4.9,2.0,980,Gaming
U10768,36,Female,Lucknow,Vivo,Android,7.9,18.3,69.4,200,3.0,7831,5.4,4.9,1471,Entertainment
U10769,19,Other,Ahmedabad,Realme,iOS,10.4,33.5,112.4,121,4.8,1835,6.9,1.4,222,Gaming
U10770,48,Other,Ahmedabad,Apple,iOS,10.3,28.3,57.3,147,3.7,761,3.5,1.4,734,Entertainment
U10771,47,Male,Mumbai,Xiaomi,Android,4.5,29.8,38.7,98,3.9,8115,2.3,2.3,733,Entertainment
U10772,50,Other,Hyderabad,Realme,iOS,5.1,5.6,283.9,12,4.6,7921,1.2,2.4,1816,Education
U10773,30,Female,Lucknow,OnePlus,iOS,6.9,49.1,272.4,96,1.8,8212,2.6,0.9,1186,Work
U10774,38,Male,Bangalore,Oppo,iOS,3.6,10.7,253.1,57,2.2,5048,0.8,4.1,804,Work
U10775,51,Female,Lucknow,OnePlus,iOS,2.0,14.8,233.4,71,2.4,3150,6.1,2.8,1992,Entertainment
U10776,35,Female,Jaipur,OnePlus,iOS,1.2,29.0,285.3,43,1.9,4729,2.9,1.5,1363,Work
U10777,55,Male,Hyderabad,OnePlus,Android,10.9,38.6,183.7,103,1.4,1739,3.0,4.5,844,Entertainment
U10778,27,Female,Bangalore,Oppo,iOS,11.7,10.8,295.1,180,3.6,6794,2.9,3.9,921,Education
U10779,15,Female,Chennai,Vivo,Android,6.9,39.8,234.4,49,0.7,9320,1.5,0.7,1195,Work
U10780,32,Male,Chennai,OnePlus,Android,5.8,44.4,272.6,77,2.2,3757,2.6,2.0,1366,Work
U10781,17,Other,Mumbai,Motorola,Android,3.7,41.9,17.5,29,1.7,2554,5.7,0.0,1301,Education
U10782,44,Male,Kolkata,Xiaomi,Android,1.1,32.2,21.8,173,3.0,9228,2.4,0.1,993,Gaming
U10783,29,Other,Lucknow,Vivo,Android,7.1,45.2,7.0,174,3.2,4302,2.1,4.4,1776,Work
U10784,53,Male,Delhi,Apple,Android,4.4,14.7,244.7,38,0.8,1712,1.9,1.2,177,Work
U10785,29,Female,Hyderabad,Google Pixel,Android,6.3,23.8,90.3,58,0.5,7930,6.0,0.0,204,Social Media
U10786,15,Other,Jaipur,Xiaomi,iOS,9.0,21.1,38.1,85,1.2,2472,4.9,0.2,1374,Gaming
U10787,36,Other,Chennai,Vivo,Android,4.3,11.8,232.6,117,3.7,1997,2.3,4.4,224,Entertainment
U10788,37,Other,Ahmedabad,Nokia,iOS,11.8,43.4,63.4,16,0.6,161,1.9,4.9,1325,Work
U10789,40,Other,Pune,Samsung,Android,4.2,13.4,65.0,141,4.8,6806,8.0,0.4,139,Gaming
U10790,22,Female,Lucknow,Google Pixel,Android,7.2,25.0,158.9,138,4.4,3558,2.9,4.5,793,Education
U10791,21,Female,Pune,OnePlus,iOS,9.7,14.6,67.2,98,1.5,522,1.1,4.9,483,Entertainment
U10792,20,Female,Ahmedabad,OnePlus,iOS,7.6,2.6,282.9,117,4.6,1907,4.7,1.9,1354,Entertainment
U10793,25,Male,Hyderabad,Google Pixel,Android,4.6,2.9,6.3,36,2.2,6835,3.8,0.1,362,Gaming
U10794,34,Other,Hyderabad,Oppo,iOS,3.2,39.6,264.9,39,5.2,6663,7.1,1.4,1426,Entertainment
U10795,37,Female,Pune,Motorola,iOS,2.0,22.6,298.3,149,5.6,2688,0.7,3.4,677,Gaming
U10796,53,Other,Ahmedabad,Motorola,iOS,1.2,48.4,119.3,12,5.0,7607,4.0,3.7,1387,Social Media
U10797,53,Female,Lucknow,Motorola,iOS,2.1,45.6,48.0,164,4.7,7049,2.9,1.0,201,Work
U10798,26,Other,Bangalore,Realme,Android,5.1,33.8,132.3,150,1.3,2664,0.5,0.2,1131,Work
U10799,53,Other,Pune,Samsung,iOS,11.3,27.5,171.8,189,3.1,5164,4.3,0.4,1968,Social Media
U10800,19,Other,Delhi,Google Pixel,Android,8.1,48.2,67.3,131,5.7,400,6.2,4.8,1359,Education
U10801,19,Other,Jaipur,OnePlus,Android,1.8,41.3,76.3,175,1.7,5273,2.2,3.8,1743,Work
U10802,41,Other,Lucknow,Xiaomi,Android,10.6,24.0,132.4,184,5.8,3287,6.0,4.1,1608,Education
U10803,25,Female,Mumbai,Nokia,Android,10.9,23.2,136.0,191,3.1,860,1.4,3.8,1831,Entertainment
U10804,45,Other,Delhi,OnePlus,iOS,10.0,12.2,62.6,64,2.3,6605,5.3,3.0,635,Education
U10805,47,Other,Lucknow,Oppo,iOS,5.7,44.0,171.2,173,2.3,4943,6.4,0.2,855,Work
U10806,20,Other,Bangalore,Realme,Android,9.2,4.0,86.3,46,2.5,1792,3.6,3.0,1625,Entertainment
U10807,44,Female,Delhi,Realme,iOS,6.7,43.5,37.6,82,4.0,3655,4.4,1.9,1763,Gaming
U10808,42,Male,Hyderabad,Samsung,Android,3.1,45.1,192.0,115,5.5,1641,4.1,0.6,1315,Education
U10809,15,Male,Pune,Xiaomi,Android,1.9,49.0,209.5,145,2.6,2137,7.2,1.0,593,Entertainment
U10810,15,Female,Delhi,Realme,Android,2.5,29.9,43.3,76,4.4,6428,2.8,0.6,505,Work
U10811,38,Female,Pune,Apple,iOS,5.9,45.5,148.8,72,2.0,9416,6.7,4.7,208,Work
U10812,36,Female,Jaipur,Google Pixel,iOS,7.9,12.7,29.9,56,5.8,6024,7.3,0.3,940,Work
U10813,34,Other,Ahmedabad,OnePlus,iOS,4.2,23.4,245.0,182,1.1,1848,3.2,2.7,1499,Social Media
U10814,54,Female,Kolkata,Google Pixel,Android,9.7,10.3,77.7,135,5.6,5238,5.5,2.2,1974,Social Media
U10815,24,Female,Jaipur,OnePlus,Android,10.8,41.7,157.8,38,4.9,8346,1.1,2.7,749,Education
U10816,28,Other,Jaipur,Xiaomi,iOS,4.9,40.7,63.4,162,5.5,6466,2.7,0.2,967,Work
U10817,30,Other,Delhi,Samsung,Android,11.0,33.9,6.3,32,3.4,8012,5.1,2.9,170,Education
U10818,31,Other,Pune,Nokia,Android,1.2,24.0,182.6,119,5.5,5284,1.2,0.0,1816,Gaming
U10819,58,Female,Jaipur,Vivo,Android,10.8,30.5,103.9,134,3.4,4482,0.5,5.0,1761,Work
U10820,57,Other,Lucknow,OnePlus,iOS,10.6,30.9,290.0,63,1.2,9134,5.0,4.0,1010,Entertainment
U10821,28,Female,Pune,Oppo,iOS,1.5,43.3,60.2,45,2.4,2878,4.3,2.6,1621,Social Media
U10822,33,Female,Jaipur,Samsung,Android,10.3,11.0,214.3,48,5.4,3916,2.1,1.6,1268,Entertainment
U10823,40,Other,Ahmedabad,Realme,Android,9.3,4.6,19.3,199,3.3,3696,5.0,1.5,1764,Education
U10824,53,Male,Pune,Motorola,iOS,2.9,24.4,26.8,177,2.7,6045,3.7,0.8,449,Work
U10825,43,Female,Mumbai,Apple,iOS,8.6,16.0,77.2,86,1.6,9089,2.3,4.9,1482,Entertainment
U10826,52,Male,Chennai,Google Pixel,iOS,4.4,45.6,146.9,106,2.9,1569,0.7,2.5,1991,Education
U10827,57,Other,Bangalore,Vivo,iOS,7.1,17.2,167.2,148,2.7,3939,7.1,2.3,1280,Education
U10828,47,Male,Kolkata,Apple,Android,10.8,41.7,216.0,156,2.4,4222,7.3,3.4,485,Entertainment
U10829,55,Other,Bangalore,Nokia,iOS,2.0,31.0,33.1,163,5.2,1519,8.0,3.1,406,Gaming
U10830,17,Female,Chennai,Vivo,Android,7.5,18.1,139.2,69,5.4,5013,6.5,4.6,1895,Work
U10831,55,Male,Hyderabad,Samsung,iOS,6.1,3.2,145.9,88,2.2,8649,4.5,3.9,1394,Gaming
U10832,57,Female,Chennai,OnePlus,Android,11.3,31.5,35.6,30,2.7,6137,6.8,1.5,1740,Gaming
U10833,38,Male,Kolkata,Xiaomi,iOS,6.3,39.2,142.6,196,5.2,8866,6.7,1.7,912,Social Media
U10834,44,Male,Bangalore,Xiaomi,iOS,1.2,18.9,171.1,114,3.4,3337,6.2,3.4,1453,Gaming
U10835,49,Female,Lucknow,Oppo,iOS,5.5,23.9,26.7,37,3.0,9428,2.2,2.1,1116,Social Media
U10836,32,Male,Ahmedabad,Google Pixel,Android,7.9,14.2,192.2,170,2.8,2358,3.9,2.6,1125,Entertainment
U10837,22,Female,Lucknow,Motorola,iOS,6.2,42.5,197.3,70,5.7,6703,7.3,1.9,856,Gaming
U10838,27,Male,Ahmedabad,Motorola,iOS,10.4,24.8,262.2,171,1.1,2893,7.8,1.0,399,Gaming
U10839,54,Male,Lucknow,Apple,Android,9.9,36.7,172.0,144,4.5,8461,6.9,4.8,1504,Work
U10840,27,Female,Hyderabad,Realme,iOS,8.4,33.6,172.9,57,0.6,1955,4.7,1.9,405,Work
U10841,28,Female,Lucknow,Google Pixel,Android,6.1,27.7,74.0,116,5.2,7783,2.4,2.1,875,Education
U10842,33,Female,Delhi,Motorola,iOS,2.1,27.2,232.6,162,3.6,4293,2.7,3.5,946,Entertainment
U10843,38,Female,Jaipur,Realme,iOS,6.2,32.0,43.9,104,5.3,6624,3.8,3.8,592,Gaming
U10844,49,Other,Jaipur,OnePlus,iOS,8.8,45.5,259.1,20,1.8,2837,7.2,2.0,1589,Work
U10845,16,Male,Ahmedabad,Google Pixel,Android,5.9,22.6,99.8,89,4.2,5861,2.5,0.3,1997,Gaming
U10846,21,Female,Chennai,Vivo,Android,11.4,48.8,246.6,154,5.9,4267,4.0,2.5,165,Entertainment
U10847,28,Other,Bangalore,Vivo,iOS,6.8,36.7,129.6,119,2.0,3454,6.0,2.4,1703,Education
U10848,32,Female,Ahmedabad,Realme,iOS,7.1,19.2,201.9,105,3.0,9200,4.7,0.9,370,Work
U10849,58,Other,Ahmedabad,Apple,iOS,10.7,14.9,81.9,29,4.4,7617,7.9,3.1,1210,Social Media
U10850,24,Female,Lucknow,Motorola,iOS,7.5,39.9,89.8,65,3.6,6004,3.2,1.0,1984,Social Media
U10851,41,Male,Jaipur,Realme,iOS,6.6,32.9,150.5,34,3.7,5998,4.3,1.1,1994,Social Media
U10852,44,Other,Chennai,Motorola,Android,10.8,14.1,46.6,70,2.0,9527,0.7,2.6,1496,Education
U10853,43,Other,Delhi,Realme,Android,8.5,49.1,199.2,38,4.8,728,4.2,1.2,1177,Work
U10854,45,Male,Kolkata,Vivo,Android,6.5,41.5,230.4,49,2.3,6312,1.9,4.2,1066,Social Media
U10855,45,Male,Chennai,Vivo,Android,2.9,10.7,175.3,73,4.2,7906,6.7,4.5,1874,Work
U10856,24,Female,Ahmedabad,Oppo,iOS,3.0,37.0,205.0,76,2.4,8988,4.0,0.6,1609,Entertainment
U10857,25,Female,Jaipur,Nokia,Android,11.9,14.6,57.7,157,2.4,2316,0.8,4.9,1387,Work
U10858,16,Male,Pune,Nokia,Android,11.3,32.9,18.2,105,2.4,3619,6.4,1.4,1690,Education
U10859,37,Other,Mumbai,OnePlus,iOS,4.8,42.7,298.1,45,4.3,3418,6.3,1.8,1714,Entertainment
U10860,28,Male,Chennai,Vivo,Android,2.5,2.7,253.5,102,2.2,834,1.6,3.3,355,Work
U10861,53,Other,Bangalore,Motorola,iOS,9.3,14.0,157.8,102,0.7,8851,1.7,2.2,1186,Social Media
U10862,35,Other,Kolkata,Vivo,Android,1.9,25.0,43.9,49,2.0,9398,7.8,4.5,989,Gaming
U10863,38,Female,Hyderabad,Realme,iOS,6.4,30.2,129.6,148,5.0,4179,7.3,2.0,1897,Work
U10864,48,Male,Hyderabad,Google Pixel,iOS,4.0,22.3,298.4,191,1.5,4407,1.2,0.0,1207,Social Media
U10865,45,Male,Bangalore,Realme,Android,11.5,3.9,203.3,69,2.5,1122,0.7,2.8,158,Entertainment
U10866,33,Other,Kolkata,Oppo,Android,2.9,35.0,93.4,31,2.1,4791,1.5,1.7,1084,Gaming
U10867,53,Other,Jaipur,Realme,Android,8.7,30.9,20.5,176,0.8,7784,1.1,3.7,584,Education
U10868,19,Other,Pune,Xiaomi,Android,2.5,15.6,209.2,133,5.4,1912,2.1,1.9,345,Social Media
U10869,21,Female,Pune,Oppo,Android,10.1,1.2,38.1,16,4.4,7116,7.8,4.9,955,Social Media
U10870,39,Other,Bangalore,Realme,iOS,4.7,9.6,15.6,88,6.0,5628,2.6,1.6,1893,Work
U10871,33,Other,Hyderabad,Samsung,iOS,11.3,46.6,117.9,174,5.9,9554,5.5,3.3,780,Entertainment
U10872,27,Male,Kolkata,Motorola,iOS,8.1,1.2,25.7,171,4.1,7077,4.5,3.4,1273,Work
U10873,51,Other,Pune,Apple,Android,7.3,1.9,98.6,180,1.3,1256,1.3,4.3,1503,Entertainment
U10874,19,Other,Chennai,Oppo,iOS,9.6,6.0,40.5,41,4.4,7637,1.5,3.1,1651,Work
U10875,19,Other,Hyderabad,Xiaomi,iOS,8.7,4.0,183.8,182,1.9,6044,3.0,1.7,1809,Social Media
U10876,44,Male,Jaipur,Oppo,iOS,1.7,38.8,92.5,183,5.6,4424,3.0,4.4,657,Education
U10877,19,Female,Delhi,Oppo,iOS,10.2,49.8,221.5,33,0.8,4452,5.2,0.8,811,Work
U10878,30,Other,Chennai,Samsung,Android,4.5,26.6,124.7,88,2.9,9538,7.9,0.4,1977,Entertainment
U10879,53,Male,Bangalore,Vivo,iOS,6.6,43.8,76.7,137,1.1,6826,3.1,0.5,1093,Work
U10880,25,Female,Bangalore,Samsung,iOS,10.9,7.1,65.2,41,5.4,9171,0.8,1.9,691,Education
U10881,52,Male,Jaipur,Xiaomi,iOS,8.6,41.6,40.4,142,3.7,162,6.9,3.0,997,Social Media
U10882,22,Female,Pune,OnePlus,Android,10.9,30.9,86.9,15,4.6,6439,1.5,1.7,1838,Social Media
U10883,42,Other,Mumbai,Oppo,iOS,5.7,38.1,177.1,10,4.0,9501,7.1,1.1,1561,Education
U10884,44,Other,Mumbai,OnePlus,iOS,10.3,22.6,145.5,93,2.4,4319,4.4,2.5,1669,Gaming
U10885,30,Female,Hyderabad,Vivo,iOS,4.8,14.7,157.3,164,1.5,2196,6.5,1.9,1611,Gaming
U10886,15,Other,Delhi,Nokia,Android,3.4,6.8,12.2,10,0.7,134,6.2,4.0,1054,Social Media
U10887,15,Other,Lucknow,Nokia,iOS,2.1,31.2,123.4,106,4.7,6926,2.2,4.6,858,Gaming
U10888,46,Female,Chennai,Xiaomi,iOS,5.0,28.2,84.1,167,5.8,5960,5.7,0.2,150,Social Media
U10889,54,Male,Ahmedabad,Oppo,iOS,3.3,27.2,183.0,69,3.8,3963,3.7,0.9,564,Work
U10890,51,Male,Kolkata,Vivo,Android,7.6,19.2,246.3,173,4.9,2595,5.0,1.4,340,Work
U10891,46,Male,Kolkata,Motorola,Android,5.3,16.3,178.3,52,5.6,1655,5.0,3.9,129,Education
U10892,45,Male,Kolkata,OnePlus,iOS,6.5,9.3,61.4,195,5.9,6452,6.6,0.1,844,Education
U10893,52,Male,Pune,Oppo,iOS,5.2,22.2,85.1,103,0.5,9564,7.3,3.6,1570,Social Media
U10894,51,Female,Hyderabad,Oppo,Android,11.9,31.8,199.5,157,4.0,8618,3.2,3.5,334,Work
U10895,29,Other,Mumbai,Apple,Android,8.7,13.4,9.4,164,3.7,8486,5.4,0.0,483,Work
U10896,40,Other,Kolkata,Realme,iOS,10.2,34.2,36.2,114,4.0,3619,6.7,3.4,1473,Education
U10897,41,Other,Ahmedabad,Samsung,Android,4.7,26.2,237.7,175,2.5,1322,1.4,4.8,1366,Social Media
U10898,44,Female,Delhi,Motorola,iOS,2.0,27.6,216.0,94,3.0,3221,4.4,1.8,1959,Gaming
U10899,52,Other,Ahmedabad,Google Pixel,Android,3.3,6.2,46.5,137,0.9,6239,6.7,0.1,1888,Entertainment
U10900,60,Male,Mumbai,Motorola,Android,2.9,26.6,156.0,75,3.9,2386,5.6,5.0,1450,Gaming
U10901,33,Female,Ahmedabad,OnePlus,Android,11.6,47.7,94.6,52,3.0,5092,3.0,3.3,1167,Gaming
U10902,37,Other,Pune,Motorola,Android,9.1,43.9,297.9,198,3.0,6235,6.0,1.2,1392,Social Media
U10903,25,Female,Delhi,Xiaomi,iOS,10.2,29.9,111.3,144,3.9,2170,5.9,2.2,453,Education
U10904,55,Male,Bangalore,Google Pixel,iOS,5.1,9.0,90.7,48,2.1,3983,3.0,4.9,259,Work
U10905,38,Male,Kolkata,OnePlus,Android,4.2,42.4,284.6,72,1.0,2808,6.2,1.4,1625,Education
U10906,30,Other,Lucknow,OnePlus,iOS,1.2,31.9,252.1,199,5.1,9047,1.0,0.3,1495,Education
U10907,42,Female,Delhi,Xiaomi,Android,5.8,23.2,11.0,46,5.9,1490,4.9,2.2,848,Education
U10908,44,Other,Chennai,Oppo,Android,9.0,35.3,254.1,185,1.9,3312,0.6,1.8,1196,Education
U10909,24,Female,Chennai,Realme,Android,5.3,22.7,163.1,163,1.3,2767,3.6,3.1,1392,Entertainment
U10910,34,Female,Jaipur,Nokia,Android,4.6,27.5,7.9,128,0.7,3221,7.6,1.7,1270,Social Media
U10911,38,Other,Ahmedabad,Xiaomi,Android,5.9,14.7,186.5,162,2.8,8118,4.4,3.3,714,Work
U10912,49,Female,Bangalore,Apple,iOS,11.1,43.6,165.2,191,5.9,8936,4.7,3.4,842,Work
U10913,53,Other,Jaipur,Apple,iOS,4.0,30.8,85.8,132,4.0,3316,1.9,2.7,838,Gaming
U10914,22,Female,Kolkata,Xiaomi,iOS,3.4,22.7,60.2,171,0.8,8837,3.8,0.3,857,Social Media
U10915,43,Female,Bangalore,Motorola,iOS,4.6,35.4,68.5,109,2.1,2496,0.9,3.1,1922,Education
U10916,29,Male,Pune,Apple,iOS,5.0,32.5,299.1,154,4.1,779,6.8,1.1,815,Education
U10917,25,Other,Delhi,Xiaomi,iOS,3.7,12.6,48.6,63,2.9,5055,6.9,3.2,918,Entertainment
U10918,31,Female,Hyderabad,Realme,iOS,2.9,41.6,126.2,177,0.8,2650,7.6,1.3,1500,Social Media
U10919,36,Male,Pune,Motorola,Android,1.9,35.3,95.3,11,3.5,824,3.9,0.2,471,Education
U10920,36,Other,Bangalore,Samsung,Android,8.2,48.5,83.2,131,2.5,821,6.3,3.8,744,Social Media
U10921,27,Other,Ahmedabad,Motorola,iOS,9.7,23.7,120.0,158,3.0,6798,3.2,2.9,1198,Education
U10922,43,Other,Jaipur,Motorola,iOS,8.2,23.5,78.3,121,0.5,4401,6.7,0.4,1976,Work
U10923,28,Female,Chennai,Vivo,Android,7.0,10.0,146.6,161,1.4,8110,7.2,4.6,748,Work
U10924,47,Male,Ahmedabad,Nokia,iOS,7.5,39.8,61.1,94,3.5,2112,5.7,3.6,655,Entertainment
U10925,31,Male,Mumbai,Oppo,iOS,5.2,43.8,199.3,151,0.9,7951,4.6,0.3,1950,Entertainment
U10926,52,Other,Chennai,Nokia,Android,6.5,33.3,12.3,126,3.8,2459,3.7,3.8,1777,Social Media
U10927,60,Male,Ahmedabad,OnePlus,iOS,9.7,49.5,9.6,74,0.8,9410,1.0,2.2,219,Gaming
U10928,35,Female,Kolkata,Motorola,Android,4.3,26.4,120.5,38,5.1,7236,7.2,4.2,720,Education
U10929,24,Other,Ahmedabad,Samsung,iOS,10.1,10.5,127.0,40,2.5,5928,4.1,4.4,1831,Entertainment
U10930,37,Other,Jaipur,Motorola,Android,5.4,23.4,96.0,200,1.9,8691,7.5,4.6,1503,Entertainment
U10931,29,Male,Pune,Realme,iOS,3.0,23.4,114.6,100,5.1,7946,5.4,2.7,964,Entertainment
U10932,21,Other,Mumbai,Google Pixel,Android,2.1,21.8,163.3,200,1.5,7817,3.2,1.4,1287,Gaming
U10933,55,Male,Chennai,Motorola,Android,10.4,37.2,213.5,184,4.5,3449,0.9,1.5,1540,Social Media
U10934,23,Male,Bangalore,Oppo,Android,11.9,16.8,140.3,133,2.8,6977,3.9,3.7,1257,Entertainment
U10935,40,Other,Bangalore,Vivo,Android,7.5,18.7,260.0,52,5.1,8589,7.4,2.9,1194,Work
U10936,38,Male,Kolkata,Motorola,iOS,4.1,49.9,38.1,107,3.3,8833,2.8,4.2,830,Gaming
U10937,38,Female,Chennai,Google Pixel,Android,3.3,33.0,270.5,127,5.0,7097,5.7,1.5,910,Gaming
U10938,30,Female,Jaipur,Xiaomi,iOS,10.4,3.5,13.3,14,2.6,1807,2.9,2.3,961,Education
U10939,42,Other,Kolkata,OnePlus,Android,6.0,14.0,269.0,181,4.5,8280,4.9,2.0,1043,Education
U10940,38,Other,Pune,Motorola,iOS,9.9,44.7,79.5,20,3.8,4050,7.4,0.2,1607,Social Media
U10941,32,Other,Ahmedabad,Samsung,Android,11.6,11.7,133.4,158,4.3,8766,3.9,3.5,1722,Work
U10942,32,Other,Ahmedabad,Nokia,iOS,1.4,34.3,274.1,145,4.0,6086,5.3,4.6,776,Entertainment
U10943,30,Male,Hyderabad,Realme,iOS,10.3,10.3,31.6,198,4.5,637,5.0,3.1,1985,Gaming
U10944,52,Other,Jaipur,Xiaomi,Android,10.9,27.3,108.2,130,3.2,2277,4.8,4.5,158,Education
U10945,47,Male,Kolkata,OnePlus,Android,8.7,2.3,207.2,168,3.1,2790,7.7,3.1,295,Gaming
U10946,29,Female,Lucknow,Motorola,Android,6.1,22.3,216.3,145,4.9,6815,5.3,2.2,1271,Work
U10947,50,Other,Lucknow,OnePlus,Android,9.7,31.7,61.2,71,0.8,565,1.1,2.9,1401,Education
U10948,20,Female,Lucknow,Vivo,Android,8.5,8.9,208.4,25,4.9,9202,0.7,3.8,1643,Gaming
U10949,21,Other,Hyderabad,Realme,iOS,4.8,23.6,120.4,178,2.1,686,7.6,0.4,1666,Education
U10950,58,Female,Pune,Apple,Android,9.1,16.5,25.3,146,2.3,9153,2.2,3.1,1342,Gaming
U10951,45,Other,Ahmedabad,Xiaomi,Android,8.4,35.4,35.9,98,2.0,1114,4.4,1.0,258,Education
U10952,31,Female,Mumbai,Oppo,Android,1.8,29.3,242.4,150,3.1,1834,7.8,2.2,411,Social Media
U10953,49,Female,Hyderabad,Realme,Android,8.9,25.0,32.4,26,4.8,2168,4.4,1.6,943,Social Media
U10954,57,Other,Pune,Nokia,Android,9.7,6.6,263.8,76,3.3,9676,7.0,0.3,1920,Entertainment
U10955,58,Male,Hyderabad,Realme,iOS,1.8,19.7,33.4,26,3.9,4249,3.7,2.5,1013,Entertainment
U10956,38,Other,Bangalore,Motorola,Android,8.5,39.8,57.0,136,0.8,1374,1.2,1.2,1060,Social Media
U10957,39,Male,Lucknow,Realme,iOS,4.8,2.8,236.3,92,5.8,8551,2.7,2.0,317,Work
U10958,34,Male,Pune,Samsung,iOS,2.8,48.1,209.6,27,2.8,554,2.2,2.6,1996,Social Media
U10959,45,Other,Bangalore,OnePlus,Android,6.8,30.0,131.8,181,1.2,9727,1.7,2.2,814,Education
U10960,38,Male,Jaipur,Nokia,iOS,5.6,44.9,216.5,52,0.9,1286,4.5,1.1,1713,Work
U10961,21,Male,Lucknow,Motorola,iOS,1.7,1.2,261.1,62,3.9,9259,4.6,1.8,1744,Work
U10962,23,Female,Mumbai,Oppo,iOS,5.2,29.3,112.1,79,2.9,7894,2.7,0.1,1281,Gaming
U10963,29,Female,Chennai,Realme,iOS,10.1,28.4,247.4,69,4.1,8032,3.0,1.4,916,Entertainment
U10964,46,Female,Ahmedabad,Realme,iOS,9.2,24.4,81.4,55,5.3,476,7.3,4.7,710,Work
U10965,16,Male,Ahmedabad,Nokia,iOS,8.7,12.0,259.5,129,4.9,9565,7.6,3.5,1939,Education
U10966,58,Female,Hyderabad,Samsung,iOS,3.0,45.6,53.2,148,1.3,8903,5.1,4.6,1318,Social Media
U10967,36,Male,Ahmedabad,Xiaomi,Android,7.7,45.5,191.0,101,4.9,2243,6.0,3.8,1783,Entertainment
U10968,44,Male,Kolkata,Motorola,Android,11.9,25.8,166.5,46,0.6,2136,1.9,1.3,124,Social Media
U10969,32,Male,Bangalore,Samsung,iOS,1.6,42.1,255.7,89,1.7,6210,3.1,1.6,726,Education
U10970,18,Female,Kolkata,Nokia,iOS,9.7,34.2,292.8,23,4.4,7398,0.9,2.6,298,Gaming
U10971,44,Other,Mumbai,Google Pixel,Android,8.7,34.6,228.9,37,2.3,4321,4.2,4.7,1598,Education
U10972,33,Female,Jaipur,Vivo,iOS,7.7,11.9,73.5,72,5.4,5439,7.3,2.1,1246,Work
U10973,53,Female,Delhi,Apple,iOS,5.9,21.6,269.5,160,1.3,3927,0.7,4.7,861,Gaming
U10974,36,Male,Mumbai,Oppo,iOS,1.6,31.0,92.3,192,5.3,5687,7.0,1.1,399,Entertainment
U10975,32,Female,Hyderabad,Motorola,iOS,11.2,26.3,62.0,161,2.1,7355,7.8,4.1,503,Entertainment
U10976,24,Male,Kolkata,Oppo,iOS,6.5,42.7,297.3,42,2.9,9072,1.1,2.7,1535,Work
U10977,19,Male,Delhi,Xiaomi,Android,5.2,2.3,34.3,147,4.7,3812,5.7,2.8,1233,Entertainment
U10978,44,Female,Lucknow,Vivo,Android,2.4,36.2,70.2,197,5.2,7404,1.0,1.6,1137,Social Media
U10979,18,Other,Ahmedabad,OnePlus,iOS,2.8,18.3,117.2,54,5.2,7883,2.4,4.9,1048,Education
U10980,28,Male,Lucknow,Samsung,Android,6.7,31.5,33.6,25,5.0,7859,4.9,4.7,910,Education
U10981,57,Female,Jaipur,Oppo,iOS,9.3,42.1,52.1,87,4.2,4743,4.3,0.6,1854,Entertainment
U10982,39,Other,Hyderabad,Oppo,iOS,12.0,7.3,10.2,165,0.9,2533,1.9,1.4,1174,Gaming
U10983,54,Other,Lucknow,Nokia,Android,7.0,42.3,45.8,46,4.8,1197,1.7,0.1,1475,Gaming
U10984,51,Male,Delhi,OnePlus,Android,3.1,2.6,142.8,120,5.4,1127,4.8,3.8,1320,Education
U10985,32,Other,Kolkata,Oppo,Android,5.6,37.8,195.8,139,2.8,4969,6.3,3.8,1153,Education
U10986,24,Female,Mumbai,Motorola,Android,7.4,7.6,264.8,106,3.4,9603,1.5,4.9,239,Gaming
U10987,15,Other,Mumbai,Samsung,Android,1.4,24.4,58.7,149,5.0,2613,6.7,0.4,1957,Work
U10988,27,Other,Chennai,Xiaomi,Android,1.3,15.8,15.1,157,1.7,7233,6.8,2.2,1356,Education
U10989,46,Other,Delhi,Samsung,Android,3.9,46.0,172.0,179,4.6,3076,7.4,3.7,804,Education
U10990,49,Other,Jaipur,Nokia,iOS,11.9,36.2,14.2,16,2.8,510,2.9,2.7,495,Education
U10991,34,Other,Bangalore,Motorola,iOS,7.4,47.0,61.4,111,4.9,3178,3.3,2.5,1216,Entertainment
U10992,29,Female,Lucknow,Samsung,iOS,9.0,33.5,6.4,87,3.3,9419,0.8,1.9,183,Work
U10993,39,Female,Bangalore,Nokia,iOS,8.6,27.9,125.8,130,4.8,9294,2.7,3.6,699,Social Media
U10994,40,Other,Kolkata,OnePlus,iOS,3.4,24.7,267.2,156,3.5,6704,4.8,0.4,1020,Education
U10995,52,Male,Pune,Xiaomi,iOS,4.8,36.4,153.6,182,2.5,9409,3.0,0.3,1412,Work
U10996,26,Male,Bangalore,Xiaomi,iOS,3.7,2.5,178.1,66,3.2,7639,3.6,1.2,1298,Gaming
U10997,22,Male,Delhi,Samsung,iOS,1.9,34.3,106.8,40,2.0,6858,1.6,4.2,273,Social Media
U10998,40,Female,Pune,Realme,iOS,4.8,3.4,113.5,77,0.6,675,1.0,3.4,746,Work
U10999,57,Other,Chennai,Xiaomi,Android,9.4,25.7,245.2,72,4.1,8776,6.5,3.1,1857,Entertainment
U11000,60,Male,Chennai,Vivo,iOS,7.7,3.5,196.9,199,3.3,1507,0.8,3.7,1436,Work
U11001,37,Female,Chennai,Vivo,Android,5.0,44.8,210.8,182,2.4,9438,3.1,4.1,252,Gaming
U11002,41,Female,Delhi,Apple,Android,1.4,20.2,60.1,168,2.8,9696,7.7,2.9,1994,Gaming
U11003,46,Male,Mumbai,Nokia,iOS,2.8,11.4,89.4,62,3.0,6326,6.3,4.4,1783,Entertainment
U11004,39,Other,Mumbai,Motorola,iOS,5.9,29.3,26.5,180,5.4,6677,2.2,3.7,1799,Entertainment
U11005,21,Other,Pune,Motorola,iOS,2.3,26.0,94.1,15,4.2,6653,3.8,3.5,1544,Work
U11006,49,Female,Chennai,Google Pixel,iOS,5.4,13.9,113.1,90,1.3,5501,5.3,1.0,853,Work
U11007,21,Female,Chennai,Samsung,Android,7.4,19.7,160.9,101,5.8,2684,2.3,1.3,1904,Social Media
U11008,41,Female,Ahmedabad,Xiaomi,Android,11.0,17.3,143.9,78,0.8,375,7.8,3.3,1762,Education
U11009,34,Other,Ahmedabad,Apple,iOS,2.0,2.9,143.1,50,5.6,6101,7.9,1.3,1547,Gaming
U11010,56,Other,Hyderabad,Motorola,Android,7.9,21.6,230.2,169,0.9,8521,5.3,3.8,1640,Gaming
U11011,58,Male,Lucknow,Google Pixel,Android,3.6,18.5,92.8,31,2.2,8453,5.7,1.5,1382,Gaming
U11012,20,Male,Kolkata,Nokia,iOS,10.6,12.4,48.7,168,4.7,9132,7.1,1.2,252,Gaming
U11013,29,Other,Lucknow,Oppo,Android,1.5,43.2,74.7,197,2.8,4511,4.4,0.9,1180,Social Media
U11014,53,Female,Pune,Realme,iOS,6.4,1.9,236.9,159,1.7,3539,4.4,0.6,486,Gaming
U11015,15,Male,Kolkata,Nokia,iOS,10.9,10.4,197.5,141,3.2,335,5.0,1.7,725,Work
U11016,31,Female,Bangalore,Nokia,Android,4.2,17.5,106.5,91,5.2,3756,7.6,2.5,476,Entertainment
U11017,41,Female,Jaipur,Motorola,Android,7.8,46.5,149.3,149,5.4,3992,3.6,4.6,1894,Entertainment
U11018,59,Other,Hyderabad,Vivo,Android,10.7,29.1,151.3,146,5.8,270,0.6,4.3,413,Gaming
U11019,47,Female,Kolkata,Google Pixel,iOS,6.9,19.8,25.9,89,0.8,8252,3.5,4.5,1279,Work
U11020,36,Male,Ahmedabad,Realme,iOS,7.7,40.3,295.7,198,4.5,3336,6.0,1.3,171,Work
U11021,54,Other,Pune,OnePlus,Android,5.9,29.7,187.1,143,1.4,5578,7.8,1.5,419,Social Media
U11022,33,Male,Lucknow,Samsung,Android,8.7,25.8,199.2,32,2.2,295,6.7,1.5,1517,Education
U11023,28,Male,Ahmedabad,Oppo,Android,5.0,7.0,86.1,173,1.9,9344,6.3,4.5,1925,Work
U11024,24,Female,Hyderabad,Motorola,Android,8.8,36.5,186.3,59,4.1,8041,4.0,2.0,1486,Entertainment
U11025,38,Male,Ahmedabad,Apple,Android,2.5,49.5,112.1,167,2.1,3045,5.0,0.6,452,Education
U11026,57,Other,Ahmedabad,Realme,iOS,9.8,4.7,103.4,26,1.8,3614,7.3,3.6,1043,Social Media
U11027,17,Other,Chennai,OnePlus,iOS,1.3,15.9,179.5,129,3.1,1973,7.4,4.9,1869,Entertainment
U11028,24,Other,Mumbai,Google Pixel,Android,4.0,27.2,187.0,52,5.4,5037,4.1,1.5,116,Social Media
U11029,37,Female,Jaipur,Oppo,Android,5.0,42.5,224.2,44,1.3,1490,3.2,4.0,361,Work
U11030,15,Other,Ahmedabad,Xiaomi,iOS,10.3,41.3,137.5,155,1.2,8076,6.3,4.1,1205,Work
U11031,30,Female,Jaipur,Nokia,Android,1.0,36.5,208.0,163,2.9,3815,7.1,1.0,644,Gaming
U11032,41,Male,Chennai,Xiaomi,iOS,6.8,34.1,157.8,180,3.4,3136,0.7,0.8,1520,Entertainment
U11033,34,Male,Hyderabad,Nokia,iOS,9.0,33.5,60.0,44,2.6,7527,5.1,3.6,1107,Social Media
U11034,49,Male,Mumbai,Xiaomi,Android,4.6,1.7,53.6,104,1.1,6802,1.8,3.1,954,Gaming
U11035,36,Male,Bangalore,Nokia,Android,5.7,14.7,85.9,10,1.7,7644,5.9,3.9,1737,Entertainment
U11036,35,Male,Mumbai,Samsung,Android,4.6,38.6,140.5,46,4.0,8190,6.2,4.5,925,Gaming
U11037,59,Other,Kolkata,Vivo,iOS,2.1,21.0,254.7,169,4.4,862,6.2,2.6,1435,Education
U11038,44,Female,Chennai,Google Pixel,Android,3.6,15.8,13.9,114,4.9,5091,2.8,2.4,594,Entertainment
U11039,50,Male,Mumbai,Realme,iOS,5.5,40.0,168.7,84,4.4,7569,2.4,4.4,562,Education
U11040,32,Male,Jaipur,OnePlus,Android,5.2,3.0,21.9,98,3.7,186,7.9,2.7,388,Education
U11041,58,Female,Chennai,Samsung,Android,7.5,27.7,24.1,124,3.9,6772,6.0,3.2,1846,Work
U11042,16,Other,Mumbai,Motorola,iOS,7.1,39.0,157.4,195,6.0,930,7.3,4.9,1669,Entertainment
U11043,48,Female,Mumbai,Motorola,iOS,8.7,37.4,18.1,54,4.6,2821,1.3,2.9,1901,Education
U11044,36,Male,Lucknow,Oppo,Android,1.9,8.5,137.4,95,0.7,2054,6.5,2.7,315,Social Media
U11045,41,Other,Chennai,Apple,iOS,8.5,39.2,247.1,84,5.8,1538,6.9,4.2,1674,Social Media
U11046,47,Other,Pune,Samsung,iOS,10.6,13.0,273.6,101,5.3,9024,2.5,2.3,1473,Social Media
U11047,36,Other,Lucknow,Xiaomi,Android,2.3,29.9,279.5,48,4.4,759,3.3,0.4,1194,Gaming
U11048,59,Male,Lucknow,Samsung,iOS,10.3,39.8,283.3,178,5.8,5617,5.1,3.1,413,Social Media
U11049,27,Other,Delhi,Nokia,iOS,5.4,17.7,87.3,25,2.5,9860,2.6,0.3,1458,Social Media
U11050,26,Female,Pune,Oppo,iOS,2.3,6.5,173.5,60,3.3,4065,5.9,0.4,1863,Work
U11051,21,Male,Chennai,Vivo,iOS,1.7,18.8,90.9,165,3.5,1085,2.5,0.5,1934,Work
U11052,55,Male,Pune,OnePlus,Android,8.0,14.0,93.2,129,4.0,6341,7.0,2.7,633,Social Media
U11053,26,Female,Bangalore,Xiaomi,Android,4.3,25.2,266.8,93,4.8,205,0.6,4.9,427,Social Media
U11054,23,Female,Hyderabad,Vivo,Android,8.9,45.6,267.0,93,4.0,5622,5.6,0.5,554,Social Media
U11055,19,Other,Ahmedabad,Motorola,iOS,3.9,18.2,244.3,23,0.5,7275,1.9,4.0,1934,Social Media
U11056,38,Female,Mumbai,Vivo,Android,10.4,14.8,198.5,33,5.2,4642,6.6,1.8,304,Gaming
U11057,24,Male,Bangalore,Samsung,Android,9.5,9.1,66.4,102,3.7,5760,2.0,2.4,446,Social Media
U11058,43,Other,Hyderabad,Xiaomi,iOS,7.7,39.0,140.0,197,3.6,8090,2.2,1.8,1730,Work
U11059,28,Male,Hyderabad,Realme,Android,11.4,20.4,268.3,107,0.8,305,6.2,2.1,199,Social Media
U11060,53,Female,Ahmedabad,Google Pixel,Android,11.7,14.3,68.0,67,3.1,5545,2.7,2.1,1977,Entertainment
U11061,32,Other,Jaipur,Realme,iOS,9.5,42.2,272.5,167,2.9,1328,1.3,2.0,470,Education
U11062,46,Female,Chennai,Google Pixel,iOS,10.1,43.7,160.4,45,4.4,5934,4.6,4.0,1847,Gaming
U11063,46,Male,Kolkata,Realme,Android,6.9,10.3,274.8,23,2.6,7782,2.9,2.2,1319,Work
U11064,41,Female,Chennai,Oppo,iOS,4.6,10.0,106.1,151,2.3,9481,0.7,0.1,137,Work
U11065,57,Female,Bangalore,Xiaomi,iOS,10.2,17.7,20.5,16,1.1,5893,3.0,2.3,430,Social Media
U11066,57,Other,Pune,Oppo,Android,5.0,5.9,47.7,21,2.7,6392,2.4,4.3,459,Entertainment
U11067,54,Male,Bangalore,Apple,Android,6.2,12.4,137.5,25,2.4,4165,0.8,2.8,1918,Gaming
U11068,60,Other,Lucknow,Google Pixel,iOS,5.4,28.4,217.3,114,1.9,4665,5.3,4.2,1942,Gaming
U11069,16,Male,Pune,Apple,Android,10.1,16.5,164.3,150,2.9,5486,6.2,4.0,1221,Work
U11070,51,Female,Pune,Google Pixel,Android,4.5,46.8,120.2,96,1.0,4303,2.0,1.1,1024,Gaming
U11071,42,Male,Ahmedabad,Oppo,iOS,9.6,6.0,166.0,188,1.9,2046,6.6,1.7,984,Work
U11072,51,Other,Bangalore,Google Pixel,Android,8.2,33.5,229.3,148,5.3,636,1.0,1.8,1761,Education
U11073,49,Other,Ahmedabad,Oppo,iOS,8.3,41.0,78.9,189,0.5,2775,4.8,4.1,890,Entertainment
U11074,46,Male,Hyderabad,Oppo,Android,3.1,41.7,57.1,18,1.4,5865,7.4,5.0,984,Gaming
U11075,25,Male,Delhi,Samsung,Android,10.6,49.9,61.6,107,0.9,4903,1.9,4.3,1894,Social Media
U11076,34,Other,Ahmedabad,Oppo,Android,11.5,36.5,72.8,120,3.3,6923,4.7,0.5,1234,Work
U11077,24,Female,Delhi,Apple,Android,7.8,29.3,186.3,126,2.6,9996,5.9,1.2,1098,Entertainment
U11078,47,Female,Jaipur,Google Pixel,iOS,1.4,31.6,226.7,68,4.1,9583,7.8,4.7,1275,Entertainment
U11079,17,Male,Delhi,OnePlus,Android,1.0,12.0,213.3,110,3.5,7671,4.3,3.1,1455,Social Media
U11080,41,Other,Kolkata,OnePlus,iOS,4.0,5.2,167.0,60,4.4,608,0.6,2.0,222,Work
U11081,60,Female,Pune,Google Pixel,Android,3.1,20.1,265.8,80,1.1,8218,2.1,2.2,1645,Work
U11082,23,Female,Lucknow,Nokia,iOS,9.3,5.4,64.9,96,4.2,5556,5.2,4.6,1784,Work
U11083,29,Female,Jaipur,Nokia,Android,4.2,16.1,59.3,141,2.7,5509,6.5,1.1,105,Work
U11084,57,Other,Chennai,OnePlus,iOS,3.2,41.2,196.2,166,3.6,412,4.1,2.6,1463,Work
U11085,34,Male,Pune,Vivo,iOS,6.6,10.7,188.1,98,1.7,4653,2.6,4.3,1451,Entertainment
U11086,23,Female,Bangalore,Realme,Android,2.1,3.4,42.0,31,4.5,7897,2.8,1.2,1148,Gaming
U11087,28,Male,Chennai,Samsung,Android,1.8,22.2,48.8,159,5.5,3453,4.9,3.6,1779,Social Media
U11088,30,Other,Delhi,OnePlus,iOS,3.0,16.5,142.5,62,3.5,8738,5.5,1.8,1708,Gaming
U11089,29,Other,Chennai,Realme,iOS,1.4,9.2,46.4,26,2.6,8789,1.9,4.7,1435,Education
U11090,17,Other,Delhi,Motorola,iOS,5.7,35.4,168.8,14,5.0,7003,2.6,0.2,1102,Social Media
U11091,22,Male,Bangalore,Google Pixel,Android,1.8,40.4,230.5,163,0.9,9042,7.7,0.7,842,Work
U11092,48,Other,Chennai,Oppo,Android,3.6,8.3,93.8,24,4.0,1095,7.6,3.1,228,Social Media
U11093,19,Female,Mumbai,Apple,iOS,2.4,43.0,67.4,158,4.4,8880,6.8,0.1,720,Education
U11094,51,Female,Jaipur,Nokia,Android,8.5,44.1,141.0,43,5.7,822,7.3,0.2,743,Gaming
U11095,50,Female,Delhi,Google Pixel,iOS,2.0,24.4,6.7,94,2.6,4376,7.0,3.0,852,Education
U11096,43,Other,Ahmedabad,Realme,iOS,9.1,10.2,17.3,12,2.3,2327,4.9,4.8,1808,Entertainment
U11097,27,Female,Kolkata,Vivo,Android,4.2,42.0,135.3,59,0.9,5434,5.1,4.9,1546,Education
U11098,58,Other,Lucknow,Samsung,iOS,4.4,12.4,187.9,100,1.8,9593,6.0,1.3,1965,Work
U11099,26,Female,Jaipur,Motorola,Android,8.1,33.4,241.1,174,3.0,498,6.3,3.7,272,Gaming
U11100,17,Male,Pune,Motorola,iOS,9.4,32.0,75.3,170,2.2,5891,0.6,1.6,259,Work
U11101,44,Female,Mumbai,OnePlus,Android,3.2,24.5,49.3,112,2.2,4609,1.0,3.7,1496,Social Media
U11102,20,Male,Mumbai,OnePlus,Android,10.6,18.6,187.8,92,5.5,9930,3.5,3.7,1629,Work
U11103,51,Other,Jaipur,Vivo,iOS,6.8,40.2,118.1,70,3.9,6194,2.2,0.4,942,Social Media
U11104,38,Female,Hyderabad,Apple,iOS,2.6,24.0,258.3,92,2.3,9557,1.5,4.6,159,Work
U11105,20,Male,Jaipur,Oppo,iOS,4.7,36.7,86.2,109,5.2,4247,4.7,1.4,574,Education
U11106,56,Other,Pune,Google Pixel,iOS,9.2,16.8,97.8,37,6.0,4531,0.7,3.8,1364,Gaming
U11107,41,Male,Pune,Google Pixel,Android,2.0,42.3,106.5,165,4.1,2115,2.7,2.0,435,Work
U11108,27,Male,Bangalore,Oppo,iOS,10.7,12.7,166.4,139,4.6,6126,6.7,4.9,1071,Gaming
U11109,25,Other,Pune,Xiaomi,iOS,4.2,27.1,131.7,110,1.4,9989,5.6,0.3,565,Gaming
U11110,25,Female,Delhi,OnePlus,Android,3.5,47.6,139.3,138,1.3,3846,6.3,0.5,1637,Work
U11111,32,Male,Bangalore,Realme,iOS,10.4,32.5,108.8,80,0.8,6321,1.8,0.2,1103,Entertainment
U11112,44,Other,Delhi,OnePlus,Android,5.8,33.1,103.5,144,4.4,9054,3.3,3.0,118,Gaming
U11113,25,Other,Kolkata,Motorola,Android,6.7,7.2,61.3,77,5.3,8168,6.5,4.8,167,Work
U11114,48,Female,Chennai,Samsung,Android,1.4,28.9,210.0,33,3.1,204,5.7,2.0,159,Gaming
U11115,47,Other,Jaipur,Xiaomi,iOS,4.0,48.7,99.9,75,2.2,3038,1.1,4.8,1597,Social Media
U11116,21,Other,Chennai,Apple,Android,6.1,8.0,43.5,92,4.5,2480,3.1,4.9,691,Work
U11117,30,Male,Bangalore,Samsung,Android,10.2,13.4,238.0,27,5.1,4477,0.6,3.7,1268,Social Media
U11118,28,Other,Kolkata,Nokia,Android,3.6,48.4,184.7,189,3.9,5828,7.1,0.7,829,Education
U11119,35,Male,Kolkata,Samsung,Android,3.9,19.5,291.1,172,4.2,8779,4.8,1.5,644,Social Media
U11120,16,Male,Mumbai,Nokia,Android,9.0,32.8,174.5,38,0.9,1644,5.3,4.5,491,Social Media
U11121,54,Male,Kolkata,Realme,Android,4.3,14.0,201.0,141,3.0,4304,3.5,3.9,1393,Education
U11122,59,Other,Ahmedabad,Realme,Android,6.1,29.1,183.8,40,4.4,3982,6.8,1.2,1284,Gaming
U11123,57,Male,Hyderabad,Google Pixel,Android,6.1,4.1,287.5,183,0.8,8942,2.3,4.6,335,Education
U11124,46,Female,Ahmedabad,Xiaomi,iOS,5.3,49.3,72.0,86,4.9,1883,0.6,0.9,422,Gaming
U11125,20,Male,Mumbai,Nokia,iOS,1.9,12.4,158.8,178,4.7,954,7.4,0.2,1249,Education
U11126,39,Male,Lucknow,Xiaomi,Android,8.8,26.4,93.9,155,2.0,561,3.5,0.2,101,Work
U11127,26,Other,Kolkata,OnePlus,iOS,8.5,23.5,171.9,18,5.3,4721,4.2,0.2,1103,Education
U11128,17,Female,Chennai,Realme,iOS,6.5,25.8,28.4,64,3.8,2514,0.9,2.3,1910,Social Media
U11129,21,Other,Jaipur,Nokia,iOS,10.3,46.3,87.2,138,5.7,272,4.9,4.5,1542,Work
U11130,42,Female,Delhi,Motorola,iOS,4.2,15.2,187.0,89,5.1,7729,7.2,3.1,1453,Work
U11131,40,Other,Lucknow,OnePlus,Android,4.1,42.9,47.1,145,4.2,7296,1.5,2.7,219,Work
U11132,51,Female,Jaipur,Vivo,iOS,8.2,17.2,142.1,85,1.5,280,1.2,2.7,1643,Entertainment
U11133,56,Other,Lucknow,Vivo,Android,8.9,39.4,196.2,155,3.1,2116,4.6,2.0,1260,Gaming
U11134,40,Female,Chennai,Nokia,Android,10.3,25.0,74.6,140,1.3,8218,2.0,1.7,532,Work
U11135,31,Female,Ahmedabad,Xiaomi,Android,10.5,34.6,220.2,98,4.0,4004,2.1,1.2,1141,Entertainment
U11136,31,Female,Lucknow,Vivo,Android,7.7,24.1,149.7,139,5.3,1042,7.5,2.0,1609,Education
U11137,33,Other,Lucknow,Xiaomi,iOS,9.3,2.3,43.2,65,2.5,8267,2.3,2.0,1377,Social Media
U11138,22,Male,Ahmedabad,Motorola,iOS,9.1,8.7,141.3,23,0.6,8464,1.1,0.3,408,Work
U11139,26,Other,Mumbai,Samsung,Android,6.2,41.8,119.9,30,5.0,3150,2.4,1.0,1957,Entertainment
U11140,59,Male,Bangalore,Apple,iOS,2.3,48.4,103.6,19,2.8,1485,2.0,1.9,233,Education
U11141,32,Female,Bangalore,Realme,iOS,9.6,13.0,72.0,54,4.2,7473,2.3,3.8,582,Gaming
U11142,54,Other,Hyderabad,Oppo,iOS,11.9,21.1,172.8,104,3.8,8357,5.9,3.2,743,Education
U11143,25,Female,Jaipur,OnePlus,Android,10.0,17.1,240.0,20,3.9,6061,1.2,4.6,1382,Social Media
U11144,48,Other,Lucknow,Nokia,Android,10.6,6.6,117.6,180,0.7,3951,7.2,2.1,1984,Education
U11145,15,Other,Kolkata,Apple,Android,10.3,6.1,27.4,94,5.5,2221,4.5,0.0,1331,Gaming
U11146,29,Other,Ahmedabad,Oppo,Android,4.6,30.3,197.7,136,5.6,8284,7.8,1.9,183,Education
U11147,44,Other,Kolkata,Motorola,iOS,7.2,17.3,236.5,168,5.8,8925,6.3,3.8,1355,Work
U11148,50,Male,Lucknow,OnePlus,iOS,7.5,46.9,49.8,163,1.7,8512,3.7,3.5,477,Gaming
U11149,49,Female,Ahmedabad,OnePlus,iOS,3.9,30.3,64.5,184,5.0,9442,8.0,2.9,830,Entertainment
U11150,56,Male,Kolkata,Samsung,iOS,4.2,5.6,65.1,87,3.6,5224,7.9,3.0,941,Social Media
U11151,23,Male,Lucknow,Realme,Android,3.6,35.5,146.4,146,2.6,837,1.5,1.8,1696,Social Media
U11152,22,Female,Mumbai,Vivo,iOS,2.1,46.4,192.9,137,1.3,5152,5.9,4.6,232,Work
U11153,35,Other,Kolkata,Vivo,iOS,3.1,15.3,189.0,56,2.1,3796,2.0,3.8,1117,Entertainment
U11154,51,Female,Jaipur,OnePlus,Android,11.8,29.3,78.2,108,3.9,7259,6.5,4.8,1001,Social Media
U11155,17,Other,Mumbai,Xiaomi,iOS,6.4,4.1,39.7,175,5.9,1113,6.9,4.3,1955,Entertainment
U11156,42,Male,Hyderabad,OnePlus,Android,3.0,38.1,252.4,85,2.1,2311,2.2,1.8,1501,Social Media
U11157,17,Other,Hyderabad,Oppo,iOS,10.6,30.8,280.9,195,2.2,8788,2.2,2.5,1286,Education
U11158,22,Male,Kolkata,Samsung,iOS,9.6,22.0,156.1,56,5.8,360,6.6,1.0,501,Education
U11159,39,Male,Lucknow,Nokia,Android,9.7,45.6,57.2,134,4.9,7922,4.9,3.3,983,Work
U11160,15,Male,Pune,Nokia,iOS,10.4,15.0,99.6,114,3.0,414,3.0,0.8,130,Social Media
U11161,31,Other,Mumbai,Motorola,Android,1.7,21.7,229.9,162,5.5,2649,5.0,5.0,1945,Work
U11162,24,Other,Delhi,Samsung,iOS,11.8,32.8,25.3,114,3.2,294,4.7,0.6,1679,Entertainment
U11163,57,Other,Kolkata,Vivo,iOS,1.4,21.0,104.4,72,4.6,2101,2.3,3.8,1417,Social Media
U11164,53,Male,Hyderabad,Samsung,iOS,3.8,25.1,190.4,151,3.3,7998,3.1,2.6,1255,Entertainment
U11165,32,Female,Hyderabad,Vivo,Android,3.2,15.3,288.3,95,1.3,8449,7.0,3.6,1199,Entertainment
U11166,56,Male,Kolkata,Realme,Android,8.7,8.3,165.3,28,2.3,6020,5.5,4.5,1178,Work
U11167,52,Other,Lucknow,Nokia,iOS,7.7,29.2,202.3,132,5.0,2503,6.7,4.5,1593,Work
U11168,24,Other,Mumbai,Xiaomi,iOS,5.0,47.7,196.4,19,5.0,3510,0.6,3.8,1755,Gaming
U11169,28,Other,Chennai,Motorola,iOS,8.7,22.4,183.2,195,0.9,3733,3.8,1.5,948,Social Media
U11170,52,Male,Jaipur,Google Pixel,iOS,3.1,14.2,264.5,113,2.6,7893,1.3,1.6,177,Education
U11171,21,Other,Hyderabad,Vivo,Android,1.5,39.4,298.6,164,0.6,8036,7.9,4.0,371,Gaming
U11172,36,Female,Delhi,OnePlus,iOS,5.0,25.9,184.3,180,2.9,627,6.2,0.0,1769,Work
U11173,54,Other,Hyderabad,Samsung,iOS,11.6,16.7,10.1,181,5.3,9752,3.8,3.9,1709,Social Media
U11174,46,Female,Lucknow,Nokia,Android,8.0,42.2,222.0,130,3.2,1038,3.0,0.5,115,Education
U11175,43,Other,Delhi,Motorola,iOS,3.5,46.4,296.3,148,5.1,2576,0.5,1.3,481,Education
U11176,19,Male,Lucknow,Oppo,iOS,3.6,31.9,81.2,193,0.7,718,6.3,2.0,951,Work
U11177,38,Male,Jaipur,Apple,iOS,9.9,20.2,48.9,136,4.4,3568,4.9,1.3,789,Social Media
U11178,41,Male,Lucknow,Vivo,iOS,10.4,1.8,46.0,85,4.1,3418,7.4,3.3,1800,Work
U11179,56,Female,Hyderabad,Apple,Android,1.8,44.7,141.3,122,3.1,3145,4.2,2.1,1399,Work
U11180,46,Other,Kolkata,Vivo,iOS,10.6,21.7,26.3,158,1.3,6069,2.0,2.1,589,Entertainment
U11181,41,Male,Bangalore,Vivo,Android,6.3,3.8,175.8,100,4.9,3479,3.4,3.3,1097,Gaming
U11182,24,Other,Kolkata,OnePlus,Android,1.9,44.8,204.9,189,2.1,4657,1.3,4.4,418,Gaming
U11183,21,Female,Jaipur,OnePlus,iOS,6.1,34.9,73.7,200,5.6,1409,6.9,0.3,770,Gaming
U11184,22,Female,Mumbai,Xiaomi,Android,3.5,10.0,141.2,100,1.1,2388,6.6,2.4,1936,Work
U11185,38,Female,Bangalore,Samsung,iOS,3.5,11.5,198.4,175,4.9,3956,4.3,1.5,1831,Social Media
U11186,47,Male,Pune,Google Pixel,iOS,6.4,44.3,102.2,136,2.9,9378,1.7,3.3,1388,Work
U11187,34,Female,Ahmedabad,Oppo,iOS,4.8,24.8,134.0,24,2.7,9463,5.3,2.9,436,Entertainment
U11188,38,Female,Delhi,Xiaomi,iOS,11.9,34.9,227.7,51,0.8,2531,4.9,3.3,117,Gaming
U11189,24,Male,Chennai,Apple,iOS,1.0,36.2,145.6,64,1.1,8373,5.9,3.4,1371,Entertainment
U11190,55,Male,Delhi,Google Pixel,iOS,9.8,24.5,176.7,151,3.9,3038,4.5,2.2,1922,Social Media
U11191,57,Female,Chennai,Motorola,Android,8.7,20.4,123.2,144,0.8,3269,2.8,2.4,428,Gaming
U11192,21,Female,Ahmedabad,Apple,iOS,9.9,44.1,5.8,62,5.4,6124,4.7,1.2,886,Entertainment
U11193,38,Male,Chennai,Motorola,iOS,4.3,22.6,126.6,131,4.8,2948,3.4,0.9,1547,Work
U11194,19,Female,Ahmedabad,Samsung,Android,3.9,16.8,82.5,92,3.7,8981,2.7,2.1,160,Entertainment
U11195,53,Male,Jaipur,Xiaomi,Android,3.0,33.3,181.8,124,5.5,8439,4.1,2.1,1695,Entertainment
U11196,44,Other,Lucknow,Google Pixel,iOS,10.5,28.1,287.0,29,5.2,1014,4.2,3.2,953,Gaming
U11197,35,Female,Pune,Nokia,Android,2.6,30.2,268.6,71,2.0,9171,4.1,4.6,1780,Work
U11198,55,Female,Bangalore,Xiaomi,Android,11.6,41.5,31.4,115,3.3,9874,4.2,3.4,195,Social Media
U11199,57,Other,Lucknow,Oppo,iOS,1.4,38.1,218.3,153,2.1,7268,1.2,5.0,1667,Entertainment
U11200,18,Other,Kolkata,Samsung,Android,2.3,16.5,34.1,60,1.7,1468,7.8,2.5,923,Work
U11201,36,Male,Lucknow,Vivo,iOS,3.8,4.7,248.6,81,5.0,4771,2.3,2.1,580,Gaming
U11202,36,Male,Delhi,Xiaomi,iOS,6.4,18.2,143.2,103,0.9,602,1.5,2.9,1229,Entertainment
U11203,16,Other,Chennai,Apple,Android,1.8,42.0,223.4,161,0.6,2135,7.7,0.1,1961,Work
U11204,35,Other,Kolkata,Samsung,Android,5.5,46.5,188.2,191,4.0,5203,3.3,3.6,546,Entertainment
U11205,42,Male,Ahmedabad,Apple,Android,4.6,31.1,159.0,141,5.0,1005,3.0,2.0,1918,Entertainment
U11206,33,Male,Hyderabad,Oppo,iOS,2.6,3.3,159.9,66,1.8,4013,2.4,2.3,274,Gaming
U11207,21,Female,Hyderabad,Realme,Android,10.2,23.7,131.6,174,0.7,6718,1.1,0.9,782,Social Media
U11208,49,Male,Delhi,Realme,iOS,8.5,10.1,225.6,196,1.2,3187,4.1,0.9,174,Education
U11209,54,Male,Delhi,Nokia,Android,4.0,21.5,5.4,179,3.7,5041,4.6,4.9,753,Gaming
U11210,58,Other,Bangalore,Nokia,iOS,8.1,23.4,14.3,89,2.1,6048,7.0,1.5,1708,Education
U11211,29,Female,Hyderabad,Google Pixel,Android,7.2,1.5,133.9,120,5.0,4449,4.1,4.1,219,Education
U11212,44,Male,Kolkata,Oppo,Android,7.2,5.9,222.1,14,4.8,238,6.4,3.8,1560,Gaming
U11213,38,Female,Mumbai,Vivo,Android,5.9,45.8,161.3,73,4.4,9897,0.5,1.8,514,Education
U11214,24,Other,Delhi,Motorola,iOS,9.5,16.0,267.4,54,3.7,2464,3.6,1.9,709,Work
U11215,41,Male,Jaipur,Realme,Android,4.2,7.2,241.4,59,2.1,2370,3.4,1.4,1672,Education
U11216,54,Male,Delhi,Apple,iOS,8.3,28.2,94.2,190,2.3,7769,0.9,1.4,514,Entertainment
U11217,15,Other,Delhi,Nokia,iOS,4.9,6.4,59.7,88,4.6,934,5.6,4.0,1025,Entertainment
U11218,51,Other,Mumbai,Samsung,iOS,1.8,16.9,258.0,74,4.0,9319,3.9,0.3,1416,Work
U11219,28,Female,Pune,Vivo,iOS,1.9,26.9,228.1,117,3.7,5731,4.3,2.9,1450,Entertainment
U11220,30,Other,Bangalore,Google Pixel,iOS,8.9,19.1,102.4,189,4.1,8960,1.1,3.3,369,Entertainment
U11221,22,Male,Lucknow,Samsung,iOS,8.2,40.7,291.2,98,1.7,418,7.7,0.2,211,Entertainment
U11222,34,Other,Lucknow,Xiaomi,iOS,2.5,31.8,143.1,160,3.9,5974,1.1,1.7,253,Gaming
U11223,33,Other,Hyderabad,Oppo,iOS,10.0,4.1,12.8,111,4.3,9511,2.9,4.2,1448,Gaming
U11224,33,Female,Pune,Samsung,Android,3.0,6.7,74.7,171,3.6,4350,6.3,1.0,574,Education
U11225,55,Other,Bangalore,Vivo,iOS,1.8,11.8,22.9,193,3.5,9880,2.1,3.8,1160,Work
U11226,34,Female,Jaipur,Oppo,iOS,11.8,13.7,66.9,121,4.8,5859,2.7,1.4,848,Education
U11227,22,Female,Hyderabad,Oppo,iOS,8.2,11.9,28.6,10,5.7,2703,5.7,1.3,804,Work
U11228,59,Female,Mumbai,Samsung,iOS,11.1,42.0,17.2,150,3.1,4145,5.6,2.7,571,Gaming
U11229,18,Male,Bangalore,Realme,iOS,4.5,49.8,189.6,197,5.5,6579,4.2,3.2,1244,Social Media
U11230,28,Female,Jaipur,Google Pixel,Android,4.6,40.6,213.6,80,4.8,3988,2.2,1.9,1741,Social Media
U11231,26,Female,Ahmedabad,Vivo,Android,10.5,45.2,278.6,86,5.7,3109,5.5,1.9,1233,Gaming
U11232,34,Male,Hyderabad,Xiaomi,Android,9.8,9.6,32.7,175,0.6,9868,3.3,3.7,632,Education
U11233,30,Female,Hyderabad,Xiaomi,Android,3.2,24.9,168.9,154,2.0,2363,5.8,0.6,1851,Education
U11234,55,Other,Ahmedabad,OnePlus,Android,10.6,31.0,211.8,19,1.1,9522,2.8,1.8,305,Gaming
U11235,16,Other,Lucknow,Samsung,iOS,8.4,44.6,140.1,96,3.7,3855,2.9,2.8,1959,Social Media
U11236,46,Male,Chennai,Nokia,iOS,6.8,11.5,139.3,143,1.9,4137,7.1,2.3,1779,Entertainment
U11237,56,Other,Bangalore,Oppo,iOS,5.4,20.3,120.0,82,4.0,9928,7.0,4.8,740,Work
U11238,23,Male,Mumbai,Xiaomi,Android,1.2,6.4,174.5,49,4.3,5565,7.7,4.5,115,Gaming
U11239,49,Male,Delhi,Samsung,Android,2.3,13.0,182.0,71,3.1,1794,5.2,0.9,1796,Entertainment
U11240,46,Other,Kolkata,Xiaomi,iOS,7.0,4.6,50.1,62,4.2,9436,5.7,3.4,1750,Education
U11241,49,Male,Chennai,Samsung,iOS,8.8,27.2,284.9,48,5.8,9948,1.3,4.8,1005,Education
U11242,15,Male,Bangalore,Vivo,Android,11.7,19.0,61.8,74,4.4,7607,4.5,2.3,857,Gaming
U11243,18,Other,Lucknow,Apple,iOS,2.8,30.1,131.6,96,1.3,2018,5.9,3.9,300,Entertainment
U11244,39,Female,Bangalore,Vivo,Android,4.2,3.0,101.5,198,3.0,6909,2.1,1.4,562,Social Media
U11245,60,Female,Bangalore,Realme,Android,10.0,1.5,25.0,82,4.1,2268,0.9,2.8,1353,Gaming
U11246,20,Other,Hyderabad,Google Pixel,iOS,10.0,21.1,91.5,69,4.8,8849,4.7,0.6,1692,Social Media
U11247,56,Other,Kolkata,Apple,iOS,4.7,21.8,295.7,11,1.6,7709,0.6,1.3,378,Social Media
U11248,16,Female,Jaipur,Motorola,iOS,6.8,21.1,29.9,134,1.3,8857,7.1,1.3,986,Work
U11249,17,Male,Chennai,Motorola,Android,9.8,5.2,166.8,163,5.6,530,4.5,3.5,1821,Gaming
U11250,39,Male,Lucknow,Google Pixel,iOS,7.1,26.7,101.2,136,0.8,5407,1.4,0.8,1486,Gaming
U11251,38,Male,Delhi,OnePlus,Android,4.7,12.6,90.8,90,4.7,9825,3.3,1.8,1370,Gaming
U11252,36,Male,Jaipur,Motorola,Android,10.1,46.9,229.4,102,1.0,2581,5.9,1.8,1130,Social Media
U11253,47,Female,Delhi,OnePlus,Android,5.6,30.5,117.8,22,1.4,3790,7.0,0.0,853,Social Media
U11254,40,Male,Hyderabad,Realme,Android,11.8,33.4,126.6,91,4.6,175,1.4,4.1,1602,Social Media
U11255,60,Male,Pune,Vivo,Android,7.9,22.3,94.2,54,4.5,917,6.3,4.4,1832,Gaming
U11256,45,Other,Bangalore,Oppo,iOS,5.7,42.8,151.4,174,4.6,4604,2.2,2.1,518,Work
U11257,27,Other,Delhi,Apple,iOS,1.3,19.8,216.4,182,1.5,7732,1.1,4.1,1888,Entertainment
U11258,38,Male,Kolkata,Oppo,iOS,2.1,16.0,138.4,68,1.2,4659,6.2,4.0,363,Education
U11259,41,Other,Ahmedabad,Oppo,Android,10.9,23.1,68.0,135,4.4,9775,1.8,4.4,1892,Social Media
U11260,18,Male,Jaipur,Realme,iOS,7.5,49.4,259.7,22,3.8,8048,6.3,1.8,1278,Social Media
U11261,32,Male,Bangalore,Realme,iOS,2.8,1.7,271.0,58,3.7,5675,4.1,2.1,1371,Work
U11262,25,Other,Ahmedabad,Nokia,iOS,7.4,21.0,163.1,117,1.9,1443,3.2,1.3,1152,Work
U11263,26,Female,Lucknow,Vivo,iOS,2.0,44.4,193.6,46,5.5,606,4.2,4.1,1582,Education
U11264,43,Female,Jaipur,OnePlus,iOS,8.5,47.3,120.3,47,1.6,7453,3.6,0.5,334,Social Media
U11265,35,Female,Jaipur,Samsung,Android,8.8,19.3,25.0,132,2.8,1091,7.3,0.4,1782,Work
U11266,36,Female,Bangalore,Oppo,iOS,8.7,36.9,110.5,32,3.6,3714,5.9,2.8,460,Social Media
U11267,47,Other,Bangalore,Google Pixel,Android,9.6,6.0,89.0,168,5.3,4835,7.7,0.7,221,Gaming
U11268,58,Other,Bangalore,Google Pixel,iOS,5.6,1.3,250.5,114,0.5,6803,5.6,2.1,1461,Education
U11269,56,Female,Delhi,Samsung,Android,9.3,32.4,8.7,83,1.8,8268,2.4,2.0,1157,Work
U11270,51,Female,Kolkata,Realme,iOS,6.1,32.0,155.0,66,4.9,3744,3.9,1.1,608,Gaming
U11271,58,Male,Bangalore,Vivo,Android,7.5,24.5,158.5,122,5.3,2942,1.5,3.1,715,Gaming
U11272,50,Female,Chennai,Vivo,Android,3.8,13.2,93.3,125,5.0,4294,0.7,2.4,1394,Entertainment
U11273,48,Other,Mumbai,Nokia,Android,3.3,18.6,38.4,78,2.9,5925,1.0,1.7,893,Gaming
U11274,16,Female,Kolkata,OnePlus,iOS,7.4,2.0,76.9,138,4.5,9971,1.8,3.2,1991,Entertainment
U11275,34,Male,Pune,Vivo,Android,9.4,6.6,92.9,167,5.9,1780,3.7,1.5,815,Work
U11276,59,Female,Delhi,Oppo,iOS,9.4,48.4,70.3,30,1.1,8621,5.3,1.1,1546,Entertainment
U11277,31,Male,Bangalore,Vivo,Android,1.0,8.2,174.7,41,5.5,2285,4.8,2.0,1056,Education
U11278,50,Female,Pune,Nokia,Android,3.2,13.1,125.2,150,5.2,8932,2.3,3.3,771,Gaming
U11279,28,Other,Pune,OnePlus,Android,1.6,4.0,276.1,75,5.5,9281,7.6,0.7,1885,Gaming
U11280,54,Other,Mumbai,Vivo,iOS,11.8,8.5,36.1,118,1.8,3582,7.4,3.1,609,Social Media
U11281,29,Other,Ahmedabad,Realme,iOS,11.8,11.4,149.6,28,0.5,2086,1.0,2.6,666,Social Media
U11282,38,Female,Kolkata,OnePlus,iOS,10.1,23.5,178.7,94,1.4,3551,5.7,2.3,1686,Gaming
U11283,48,Female,Ahmedabad,Realme,Android,1.2,29.4,216.6,99,3.9,6517,1.2,0.2,1497,Work
U11284,42,Male,Bangalore,Vivo,iOS,8.8,21.6,71.5,14,6.0,7586,7.3,3.7,1013,Entertainment
U11285,23,Female,Lucknow,Google Pixel,iOS,10.2,4.5,131.6,198,0.6,8383,3.8,0.4,291,Work
U11286,35,Male,Bangalore,Apple,Android,7.2,49.0,55.5,41,2.1,8268,5.1,1.3,1941,Education
U11287,37,Female,Chennai,Xiaomi,iOS,11.2,14.8,63.3,107,3.3,5163,4.7,4.5,1886,Work
U11288,50,Male,Delhi,Vivo,iOS,9.2,22.6,174.4,75,3.4,1692,4.6,3.6,298,Entertainment
U11289,57,Female,Mumbai,OnePlus,iOS,10.1,14.9,252.2,43,3.1,141,5.6,3.3,1975,Social Media
U11290,29,Male,Pune,Apple,Android,9.3,16.6,161.6,136,1.6,5360,4.3,4.6,1990,Work
U11291,38,Other,Jaipur,Oppo,iOS,7.7,3.9,216.9,39,2.1,1617,6.1,1.2,799,Work
U11292,19,Other,Pune,Xiaomi,Android,11.5,37.3,15.2,39,1.9,8715,5.6,3.5,1956,Social Media
U11293,43,Male,Mumbai,Vivo,Android,4.6,38.1,168.3,99,2.9,9948,4.6,4.7,1685,Social Media
U11294,55,Other,Ahmedabad,Samsung,Android,11.9,46.9,38.9,134,0.6,3783,1.0,1.2,551,Education
U11295,20,Other,Kolkata,Oppo,Android,4.8,25.6,229.2,150,0.7,383,1.4,2.2,1480,Social Media
U11296,30,Male,Kolkata,Xiaomi,iOS,7.1,16.7,152.3,181,1.6,7504,3.4,3.4,1114,Work
U11297,27,Other,Bangalore,Nokia,iOS,4.5,44.0,243.1,17,2.4,4742,5.6,1.4,299,Education
U11298,39,Male,Ahmedabad,Realme,iOS,4.9,20.6,292.3,116,1.2,560,5.4,4.3,982,Social Media
U11299,28,Female,Lucknow,Google Pixel,iOS,5.9,8.1,293.6,187,2.3,2496,4.7,4.5,1173,Gaming
U11300,27,Other,Hyderabad,OnePlus,Android,8.5,21.7,60.4,25,1.7,6097,2.9,2.0,1567,Social Media
U11301,36,Female,Hyderabad,OnePlus,Android,5.8,26.0,139.5,25,5.4,1324,5.1,1.8,1351,Work
U11302,47,Male,Kolkata,Apple,Android,10.1,18.0,6.0,125,1.6,3041,3.5,2.0,597,Social Media
U11303,44,Female,Delhi,Oppo,Android,3.3,32.6,202.4,169,5.1,8683,5.4,4.9,1617,Education
U11304,33,Other,Delhi,Xiaomi,iOS,5.6,19.9,12.9,169,1.6,7229,7.7,2.3,497,Work
U11305,40,Female,Lucknow,OnePlus,iOS,7.5,6.9,242.4,121,2.5,1647,1.7,1.5,576,Gaming
U11306,52,Other,Bangalore,Google Pixel,iOS,9.7,21.2,157.6,110,3.1,6718,1.4,1.7,777,Work
U11307,59,Female,Mumbai,Nokia,iOS,3.4,23.6,203.4,128,5.7,1416,7.0,4.0,278,Entertainment
U11308,16,Male,Jaipur,Samsung,Android,7.4,33.8,212.9,156,4.4,1171,5.6,3.5,1506,Social Media
U11309,32,Other,Pune,Nokia,Android,6.2,19.7,75.4,178,0.9,991,3.5,4.5,1219,Entertainment
U11310,36,Male,Mumbai,Vivo,Android,8.4,44.7,116.1,136,1.8,3529,6.1,3.8,1200,Entertainment
U11311,41,Other,Pune,Motorola,iOS,11.1,40.1,80.2,156,4.2,8429,7.0,4.2,358,Gaming
U11312,50,Male,Delhi,Samsung,iOS,9.4,31.6,134.3,89,4.9,3082,1.2,2.6,1932,Work
U11313,54,Other,Chennai,Oppo,iOS,1.1,21.3,113.4,96,4.4,2901,6.5,4.3,1179,Gaming
U11314,26,Other,Hyderabad,OnePlus,iOS,1.2,7.7,72.8,68,1.7,3486,1.0,3.1,1035,Education
U11315,46,Female,Chennai,Motorola,iOS,2.9,6.9,183.9,17,5.5,9262,0.6,3.7,956,Education
U11316,30,Male,Jaipur,Realme,iOS,4.6,23.2,37.2,152,3.9,9559,3.6,4.1,1802,Work
U11317,45,Other,Hyderabad,Realme,iOS,6.0,32.2,211.9,188,1.8,104,1.3,4.3,1951,Work
U11318,26,Female,Bangalore,Oppo,Android,3.2,15.9,144.2,112,5.8,3317,2.4,4.6,1134,Education
U11319,39,Male,Ahmedabad,Nokia,Android,4.9,25.9,297.2,140,2.6,4259,6.3,3.2,328,Gaming
U11320,59,Male,Lucknow,Xiaomi,Android,4.0,20.8,122.1,52,3.5,6475,5.6,3.8,1462,Entertainment
U11321,23,Other,Pune,Samsung,iOS,1.2,21.1,238.3,91,2.9,8614,0.6,2.3,1469,Social Media
U11322,56,Female,Pune,Realme,Android,10.7,10.3,123.5,52,0.7,6986,5.5,4.8,696,Social Media
U11323,22,Female,Chennai,Xiaomi,Android,5.5,22.3,199.6,187,2.5,5100,2.0,0.1,1493,Education
U11324,36,Other,Hyderabad,Realme,Android,8.2,13.1,205.2,87,5.6,9459,0.9,4.3,1109,Social Media
U11325,48,Male,Mumbai,Samsung,Android,8.2,24.1,35.7,96,4.6,2205,2.0,1.7,851,Work
U11326,35,Other,Mumbai,Vivo,iOS,10.2,31.8,36.6,29,2.3,5225,2.0,2.3,1923,Gaming
U11327,25,Other,Delhi,Oppo,Android,6.7,14.8,195.8,53,1.2,5392,5.8,3.8,1105,Work
U11328,18,Male,Ahmedabad,Apple,Android,11.1,35.4,205.9,67,1.8,1358,1.7,3.0,1863,Education
U11329,55,Other,Delhi,Xiaomi,iOS,3.7,12.9,239.1,38,3.1,9670,3.9,2.1,122,Gaming
U11330,27,Other,Pune,Nokia,iOS,4.8,5.0,207.7,80,4.4,3749,3.7,2.3,961,Gaming
U11331,16,Other,Ahmedabad,Samsung,Android,10.3,1.7,227.8,198,5.7,1513,6.1,1.3,729,Work
U11332,56,Other,Kolkata,Xiaomi,Android,9.8,19.9,284.4,178,5.1,3034,7.0,1.6,1276,Gaming
U11333,57,Male,Jaipur,Google Pixel,Android,3.2,49.4,158.1,196,1.2,4976,8.0,4.1,304,Entertainment
U11334,54,Other,Kolkata,Vivo,iOS,5.4,5.0,34.6,70,0.7,9981,4.8,1.4,584,Gaming
U11335,35,Other,Chennai,Samsung,iOS,1.4,46.4,218.2,38,3.7,8933,0.7,3.3,1580,Work
U11336,27,Male,Kolkata,Samsung,iOS,9.8,13.6,147.9,82,3.3,7578,1.0,3.9,505,Social Media
U11337,41,Male,Jaipur,OnePlus,iOS,6.5,25.0,254.0,181,4.1,1626,3.0,4.3,543,Social Media
U11338,48,Female,Ahmedabad,Oppo,iOS,3.4,43.9,54.2,140,3.1,165,3.2,2.9,328,Education
U11339,25,Male,Hyderabad,Motorola,Android,10.3,48.5,66.2,34,3.6,3052,0.8,0.3,1097,Entertainment
U11340,39,Female,Chennai,Vivo,iOS,8.3,44.5,182.5,197,2.7,8878,3.6,0.4,1335,Education
U11341,35,Female,Jaipur,Google Pixel,iOS,4.7,27.7,115.7,128,3.5,706,6.1,3.8,905,Work
U11342,45,Female,Mumbai,OnePlus,Android,10.2,9.8,5.1,55,0.7,6666,0.6,2.9,268,Work
U11343,48,Other,Kolkata,Oppo,iOS,9.6,24.6,165.3,187,1.1,2390,6.1,0.3,552,Gaming
U11344,56,Male,Bangalore,OnePlus,Android,1.1,6.0,246.1,79,2.6,1181,3.3,3.1,502,Social Media
U11345,43,Male,Chennai,Google Pixel,Android,10.6,2.8,33.1,122,3.9,248,4.9,2.4,1424,Gaming
U11346,51,Male,Delhi,Xiaomi,iOS,7.4,14.3,40.1,121,1.8,2559,7.9,0.4,317,Social Media
U11347,36,Other,Ahmedabad,Oppo,Android,5.1,17.4,284.3,158,3.6,1313,6.3,1.9,1648,Education
U11348,56,Other,Delhi,Nokia,Android,7.5,8.5,134.0,189,3.1,8157,6.7,2.8,761,Social Media
U11349,31,Male,Jaipur,Motorola,Android,9.7,17.0,275.0,145,4.8,8084,1.9,2.8,955,Entertainment
U11350,51,Male,Mumbai,Motorola,Android,10.6,2.7,91.4,81,4.6,4914,7.3,3.3,749,Entertainment
U11351,31,Male,Bangalore,Xiaomi,iOS,9.3,47.4,123.2,45,1.5,8800,6.2,1.7,706,Social Media
U11352,34,Female,Pune,Xiaomi,Android,6.2,24.8,206.7,60,1.1,2615,5.3,1.8,1422,Entertainment
U11353,56,Other,Pune,Nokia,iOS,5.8,4.8,179.3,60,4.5,2264,2.7,1.1,1627,Work
U11354,47,Other,Hyderabad,Motorola,iOS,6.1,34.8,265.5,17,2.3,4609,7.8,4.4,1252,Education
U11355,39,Female,Bangalore,Samsung,iOS,4.4,7.9,108.9,146,5.6,7089,7.2,0.7,1626,Work
U11356,31,Female,Mumbai,Vivo,Android,2.1,38.3,14.1,142,2.5,8649,1.0,2.4,1878,Gaming
U11357,38,Male,Mumbai,Google Pixel,iOS,4.8,19.4,28.8,101,2.5,4217,3.4,3.1,1900,Education
U11358,59,Female,Bangalore,OnePlus,iOS,3.1,21.0,143.8,137,5.9,7931,3.3,0.3,874,Work
U11359,26,Other,Mumbai,Google Pixel,iOS,4.2,17.1,196.9,109,2.8,5479,3.6,4.2,1458,Entertainment
U11360,39,Male,Mumbai,Samsung,Android,9.0,27.2,199.8,199,2.0,5530,5.0,4.4,1442,Work
U11361,45,Female,Chennai,Google Pixel,iOS,5.9,45.0,88.2,164,3.8,6155,5.7,0.1,777,Social Media
U11362,32,Other,Delhi,OnePlus,Android,4.7,37.2,249.7,193,5.9,1499,4.6,2.4,1620,Work
U11363,60,Male,Delhi,Apple,iOS,5.7,8.1,90.3,93,4.0,7173,5.4,4.0,383,Social Media
U11364,57,Female,Jaipur,Oppo,iOS,9.3,30.3,58.8,27,3.4,6056,2.2,4.0,1689,Work
U11365,20,Female,Bangalore,Nokia,iOS,4.4,3.4,287.9,162,2.6,1294,1.6,0.3,1265,Work
U11366,46,Male,Pune,OnePlus,Android,3.4,34.6,236.6,70,4.7,3910,2.3,4.7,471,Entertainment
U11367,36,Other,Pune,Samsung,iOS,10.4,8.4,112.0,20,5.7,8296,6.8,0.1,282,Education
U11368,49,Male,Bangalore,Xiaomi,Android,6.7,32.8,200.5,199,4.4,9932,3.7,2.0,1683,Entertainment
U11369,18,Male,Lucknow,OnePlus,iOS,7.5,23.5,174.4,71,0.9,1062,6.2,4.2,1923,Social Media
U11370,52,Other,Delhi,Motorola,iOS,7.0,42.9,231.0,190,0.7,7473,7.6,3.3,580,Social Media
U11371,54,Female,Jaipur,Nokia,iOS,9.1,2.6,119.0,155,5.0,3590,1.9,2.5,507,Education
U11372,45,Female,Hyderabad,Motorola,Android,1.0,22.1,105.4,154,2.8,9351,4.1,0.8,942,Entertainment
U11373,19,Female,Pune,Realme,iOS,3.2,30.4,142.8,173,4.0,5604,2.6,2.7,1487,Education
U11374,53,Other,Jaipur,Motorola,Android,9.4,41.4,156.3,121,4.8,4216,7.9,1.9,562,Work
U11375,15,Male,Delhi,Nokia,Android,3.0,26.9,279.6,180,3.6,7006,4.9,1.4,1520,Education
U11376,47,Male,Pune,Realme,Android,1.6,30.9,299.1,75,0.6,6951,4.2,0.2,1337,Social Media
U11377,51,Female,Jaipur,Realme,iOS,3.2,15.3,55.0,141,1.6,3023,3.3,4.5,1457,Gaming
U11378,57,Male,Chennai,Samsung,Android,6.8,18.9,56.4,115,4.5,7566,7.5,0.5,670,Gaming
U11379,17,Female,Mumbai,OnePlus,iOS,1.0,35.0,201.6,35,3.7,8437,3.7,4.9,525,Social Media
U11380,58,Male,Lucknow,OnePlus,Android,2.4,23.5,67.7,86,1.4,6245,4.5,4.6,110,Gaming
U11381,30,Other,Chennai,Vivo,iOS,9.1,44.5,25.3,79,4.9,5359,1.6,1.7,1700,Education
U11382,17,Male,Delhi,Xiaomi,Android,3.5,26.1,155.4,38,1.4,7477,2.0,2.1,1073,Work
U11383,17,Female,Kolkata,Google Pixel,iOS,1.9,37.8,238.1,71,1.2,7497,6.3,4.3,1492,Work
U11384,27,Female,Chennai,Vivo,Android,11.6,7.6,82.5,21,0.5,8795,6.9,1.5,1769,Education
U11385,16,Male,Hyderabad,Oppo,iOS,10.4,8.4,250.8,168,2.5,3821,0.6,3.1,1278,Education
U11386,25,Female,Ahmedabad,Apple,Android,11.2,18.7,122.2,189,5.2,3691,1.2,2.6,438,Work
U11387,16,Male,Jaipur,Apple,Android,3.7,13.2,293.0,191,5.5,3522,1.4,4.7,597,Work
U11388,45,Female,Kolkata,Motorola,iOS,9.7,38.1,149.1,64,0.9,3518,6.6,2.9,1671,Education
U11389,20,Male,Kolkata,Motorola,Android,10.7,27.2,84.3,135,4.3,7987,2.4,4.5,157,Gaming
U11390,20,Female,Pune,Apple,iOS,9.6,12.5,11.6,121,2.2,4989,2.8,1.3,1443,Entertainment
U11391,19,Other,Bangalore,Google Pixel,Android,4.3,27.8,47.9,75,1.2,9062,7.1,1.0,201,Entertainment
U11392,40,Male,Kolkata,Samsung,iOS,7.0,4.8,97.9,19,3.0,5949,5.8,0.0,1468,Work
U11393,57,Male,Kolkata,Xiaomi,iOS,5.2,29.5,267.1,184,2.6,7492,2.7,2.0,1458,Education
U11394,53,Female,Pune,Xiaomi,Android,7.3,26.5,229.3,144,4.6,4925,3.3,2.8,621,Social Media
U11395,57,Male,Chennai,Apple,Android,5.2,19.2,155.6,40,1.5,7457,7.2,0.1,1768,Work
U11396,23,Other,Ahmedabad,Google Pixel,iOS,5.6,15.6,114.9,141,5.2,316,7.2,0.8,1662,Gaming
U11397,17,Male,Pune,Realme,iOS,6.8,41.1,135.1,147,4.6,9158,4.6,4.0,200,Education
U11398,32,Other,Hyderabad,Realme,iOS,4.8,49.3,267.0,142,1.7,2443,1.5,2.9,199,Entertainment
U11399,54,Male,Pune,Motorola,iOS,3.8,22.6,279.3,135,5.4,7403,5.7,4.0,1499,Gaming
U11400,49,Female,Lucknow,Nokia,Android,5.2,42.7,156.5,88,3.1,6603,4.5,4.2,738,Gaming
U11401,32,Female,Hyderabad,Oppo,Android,9.9,14.8,278.1,39,2.0,2213,7.0,2.6,697,Entertainment
U11402,18,Male,Pune,Xiaomi,iOS,3.3,28.2,188.2,43,3.4,289,0.6,4.7,658,Education
U11403,19,Other,Pune,Google Pixel,iOS,10.8,16.1,101.3,193,5.0,7286,3.7,3.6,1283,Gaming
U11404,45,Female,Ahmedabad,Xiaomi,Android,6.7,33.5,121.1,29,1.6,1575,6.0,1.1,497,Work
U11405,25,Male,Lucknow,Oppo,Android,11.7,19.2,239.9,116,0.9,1251,2.9,1.4,1130,Social Media
U11406,58,Female,Bangalore,Nokia,Android,2.2,48.4,185.3,79,3.6,6142,4.1,1.0,209,Education
U11407,54,Other,Pune,Xiaomi,Android,8.4,37.5,92.5,85,5.4,2128,1.5,1.2,1778,Education
U11408,51,Male,Ahmedabad,OnePlus,Android,10.4,29.2,109.2,37,4.6,7289,5.0,1.5,442,Social Media
U11409,40,Other,Bangalore,Motorola,Android,1.9,47.0,223.6,95,3.9,1306,1.4,0.6,1778,Social Media
U11410,32,Male,Jaipur,Motorola,iOS,10.1,15.5,80.2,108,0.8,9501,4.7,0.5,887,Entertainment
U11411,43,Other,Mumbai,Xiaomi,iOS,7.8,16.1,97.8,36,2.4,4586,3.8,0.7,1437,Social Media
U11412,29,Other,Mumbai,Vivo,Android,6.4,24.5,61.2,197,1.5,3555,7.2,3.9,725,Work
U11413,23,Female,Lucknow,Motorola,iOS,5.3,4.1,193.7,31,1.8,415,6.7,1.8,1423,Work
U11414,33,Other,Lucknow,OnePlus,Android,1.7,1.3,269.3,33,5.0,3582,6.8,4.6,1658,Entertainment
U11415,42,Other,Chennai,Motorola,iOS,10.2,39.0,292.2,37,4.4,8540,2.9,0.9,1889,Education
U11416,47,Other,Delhi,Xiaomi,iOS,3.0,16.1,66.9,116,3.4,1086,3.2,2.7,1954,Entertainment
U11417,59,Male,Delhi,Xiaomi,iOS,3.1,43.7,276.1,61,3.2,7132,7.2,4.5,518,Gaming
U11418,47,Male,Chennai,Google Pixel,iOS,2.3,41.2,245.6,10,4.4,735,0.7,4.4,1698,Entertainment
U11419,54,Other,Ahmedabad,Xiaomi,iOS,10.9,42.9,102.8,20,5.2,4607,6.9,0.5,470,Entertainment
U11420,21,Female,Pune,Samsung,iOS,7.5,45.8,240.0,122,2.3,6449,1.3,2.4,436,Entertainment
U11421,18,Male,Mumbai,Xiaomi,Android,10.5,31.7,196.4,68,3.2,2922,3.9,2.4,672,Education
U11422,46,Male,Mumbai,Nokia,iOS,1.6,13.0,112.3,176,1.3,5648,1.8,1.1,726,Entertainment
U11423,15,Male,Delhi,Oppo,Android,6.3,33.1,256.4,102,1.1,8135,7.7,4.2,1570,Entertainment
U11424,38,Female,Mumbai,Xiaomi,iOS,3.5,46.3,297.3,74,2.6,2197,6.5,4.7,281,Gaming
U11425,51,Other,Delhi,OnePlus,Android,9.0,47.0,199.0,28,4.0,857,2.7,2.4,1462,Gaming
U11426,60,Female,Jaipur,Nokia,Android,4.6,35.6,95.5,14,5.7,927,4.0,4.8,1545,Education
U11427,16,Male,Kolkata,Xiaomi,Android,5.8,25.0,62.5,135,4.2,6910,0.9,2.2,1667,Education
U11428,34,Other,Hyderabad,Realme,iOS,7.4,33.9,153.5,188,5.1,4289,7.1,4.7,429,Social Media
U11429,56,Other,Chennai,OnePlus,Android,3.5,37.4,8.2,17,2.8,1726,7.8,4.3,964,Gaming
U11430,58,Other,Chennai,Xiaomi,iOS,8.6,34.5,214.0,180,2.2,2644,3.8,2.6,1270,Work
U11431,36,Female,Hyderabad,Realme,iOS,2.2,30.0,103.1,121,4.9,855,1.0,4.2,1458,Gaming
U11432,23,Male,Pune,Google Pixel,Android,1.3,24.6,239.3,130,0.8,9622,3.3,0.7,146,Work
U11433,39,Other,Jaipur,Google Pixel,Android,11.1,4.0,93.1,27,4.8,8454,3.5,3.6,520,Entertainment
U11434,28,Female,Hyderabad,Motorola,Android,6.9,32.6,233.8,56,0.6,5675,6.4,2.0,285,Social Media
U11435,39,Other,Lucknow,Apple,iOS,2.5,29.2,269.5,15,2.5,7090,7.0,3.9,195,Gaming
U11436,38,Male,Delhi,Motorola,iOS,11.7,33.6,135.2,47,0.7,8644,2.6,4.7,104,Social Media
U11437,34,Male,Jaipur,Apple,Android,8.1,39.5,223.8,192,5.6,6784,2.7,4.2,230,Gaming
U11438,59,Female,Mumbai,Samsung,Android,7.0,40.3,127.9,72,2.2,8986,8.0,3.1,234,Social Media
U11439,19,Male,Pune,Motorola,Android,1.7,34.4,179.8,69,1.9,7747,4.3,2.9,1654,Work
U11440,50,Other,Kolkata,Google Pixel,Android,5.9,14.8,19.8,176,5.6,6629,6.5,3.4,431,Education
U11441,38,Other,Chennai,Samsung,Android,3.5,8.6,63.3,140,2.6,3510,7.1,3.9,290,Education
U11442,17,Other,Mumbai,Vivo,iOS,3.6,1.2,117.4,101,3.3,5511,7.6,0.0,1242,Work
U11443,43,Other,Ahmedabad,Google Pixel,Android,9.0,26.5,250.6,35,4.6,1244,4.2,3.8,308,Work
U11444,24,Male,Mumbai,Xiaomi,iOS,9.4,43.5,115.8,138,5.3,8555,3.1,0.4,950,Entertainment
U11445,43,Female,Delhi,Oppo,iOS,7.6,30.5,292.6,74,0.8,5002,2.2,4.6,1536,Gaming
U11446,57,Other,Ahmedabad,Apple,Android,4.3,41.3,211.0,190,0.6,7741,2.8,4.9,494,Education
U11447,27,Other,Lucknow,Xiaomi,Android,1.9,21.5,196.2,107,3.3,9604,5.4,2.4,218,Education
U11448,36,Male,Bangalore,Xiaomi,iOS,12.0,31.7,114.2,149,2.4,4539,2.6,4.9,118,Social Media
U11449,49,Male,Delhi,Oppo,Android,4.1,28.6,255.2,72,5.9,5899,7.9,4.9,1777,Education
U11450,44,Male,Jaipur,Motorola,iOS,9.9,15.8,229.6,36,5.9,888,5.7,0.0,1009,Social Media
U11451,15,Female,Jaipur,Nokia,Android,7.3,32.4,192.3,107,2.5,8935,3.0,2.4,1123,Social Media
U11452,41,Female,Mumbai,Vivo,Android,10.9,4.8,26.1,71,3.2,2602,6.1,0.2,1056,Work
U11453,45,Female,Delhi,Nokia,iOS,1.3,2.6,217.6,32,1.2,6156,7.8,4.6,1926,Social Media
U11454,50,Female,Mumbai,Realme,Android,11.6,15.3,251.0,43,4.0,4519,7.9,1.2,567,Entertainment
U11455,33,Other,Mumbai,Vivo,Android,12.0,16.6,191.8,153,5.2,5157,0.9,0.4,1862,Education
U11456,33,Female,Pune,Realme,Android,2.9,43.1,68.1,34,5.5,7923,4.5,1.6,921,Education
U11457,35,Male,Pune,Nokia,iOS,9.8,17.6,81.1,56,3.0,9287,1.9,2.7,136,Social Media
U11458,44,Male,Bangalore,Motorola,Android,7.2,47.9,58.4,53,5.7,669,3.0,1.7,1917,Entertainment
U11459,26,Other,Bangalore,Apple,Android,7.4,7.3,42.1,137,1.6,8786,3.7,4.2,976,Work
U11460,40,Male,Ahmedabad,Oppo,Android,7.5,26.2,148.9,166,3.5,2319,2.6,4.4,1263,Entertainment
U11461,53,Male,Kolkata,Xiaomi,iOS,1.5,17.6,156.8,157,0.6,7007,6.5,2.3,496,Education
U11462,51,Other,Mumbai,Nokia,iOS,10.7,46.9,72.2,36,3.5,5895,4.2,3.7,736,Entertainment
U11463,27,Male,Chennai,Google Pixel,iOS,10.3,19.7,133.9,31,5.2,9806,2.1,2.1,156,Education
U11464,23,Female,Bangalore,OnePlus,iOS,9.8,11.1,84.0,131,4.5,5731,6.6,3.8,1243,Social Media
U11465,56,Other,Lucknow,Vivo,iOS,7.2,4.8,230.2,133,0.6,4341,1.1,1.4,1010,Work
U11466,40,Male,Chennai,Oppo,Android,2.4,41.2,123.8,14,1.5,6274,6.1,1.1,958,Education
U11467,19,Female,Lucknow,Xiaomi,Android,3.0,6.3,123.0,140,1.3,6759,5.7,4.8,591,Education
U11468,26,Male,Bangalore,Apple,Android,2.7,19.3,155.5,64,1.4,5465,3.4,2.1,900,Gaming
U11469,19,Female,Kolkata,Motorola,Android,8.4,12.2,269.3,130,3.8,5498,5.8,2.5,650,Work
U11470,18,Male,Chennai,Google Pixel,iOS,7.0,31.3,134.6,113,5.2,7720,7.8,1.2,1201,Work
U11471,50,Other,Lucknow,Realme,Android,7.7,15.6,79.9,12,1.5,7653,7.5,0.7,1203,Gaming
U11472,17,Female,Lucknow,Motorola,Android,10.8,47.4,5.3,175,4.8,2782,5.5,3.7,208,Entertainment
U11473,26,Other,Pune,Nokia,iOS,11.2,21.9,290.2,58,1.2,2304,6.5,3.3,1162,Education
U11474,27,Male,Hyderabad,OnePlus,Android,7.8,15.7,235.4,105,1.9,3694,7.9,4.7,733,Education
U11475,19,Male,Jaipur,Apple,Android,6.6,49.5,237.4,77,3.9,4811,5.0,1.9,1828,Education
U11476,25,Male,Jaipur,Xiaomi,iOS,5.9,9.8,94.9,127,4.6,5577,5.6,2.3,1944,Social Media
U11477,25,Other,Pune,Vivo,Android,7.7,33.6,74.2,153,6.0,316,6.5,2.3,793,Entertainment
U11478,36,Other,Kolkata,Nokia,Android,10.6,47.1,213.7,159,2.7,2573,3.7,1.3,597,Entertainment
U11479,59,Male,Chennai,Realme,iOS,8.9,8.3,63.2,156,3.5,1850,5.7,2.8,837,Gaming
U11480,46,Female,Chennai,Samsung,Android,2.7,42.1,156.5,88,1.5,7641,2.0,4.3,1997,Social Media
U11481,59,Female,Mumbai,OnePlus,Android,10.1,3.1,198.3,187,5.9,3492,6.9,2.8,404,Gaming
U11482,47,Female,Ahmedabad,Apple,Android,8.5,14.1,224.9,105,1.2,7859,7.7,0.5,1358,Entertainment
U11483,46,Male,Delhi,Samsung,iOS,5.8,47.5,262.8,43,5.3,7699,1.3,4.3,1366,Work
U11484,49,Female,Lucknow,Samsung,Android,2.5,47.2,169.1,166,3.1,7748,0.9,1.4,1718,Gaming
U11485,33,Male,Kolkata,Nokia,iOS,2.3,11.4,25.5,74,0.8,9833,7.1,3.1,1301,Work
U11486,45,Male,Delhi,Motorola,Android,6.0,34.2,247.8,99,5.0,928,6.8,0.1,562,Entertainment
U11487,58,Male,Mumbai,Motorola,Android,1.4,27.3,161.3,17,1.6,3466,6.8,3.9,391,Work
U11488,46,Other,Hyderabad,Vivo,iOS,9.3,20.4,166.4,176,3.1,5146,8.0,4.9,566,Work
U11489,53,Male,Ahmedabad,Realme,Android,8.1,35.2,227.1,87,4.1,6710,0.9,3.0,935,Social Media
U11490,25,Other,Delhi,Xiaomi,iOS,5.4,10.6,63.7,118,2.8,4005,5.1,0.4,236,Gaming
U11491,58,Female,Pune,Xiaomi,Android,8.1,2.3,62.4,184,5.7,7745,1.2,2.7,1691,Work
U11492,53,Female,Lucknow,Motorola,iOS,8.0,12.4,289.3,76,5.4,2685,2.0,3.4,130,Social Media
U11493,52,Other,Pune,Xiaomi,Android,9.9,32.1,181.6,150,4.6,5907,2.5,3.3,509,Gaming
U11494,30,Male,Pune,Samsung,Android,6.3,14.4,60.1,45,0.6,1232,7.2,4.7,416,Gaming
U11495,37,Female,Pune,Apple,Android,9.1,23.7,281.7,186,0.8,6018,1.0,4.8,353,Entertainment
U11496,33,Other,Chennai,Samsung,iOS,1.9,6.1,36.0,16,5.2,4771,1.8,1.6,598,Work
U11497,23,Male,Mumbai,Motorola,iOS,4.3,16.2,94.2,13,5.3,1839,2.8,0.8,945,Entertainment
U11498,20,Other,Pune,OnePlus,iOS,5.9,46.0,156.8,54,4.8,304,3.4,4.2,765,Entertainment
U11499,34,Male,Hyderabad,Xiaomi,Android,3.1,14.8,100.9,144,5.2,5624,3.6,2.4,1414,Work
U11500,39,Male,Pune,Nokia,Android,10.8,26.9,104.6,69,5.0,5152,5.2,0.4,319,Education
U11501,42,Female,Chennai,Xiaomi,iOS,6.2,7.4,34.8,47,3.8,9916,5.7,0.9,406,Work
U11502,41,Female,Mumbai,Xiaomi,iOS,3.0,22.7,70.7,43,2.8,2558,3.8,1.4,1055,Work
U11503,39,Other,Mumbai,Oppo,iOS,10.5,40.1,183.0,77,0.6,2156,7.1,3.0,277,Gaming
U11504,16,Other,Lucknow,Oppo,Android,3.4,42.6,42.3,185,2.1,6273,2.0,1.5,145,Entertainment
U11505,21,Male,Pune,Oppo,iOS,9.4,4.7,127.4,146,1.2,164,1.2,1.6,967,Gaming
U11506,40,Other,Bangalore,OnePlus,iOS,8.4,49.4,52.0,90,2.7,8057,7.2,1.6,1620,Gaming
U11507,57,Male,Bangalore,Samsung,iOS,7.2,11.5,235.6,139,3.2,3112,0.7,2.4,1984,Education
U11508,34,Female,Pune,OnePlus,iOS,2.2,28.6,172.7,131,4.1,8662,6.5,3.6,1644,Education
U11509,38,Male,Ahmedabad,Samsung,iOS,2.7,8.8,147.6,123,1.3,642,4.3,4.0,1591,Entertainment
U11510,54,Male,Ahmedabad,Google Pixel,iOS,6.8,33.4,125.7,47,3.6,3434,7.9,4.8,1274,Social Media
U11511,44,Female,Chennai,Samsung,Android,1.4,39.7,30.8,53,2.7,8874,5.9,3.0,782,Gaming
U11512,17,Female,Jaipur,Realme,iOS,10.1,16.4,61.9,183,1.0,6559,5.9,4.7,1737,Gaming
U11513,58,Male,Kolkata,Xiaomi,iOS,10.4,11.5,266.1,44,2.5,3731,5.7,5.0,659,Social Media
U11514,27,Male,Mumbai,OnePlus,Android,3.7,44.3,143.9,90,4.8,9129,6.5,4.0,1245,Education
U11515,20,Female,Lucknow,Vivo,iOS,4.2,34.6,82.3,23,5.6,1741,5.3,0.9,1433,Social Media
U11516,33,Other,Bangalore,Realme,iOS,4.6,41.8,146.7,96,3.6,3943,1.9,0.2,1806,Work
U11517,31,Male,Lucknow,Oppo,iOS,4.1,16.8,18.9,63,5.5,1273,5.5,1.9,1899,Social Media
U11518,22,Male,Delhi,Samsung,Android,4.6,28.6,156.7,90,1.9,8945,4.9,1.1,1857,Social Media
U11519,27,Male,Jaipur,Google Pixel,Android,7.1,27.8,103.0,23,4.2,8474,4.1,2.5,1278,Social Media
U11520,58,Other,Chennai,Google Pixel,iOS,2.2,44.5,191.9,73,4.4,5696,7.1,3.0,286,Social Media
U11521,60,Other,Delhi,Vivo,Android,7.4,43.3,158.0,107,1.3,5130,6.1,4.0,421,Social Media
U11522,30,Male,Delhi,Vivo,iOS,11.8,48.5,120.6,130,3.0,4565,6.4,1.8,238,Work
U11523,31,Other,Kolkata,Google Pixel,Android,1.2,11.3,212.4,11,1.8,2350,4.3,4.7,1901,Social Media
U11524,31,Male,Pune,Google Pixel,Android,10.7,44.3,165.7,122,0.7,5576,2.3,2.9,1587,Entertainment
U11525,28,Other,Bangalore,Google Pixel,Android,5.1,29.5,84.7,200,0.8,5462,2.6,3.7,1654,Social Media
U11526,16,Male,Lucknow,Xiaomi,Android,11.2,44.0,114.8,86,4.3,472,6.9,4.9,186,Education
U11527,26,Other,Jaipur,Vivo,Android,2.4,48.8,185.1,174,0.5,6519,0.7,3.4,335,Work
U11528,30,Other,Mumbai,Motorola,Android,3.8,12.5,99.5,109,5.6,6204,3.0,0.3,1198,Education
U11529,33,Male,Ahmedabad,Motorola,Android,8.6,20.7,46.5,156,1.6,507,2.9,0.1,1870,Social Media
U11530,56,Male,Bangalore,Vivo,Android,9.9,25.5,76.9,200,3.0,3013,2.5,1.8,419,Education
U11531,52,Female,Pune,Google Pixel,iOS,10.7,17.4,151.5,14,4.7,8501,3.7,4.1,1439,Social Media
U11532,41,Other,Mumbai,Oppo,Android,5.0,32.5,215.8,131,3.6,6470,6.3,0.7,774,Social Media
U11533,58,Other,Ahmedabad,Oppo,iOS,7.5,5.8,221.6,117,4.7,6876,7.7,0.8,1942,Gaming
U11534,48,Female,Kolkata,Samsung,iOS,1.7,40.1,199.1,178,2.0,9717,2.7,3.3,947,Work
U11535,22,Female,Jaipur,Oppo,iOS,2.5,30.5,138.9,78,3.0,279,5.9,4.3,1878,Work
U11536,51,Other,Kolkata,Xiaomi,Android,9.9,46.6,61.7,87,2.6,6539,6.3,3.7,1049,Entertainment
U11537,16,Male,Delhi,Samsung,Android,4.3,10.1,178.4,178,0.8,6323,5.8,0.7,1523,Gaming
U11538,57,Male,Ahmedabad,OnePlus,Android,8.9,48.5,278.1,159,2.9,1193,6.5,2.3,1354,Social Media
U11539,16,Male,Bangalore,OnePlus,Android,1.4,25.2,173.6,12,5.3,4443,3.2,3.9,336,Gaming
U11540,25,Other,Mumbai,Xiaomi,Android,6.5,32.1,27.3,196,3.1,1837,1.1,1.3,1086,Entertainment
U11541,36,Female,Hyderabad,Samsung,Android,2.4,19.5,231.7,179,1.1,8467,4.0,3.1,1262,Entertainment
U11542,16,Other,Jaipur,Motorola,iOS,11.8,19.4,297.3,141,5.6,2385,7.8,1.4,218,Social Media
U11543,36,Male,Kolkata,Nokia,Android,8.1,39.6,102.0,14,5.1,9471,2.2,4.2,482,Social Media
U11544,48,Other,Chennai,Samsung,iOS,11.1,10.3,196.8,49,2.9,6808,6.2,0.7,873,Entertainment
U11545,17,Other,Kolkata,OnePlus,Android,9.7,12.9,282.0,35,1.1,1701,2.5,2.1,283,Gaming
U11546,44,Female,Jaipur,Oppo,iOS,9.8,11.4,125.7,146,1.4,4789,4.2,3.9,981,Gaming
U11547,55,Other,Lucknow,Oppo,iOS,1.2,21.3,108.4,140,1.1,1815,2.2,1.4,1754,Entertainment
U11548,22,Other,Lucknow,OnePlus,Android,3.9,6.4,269.1,106,4.7,6596,0.9,3.4,1226,Social Media
U11549,52,Female,Jaipur,Motorola,Android,8.7,12.7,56.7,73,3.0,6419,3.3,4.2,1445,Gaming
U11550,20,Male,Lucknow,OnePlus,iOS,1.4,47.8,212.6,77,5.4,572,0.7,1.1,293,Entertainment
U11551,17,Female,Jaipur,Realme,iOS,1.9,42.3,297.7,126,5.7,8351,2.0,0.5,1397,Gaming
U11552,26,Other,Pune,Vivo,iOS,11.6,36.2,192.7,106,5.2,4510,4.8,1.9,558,Social Media
U11553,53,Other,Jaipur,Apple,Android,7.9,13.2,14.4,52,6.0,6779,2.3,1.1,1814,Social Media
U11554,18,Other,Pune,OnePlus,Android,4.1,6.9,204.5,170,4.7,1010,7.1,2.4,1281,Education
U11555,23,Male,Ahmedabad,Oppo,Android,7.7,5.7,156.5,125,2.5,9212,0.7,4.1,898,Work
U11556,43,Female,Mumbai,Nokia,iOS,5.3,28.6,17.3,140,0.7,8651,7.0,3.0,1363,Gaming
U11557,47,Female,Ahmedabad,Google Pixel,Android,10.7,10.3,231.6,113,5.6,5699,3.2,2.5,1598,Entertainment
U11558,49,Female,Ahmedabad,Motorola,Android,10.9,41.3,252.6,57,0.8,8751,2.7,1.3,616,Entertainment
U11559,27,Other,Jaipur,Oppo,iOS,10.1,48.8,75.1,74,3.6,6596,5.1,2.0,349,Education
U11560,54,Other,Bangalore,Realme,iOS,9.5,40.2,89.4,63,4.7,2859,3.1,2.1,1290,Social Media
U11561,19,Female,Jaipur,OnePlus,Android,6.1,2.8,185.9,130,1.4,8055,4.6,2.8,1342,Gaming
U11562,46,Male,Delhi,OnePlus,iOS,3.6,18.0,151.1,184,0.6,8688,6.6,4.6,1651,Gaming
U11563,51,Male,Hyderabad,Motorola,Android,6.4,1.3,114.8,186,2.2,6814,3.6,1.0,1208,Social Media
U11564,18,Female,Delhi,Realme,iOS,9.0,14.6,194.9,55,2.2,6452,2.8,2.1,1731,Work
U11565,31,Other,Bangalore,Google Pixel,Android,2.3,45.1,111.5,137,5.5,8632,4.4,4.5,1507,Education
U11566,53,Other,Lucknow,OnePlus,Android,10.0,8.2,117.7,127,2.4,2021,3.9,0.4,116,Social Media
U11567,59,Male,Kolkata,Motorola,Android,4.9,24.1,236.4,190,5.8,6529,7.6,1.1,1492,Work
U11568,21,Male,Chennai,Apple,Android,9.2,32.3,170.7,177,2.0,9453,3.6,3.2,300,Gaming
U11569,41,Female,Mumbai,Samsung,Android,5.4,11.1,293.4,122,4.8,4656,0.6,3.4,1231,Entertainment
U11570,48,Other,Kolkata,Realme,iOS,1.6,32.7,19.0,143,1.6,2797,2.8,1.4,728,Education
U11571,52,Male,Ahmedabad,Vivo,iOS,11.1,2.7,198.8,133,3.1,3483,0.5,3.4,1080,Entertainment
U11572,41,Male,Pune,Apple,Android,9.0,12.0,27.5,50,3.8,5290,3.0,0.0,156,Gaming
U11573,35,Female,Kolkata,Google Pixel,Android,4.3,19.3,212.0,37,3.0,9996,7.2,0.1,804,Education
U11574,34,Female,Kolkata,Motorola,Android,10.9,47.1,164.9,61,5.1,9085,3.8,1.0,1590,Entertainment
U11575,60,Other,Chennai,Vivo,iOS,3.9,10.4,101.1,140,4.6,3823,2.6,0.2,1505,Education
U11576,18,Male,Mumbai,Apple,Android,10.2,16.2,226.3,83,3.9,3513,4.9,2.0,1333,Entertainment
U11577,58,Male,Kolkata,Apple,iOS,3.3,48.3,167.7,153,4.2,4557,2.8,4.8,1218,Work
U11578,45,Female,Chennai,OnePlus,iOS,1.6,16.6,116.2,144,2.0,3385,5.2,0.2,591,Education
U11579,18,Male,Delhi,Samsung,iOS,1.6,36.9,234.2,51,2.0,358,5.6,0.2,1021,Education
U11580,18,Male,Hyderabad,Motorola,Android,5.5,40.9,91.6,192,3.3,2967,5.6,1.4,258,Social Media
U11581,51,Other,Lucknow,Realme,iOS,4.0,13.3,248.9,48,3.5,5718,7.3,2.2,1724,Education
U11582,59,Other,Kolkata,Realme,Android,9.6,12.9,105.4,131,2.1,9101,1.5,3.5,1722,Social Media
U11583,39,Other,Jaipur,Google Pixel,iOS,3.3,23.0,221.7,116,2.0,5005,7.9,1.5,254,Social Media
U11584,36,Other,Hyderabad,OnePlus,Android,8.7,10.9,115.6,165,2.4,5191,3.6,1.4,1390,Gaming
U11585,35,Female,Jaipur,Google Pixel,iOS,11.3,33.6,34.7,160,0.8,1947,3.8,2.2,1458,Gaming
U11586,41,Female,Kolkata,OnePlus,iOS,2.9,32.8,289.3,92,3.3,9728,5.0,3.4,496,Education
U11587,40,Female,Delhi,Google Pixel,iOS,9.8,28.8,170.6,128,3.7,9020,2.6,0.4,681,Education
U11588,40,Other,Mumbai,Google Pixel,iOS,10.2,25.6,110.9,150,5.3,9118,5.3,1.8,1813,Social Media
U11589,60,Female,Bangalore,Samsung,Android,6.5,22.3,248.2,138,1.7,7716,6.5,3.7,1871,Entertainment
U11590,25,Male,Delhi,Realme,Android,1.6,47.4,14.4,192,3.3,9179,4.7,1.2,1908,Work
U11591,16,Other,Chennai,OnePlus,iOS,9.6,38.2,137.6,158,3.6,7243,0.9,0.7,158,Work
U11592,48,Other,Ahmedabad,Xiaomi,Android,9.7,11.7,174.7,151,4.5,9755,2.2,2.9,375,Education
U11593,27,Other,Kolkata,Apple,Android,5.2,21.6,211.9,134,5.5,8286,4.4,3.3,528,Social Media
U11594,43,Female,Hyderabad,Google Pixel,Android,10.1,5.7,280.2,48,2.0,9510,5.8,0.3,590,Social Media
U11595,22,Female,Mumbai,Motorola,Android,8.6,22.4,40.2,21,4.4,5249,0.9,0.6,649,Education
U11596,55,Male,Mumbai,OnePlus,iOS,10.3,43.4,37.9,179,0.8,6427,0.8,0.9,1546,Social Media
U11597,33,Female,Pune,Vivo,iOS,11.5,1.7,191.1,106,2.7,6214,0.6,4.9,216,Social Media
U11598,45,Male,Ahmedabad,Google Pixel,Android,4.6,17.1,239.0,176,0.9,2947,6.1,0.4,1773,Social Media
U11599,37,Male,Lucknow,Nokia,Android,10.3,43.8,34.2,87,4.0,7333,6.2,2.4,1096,Education
U11600,39,Female,Pune,Xiaomi,Android,3.4,18.3,231.9,55,2.2,6155,7.0,2.5,1818,Gaming
U11601,41,Other,Jaipur,Oppo,Android,3.2,18.0,33.5,15,5.9,9765,6.4,2.3,319,Entertainment
U11602,28,Other,Bangalore,Apple,Android,3.5,32.1,40.3,107,2.3,1818,1.9,2.9,402,Entertainment
U11603,44,Male,Delhi,OnePlus,iOS,3.3,13.4,172.5,145,4.6,5174,2.1,4.4,1895,Work
U11604,53,Male,Mumbai,Vivo,iOS,2.8,14.9,159.3,84,3.0,2665,2.8,2.9,1459,Gaming
U11605,48,Female,Kolkata,OnePlus,iOS,3.8,43.4,8.6,85,3.2,4944,3.4,4.1,973,Work
U11606,58,Other,Kolkata,Apple,Android,10.0,40.4,260.7,168,2.9,3603,2.9,3.2,825,Work
U11607,46,Male,Mumbai,Samsung,iOS,9.8,44.8,23.5,45,5.3,2123,4.7,4.1,1878,Work
U11608,20,Male,Kolkata,Nokia,iOS,8.4,14.2,245.8,19,5.2,2094,3.9,3.3,687,Education
U11609,55,Other,Delhi,Xiaomi,iOS,4.1,20.2,110.7,67,0.7,5443,4.1,0.2,540,Social Media
U11610,23,Other,Jaipur,Samsung,Android,7.5,49.3,284.2,160,3.0,3054,5.4,0.5,971,Gaming
U11611,32,Female,Kolkata,OnePlus,Android,2.7,4.6,118.3,148,3.9,2643,1.0,1.9,554,Social Media
U11612,54,Female,Pune,Motorola,Android,10.5,27.6,210.5,186,4.0,2478,1.2,2.2,984,Education
U11613,30,Female,Mumbai,Google Pixel,iOS,1.9,21.1,292.0,139,1.5,3493,4.9,2.7,235,Gaming
U11614,15,Female,Bangalore,Google Pixel,Android,3.5,49.2,234.8,104,4.4,7373,0.9,3.1,1939,Gaming
U11615,60,Male,Ahmedabad,Realme,Android,7.9,20.9,128.2,125,3.3,6418,4.3,2.3,1352,Education
U11616,33,Female,Pune,OnePlus,Android,10.6,28.0,52.6,91,5.1,8203,3.8,4.7,1778,Gaming
U11617,43,Male,Mumbai,Realme,iOS,5.6,45.4,176.1,196,5.3,9976,4.9,4.8,1765,Gaming
U11618,37,Male,Mumbai,Google Pixel,Android,9.4,36.2,221.8,39,4.3,712,0.7,2.8,1327,Work
U11619,26,Male,Hyderabad,Google Pixel,Android,2.8,17.1,181.6,111,5.3,2595,1.1,3.5,1896,Entertainment
U11620,50,Other,Jaipur,Motorola,Android,2.4,7.0,30.4,122,3.8,1759,5.1,2.9,1493,Gaming
U11621,55,Female,Lucknow,Xiaomi,Android,11.9,33.7,100.3,132,0.9,6322,5.2,3.6,1770,Social Media
U11622,26,Male,Pune,OnePlus,Android,5.6,42.0,229.9,194,5.1,5339,3.1,0.5,1863,Work
U11623,49,Female,Jaipur,Nokia,iOS,11.5,3.9,270.9,77,1.6,9579,4.4,2.5,902,Gaming
U11624,60,Male,Lucknow,Samsung,iOS,2.8,35.4,208.4,171,2.3,7468,5.9,3.9,1853,Work
U11625,15,Female,Mumbai,Apple,Android,9.3,14.7,167.6,109,2.8,6830,4.6,2.7,986,Social Media
U11626,57,Other,Kolkata,OnePlus,Android,2.2,48.0,80.6,194,1.9,7875,2.8,2.6,1270,Entertainment
U11627,44,Other,Delhi,OnePlus,iOS,11.0,9.7,127.5,70,5.0,1770,5.0,1.8,1147,Entertainment
U11628,56,Male,Bangalore,Oppo,iOS,3.2,44.6,187.6,99,6.0,5190,2.7,3.5,1299,Social Media
U11629,45,Female,Chennai,Google Pixel,iOS,9.5,33.9,227.3,50,2.3,1483,2.3,2.7,490,Entertainment
U11630,29,Male,Jaipur,Xiaomi,Android,6.0,35.3,98.0,139,3.0,736,5.6,1.8,1611,Social Media
U11631,16,Other,Jaipur,Xiaomi,iOS,9.2,2.6,251.7,184,4.2,8775,4.1,1.0,1708,Education
U11632,58,Female,Mumbai,Oppo,iOS,10.1,29.5,59.4,134,1.9,4139,5.1,0.9,350,Gaming
U11633,40,Other,Delhi,Xiaomi,Android,10.7,12.3,76.8,149,0.7,3758,2.0,0.1,1262,Gaming
U11634,46,Male,Mumbai,Google Pixel,Android,7.5,25.4,83.1,145,4.3,4502,3.3,3.1,943,Social Media
U11635,16,Male,Jaipur,Xiaomi,iOS,10.2,29.9,231.4,149,3.5,1632,7.5,1.1,526,Education
U11636,49,Male,Lucknow,Realme,Android,10.1,41.7,216.7,65,2.6,1522,5.7,3.6,1623,Work
U11637,60,Other,Bangalore,Vivo,iOS,1.5,36.5,99.7,149,5.6,9854,0.9,1.5,1907,Gaming
U11638,15,Male,Bangalore,OnePlus,Android,6.2,45.0,56.4,119,1.4,8387,6.2,3.0,1842,Education
U11639,58,Male,Ahmedabad,Apple,iOS,5.5,19.3,107.7,168,0.6,6734,7.3,2.8,1118,Social Media
U11640,28,Male,Delhi,Vivo,Android,1.0,9.6,73.6,82,4.7,4812,2.2,1.3,386,Education
U11641,32,Male,Pune,Oppo,Android,9.1,43.3,113.3,177,3.7,7267,4.5,1.4,1172,Gaming
U11642,37,Male,Pune,Samsung,Android,10.9,33.0,164.1,167,1.7,6589,5.5,4.7,1430,Work
U11643,42,Female,Hyderabad,Motorola,iOS,10.3,5.6,204.3,111,0.7,4554,1.4,3.2,1257,Gaming
U11644,37,Male,Bangalore,OnePlus,Android,1.4,8.5,247.0,69,5.8,6790,1.7,2.2,400,Social Media
U11645,53,Other,Hyderabad,Realme,Android,2.0,44.3,138.7,156,1.3,8848,0.6,0.5,510,Education
U11646,41,Female,Lucknow,Motorola,Android,1.7,44.1,202.3,162,3.5,5649,5.1,4.8,914,Education
U11647,56,Female,Jaipur,Oppo,iOS,4.5,17.3,181.4,31,4.6,6309,1.9,5.0,766,Social Media
U11648,43,Female,Kolkata,Samsung,iOS,10.2,5.3,136.1,87,1.2,9113,2.4,3.1,1685,Education
U11649,34,Male,Ahmedabad,Apple,iOS,3.0,20.3,22.4,129,1.7,7010,2.6,0.9,1022,Social Media
U11650,16,Male,Mumbai,Samsung,Android,2.6,44.8,174.2,32,2.7,428,2.2,4.4,265,Education
U11651,24,Other,Jaipur,Motorola,Android,5.3,42.5,279.6,43,5.9,1487,0.7,1.5,1853,Gaming
U11652,52,Other,Lucknow,Samsung,Android,4.3,6.5,231.8,169,0.6,9782,4.5,0.1,339,Gaming
U11653,53,Other,Kolkata,Samsung,iOS,10.5,5.0,135.7,14,5.8,7592,2.2,0.9,1858,Work
U11654,53,Male,Pune,OnePlus,Android,10.0,3.1,12.0,74,1.8,7335,2.5,2.8,615,Work
U11655,26,Male,Bangalore,Oppo,Android,5.9,4.9,246.0,44,3.4,1541,4.7,4.9,1101,Education
U11656,54,Male,Pune,Motorola,iOS,4.3,30.9,264.0,73,2.8,8634,4.6,2.9,846,Work
U11657,23,Other,Delhi,Google Pixel,iOS,6.0,20.1,295.2,155,1.0,6833,0.6,1.0,839,Education
U11658,25,Male,Lucknow,Motorola,iOS,9.9,44.1,41.7,119,4.0,5111,2.0,4.7,1337,Social Media
U11659,52,Other,Jaipur,Samsung,iOS,9.6,22.0,20.9,193,0.9,622,7.5,1.5,1362,Education
U11660,33,Other,Pune,Realme,iOS,4.4,41.9,153.8,15,3.3,7214,7.2,3.9,1670,Entertainment
U11661,41,Other,Bangalore,Realme,Android,9.4,47.7,239.5,108,2.1,6624,6.2,3.5,780,Social Media
U11662,57,Male,Bangalore,Vivo,iOS,6.3,20.9,157.5,160,4.6,2866,1.3,1.7,1259,Social Media
U11663,60,Female,Bangalore,Google Pixel,iOS,10.5,36.0,261.9,10,1.4,8756,3.9,0.8,780,Social Media
U11664,42,Other,Jaipur,Nokia,Android,5.3,31.3,56.9,57,5.1,932,1.0,4.7,1451,Entertainment
U11665,23,Female,Pune,OnePlus,Android,3.3,36.4,276.5,143,2.7,5491,4.9,1.1,1563,Gaming
U11666,33,Male,Jaipur,OnePlus,Android,2.0,30.4,74.0,176,1.7,3837,5.4,1.6,1553,Work
U11667,48,Female,Pune,Google Pixel,Android,9.3,46.3,208.7,36,1.7,2303,3.8,1.4,834,Gaming
U11668,32,Other,Hyderabad,Motorola,Android,7.0,23.6,96.1,14,1.7,1224,3.2,1.0,1291,Social Media
U11669,28,Female,Ahmedabad,Xiaomi,iOS,10.2,2.1,44.5,65,5.9,9727,6.7,0.0,899,Gaming
U11670,31,Female,Pune,Oppo,Android,6.0,43.3,214.7,58,3.6,5985,3.3,4.9,668,Work
U11671,39,Female,Jaipur,OnePlus,Android,5.2,17.4,144.9,184,1.7,4835,0.6,0.4,966,Social Media
U11672,39,Male,Pune,Vivo,iOS,5.9,36.1,96.5,101,1.2,9392,1.1,1.7,1763,Entertainment
U11673,22,Female,Pune,Realme,Android,7.5,40.6,147.5,139,1.8,9414,0.5,1.0,289,Entertainment
U11674,25,Male,Chennai,Apple,Android,8.5,23.0,258.9,137,3.3,5297,3.0,0.2,681,Gaming
U11675,60,Other,Jaipur,Realme,iOS,7.7,40.2,273.7,174,4.0,1745,1.0,3.0,1330,Social Media
U11676,55,Female,Delhi,Google Pixel,iOS,10.0,17.0,124.5,50,4.2,2106,2.5,3.2,1023,Gaming
U11677,39,Male,Hyderabad,Vivo,Android,11.4,32.2,228.7,158,3.8,656,4.1,4.4,637,Gaming
U11678,30,Other,Jaipur,Apple,Android,3.4,31.1,91.9,158,4.6,7398,2.0,0.4,297,Work
U11679,59,Female,Hyderabad,Samsung,iOS,7.0,3.9,226.3,155,3.4,3629,4.7,4.4,984,Social Media
U11680,36,Other,Kolkata,Motorola,iOS,2.1,6.5,288.6,168,1.2,7326,7.6,0.8,464,Work
U11681,57,Other,Ahmedabad,Google Pixel,Android,8.0,9.4,79.3,53,4.6,7930,2.0,4.2,735,Entertainment
U11682,33,Female,Mumbai,Xiaomi,Android,3.0,4.3,209.1,78,3.9,972,7.7,0.9,625,Education
U11683,44,Male,Jaipur,Vivo,iOS,9.8,6.1,127.8,188,2.9,5300,1.6,2.1,1079,Education
U11684,17,Male,Mumbai,Vivo,Android,8.6,21.4,256.2,123,1.7,5528,2.5,4.0,1568,Work
U11685,59,Female,Bangalore,Oppo,Android,4.7,46.1,143.4,109,1.6,3824,3.8,2.5,1460,Gaming
U11686,32,Male,Jaipur,OnePlus,Android,10.4,45.5,281.0,29,4.2,2697,5.0,1.5,340,Education
U11687,53,Other,Kolkata,Samsung,iOS,11.0,9.4,114.9,110,3.6,2461,5.5,4.7,1678,Gaming
U11688,58,Male,Jaipur,Apple,Android,11.2,19.4,68.9,191,5.6,5595,6.7,4.9,1200,Education
U11689,18,Other,Chennai,Vivo,iOS,11.5,38.0,123.5,160,1.9,3803,1.1,0.2,1024,Entertainment
U11690,15,Male,Hyderabad,Oppo,iOS,1.4,13.3,79.9,143,1.0,6090,4.1,3.3,1322,Education
U11691,26,Male,Kolkata,Samsung,Android,1.8,43.2,265.6,141,3.3,5580,4.0,3.7,829,Work
U11692,16,Female,Mumbai,Realme,Android,9.6,10.4,213.1,133,5.3,6519,2.5,3.6,1650,Work
U11693,32,Male,Kolkata,Google Pixel,Android,9.6,47.4,122.7,21,2.1,4751,7.0,4.8,1902,Education
U11694,45,Female,Bangalore,Samsung,Android,10.5,12.8,78.0,88,1.2,1630,2.5,3.2,1320,Social Media
U11695,22,Other,Lucknow,Vivo,Android,10.8,39.7,69.1,14,4.4,9176,3.5,1.0,513,Social Media
U11696,21,Female,Jaipur,Vivo,iOS,5.3,43.9,47.2,37,3.4,4450,0.6,0.6,441,Education
U11697,20,Other,Hyderabad,OnePlus,iOS,3.8,40.9,176.2,127,5.9,4334,7.6,2.4,1019,Education
U11698,44,Male,Chennai,Vivo,iOS,5.0,44.1,286.5,20,0.8,1441,7.7,1.7,476,Gaming
U11699,25,Female,Hyderabad,OnePlus,Android,5.6,22.4,18.0,59,1.3,1860,3.9,0.4,748,Education
U11700,21,Female,Bangalore,OnePlus,Android,3.4,34.7,17.7,170,3.3,7677,5.6,3.1,462,Social Media
U11701,37,Other,Hyderabad,Oppo,iOS,10.0,35.9,159.1,172,1.0,4929,8.0,2.1,592,Entertainment
U11702,58,Other,Lucknow,Realme,iOS,8.9,5.0,124.3,34,5.6,4524,1.2,3.3,456,Entertainment
U11703,24,Female,Hyderabad,Apple,iOS,1.7,1.1,70.5,180,3.3,2896,4.9,3.0,1724,Education
U11704,33,Other,Mumbai,Google Pixel,iOS,2.6,33.7,208.3,97,3.6,1611,1.4,1.1,291,Gaming
U11705,27,Male,Lucknow,Realme,Android,3.6,30.3,229.6,26,3.8,3569,2.7,3.6,174,Work
U11706,34,Male,Bangalore,Apple,Android,8.2,28.3,111.6,25,4.7,3625,6.4,4.1,354,Education
U11707,47,Male,Kolkata,OnePlus,Android,2.5,46.8,204.6,16,5.2,7173,5.6,2.6,1992,Social Media
U11708,32,Male,Bangalore,Realme,Android,7.6,1.5,299.5,196,4.2,3954,7.2,2.5,1965,Social Media
U11709,26,Female,Bangalore,Apple,Android,8.5,29.3,122.9,31,5.6,1831,1.7,3.2,144,Social Media
U11710,34,Other,Lucknow,Vivo,iOS,11.7,11.2,162.9,144,4.1,9004,3.1,2.0,775,Gaming
U11711,23,Female,Bangalore,Google Pixel,iOS,6.5,48.6,207.8,47,1.4,9666,0.8,4.1,1576,Work
U11712,43,Female,Chennai,Xiaomi,Android,9.7,15.9,124.4,82,5.0,2054,7.5,3.4,1559,Education
U11713,29,Female,Mumbai,Samsung,iOS,9.5,7.3,170.6,56,1.1,4468,5.8,2.3,1282,Work
U11714,55,Other,Delhi,Realme,Android,10.8,28.4,19.2,183,2.6,9111,3.6,3.4,488,Education
U11715,39,Male,Hyderabad,Google Pixel,iOS,11.4,19.5,16.9,199,5.8,6030,3.3,3.9,929,Social Media
U11716,52,Other,Kolkata,OnePlus,iOS,2.0,31.2,182.8,108,4.8,3498,7.6,3.5,1596,Work
U11717,30,Female,Hyderabad,Apple,iOS,6.4,1.6,206.3,166,2.6,1861,6.9,1.7,637,Work
U11718,51,Male,Chennai,Realme,Android,10.6,31.6,188.8,124,5.9,1435,3.3,2.5,967,Social Media
U11719,56,Female,Bangalore,Xiaomi,iOS,1.3,47.4,148.9,62,5.2,7765,2.3,4.5,168,Entertainment
U11720,27,Female,Mumbai,Motorola,Android,1.3,6.5,288.4,102,4.9,693,1.0,1.2,660,Social Media
U11721,49,Female,Delhi,Realme,iOS,6.1,21.8,139.4,117,5.9,6697,7.9,0.8,1039,Gaming
U11722,58,Female,Ahmedabad,Nokia,iOS,10.2,15.5,104.9,144,5.6,5918,2.5,3.9,1233,Entertainment
U11723,15,Female,Bangalore,Apple,Android,9.3,45.7,234.6,97,1.8,3909,6.9,2.2,1630,Work
U11724,49,Male,Pune,Google Pixel,Android,9.1,29.8,251.0,33,0.8,2952,7.0,3.0,486,Entertainment
U11725,20,Male,Delhi,OnePlus,Android,4.5,40.0,23.2,159,1.4,8837,1.2,2.7,1766,Work
U11726,58,Other,Lucknow,Motorola,iOS,5.7,35.8,147.2,81,2.1,2407,2.8,0.8,803,Work
U11727,39,Female,Mumbai,Vivo,iOS,8.3,7.8,215.7,112,2.1,924,7.9,0.2,1801,Social Media
U11728,35,Other,Delhi,Oppo,Android,9.8,27.7,215.8,81,4.1,8847,4.1,3.4,1212,Entertainment
U11729,19,Female,Ahmedabad,Google Pixel,Android,11.4,35.4,184.8,82,2.6,6619,1.0,1.4,1560,Work
U11730,33,Other,Kolkata,OnePlus,Android,5.7,22.4,212.3,94,5.7,8746,4.8,1.1,1615,Gaming
U11731,37,Male,Lucknow,Samsung,Android,8.8,31.4,269.9,167,4.3,2264,1.1,2.8,1169,Entertainment
U11732,41,Female,Jaipur,Apple,iOS,2.6,10.4,76.6,127,1.7,7880,5.6,0.8,445,Work
U11733,55,Other,Jaipur,Oppo,iOS,4.7,18.2,178.0,89,3.6,9597,1.3,4.9,1403,Social Media
U11734,54,Female,Pune,Realme,iOS,12.0,24.4,152.8,131,5.1,8793,1.2,2.4,232,Work
U11735,59,Other,Kolkata,Xiaomi,iOS,7.0,7.8,211.3,107,1.6,8824,6.8,2.1,1501,Education
U11736,19,Other,Kolkata,OnePlus,Android,1.2,41.5,191.8,20,1.1,4037,2.6,4.2,377,Gaming
U11737,49,Male,Chennai,Nokia,iOS,9.4,34.9,60.9,99,5.1,8277,2.7,4.9,1083,Education
U11738,22,Female,Lucknow,Samsung,iOS,9.7,48.3,26.5,142,1.2,819,5.0,3.6,637,Work
U11739,38,Female,Chennai,Apple,iOS,1.3,37.5,179.3,19,1.1,9658,2.4,2.7,1256,Work
U11740,41,Other,Hyderabad,Vivo,Android,1.4,33.6,267.1,146,2.4,4776,3.0,4.8,152,Gaming
U11741,25,Other,Lucknow,Google Pixel,iOS,4.1,38.8,284.2,109,1.5,5951,3.2,4.4,1499,Work
U11742,42,Male,Ahmedabad,Google Pixel,iOS,2.7,26.2,189.4,71,4.7,9331,4.0,1.2,1789,Social Media
U11743,38,Other,Jaipur,Google Pixel,iOS,5.7,37.6,249.5,99,4.1,7038,6.4,0.8,1434,Work
U11744,18,Female,Bangalore,Samsung,iOS,5.9,20.6,66.5,110,1.8,2788,6.2,4.4,1585,Social Media
U11745,40,Male,Bangalore,Realme,Android,6.8,1.6,294.5,154,1.8,3908,3.2,0.4,1335,Work
U11746,29,Other,Delhi,Nokia,iOS,3.4,8.2,181.0,152,3.1,8241,6.1,3.4,1532,Education
U11747,48,Other,Delhi,Nokia,iOS,2.1,4.6,273.0,188,5.8,3480,1.6,4.3,602,Gaming
U11748,52,Male,Jaipur,Xiaomi,Android,8.5,25.1,271.5,66,5.0,7935,5.4,1.2,1100,Entertainment
U11749,19,Female,Hyderabad,Apple,iOS,7.2,3.1,73.3,87,2.8,5739,5.9,2.1,285,Work
U11750,22,Male,Jaipur,Apple,Android,10.9,20.3,98.8,185,5.6,9878,7.6,0.1,1085,Education
U11751,50,Male,Lucknow,Google Pixel,Android,1.6,23.2,98.4,124,3.1,7912,3.4,4.8,458,Gaming
U11752,24,Male,Pune,Realme,iOS,6.5,15.9,122.6,129,3.1,6957,3.4,3.4,816,Social Media
U11753,58,Female,Kolkata,Motorola,Android,11.2,24.9,271.5,57,3.2,2514,7.3,2.4,871,Education
U11754,31,Other,Lucknow,Samsung,Android,5.5,17.1,285.9,192,0.9,9269,2.2,0.2,1788,Social Media
U11755,44,Male,Lucknow,Realme,iOS,8.6,31.1,248.0,194,0.5,1551,1.0,2.5,936,Gaming
U11756,35,Male,Jaipur,Vivo,Android,11.9,19.8,29.6,167,5.2,7084,5.7,2.7,1903,Work
U11757,59,Other,Lucknow,Nokia,Android,7.9,47.0,103.7,71,1.9,7594,2.2,0.2,1901,Education
U11758,32,Other,Ahmedabad,Samsung,Android,11.1,16.8,104.7,17,3.5,5991,6.4,4.4,604,Gaming
U11759,59,Male,Kolkata,Nokia,Android,11.0,34.0,191.7,82,3.4,2814,1.5,0.1,604,Gaming
U11760,50,Female,Hyderabad,Realme,Android,7.3,10.6,166.1,133,3.6,5539,2.2,1.9,986,Gaming
U11761,54,Other,Hyderabad,Nokia,iOS,6.7,41.7,279.4,76,4.0,7939,2.2,0.4,440,Work
U11762,52,Other,Ahmedabad,OnePlus,Android,1.2,47.2,132.7,116,3.1,3276,2.7,2.0,1432,Social Media
U11763,15,Other,Hyderabad,Xiaomi,iOS,7.8,28.8,263.0,93,4.9,7846,6.4,1.9,1907,Education
U11764,52,Other,Chennai,OnePlus,Android,6.9,27.0,70.8,114,0.5,1895,2.7,4.7,915,Work
U11765,34,Other,Chennai,Xiaomi,iOS,8.0,1.4,25.9,180,3.5,5327,1.8,0.3,1673,Social Media
U11766,21,Female,Mumbai,Nokia,Android,2.9,10.2,197.2,64,1.5,8619,0.8,2.0,1793,Gaming
U11767,33,Female,Bangalore,Google Pixel,Android,7.9,46.5,87.3,176,3.3,3808,1.0,3.3,150,Education
U11768,55,Other,Mumbai,Vivo,Android,3.3,15.4,111.5,47,2.0,1563,1.7,4.3,697,Work
U11769,48,Male,Pune,Nokia,Android,5.7,5.2,38.2,52,5.2,8495,7.2,0.2,794,Gaming
U11770,49,Other,Ahmedabad,Motorola,iOS,9.3,32.8,112.0,122,5.8,6461,2.5,4.2,1801,Gaming
U11771,18,Other,Mumbai,Realme,Android,2.9,42.1,53.7,166,4.5,4053,5.7,3.2,1390,Work
U11772,34,Female,Hyderabad,Nokia,iOS,11.5,19.9,26.2,113,3.7,8177,7.4,3.0,651,Education
U11773,28,Other,Chennai,Oppo,Android,11.3,24.7,17.9,56,2.2,6871,7.4,4.1,1569,Education
U11774,49,Other,Chennai,Oppo,iOS,3.0,20.3,288.8,149,5.2,892,2.4,2.3,1816,Education
U11775,41,Male,Hyderabad,Xiaomi,iOS,8.3,36.2,206.7,162,2.7,281,6.0,0.5,866,Entertainment
U11776,37,Female,Pune,Oppo,iOS,2.6,6.1,137.2,133,4.9,6464,0.5,0.7,1464,Work
U11777,37,Female,Delhi,Xiaomi,iOS,9.7,22.4,146.1,70,2.7,8253,6.0,1.3,1256,Education
U11778,43,Male,Bangalore,Motorola,iOS,5.2,3.3,195.3,102,0.7,5395,5.0,0.7,1961,Social Media
U11779,52,Other,Mumbai,Oppo,Android,6.1,24.4,88.0,127,0.8,1163,7.5,3.9,1529,Work
U11780,21,Male,Kolkata,Apple,iOS,6.6,19.7,241.1,115,0.9,6085,6.9,4.9,360,Gaming
U11781,40,Female,Mumbai,Nokia,iOS,4.4,15.7,77.1,84,3.8,8013,4.3,3.7,1463,Social Media
U11782,56,Female,Hyderabad,Nokia,Android,3.6,2.7,44.8,93,0.6,2512,6.0,2.7,476,Education
U11783,53,Other,Mumbai,Motorola,iOS,4.0,35.9,261.2,54,3.7,4776,4.9,3.1,242,Social Media
U11784,35,Female,Chennai,Nokia,Android,7.6,46.6,232.9,119,2.8,6003,5.2,3.7,1994,Entertainment
U11785,52,Other,Chennai,Samsung,Android,5.7,41.7,210.9,113,2.8,2028,7.5,1.2,1933,Social Media
U11786,50,Other,Lucknow,Apple,iOS,11.2,3.2,255.7,81,2.9,1047,2.3,1.6,879,Gaming
U11787,46,Female,Kolkata,Google Pixel,Android,3.6,33.0,170.8,110,5.7,4576,5.3,2.4,1259,Social Media
U11788,30,Female,Jaipur,Motorola,Android,6.3,4.9,175.1,144,1.0,1345,5.8,0.9,1813,Education
U11789,42,Male,Ahmedabad,OnePlus,iOS,3.7,16.5,191.0,176,5.5,8878,2.4,3.8,1524,Education
U11790,25,Other,Ahmedabad,OnePlus,iOS,2.7,29.8,195.3,180,0.9,9226,5.5,0.1,329,Gaming
U11791,25,Other,Lucknow,Xiaomi,iOS,8.6,11.3,114.8,18,5.8,2213,5.9,4.8,1009,Entertainment
U11792,29,Female,Bangalore,Vivo,iOS,1.8,28.3,270.9,92,4.5,8969,4.8,3.6,1935,Work
U11793,44,Male,Kolkata,Oppo,Android,11.2,41.9,32.3,40,2.8,7013,6.7,2.5,708,Education
U11794,25,Male,Ahmedabad,Motorola,iOS,6.9,48.3,293.0,108,5.4,2185,2.7,4.3,426,Gaming
U11795,54,Male,Chennai,Oppo,Android,11.8,11.3,237.3,109,2.6,7396,4.3,2.1,206,Gaming
U11796,37,Other,Lucknow,Nokia,Android,2.1,27.4,259.1,188,1.7,7650,5.1,4.4,778,Work
U11797,28,Male,Hyderabad,Motorola,iOS,11.3,37.7,208.7,17,1.2,5550,7.7,3.1,1765,Entertainment
U11798,38,Male,Kolkata,Apple,Android,11.7,11.5,25.0,18,5.1,4912,2.4,1.0,879,Education
U11799,42,Female,Hyderabad,Xiaomi,Android,6.0,21.5,33.9,79,4.4,3256,3.9,2.7,1442,Gaming
U11800,24,Male,Kolkata,Xiaomi,iOS,6.6,13.5,178.3,56,2.2,3981,3.0,0.7,1675,Entertainment
U11801,16,Female,Ahmedabad,Realme,Android,9.3,2.4,147.1,10,4.3,6837,4.9,1.2,853,Social Media
U11802,33,Male,Hyderabad,Oppo,iOS,8.0,13.5,89.6,11,2.7,1849,1.2,4.9,1333,Education
U11803,27,Other,Jaipur,Google Pixel,iOS,8.2,37.6,65.2,186,4.5,2051,7.6,3.7,1480,Entertainment
U11804,30,Female,Delhi,Realme,Android,1.6,3.6,204.6,155,5.2,9481,7.7,2.5,120,Education
U11805,37,Other,Chennai,Samsung,iOS,11.0,36.2,195.2,146,3.9,4385,5.3,3.3,1012,Education
U11806,40,Other,Ahmedabad,OnePlus,iOS,4.2,46.9,26.0,46,1.5,4150,0.9,2.9,1502,Education
U11807,60,Other,Chennai,Vivo,Android,8.3,26.6,134.3,14,1.6,7924,6.7,3.4,212,Gaming
U11808,38,Female,Delhi,Vivo,iOS,3.4,16.3,202.2,29,3.6,9087,5.3,2.8,1092,Social Media
U11809,52,Other,Pune,Apple,Android,7.4,39.0,282.8,153,4.4,5214,4.3,5.0,1909,Gaming
U11810,20,Male,Pune,Google Pixel,iOS,4.6,40.6,55.2,51,5.4,3652,4.4,4.5,1674,Work
U11811,36,Other,Lucknow,Apple,Android,9.2,18.3,86.4,173,3.5,2213,4.0,4.8,153,Education
U11812,21,Male,Lucknow,Google Pixel,Android,12.0,7.3,243.9,40,3.7,6326,7.4,1.2,1864,Work
U11813,42,Female,Bangalore,Apple,Android,12.0,39.6,202.7,169,3.0,2899,2.3,4.8,1923,Work
U11814,49,Other,Hyderabad,Nokia,iOS,11.5,28.9,79.9,69,3.5,2652,3.3,1.6,1064,Gaming
U11815,51,Other,Ahmedabad,Google Pixel,iOS,3.6,4.0,5.3,18,3.7,2446,3.6,3.1,699,Work
U11816,34,Male,Bangalore,Vivo,iOS,1.3,10.7,92.3,60,2.7,2404,2.0,0.5,1046,Entertainment
U11817,26,Male,Jaipur,Vivo,Android,2.8,7.1,49.3,192,4.6,8799,1.1,3.6,1876,Education
U11818,24,Male,Pune,Samsung,iOS,9.3,5.9,167.5,97,2.2,5338,3.9,3.5,982,Entertainment
U11819,33,Other,Jaipur,Nokia,iOS,8.9,16.3,31.2,111,3.9,9373,1.7,3.2,1112,Education
U11820,58,Other,Pune,Samsung,iOS,1.4,22.2,108.4,91,3.5,9380,0.5,1.9,1178,Gaming
U11821,58,Male,Mumbai,Motorola,iOS,7.7,14.1,35.8,182,2.0,8113,6.0,3.4,115,Work
U11822,24,Other,Chennai,Google Pixel,Android,1.2,33.6,230.6,98,3.9,3182,6.8,4.8,1927,Gaming
U11823,25,Male,Kolkata,Nokia,iOS,4.2,32.1,12.0,144,3.7,3360,5.1,1.7,978,Entertainment
U11824,30,Other,Kolkata,Apple,iOS,12.0,7.0,275.2,13,2.8,3465,5.1,2.2,962,Entertainment
U11825,47,Female,Lucknow,Xiaomi,Android,9.6,4.0,57.0,178,4.7,4960,5.9,2.9,1618,Social Media
U11826,26,Female,Mumbai,Nokia,Android,5.4,14.2,194.8,161,0.9,1667,1.4,3.6,367,Gaming
U11827,15,Male,Ahmedabad,Nokia,Android,8.8,21.5,49.5,42,5.2,9149,3.4,1.7,1746,Education
U11828,37,Other,Delhi,Xiaomi,iOS,10.9,35.0,79.6,191,2.3,8808,5.4,0.6,1191,Education
U11829,21,Male,Mumbai,Vivo,Android,11.3,14.0,154.5,105,0.9,4943,6.4,3.6,860,Education
U11830,23,Female,Ahmedabad,Samsung,Android,7.5,38.6,131.8,165,5.0,1128,4.5,3.4,984,Social Media
U11831,56,Male,Lucknow,Xiaomi,Android,4.4,28.0,70.1,52,5.9,8986,4.2,1.0,175,Social Media
U11832,48,Female,Delhi,Apple,iOS,1.2,31.6,254.6,88,1.8,9846,7.3,0.1,685,Gaming
U11833,56,Male,Ahmedabad,Oppo,Android,4.2,38.5,105.9,186,2.1,7311,2.4,0.1,1480,Work
U11834,49,Female,Pune,Motorola,iOS,8.6,10.1,275.2,185,2.7,9035,6.0,3.1,1279,Gaming
U11835,52,Female,Hyderabad,Nokia,Android,1.5,1.4,13.4,101,4.9,6700,4.9,3.1,1272,Work
U11836,20,Other,Lucknow,Motorola,Android,3.3,6.5,55.7,174,1.2,2128,7.3,2.8,586,Social Media
U11837,37,Female,Jaipur,Motorola,Android,8.4,26.1,238.4,15,0.8,2044,6.6,1.5,969,Education
U11838,50,Other,Ahmedabad,Xiaomi,Android,11.5,45.1,60.7,166,1.4,6038,5.6,3.3,573,Work
U11839,23,Other,Jaipur,Oppo,iOS,9.9,10.7,186.7,168,1.1,108,2.2,0.6,602,Entertainment
U11840,44,Female,Hyderabad,Motorola,iOS,7.3,17.8,79.8,32,5.8,381,2.2,1.1,1483,Gaming
U11841,44,Female,Pune,Oppo,Android,4.6,41.2,75.7,132,3.9,9559,4.5,0.0,638,Work
U11842,19,Female,Chennai,Oppo,Android,9.3,28.6,67.2,22,4.0,5240,2.8,1.1,383,Entertainment
U11843,24,Male,Mumbai,OnePlus,Android,1.2,6.3,99.2,100,4.0,8953,6.3,2.2,952,Gaming
U11844,27,Other,Lucknow,Google Pixel,iOS,7.7,23.1,179.3,15,2.8,2422,4.1,4.2,1939,Social Media
U11845,39,Other,Delhi,Apple,iOS,9.0,20.4,203.3,28,5.7,4489,1.4,3.7,1472,Entertainment
U11846,49,Other,Hyderabad,Xiaomi,Android,10.4,40.0,136.3,136,5.4,9329,7.2,0.8,1600,Social Media
U11847,52,Female,Hyderabad,Realme,Android,11.4,26.8,65.7,10,5.5,2542,2.1,1.6,1872,Education
U11848,19,Male,Lucknow,Nokia,iOS,4.0,8.6,168.3,129,4.9,974,4.5,3.6,1791,Work
U11849,39,Other,Pune,Xiaomi,iOS,9.1,44.0,164.6,140,6.0,6519,3.0,3.6,924,Work
U11850,54,Male,Lucknow,Vivo,Android,2.0,2.9,39.5,15,5.5,8239,4.2,3.7,540,Work
U11851,37,Female,Ahmedabad,Realme,iOS,7.1,23.7,124.7,149,2.8,1112,5.1,2.7,605,Social Media
U11852,21,Female,Delhi,OnePlus,Android,9.8,45.8,90.4,118,3.4,1731,7.8,2.2,1875,Gaming
U11853,51,Female,Bangalore,Oppo,Android,7.4,33.7,224.3,43,2.9,6017,3.8,4.1,105,Gaming
U11854,56,Female,Hyderabad,OnePlus,Android,10.1,34.6,229.9,29,2.2,2329,0.9,1.5,1385,Social Media
U11855,34,Female,Hyderabad,Motorola,Android,7.1,35.0,159.6,147,2.6,3932,3.3,4.2,1354,Entertainment
U11856,54,Female,Pune,Motorola,Android,9.7,36.0,216.9,169,1.4,2412,6.9,3.5,1669,Work
U11857,42,Female,Hyderabad,Nokia,iOS,8.6,11.8,29.3,30,3.2,4804,5.6,2.5,1958,Work
U11858,28,Other,Delhi,Nokia,Android,6.1,15.8,207.5,100,2.4,8651,2.1,1.5,505,Entertainment
U11859,31,Female,Lucknow,Vivo,iOS,6.2,27.5,252.0,171,3.1,2622,4.5,0.2,404,Education
U11860,15,Female,Kolkata,Vivo,Android,6.3,25.6,126.7,32,1.9,6854,6.4,3.5,345,Education
U11861,49,Male,Bangalore,Nokia,iOS,10.5,9.3,126.5,87,5.6,4640,4.0,4.5,1391,Entertainment
U11862,49,Male,Lucknow,Motorola,Android,11.4,26.1,274.4,136,4.2,2537,2.7,1.2,1364,Education
U11863,32,Male,Pune,Xiaomi,iOS,2.5,2.7,276.2,173,5.4,6522,5.1,3.0,1645,Education
U11864,24,Female,Jaipur,Realme,Android,3.0,19.0,254.9,103,2.1,9520,4.9,0.8,316,Work
U11865,18,Male,Mumbai,Apple,iOS,4.1,49.6,273.9,19,3.9,5000,2.9,4.3,917,Education
U11866,44,Male,Hyderabad,Oppo,Android,7.0,20.9,182.2,91,5.5,5200,1.8,2.0,156,Social Media
U11867,21,Male,Ahmedabad,Realme,Android,1.7,8.5,135.4,184,0.6,7937,4.7,3.9,1929,Work
U11868,19,Other,Kolkata,Apple,iOS,1.8,2.2,204.3,182,4.8,885,0.9,0.6,1656,Entertainment
U11869,42,Male,Kolkata,Xiaomi,iOS,10.1,26.2,27.9,65,4.1,8361,3.2,0.3,1298,Gaming
U11870,33,Female,Lucknow,OnePlus,iOS,10.7,6.5,32.5,145,3.4,549,1.3,2.4,655,Entertainment
U11871,46,Other,Pune,Vivo,iOS,11.5,49.2,91.6,147,4.3,3292,4.3,4.4,312,Work
U11872,46,Female,Kolkata,Motorola,Android,7.8,28.9,249.9,138,1.2,5664,5.7,4.4,337,Work
U11873,33,Male,Lucknow,Xiaomi,Android,10.6,33.5,38.1,191,2.7,3949,4.0,1.3,134,Entertainment
U11874,46,Other,Ahmedabad,Google Pixel,iOS,7.9,9.3,84.4,167,3.7,738,1.7,0.7,996,Social Media
U11875,52,Male,Pune,Apple,iOS,8.9,8.2,174.8,182,5.0,7643,5.3,1.7,1383,Social Media
U11876,41,Other,Hyderabad,Nokia,iOS,4.8,48.9,33.4,146,0.7,714,3.6,1.1,1913,Education
U11877,47,Male,Hyderabad,Xiaomi,Android,5.5,31.2,274.2,173,2.4,5672,2.4,2.3,1252,Work
U11878,23,Male,Delhi,Xiaomi,Android,11.4,43.0,192.5,145,1.6,2820,3.2,1.3,1868,Social Media
U11879,38,Other,Lucknow,Xiaomi,iOS,1.1,34.2,231.0,180,2.2,4447,3.3,1.0,1415,Work
U11880,15,Female,Kolkata,Oppo,Android,7.8,35.9,171.6,190,3.4,7810,1.7,0.6,942,Social Media
U11881,48,Male,Pune,Xiaomi,iOS,7.5,29.4,173.6,81,2.9,6833,7.9,0.1,570,Work
U11882,60,Female,Kolkata,Vivo,Android,7.9,13.6,240.5,137,1.0,4742,3.7,3.1,1042,Work
U11883,50,Male,Chennai,Vivo,iOS,4.0,24.0,219.4,196,4.0,2098,1.2,3.7,1415,Gaming
U11884,45,Female,Bangalore,Apple,iOS,5.2,29.2,236.5,182,5.2,3608,7.6,3.3,908,Social Media
U11885,30,Male,Chennai,Samsung,iOS,4.8,8.0,76.9,191,1.9,4281,5.1,0.9,709,Social Media
U11886,43,Female,Delhi,Oppo,iOS,8.6,46.8,244.2,113,4.2,1583,7.5,4.5,128,Education
U11887,38,Female,Bangalore,Vivo,Android,1.4,47.8,244.7,94,5.9,2603,7.1,1.6,1434,Work
U11888,57,Female,Hyderabad,Motorola,iOS,11.0,23.4,283.6,181,1.6,245,7.7,0.3,1078,Entertainment
U11889,18,Other,Chennai,Vivo,iOS,3.0,3.5,63.5,155,1.6,5641,4.9,2.4,238,Gaming
U11890,24,Female,Chennai,Oppo,Android,1.4,19.3,72.9,44,5.0,6024,1.0,1.6,1275,Gaming
U11891,16,Other,Kolkata,Oppo,iOS,5.5,21.7,235.4,172,1.6,3493,3.8,4.7,755,Entertainment
U11892,37,Other,Bangalore,Samsung,Android,10.4,46.7,153.8,133,1.4,1240,2.5,1.3,1048,Gaming
U11893,23,Female,Delhi,Samsung,Android,8.0,30.8,204.3,142,5.2,3989,3.8,1.5,404,Work
U11894,17,Male,Kolkata,Samsung,iOS,5.8,44.7,202.5,31,3.3,1494,4.5,4.4,1968,Entertainment
U11895,46,Female,Mumbai,Vivo,Android,2.0,9.8,278.5,40,2.0,3771,2.3,1.9,785,Social Media
U11896,19,Other,Chennai,Nokia,Android,1.1,12.5,228.0,23,5.1,5202,2.4,2.1,1295,Entertainment
U11897,50,Female,Kolkata,OnePlus,Android,4.0,1.3,172.3,35,3.8,6810,3.4,1.8,702,Work
U11898,54,Other,Mumbai,Vivo,iOS,3.1,27.6,40.2,35,5.6,7635,3.0,3.3,1153,Work
U11899,47,Male,Bangalore,Realme,iOS,11.4,40.6,227.9,79,5.7,9968,6.6,1.4,757,Social Media
U11900,41,Female,Pune,Samsung,Android,6.6,22.0,160.4,173,5.6,8154,1.6,3.3,1672,Work
U11901,16,Female,Hyderabad,Samsung,Android,2.4,31.6,14.2,31,3.1,8411,4.1,3.2,1740,Work
U11902,42,Male,Ahmedabad,Nokia,Android,10.4,32.1,288.7,119,1.6,6581,4.1,0.5,1802,Entertainment
U11903,27,Male,Hyderabad,Apple,iOS,10.8,47.3,22.1,87,2.5,2067,2.8,3.6,373,Entertainment
U11904,38,Female,Lucknow,Realme,Android,9.0,12.0,124.2,129,4.8,7434,5.9,0.3,383,Education
U11905,30,Male,Hyderabad,Oppo,Android,11.1,41.5,213.5,143,0.5,5732,6.6,3.4,1827,Education
U11906,35,Female,Chennai,Motorola,Android,6.2,25.6,83.2,151,5.8,3802,3.4,3.5,1849,Gaming
U11907,49,Other,Ahmedabad,Google Pixel,iOS,4.7,19.8,108.6,83,1.5,4011,7.7,5.0,394,Education
U11908,36,Female,Hyderabad,Realme,Android,2.7,23.8,154.2,135,1.9,4962,7.3,1.6,1328,Education
U11909,19,Female,Delhi,Oppo,iOS,7.6,10.2,171.4,128,4.9,8363,4.9,4.6,1500,Work
U11910,31,Other,Chennai,Nokia,Android,2.9,7.8,17.6,102,5.6,389,1.4,4.6,579,Social Media
U11911,46,Female,Delhi,Google Pixel,Android,9.7,39.3,123.1,140,4.8,6000,0.8,2.9,411,Education
U11912,29,Other,Pune,Nokia,iOS,7.6,7.4,133.5,195,3.6,1080,1.3,1.7,1689,Education
U11913,28,Other,Bangalore,Vivo,iOS,5.7,26.3,82.3,82,1.6,487,2.7,2.4,1120,Social Media
U11914,24,Female,Chennai,Google Pixel,iOS,10.0,32.8,150.2,64,1.0,5764,7.7,4.8,1011,Education
U11915,20,Other,Ahmedabad,Nokia,iOS,5.5,42.4,66.9,91,5.0,7604,3.3,3.7,312,Work
U11916,53,Male,Jaipur,OnePlus,Android,10.9,12.6,259.8,177,5.3,1774,3.9,4.0,1231,Social Media
U11917,36,Male,Delhi,Oppo,Android,10.6,38.5,180.7,130,1.0,9209,7.2,2.5,1840,Gaming
U11918,56,Female,Lucknow,Oppo,iOS,11.5,22.8,220.7,76,5.2,8280,4.4,0.7,1482,Work
U11919,18,Female,Delhi,Nokia,iOS,11.6,40.9,214.2,172,2.8,9573,4.2,1.5,1559,Work
U11920,21,Other,Delhi,Samsung,Android,5.0,29.2,60.8,171,0.7,3596,2.1,0.9,1134,Entertainment
U11921,24,Female,Kolkata,Apple,iOS,7.7,28.8,244.1,199,1.1,6278,5.8,2.3,888,Social Media
U11922,15,Female,Chennai,Oppo,iOS,11.7,33.2,140.9,30,2.5,2669,7.6,4.5,1900,Work
U11923,23,Other,Chennai,Nokia,iOS,2.5,4.8,257.3,44,3.0,8111,7.2,4.5,1519,Entertainment
U11924,59,Male,Ahmedabad,Nokia,iOS,8.7,11.3,116.2,35,5.9,2148,6.6,0.5,869,Entertainment
U11925,36,Female,Bangalore,Oppo,Android,3.6,1.8,8.7,116,2.5,5863,2.8,1.4,1810,Education
U11926,55,Female,Hyderabad,Vivo,iOS,8.8,14.1,32.0,22,0.8,8046,5.2,0.9,345,Entertainment
U11927,45,Female,Mumbai,OnePlus,Android,10.0,26.7,11.4,144,4.8,1441,4.0,2.2,1959,Work
U11928,58,Female,Jaipur,Google Pixel,Android,4.3,44.0,116.2,52,3.5,4331,0.6,1.6,285,Entertainment
U11929,32,Male,Ahmedabad,Samsung,iOS,9.6,6.8,179.3,177,5.6,5289,3.4,1.5,204,Social Media
U11930,20,Female,Kolkata,Motorola,iOS,6.6,39.5,279.2,118,1.3,6787,7.0,0.8,1953,Entertainment
U11931,30,Female,Bangalore,Vivo,iOS,8.0,11.4,104.9,82,5.4,8276,7.1,4.2,1865,Gaming
U11932,44,Other,Pune,Apple,iOS,1.8,8.0,99.0,110,3.8,3683,4.0,2.9,1113,Gaming
U11933,39,Female,Delhi,Oppo,Android,8.2,42.4,179.2,24,4.5,760,0.8,2.7,1479,Social Media
U11934,28,Female,Ahmedabad,Apple,Android,9.0,15.2,71.0,173,3.0,2118,3.4,1.8,192,Work
U11935,39,Male,Bangalore,Oppo,iOS,2.3,27.5,291.6,74,1.5,202,5.4,1.4,282,Entertainment
U11936,19,Other,Kolkata,OnePlus,iOS,8.6,30.0,75.0,41,2.4,855,0.9,1.8,514,Gaming
U11937,39,Male,Lucknow,Xiaomi,Android,5.7,42.5,279.8,121,0.7,8985,4.4,3.4,1944,Gaming
U11938,60,Male,Chennai,Xiaomi,iOS,11.6,42.3,234.5,36,1.7,4318,7.7,0.6,505,Entertainment
U11939,27,Other,Pune,Motorola,Android,10.4,39.5,100.4,115,1.8,6978,3.9,1.4,1063,Education
U11940,58,Other,Ahmedabad,Nokia,Android,4.2,23.0,243.0,53,2.3,8739,7.5,1.0,1747,Gaming
U11941,58,Male,Chennai,Oppo,Android,6.3,36.3,148.2,192,1.8,6454,5.1,2.9,1974,Entertainment
U11942,28,Other,Pune,Xiaomi,iOS,4.3,1.6,45.6,117,4.6,4981,6.5,2.5,685,Social Media
U11943,39,Other,Hyderabad,Motorola,Android,3.6,10.3,154.3,167,1.2,2902,7.9,0.2,1010,Entertainment
U11944,59,Female,Bangalore,Realme,Android,9.7,43.2,30.7,167,1.6,872,0.7,3.8,1102,Education
U11945,34,Male,Bangalore,Google Pixel,iOS,10.7,3.2,206.5,135,5.4,5675,7.8,1.3,1725,Education
U11946,42,Other,Ahmedabad,Xiaomi,iOS,5.5,44.7,285.6,148,3.7,9939,3.8,4.5,1063,Work
U11947,41,Other,Chennai,Vivo,iOS,11.4,32.8,22.0,23,4.8,5492,6.0,1.1,1802,Entertainment
U11948,30,Female,Pune,Apple,iOS,5.0,20.4,111.0,76,3.8,2434,4.5,4.7,1000,Entertainment
U11949,44,Male,Pune,Oppo,iOS,4.4,5.7,23.2,177,4.2,925,2.8,4.3,1093,Gaming
U11950,34,Other,Pune,Realme,Android,6.3,20.5,137.5,66,1.7,3546,7.0,2.3,136,Entertainment
U11951,41,Male,Bangalore,Motorola,Android,3.2,13.6,51.8,31,3.6,3729,2.3,4.8,1168,Education
U11952,33,Female,Pune,OnePlus,iOS,9.2,23.2,178.2,112,2.3,5371,4.9,3.7,1570,Work
U11953,51,Male,Mumbai,OnePlus,iOS,2.5,33.5,33.5,84,5.4,2913,4.1,3.3,363,Entertainment
U11954,51,Female,Bangalore,Xiaomi,iOS,9.3,29.2,232.0,132,1.8,7247,7.6,3.0,1286,Gaming
U11955,44,Female,Hyderabad,OnePlus,iOS,11.8,31.9,210.6,91,5.9,9348,1.7,3.7,713,Social Media
U11956,36,Female,Delhi,Xiaomi,iOS,5.8,22.5,236.1,21,3.3,1407,6.3,2.9,469,Gaming
U11957,37,Female,Mumbai,Google Pixel,iOS,4.1,17.6,118.0,106,2.4,8727,6.3,0.2,835,Work
U11958,16,Female,Bangalore,Oppo,iOS,2.0,10.4,204.4,128,1.3,3366,5.9,3.2,543,Gaming
U11959,19,Female,Pune,Nokia,Android,3.0,12.2,27.8,105,1.7,5922,5.4,2.2,1364,Social Media
U11960,54,Other,Jaipur,Samsung,Android,2.8,37.7,142.0,185,0.9,4148,1.0,5.0,1474,Entertainment
U11961,33,Female,Mumbai,Nokia,Android,8.5,10.4,256.4,161,3.2,6036,1.5,4.9,622,Gaming
U11962,23,Female,Hyderabad,Motorola,iOS,4.3,13.6,52.9,137,6.0,9935,1.7,2.0,1272,Entertainment
U11963,39,Male,Hyderabad,Realme,iOS,2.0,33.0,90.1,156,5.9,1144,6.7,1.9,429,Social Media
U11964,51,Male,Kolkata,Vivo,Android,10.4,28.5,35.2,103,1.7,2672,7.7,0.8,807,Entertainment
U11965,36,Female,Lucknow,OnePlus,iOS,11.3,30.5,69.0,156,0.6,1669,2.9,0.7,197,Gaming
U11966,27,Other,Kolkata,Samsung,Android,1.3,39.4,293.0,76,2.6,9709,7.3,3.6,588,Entertainment
U11967,47,Female,Pune,Google Pixel,Android,5.7,42.1,161.2,127,4.0,5244,2.3,0.5,403,Entertainment
U11968,34,Other,Pune,Realme,iOS,10.8,27.6,130.2,199,0.8,2176,1.9,4.0,194,Social Media
U11969,31,Female,Bangalore,Google Pixel,Android,2.7,8.0,155.0,15,5.8,3071,4.5,3.9,1366,Work
U11970,33,Other,Delhi,Apple,Android,4.7,31.9,188.4,134,4.6,2205,7.5,4.4,1876,Education
U11971,37,Other,Kolkata,Xiaomi,iOS,5.0,40.7,80.7,140,2.7,2442,4.8,0.3,1118,Education
U11972,22,Male,Chennai,Vivo,Android,6.5,20.5,184.5,183,1.3,4056,3.2,3.2,647,Entertainment
U11973,45,Male,Chennai,Realme,iOS,7.5,17.8,196.2,107,3.1,7567,2.6,4.7,532,Gaming
U11974,33,Male,Chennai,OnePlus,Android,5.8,12.7,299.6,174,0.7,2245,6.8,3.7,527,Entertainment
U11975,49,Male,Jaipur,Vivo,Android,4.7,24.1,277.5,63,0.8,2988,1.3,4.2,1483,Education
U11976,40,Other,Lucknow,Nokia,iOS,10.8,46.0,205.7,170,4.9,981,6.4,2.8,163,Entertainment
U11977,22,Other,Bangalore,Xiaomi,Android,7.8,8.6,114.6,158,2.1,6442,5.1,1.0,1167,Education
U11978,43,Male,Kolkata,Google Pixel,iOS,10.2,34.4,285.2,12,5.2,8885,5.5,2.1,148,Entertainment
U11979,55,Male,Chennai,Motorola,Android,1.5,49.3,30.0,147,2.8,1104,4.5,1.6,425,Education
U11980,37,Female,Lucknow,OnePlus,iOS,9.1,43.4,272.3,167,3.4,251,3.9,2.1,1553,Social Media
U11981,52,Male,Jaipur,Google Pixel,iOS,9.1,5.3,168.1,132,1.9,6620,4.5,0.5,1542,Work
U11982,27,Other,Pune,Samsung,iOS,8.6,6.7,104.8,39,4.9,8418,7.1,0.7,920,Education
U11983,30,Male,Chennai,Apple,Android,3.9,8.6,34.9,123,2.4,9383,5.9,1.0,1226,Education
U11984,34,Other,Chennai,Motorola,iOS,5.2,7.1,127.4,158,4.2,5237,3.1,3.2,842,Gaming
U11985,45,Female,Pune,Samsung,Android,10.6,11.6,39.7,129,2.0,9439,3.0,0.2,458,Work
U11986,27,Female,Mumbai,Vivo,iOS,4.7,17.4,187.8,90,4.2,7365,4.4,2.7,1106,Entertainment
U11987,20,Male,Hyderabad,Samsung,iOS,7.9,45.0,134.8,61,2.2,9468,6.2,3.5,1312,Gaming
U11988,49,Male,Ahmedabad,Nokia,iOS,7.3,3.7,44.4,54,1.2,1962,1.4,5.0,1170,Work
U11989,50,Other,Lucknow,Oppo,iOS,2.5,24.2,204.3,92,4.3,5938,7.0,4.7,1077,Social Media
U11990,38,Other,Delhi,OnePlus,iOS,4.0,41.0,196.1,51,5.3,7199,6.0,3.5,940,Social Media
U11991,24,Male,Kolkata,Samsung,iOS,4.6,35.9,287.9,51,2.6,5247,1.4,0.9,1223,Social Media
U11992,41,Female,Lucknow,Vivo,Android,9.4,31.1,294.1,125,6.0,6761,3.8,1.2,775,Social Media
U11993,35,Other,Delhi,Google Pixel,iOS,5.2,12.2,32.9,89,1.0,2212,2.7,0.3,1784,Social Media
U11994,42,Female,Ahmedabad,Xiaomi,iOS,6.5,25.0,141.2,64,2.0,4451,6.3,3.8,1760,Social Media
U11995,36,Other,Mumbai,OnePlus,iOS,11.5,28.5,187.8,147,1.5,6159,1.3,0.3,1692,Gaming
U11996,33,Other,Bangalore,Google Pixel,iOS,9.2,27.9,31.8,128,2.1,7970,5.0,3.0,886,Social Media
U11997,33,Female,Delhi,Samsung,iOS,11.6,30.2,5.9,155,5.8,7902,6.9,1.1,103,Education
U11998,43,Male,Jaipur,Realme,iOS,2.5,6.5,224.5,143,6.0,4059,6.2,3.6,1374,Gaming
U11999,27,Male,Kolkata,Oppo,Android,7.0,2.5,105.1,131,3.1,859,5.5,2.1,714,Gaming
U12000,26,Male,Ahmedabad,Xiaomi,Android,2.3,18.2,76.9,54,4.2,9855,5.7,2.2,226,Social Media
U12001,58,Female,Hyderabad,OnePlus,Android,3.3,44.1,35.7,39,3.6,9234,1.3,3.6,1983,Gaming
U12002,47,Female,Mumbai,Motorola,iOS,2.9,22.4,249.7,128,4.0,6593,1.1,3.2,233,Work
U12003,58,Other,Lucknow,Realme,iOS,1.7,18.8,288.1,150,4.3,3981,6.4,1.4,646,Gaming
U12004,38,Male,Mumbai,Motorola,Android,5.0,40.8,207.3,171,5.5,154,6.4,4.2,567,Work
U12005,37,Male,Pune,Apple,Android,3.4,30.8,23.2,165,2.2,4924,2.5,4.9,1778,Entertainment
U12006,45,Female,Hyderabad,Apple,iOS,9.1,20.7,260.7,86,2.5,8072,4.3,4.3,152,Education
U12007,41,Other,Kolkata,Apple,Android,1.6,25.4,219.4,137,3.6,2824,5.6,4.7,1911,Work
U12008,34,Other,Chennai,Vivo,Android,2.9,21.7,296.7,86,3.5,637,5.0,3.3,1266,Gaming
U12009,22,Female,Lucknow,Xiaomi,iOS,11.1,36.8,50.0,170,2.4,4483,7.7,0.6,618,Social Media
U12010,50,Other,Pune,Google Pixel,iOS,2.5,13.2,182.2,196,3.6,2192,0.9,4.1,769,Entertainment
U12011,34,Female,Jaipur,Motorola,Android,1.1,3.9,260.6,55,1.1,8887,3.9,1.4,138,Work
U12012,60,Other,Jaipur,Motorola,iOS,5.3,18.6,149.6,19,3.3,7601,6.5,2.2,873,Entertainment
U12013,42,Male,Mumbai,Nokia,iOS,9.5,46.8,216.9,12,5.3,9678,7.9,4.0,713,Education
U12014,20,Female,Delhi,Realme,iOS,6.4,36.3,24.0,24,2.5,4424,6.7,3.2,250,Entertainment
U12015,27,Female,Chennai,Google Pixel,iOS,6.5,45.6,188.9,119,3.3,151,0.6,0.6,1153,Social Media
U12016,39,Female,Kolkata,OnePlus,Android,3.4,37.3,212.1,13,1.8,3158,0.6,0.1,1297,Education
U12017,41,Male,Mumbai,Realme,Android,4.7,20.8,199.9,42,0.9,9126,2.0,2.0,709,Education
U12018,45,Female,Jaipur,Motorola,iOS,8.8,20.5,232.8,43,0.8,4355,7.5,0.1,1247,Entertainment
U12019,30,Male,Ahmedabad,Samsung,Android,8.0,14.2,60.4,24,3.9,8471,5.8,4.9,938,Entertainment
U12020,55,Female,Jaipur,Apple,Android,7.7,49.8,153.9,150,2.4,9230,3.3,4.0,448,Entertainment
U12021,27,Female,Pune,Samsung,iOS,9.1,47.1,183.7,69,5.7,6344,1.4,1.0,1484,Gaming
U12022,28,Other,Jaipur,Samsung,iOS,8.7,2.2,24.5,75,3.3,4992,5.1,0.1,216,Entertainment
U12023,17,Other,Ahmedabad,Google Pixel,Android,3.8,11.8,198.5,130,2.7,4213,5.0,4.9,1987,Social Media
U12024,36,Male,Bangalore,Apple,Android,7.4,17.9,181.2,19,4.5,8812,7.8,4.3,808,Work
U12025,57,Female,Chennai,Xiaomi,Android,6.5,22.7,24.1,141,4.2,4551,2.4,0.7,925,Education
U12026,35,Female,Kolkata,Xiaomi,Android,7.8,42.1,291.3,12,2.1,3107,7.3,4.3,133,Work
U12027,44,Male,Bangalore,Nokia,Android,2.4,33.1,160.6,149,2.8,715,4.6,5.0,1286,Social Media
U12028,25,Other,Chennai,Motorola,Android,1.3,32.3,121.6,130,5.5,5660,5.5,2.5,1745,Education
U12029,41,Female,Pune,Oppo,iOS,6.5,15.1,268.4,53,2.1,6434,4.7,4.9,1310,Entertainment
U12030,44,Male,Ahmedabad,Vivo,Android,11.6,13.9,253.9,26,5.0,1112,3.4,0.9,236,Entertainment
U12031,57,Female,Mumbai,Apple,Android,5.0,14.9,56.9,25,0.7,2090,6.2,2.2,807,Work
U12032,38,Male,Delhi,Nokia,iOS,9.3,1.6,216.4,102,4.0,6881,6.8,1.5,1697,Gaming
U12033,43,Other,Mumbai,Google Pixel,Android,6.3,21.9,51.2,162,3.6,6745,1.3,0.3,1463,Entertainment
U12034,28,Other,Lucknow,Realme,iOS,8.0,46.6,71.3,100,1.8,7798,7.2,3.1,1945,Gaming
U12035,39,Other,Delhi,Xiaomi,Android,12.0,31.3,291.4,108,5.1,6303,5.4,3.5,200,Social Media
U12036,56,Female,Lucknow,Apple,Android,5.0,22.9,23.2,36,3.2,7300,4.7,2.1,810,Entertainment
U12037,31,Female,Pune,Samsung,iOS,9.9,44.3,43.4,53,3.0,1590,6.9,1.1,924,Social Media
U12038,21,Female,Hyderabad,Xiaomi,iOS,9.7,32.4,97.7,176,4.0,3833,3.7,3.1,1046,Social Media
U12039,35,Other,Lucknow,Motorola,iOS,10.4,19.0,181.8,168,3.8,8899,4.0,2.0,1944,Work
U12040,45,Male,Pune,Oppo,Android,8.1,31.1,115.0,130,2.6,6590,4.2,0.8,1034,Gaming
U12041,28,Other,Chennai,OnePlus,iOS,7.8,24.1,182.6,190,2.0,1914,2.7,4.5,280,Social Media
U12042,17,Other,Jaipur,Google Pixel,iOS,5.9,45.3,92.5,78,4.4,5527,6.9,0.9,297,Social Media
U12043,15,Other,Pune,Samsung,iOS,10.5,38.4,171.6,115,4.5,2062,7.9,0.3,356,Gaming
U12044,19,Male,Pune,Realme,iOS,4.0,45.2,102.7,77,1.3,4092,4.7,3.3,349,Education
U12045,43,Male,Bangalore,Realme,Android,5.8,19.6,214.1,197,4.2,9594,1.6,1.9,1847,Education
U12046,23,Male,Jaipur,Vivo,Android,2.6,23.1,186.5,181,1.5,7052,0.8,0.5,199,Work
U12047,29,Other,Chennai,Motorola,Android,3.1,18.3,192.1,184,1.4,8444,1.8,1.3,1840,Work
U12048,60,Female,Mumbai,OnePlus,Android,1.4,28.5,274.4,83,2.7,5279,6.9,2.1,579,Entertainment
U12049,29,Female,Chennai,Samsung,iOS,6.7,36.9,181.5,45,1.1,5896,3.6,4.5,697,Education
U12050,49,Male,Delhi,Vivo,Android,11.3,34.7,147.9,132,2.6,6651,6.7,2.2,291,Social Media
U12051,40,Female,Delhi,Motorola,iOS,9.0,9.6,163.2,68,4.6,9773,6.2,4.3,1078,Entertainment
U12052,25,Female,Hyderabad,OnePlus,Android,2.9,11.7,25.4,57,2.5,5150,2.2,0.8,701,Gaming
U12053,44,Female,Chennai,Apple,iOS,11.3,12.3,102.5,190,4.6,9252,3.8,3.7,889,Education
U12054,36,Other,Ahmedabad,Nokia,iOS,10.3,38.5,269.2,67,1.3,3975,2.1,2.6,1094,Gaming
U12055,52,Other,Ahmedabad,Apple,iOS,5.5,37.0,7.8,126,1.2,6371,6.5,4.5,1377,Social Media
U12056,16,Male,Pune,OnePlus,iOS,4.3,15.3,222.3,96,4.6,156,5.8,0.9,1002,Social Media
U12057,60,Female,Chennai,Samsung,Android,2.8,24.1,73.4,138,5.3,656,5.8,1.5,152,Entertainment
U12058,58,Other,Ahmedabad,Samsung,Android,7.4,17.7,273.9,157,4.9,573,3.6,1.7,1613,Gaming
U12059,22,Male,Ahmedabad,OnePlus,iOS,7.7,3.6,205.7,188,4.6,1725,4.1,4.5,527,Work
U12060,34,Male,Chennai,Oppo,iOS,8.0,27.5,224.4,128,2.6,2809,7.5,4.6,375,Gaming
U12061,47,Male,Lucknow,Samsung,Android,5.4,25.6,46.5,146,1.0,3787,4.4,2.8,1663,Entertainment
U12062,22,Female,Mumbai,Nokia,Android,11.0,34.4,183.7,196,4.8,6299,0.9,3.5,153,Gaming
U12063,19,Other,Jaipur,Nokia,Android,8.2,49.0,73.3,99,1.7,7846,7.5,0.7,510,Gaming
U12064,29,Male,Jaipur,Oppo,Android,7.5,47.6,153.1,79,2.4,2257,5.9,0.3,1948,Social Media
U12065,16,Female,Jaipur,Samsung,Android,7.1,44.7,186.6,195,0.8,2937,1.5,3.4,449,Social Media
U12066,53,Female,Ahmedabad,Google Pixel,Android,5.9,25.9,26.3,80,2.8,7158,3.2,4.9,796,Education
U12067,44,Female,Bangalore,Motorola,iOS,4.3,28.5,174.6,66,3.6,8833,5.1,2.6,437,Social Media
U12068,56,Male,Hyderabad,Apple,iOS,6.9,10.3,183.2,178,4.5,417,6.1,1.4,199,Entertainment
U12069,34,Female,Hyderabad,Xiaomi,iOS,9.0,25.3,205.1,146,3.0,5491,5.4,2.3,750,Social Media
U12070,20,Female,Lucknow,Nokia,Android,10.3,33.2,278.3,24,3.5,4177,3.8,3.6,789,Work
U12071,29,Female,Hyderabad,Samsung,iOS,9.9,46.9,122.8,77,2.7,5363,5.6,1.1,1043,Education
U12072,24,Female,Mumbai,Apple,iOS,10.4,4.1,121.0,186,1.2,981,0.8,4.0,722,Education
U12073,33,Male,Chennai,Motorola,Android,4.3,37.3,215.9,199,5.1,6324,0.7,1.4,1989,Entertainment
U12074,21,Male,Jaipur,Motorola,Android,5.4,6.4,216.7,27,1.5,930,5.8,0.2,450,Education
U12075,28,Female,Delhi,Samsung,Android,5.4,9.3,58.8,85,0.7,2817,5.0,3.2,408,Work
U12076,56,Other,Jaipur,Google Pixel,Android,4.9,36.0,26.4,198,3.8,474,2.1,1.9,1190,Gaming
U12077,56,Female,Kolkata,Apple,Android,7.8,35.2,53.2,124,5.4,3801,4.4,2.4,507,Work
U12078,42,Male,Lucknow,Oppo,iOS,6.0,1.6,207.6,91,3.3,5697,1.6,2.2,547,Education
U12079,46,Female,Lucknow,Nokia,Android,6.3,32.7,122.2,135,3.9,9425,4.4,0.7,1946,Work
U12080,18,Other,Ahmedabad,Vivo,Android,6.9,11.7,123.0,183,1.0,2165,7.2,1.2,746,Education
U12081,59,Male,Ahmedabad,Vivo,iOS,7.5,19.2,79.4,80,1.5,8316,5.7,3.2,1275,Entertainment
U12082,39,Female,Delhi,Vivo,Android,7.5,14.3,151.0,27,2.3,8147,1.2,3.7,508,Entertainment
U12083,27,Male,Hyderabad,Nokia,iOS,6.0,12.7,141.4,128,1.4,7535,6.2,3.1,1597,Entertainment
U12084,43,Male,Jaipur,Motorola,iOS,4.4,12.6,151.1,119,1.7,9741,0.8,4.6,1469,Gaming
U12085,47,Female,Delhi,Samsung,Android,2.5,40.9,193.0,139,4.5,3496,6.4,1.4,1754,Gaming
U12086,29,Other,Mumbai,Motorola,iOS,8.2,22.0,244.5,14,1.8,9063,3.7,4.6,287,Social Media
U12087,30,Female,Lucknow,Google Pixel,Android,8.2,27.3,144.0,53,1.2,487,2.1,3.3,223,Social Media
U12088,60,Female,Mumbai,Oppo,Android,11.9,10.7,84.0,133,2.0,1242,2.5,3.8,851,Education
U12089,32,Other,Hyderabad,Vivo,Android,6.4,3.2,11.2,146,1.9,5108,3.3,2.0,274,Education
U12090,24,Female,Mumbai,Apple,Android,11.8,35.0,93.2,117,1.6,8961,6.7,1.5,1233,Social Media
U12091,33,Female,Delhi,Oppo,iOS,3.2,17.7,227.5,96,3.8,3905,1.6,0.7,1899,Education
U12092,45,Female,Ahmedabad,OnePlus,Android,2.9,7.7,172.6,46,4.7,7329,6.2,2.9,388,Entertainment
U12093,17,Other,Chennai,Google Pixel,iOS,3.1,21.8,23.0,26,4.6,5251,6.4,0.0,1863,Gaming
U12094,34,Male,Ahmedabad,Apple,Android,4.5,11.7,182.0,84,5.3,9349,4.5,1.3,945,Work
U12095,46,Female,Delhi,Nokia,iOS,3.6,19.2,88.6,185,5.4,4349,3.4,2.8,562,Entertainment
U12096,60,Female,Ahmedabad,Vivo,iOS,9.3,45.7,151.4,24,5.9,9006,3.0,1.3,1252,Social Media
U12097,29,Other,Hyderabad,Vivo,Android,6.8,9.9,117.2,62,1.1,2517,1.1,1.3,1677,Work
U12098,26,Other,Hyderabad,Oppo,iOS,10.8,10.3,119.7,43,4.2,7576,1.4,4.5,788,Work
U12099,46,Other,Kolkata,Apple,iOS,1.2,3.8,249.2,173,3.0,649,5.0,0.7,439,Social Media
U12100,34,Other,Delhi,Google Pixel,Android,11.4,5.5,142.6,44,5.0,9559,4.3,0.1,1130,Education
U12101,38,Female,Pune,Nokia,iOS,1.8,10.8,73.2,183,5.9,7445,6.5,0.9,697,Social Media
U12102,31,Other,Lucknow,Nokia,Android,5.9,4.3,23.4,15,0.6,7621,2.2,0.3,119,Work
U12103,48,Male,Lucknow,Realme,Android,8.9,20.7,233.8,61,2.3,9946,5.9,0.5,684,Education
U12104,31,Female,Bangalore,Nokia,Android,10.0,48.2,34.2,167,1.5,6572,0.7,2.1,124,Gaming
U12105,34,Other,Hyderabad,Oppo,iOS,11.3,49.2,117.2,58,1.6,1981,6.1,0.3,141,Social Media
U12106,48,Female,Chennai,Google Pixel,iOS,1.4,32.6,239.2,27,1.5,6005,1.0,1.3,398,Gaming
U12107,56,Male,Delhi,Nokia,iOS,8.0,32.4,84.7,181,1.0,9266,2.3,1.4,565,Work
U12108,16,Male,Mumbai,Nokia,Android,10.7,22.9,296.7,126,5.1,3115,3.9,1.2,1487,Entertainment
U12109,32,Other,Delhi,Xiaomi,iOS,10.2,40.7,80.5,80,4.8,8619,3.8,1.6,238,Entertainment
U12110,16,Male,Delhi,Oppo,Android,11.0,21.7,296.4,40,4.5,3027,2.3,3.5,1788,Work
U12111,32,Other,Delhi,Xiaomi,iOS,4.6,6.0,68.4,115,5.7,4258,0.5,1.4,1997,Social Media
U12112,51,Female,Jaipur,Oppo,iOS,6.3,47.5,88.9,99,4.4,5836,6.3,4.3,1143,Education
U12113,44,Male,Chennai,Samsung,Android,9.6,4.1,46.2,80,5.4,2735,3.1,3.5,809,Entertainment
U12114,23,Other,Ahmedabad,Google Pixel,Android,11.5,34.9,55.3,197,5.6,9939,7.1,4.9,366,Entertainment
U12115,15,Female,Chennai,Apple,Android,3.1,15.7,179.5,48,1.6,4090,4.9,4.3,708,Work
U12116,54,Male,Lucknow,Vivo,iOS,11.3,5.6,191.7,164,3.6,8685,2.6,1.7,1574,Social Media
U12117,50,Other,Pune,Google Pixel,iOS,9.0,15.1,260.8,58,5.3,3083,5.6,2.0,949,Entertainment
U12118,25,Male,Jaipur,Samsung,iOS,11.3,16.2,179.5,83,4.6,8454,8.0,0.5,498,Gaming
U12119,43,Female,Delhi,Motorola,Android,9.1,17.1,186.8,49,2.3,9912,4.5,3.7,314,Work
U12120,38,Female,Bangalore,Vivo,iOS,8.6,17.3,165.4,143,4.2,5962,5.6,4.5,163,Social Media
U12121,53,Female,Mumbai,Oppo,Android,7.0,44.3,111.7,181,4.2,1995,2.7,0.8,1005,Social Media
U12122,58,Other,Jaipur,OnePlus,iOS,11.8,33.4,31.7,34,1.8,8554,5.0,1.4,1640,Entertainment
U12123,38,Other,Chennai,Oppo,Android,1.6,15.8,30.1,101,3.6,2909,5.4,0.5,1634,Gaming
U12124,36,Male,Ahmedabad,Realme,Android,7.8,48.5,190.8,200,3.2,6706,3.0,1.9,297,Education
U12125,45,Male,Pune,Google Pixel,Android,10.3,12.6,19.0,126,1.0,3325,6.2,1.3,1054,Entertainment
U12126,19,Other,Ahmedabad,Xiaomi,iOS,9.4,6.7,91.8,23,4.7,181,6.3,4.7,1454,Work
U12127,37,Female,Pune,Samsung,iOS,11.5,15.2,92.7,21,4.9,2689,4.8,5.0,1211,Entertainment
U12128,33,Other,Chennai,Nokia,iOS,12.0,40.3,91.8,19,1.9,4863,7.7,2.3,1087,Work
U12129,58,Other,Jaipur,Motorola,iOS,3.8,30.7,181.4,62,0.6,4410,1.3,2.0,945,Education
U12130,32,Male,Lucknow,Google Pixel,Android,7.5,26.2,81.9,76,5.6,3067,6.3,4.0,1924,Education
U12131,39,Other,Bangalore,Samsung,iOS,6.6,31.2,53.6,105,2.7,5758,2.4,1.1,1899,Work
U12132,45,Other,Jaipur,Nokia,iOS,11.9,17.2,286.3,189,4.5,4917,7.4,4.1,292,Social Media
U12133,17,Male,Delhi,Google Pixel,iOS,9.6,24.4,96.0,189,3.6,563,6.7,4.9,648,Gaming
U12134,33,Female,Jaipur,Samsung,iOS,7.7,17.7,272.2,103,1.1,4442,5.8,2.6,1173,Work
U12135,16,Female,Jaipur,Google Pixel,iOS,2.4,8.7,82.8,123,4.4,6056,2.3,3.6,1067,Education
U12136,35,Other,Chennai,Motorola,Android,1.4,13.4,243.6,46,3.3,1591,6.7,3.6,1820,Work
U12137,59,Other,Mumbai,Samsung,iOS,7.9,21.5,249.9,89,4.0,5819,7.1,2.9,293,Education
U12138,33,Other,Mumbai,Vivo,Android,1.2,41.2,295.5,59,2.1,4377,4.3,1.2,1711,Education
U12139,48,Male,Chennai,OnePlus,iOS,7.2,11.5,117.8,95,0.7,486,5.0,0.8,791,Social Media
U12140,52,Male,Jaipur,Vivo,Android,7.4,39.6,13.2,122,5.7,8030,7.3,4.3,1948,Work
U12141,51,Male,Mumbai,Motorola,iOS,6.6,46.6,289.1,170,4.6,3529,4.9,4.5,1474,Education
U12142,47,Other,Lucknow,Oppo,Android,3.7,25.8,235.2,137,3.5,308,6.9,3.4,952,Gaming
U12143,60,Male,Chennai,Nokia,iOS,6.9,5.6,253.5,16,5.6,4930,4.2,1.2,636,Gaming
U12144,36,Female,Kolkata,Realme,iOS,8.5,31.1,104.2,49,3.4,7907,6.8,2.5,1577,Social Media
U12145,16,Other,Delhi,Motorola,iOS,5.1,18.6,55.1,41,2.5,182,7.3,4.3,1935,Social Media
U12146,54,Female,Pune,Motorola,iOS,2.5,33.6,38.5,140,3.8,8616,3.9,2.3,1635,Entertainment
U12147,24,Male,Pune,Apple,iOS,2.1,4.5,98.6,189,3.6,2379,4.6,5.0,1802,Gaming
U12148,34,Other,Kolkata,Xiaomi,iOS,2.0,23.8,140.9,80,1.2,2645,4.4,3.4,375,Social Media
U12149,32,Other,Bangalore,Motorola,Android,10.7,42.4,230.7,143,1.4,7700,3.3,2.4,1044,Gaming
U12150,56,Other,Jaipur,Xiaomi,iOS,11.5,27.0,149.2,59,4.6,7552,6.1,2.2,753,Social Media
U12151,33,Other,Jaipur,Samsung,Android,8.0,43.7,119.6,135,5.3,2298,2.4,3.6,1798,Gaming
U12152,23,Other,Pune,Nokia,iOS,9.3,1.7,189.8,94,5.8,1717,5.3,2.5,1308,Social Media
U12153,29,Female,Lucknow,Apple,iOS,3.5,44.4,113.7,70,2.9,1932,6.3,0.3,629,Gaming
U12154,19,Other,Jaipur,Nokia,iOS,7.3,5.0,278.2,63,3.2,2487,0.9,0.8,1998,Education
U12155,29,Female,Mumbai,Motorola,Android,4.7,23.6,281.3,93,2.6,2958,5.7,4.9,630,Education
U12156,49,Other,Delhi,Nokia,iOS,3.4,41.7,122.8,150,1.3,3475,2.6,2.7,286,Work
U12157,41,Female,Kolkata,Realme,iOS,6.8,5.2,258.4,165,5.5,7342,7.5,0.0,843,Gaming
U12158,15,Male,Chennai,Samsung,iOS,11.9,42.1,13.5,12,5.0,7872,6.9,3.3,1561,Gaming
U12159,53,Female,Delhi,Google Pixel,iOS,4.3,18.3,248.5,58,3.7,2570,2.2,0.7,1477,Social Media
U12160,35,Female,Kolkata,Xiaomi,iOS,5.9,3.6,238.3,124,4.3,2870,3.5,5.0,1064,Gaming
U12161,16,Other,Mumbai,Apple,iOS,10.5,37.4,290.7,49,0.5,6906,7.1,2.9,1305,Education
U12162,43,Male,Mumbai,Xiaomi,iOS,3.3,17.4,12.5,63,1.9,2373,6.0,1.8,1442,Work
U12163,57,Male,Chennai,Samsung,iOS,8.1,20.4,137.5,114,4.5,5368,4.7,3.7,182,Work
U12164,21,Male,Hyderabad,Xiaomi,iOS,9.7,4.0,123.3,90,3.5,9571,3.7,0.3,1251,Gaming
U12165,30,Other,Mumbai,OnePlus,iOS,2.8,3.8,191.5,39,0.6,8197,7.8,2.5,1295,Social Media
U12166,57,Male,Delhi,OnePlus,Android,2.9,13.3,190.0,104,3.6,9469,3.2,0.3,1125,Gaming
U12167,26,Male,Delhi,Oppo,iOS,6.1,45.7,163.0,129,1.0,2331,5.2,4.6,1531,Education
U12168,54,Male,Pune,Samsung,Android,3.1,45.0,105.1,59,2.5,1312,5.6,4.7,1910,Social Media
U12169,37,Female,Mumbai,Nokia,Android,4.5,16.0,151.8,37,5.9,2901,6.2,2.3,1540,Social Media
U12170,55,Male,Lucknow,Nokia,iOS,10.0,12.5,138.1,143,3.1,6937,2.2,3.6,1087,Entertainment
U12171,56,Other,Mumbai,Motorola,Android,5.7,36.3,7.9,95,2.4,2408,8.0,0.5,164,Education
U12172,19,Female,Pune,Motorola,Android,1.8,21.1,21.2,117,3.8,8584,1.9,2.4,1142,Gaming
U12173,30,Female,Mumbai,Google Pixel,iOS,1.3,4.8,153.4,133,1.6,5250,5.8,3.1,1302,Education
U12174,50,Male,Bangalore,Oppo,iOS,5.7,34.1,281.1,129,3.1,4595,5.4,0.7,204,Education
U12175,30,Male,Bangalore,OnePlus,iOS,11.0,6.0,27.1,84,1.7,6871,7.0,2.8,1058,Social Media
U12176,18,Female,Chennai,Motorola,iOS,7.2,36.7,294.7,165,3.8,8566,1.5,0.5,159,Work
U12177,41,Other,Hyderabad,Samsung,iOS,7.4,48.4,255.4,106,1.6,9250,3.1,4.5,534,Work
U12178,59,Male,Bangalore,Google Pixel,Android,1.4,44.6,98.6,98,3.4,1826,7.5,4.8,421,Education
U12179,27,Female,Chennai,Realme,iOS,4.6,32.3,162.2,46,0.9,6049,1.6,2.1,1688,Work
U12180,37,Female,Bangalore,Apple,Android,11.6,8.7,104.6,44,3.3,2270,6.6,4.0,822,Social Media
U12181,36,Male,Ahmedabad,Samsung,iOS,7.3,48.5,290.5,41,1.3,6490,2.2,2.7,961,Social Media
U12182,25,Other,Chennai,OnePlus,Android,4.2,21.8,89.6,109,5.4,1109,2.2,1.8,354,Gaming
U12183,30,Male,Lucknow,Motorola,iOS,6.3,40.2,94.7,146,2.1,3264,3.0,4.8,1615,Entertainment
U12184,46,Female,Mumbai,Xiaomi,Android,9.8,48.8,31.7,174,2.9,8543,3.3,1.7,128,Work
U12185,16,Other,Pune,Apple,iOS,5.7,31.7,150.0,119,3.7,5207,6.6,4.4,1015,Gaming
U12186,45,Female,Chennai,Xiaomi,iOS,3.0,42.7,280.6,135,1.0,3275,4.9,2.3,1298,Education
U12187,56,Male,Bangalore,Samsung,iOS,7.5,36.3,206.1,164,2.4,6865,2.1,2.6,1536,Social Media
U12188,35,Male,Mumbai,Xiaomi,Android,5.3,48.3,265.5,115,4.9,2769,4.1,2.9,1978,Work
U12189,31,Female,Pune,Motorola,Android,11.4,47.5,163.4,115,4.8,9286,5.8,0.3,549,Gaming
U12190,27,Female,Ahmedabad,Nokia,Android,6.2,38.4,31.7,49,1.4,7200,1.1,3.7,1047,Education
U12191,55,Female,Ahmedabad,Samsung,Android,1.1,10.5,140.0,98,3.2,9955,5.8,4.0,990,Gaming
U12192,39,Other,Delhi,Motorola,iOS,6.4,8.1,254.1,148,4.7,432,0.9,0.1,1401,Education
U12193,22,Male,Delhi,Motorola,Android,1.4,48.7,63.8,191,4.3,4793,0.5,4.1,308,Gaming
U12194,17,Other,Chennai,OnePlus,iOS,11.0,7.8,114.4,172,3.4,5510,7.3,3.7,1490,Entertainment
U12195,54,Female,Mumbai,Nokia,iOS,11.2,20.9,103.5,191,1.7,9517,3.0,2.4,1863,Work
U12196,34,Other,Kolkata,Nokia,Android,10.2,11.6,67.2,166,5.8,7768,1.7,4.2,660,Gaming
U12197,19,Female,Kolkata,Oppo,iOS,8.3,35.3,56.9,76,5.2,3393,7.5,1.4,1867,Entertainment
U12198,29,Other,Lucknow,Oppo,iOS,1.3,48.8,63.5,67,4.0,4170,7.1,1.9,547,Social Media
U12199,16,Female,Chennai,Motorola,iOS,1.0,32.6,215.4,158,0.9,2011,3.4,4.9,228,Gaming
U12200,21,Male,Delhi,Samsung,Android,4.1,32.1,122.8,89,1.4,4005,2.3,3.2,1472,Gaming
U12201,48,Male,Ahmedabad,Xiaomi,iOS,4.6,37.6,254.1,122,1.2,1070,4.7,3.0,1737,Education
U12202,19,Female,Hyderabad,OnePlus,Android,6.9,33.9,188.4,146,3.0,2109,2.5,1.6,1403,Social Media
U12203,17,Other,Lucknow,OnePlus,iOS,6.7,25.6,181.5,46,2.3,8362,7.6,3.7,246,Work
U12204,59,Other,Ahmedabad,Samsung,Android,9.8,30.9,111.4,13,1.7,3241,2.4,2.7,1554,Entertainment
U12205,48,Female,Jaipur,Vivo,iOS,4.7,20.9,186.2,86,2.3,9827,7.0,0.6,1984,Social Media
U12206,21,Female,Ahmedabad,Xiaomi,iOS,10.4,20.6,255.1,16,4.5,5301,4.4,1.7,698,Social Media
U12207,33,Female,Jaipur,OnePlus,Android,2.8,19.1,297.0,59,5.0,4422,5.1,3.9,609,Gaming
U12208,21,Male,Ahmedabad,Samsung,Android,5.1,32.7,102.2,134,1.1,3978,3.5,3.0,288,Social Media
U12209,40,Male,Lucknow,Realme,Android,2.5,30.5,133.0,173,2.3,6381,6.9,1.7,788,Entertainment
U12210,34,Other,Bangalore,Samsung,Android,9.4,36.9,88.4,193,2.2,652,3.1,1.9,533,Education
U12211,32,Male,Chennai,Nokia,Android,10.7,39.9,125.8,180,4.3,5164,6.5,0.2,328,Work
U12212,54,Male,Lucknow,Motorola,iOS,4.9,7.0,188.6,18,0.5,9915,6.0,4.4,227,Work
U12213,37,Female,Bangalore,Xiaomi,iOS,6.4,13.4,23.6,93,4.4,9911,2.1,1.1,1302,Entertainment
U12214,39,Other,Delhi,Oppo,iOS,8.0,18.7,120.3,140,3.2,569,7.7,1.3,804,Work
U12215,18,Other,Delhi,Google Pixel,Android,1.5,39.0,22.8,52,3.1,6760,6.3,2.4,329,Education
U12216,44,Female,Delhi,Realme,iOS,7.6,14.4,237.9,15,2.2,7886,5.1,1.8,542,Social Media
U12217,18,Male,Mumbai,Vivo,Android,8.1,41.8,126.7,152,5.5,2124,0.9,2.3,1712,Social Media
U12218,44,Female,Pune,Motorola,Android,11.3,41.2,157.6,84,5.5,4835,0.8,1.3,1632,Social Media
U12219,31,Other,Lucknow,Vivo,Android,7.2,36.6,207.3,158,4.0,2063,6.8,3.1,1195,Education
U12220,22,Male,Pune,Vivo,iOS,8.0,11.5,266.9,68,3.0,6875,7.1,4.0,455,Education
U12221,47,Male,Lucknow,Vivo,Android,1.4,19.9,280.0,123,5.8,3163,6.6,2.0,786,Entertainment
U12222,37,Other,Bangalore,Motorola,Android,1.3,11.1,144.8,99,4.6,4554,7.9,4.6,1451,Work
U12223,36,Male,Pune,OnePlus,Android,10.6,43.8,84.4,141,4.5,9035,4.4,4.1,1210,Work
U12224,55,Female,Delhi,Motorola,iOS,6.2,1.1,176.1,41,3.8,4183,5.6,3.2,1034,Social Media
U12225,34,Male,Pune,Google Pixel,iOS,3.4,44.4,53.6,24,3.6,3683,7.8,1.4,1353,Work
U12226,19,Male,Ahmedabad,Realme,iOS,5.5,34.7,247.7,72,2.2,7258,7.5,3.2,1063,Work
U12227,57,Other,Delhi,Realme,Android,10.9,27.8,43.3,118,4.4,9220,4.1,2.2,786,Gaming
U12228,18,Other,Lucknow,Motorola,iOS,3.5,9.5,44.4,131,3.6,6580,6.1,1.6,760,Education
U12229,59,Male,Mumbai,Nokia,iOS,9.0,25.2,263.3,111,3.8,135,2.1,1.4,1880,Work
U12230,33,Male,Ahmedabad,OnePlus,Android,2.7,23.8,213.9,96,1.3,6014,6.0,2.6,1423,Entertainment
U12231,33,Male,Delhi,Apple,Android,5.1,28.7,53.1,13,2.2,6767,5.4,2.0,1510,Entertainment
U12232,44,Male,Kolkata,Oppo,Android,7.3,35.6,69.2,97,2.6,3736,3.5,4.3,1836,Entertainment
U12233,16,Other,Mumbai,Samsung,iOS,3.7,49.1,89.1,191,2.2,9263,0.6,4.3,1012,Entertainment
U12234,53,Other,Hyderabad,Realme,iOS,6.0,31.4,39.4,97,4.8,4519,1.1,2.8,1740,Social Media
U12235,50,Male,Pune,Samsung,Android,6.8,45.9,175.9,182,3.8,6828,7.1,0.4,716,Education
U12236,42,Female,Mumbai,Realme,Android,2.3,32.5,74.7,136,3.1,9217,1.7,3.6,260,Entertainment
U12237,50,Other,Pune,Google Pixel,Android,2.0,34.2,30.8,53,5.0,8495,7.4,2.8,993,Social Media
U12238,15,Female,Hyderabad,Realme,iOS,2.5,28.1,272.0,140,5.0,8019,7.3,1.7,151,Education
U12239,22,Female,Delhi,Google Pixel,Android,7.2,14.7,257.4,191,4.3,5088,1.9,1.7,1957,Gaming
U12240,24,Other,Jaipur,Motorola,iOS,6.1,31.0,20.0,140,4.2,7378,7.7,0.8,1260,Work
U12241,27,Female,Pune,Nokia,iOS,11.1,3.1,139.3,179,1.3,8697,3.5,1.3,1412,Social Media
U12242,56,Female,Chennai,Vivo,Android,3.4,22.2,271.1,68,5.9,1121,7.5,0.6,1293,Education
U12243,20,Other,Hyderabad,Apple,iOS,9.1,16.1,234.2,30,4.0,8698,4.3,1.7,1393,Social Media
U12244,45,Male,Chennai,Oppo,iOS,4.8,9.8,146.0,172,1.0,4620,2.5,3.9,734,Gaming
U12245,52,Female,Kolkata,Motorola,iOS,1.2,27.3,174.9,113,2.8,9525,4.8,4.0,1780,Gaming
U12246,18,Female,Jaipur,Motorola,iOS,2.9,24.5,93.5,160,5.9,2670,3.6,3.4,1216,Work
U12247,47,Male,Bangalore,Google Pixel,Android,11.8,33.5,24.3,55,4.0,6605,3.3,2.8,173,Education
U12248,33,Other,Ahmedabad,Xiaomi,iOS,3.8,49.5,195.5,181,1.4,982,3.6,2.9,640,Social Media
U12249,18,Female,Jaipur,Xiaomi,iOS,7.0,25.8,53.8,131,0.9,7760,3.1,2.7,1941,Gaming
U12250,52,Female,Chennai,Xiaomi,iOS,8.3,19.6,77.3,127,0.7,2103,5.3,3.7,625,Entertainment
U12251,38,Other,Jaipur,Oppo,iOS,11.8,38.1,179.7,21,6.0,1404,3.6,4.6,1018,Education
U12252,30,Other,Mumbai,Nokia,iOS,2.2,40.5,108.0,141,1.1,274,7.8,3.7,884,Gaming
U12253,19,Male,Hyderabad,Vivo,iOS,5.0,2.2,257.7,137,4.4,1478,1.5,4.7,1809,Education
U12254,39,Female,Hyderabad,Vivo,iOS,11.5,39.7,224.5,71,3.5,7007,2.3,3.7,451,Gaming
U12255,57,Other,Delhi,Nokia,iOS,7.3,28.2,61.3,140,4.9,9625,0.8,4.1,1265,Education
U12256,52,Male,Jaipur,Realme,Android,9.1,42.2,220.3,178,3.2,3104,7.4,0.9,762,Entertainment
U12257,38,Female,Ahmedabad,Xiaomi,Android,11.0,8.4,21.2,145,1.5,297,3.1,0.6,1699,Entertainment
U12258,59,Other,Pune,Nokia,iOS,8.2,27.6,254.4,69,4.5,9992,5.4,3.9,1590,Education
U12259,32,Female,Delhi,Vivo,iOS,2.3,36.3,237.0,177,3.2,8584,5.0,1.6,929,Work
U12260,52,Other,Bangalore,Nokia,Android,1.2,42.0,56.8,14,4.2,8523,3.3,1.5,1640,Social Media
U12261,46,Female,Bangalore,Samsung,iOS,4.9,21.3,271.3,135,1.1,5855,0.8,3.8,567,Education
U12262,18,Male,Kolkata,Motorola,Android,6.9,19.9,190.1,177,1.7,4974,0.8,2.5,541,Entertainment
U12263,50,Female,Chennai,OnePlus,Android,9.8,37.6,272.6,22,3.9,3593,1.2,3.3,384,Education
U12264,51,Female,Chennai,Realme,Android,11.4,2.1,137.2,186,4.2,8051,5.2,3.5,1631,Social Media
U12265,50,Other,Pune,Google Pixel,Android,1.5,27.4,23.7,20,3.1,7437,4.5,4.3,1464,Work
U12266,38,Other,Jaipur,Realme,iOS,3.7,31.1,53.5,27,2.0,4522,7.3,1.0,153,Gaming
U12267,41,Female,Lucknow,Motorola,iOS,1.2,38.0,185.0,14,3.9,3318,7.1,4.9,1664,Work
U12268,53,Female,Chennai,Realme,iOS,9.4,29.0,163.7,178,0.9,3174,7.4,4.3,1862,Gaming
U12269,24,Male,Ahmedabad,Oppo,iOS,4.0,49.4,295.0,52,2.9,4748,6.9,1.0,731,Work
U12270,50,Male,Kolkata,Nokia,Android,3.6,26.4,151.8,144,4.4,9571,6.7,0.9,157,Entertainment
U12271,59,Female,Bangalore,Motorola,iOS,7.3,31.9,48.5,189,2.3,7288,1.3,1.1,1316,Entertainment
U12272,49,Female,Mumbai,Google Pixel,Android,9.3,16.0,226.4,143,4.1,6371,4.2,1.9,1209,Gaming
U12273,28,Male,Hyderabad,Xiaomi,iOS,8.9,9.9,222.1,37,0.5,8064,6.1,4.8,1997,Gaming
U12274,23,Other,Jaipur,Motorola,Android,6.9,49.1,196.9,74,0.5,2066,3.9,1.3,559,Work
U12275,41,Male,Hyderabad,Oppo,Android,1.3,13.2,220.5,78,3.6,4346,2.8,5.0,1708,Education
U12276,41,Other,Delhi,Samsung,Android,9.0,28.9,292.9,180,5.9,5197,3.7,1.2,615,Social Media
U12277,30,Male,Lucknow,Apple,iOS,9.6,39.6,10.6,104,4.3,9539,5.8,4.6,390,Work
U12278,36,Other,Mumbai,Oppo,Android,5.7,4.2,213.4,66,4.9,5793,4.9,4.3,1057,Education
U12279,44,Other,Ahmedabad,Oppo,iOS,2.3,3.3,86.6,80,2.7,3356,6.2,1.7,1715,Work
U12280,33,Other,Chennai,Oppo,Android,2.9,3.5,198.8,77,2.9,8631,4.8,1.6,518,Social Media
U12281,45,Other,Pune,Apple,Android,7.8,26.2,299.7,127,1.4,5406,0.6,3.4,580,Gaming
U12282,25,Male,Kolkata,Apple,Android,2.6,31.1,241.3,37,0.8,1385,5.9,1.1,1022,Social Media
U12283,33,Male,Bangalore,Samsung,Android,11.9,22.3,236.5,32,5.7,5899,1.4,2.5,142,Social Media
U12284,60,Other,Lucknow,Google Pixel,iOS,9.9,43.7,171.9,129,5.9,3281,7.7,3.0,1979,Social Media
U12285,49,Male,Bangalore,Realme,Android,6.9,29.7,105.3,57,3.4,2373,4.6,3.7,370,Gaming
U12286,49,Female,Bangalore,Nokia,Android,10.0,19.3,130.9,111,3.2,5724,0.6,1.4,1638,Education
U12287,37,Other,Jaipur,Samsung,iOS,7.2,28.0,110.3,176,4.0,4237,3.8,2.7,1545,Work
U12288,53,Male,Lucknow,Realme,iOS,4.1,13.2,62.2,45,3.1,997,7.3,1.8,1105,Gaming
U12289,24,Male,Hyderabad,Xiaomi,iOS,7.1,40.0,153.0,28,4.6,5829,7.1,4.0,724,Work
U12290,25,Female,Chennai,OnePlus,iOS,5.7,43.4,122.5,115,3.3,5585,0.7,3.6,1221,Work
U12291,43,Other,Hyderabad,Apple,iOS,9.9,9.0,248.8,186,5.7,6199,5.6,0.0,1874,Work
U12292,39,Other,Kolkata,Nokia,iOS,1.1,41.5,284.4,124,0.6,9267,2.1,3.9,1405,Work
U12293,52,Female,Hyderabad,Oppo,iOS,10.6,37.1,118.8,35,1.5,6973,5.6,2.7,591,Social Media
U12294,17,Female,Pune,Realme,iOS,7.6,6.2,221.6,187,0.6,2642,7.2,1.0,172,Entertainment
U12295,35,Other,Jaipur,Samsung,iOS,5.4,5.2,124.8,19,4.2,5285,2.8,3.9,514,Entertainment
U12296,18,Male,Kolkata,Oppo,Android,7.8,15.5,46.2,91,2.5,266,6.7,2.8,896,Entertainment
U12297,37,Male,Kolkata,Oppo,iOS,8.7,49.1,20.3,109,1.8,6423,6.7,0.4,1753,Social Media
U12298,22,Other,Kolkata,Vivo,iOS,8.6,3.5,64.7,177,3.8,5658,5.1,4.7,1042,Social Media
U12299,19,Male,Pune,Oppo,Android,11.7,26.4,111.2,194,1.9,7998,1.3,4.9,171,Work
U12300,40,Female,Lucknow,Vivo,iOS,9.0,30.9,48.1,32,3.4,4740,1.0,4.3,588,Work
U12301,30,Male,Bangalore,Vivo,Android,9.3,26.3,272.2,200,2.9,4598,5.3,4.9,606,Social Media
U12302,23,Other,Jaipur,Google Pixel,iOS,11.5,26.4,198.0,31,4.9,6186,4.5,3.9,1988,Work
U12303,36,Other,Mumbai,Nokia,iOS,1.9,9.7,12.1,42,1.6,7906,7.6,0.2,815,Entertainment
U12304,48,Male,Jaipur,Apple,iOS,10.1,4.8,268.9,125,4.6,4156,4.3,1.5,209,Entertainment
U12305,60,Female,Pune,Nokia,iOS,3.4,23.5,180.8,46,4.6,9870,2.2,4.7,607,Education
U12306,22,Female,Bangalore,Vivo,iOS,1.5,13.1,118.0,142,1.8,6689,6.0,0.3,135,Work
U12307,45,Female,Kolkata,Xiaomi,iOS,8.4,20.0,241.5,124,2.2,1179,6.1,4.9,911,Education
U12308,44,Male,Pune,Xiaomi,iOS,3.2,29.5,184.2,162,4.4,1495,4.6,4.0,423,Social Media
U12309,38,Other,Delhi,Samsung,Android,2.8,20.5,91.1,53,5.4,8987,1.5,2.9,1465,Social Media
U12310,58,Female,Jaipur,Oppo,iOS,3.1,15.4,189.8,127,3.2,1773,3.8,4.3,1081,Entertainment
U12311,35,Female,Chennai,Realme,iOS,7.4,3.8,200.4,175,5.9,1998,6.4,3.3,1134,Social Media
U12312,36,Male,Pune,Realme,Android,3.6,2.4,51.7,100,2.1,8590,2.4,2.9,1936,Work
U12313,25,Female,Lucknow,Oppo,iOS,10.4,47.8,199.4,19,0.7,9351,0.5,0.9,564,Social Media
U12314,56,Other,Mumbai,OnePlus,Android,7.6,9.3,101.7,147,2.7,2840,4.7,1.3,574,Work
U12315,47,Other,Ahmedabad,Apple,Android,1.2,44.3,227.2,155,4.0,749,7.6,4.4,1416,Gaming
U12316,48,Female,Hyderabad,Xiaomi,Android,4.8,20.0,178.1,98,1.4,1052,1.8,2.3,567,Entertainment
U12317,43,Other,Jaipur,Google Pixel,Android,10.1,9.1,166.6,103,5.7,5741,6.1,4.0,1513,Entertainment
U12318,45,Female,Ahmedabad,Samsung,iOS,8.3,27.6,27.2,61,3.1,5232,3.2,0.9,1102,Work
U12319,17,Female,Jaipur,OnePlus,Android,1.0,46.5,127.5,55,3.7,2299,3.6,4.5,458,Education
U12320,31,Male,Mumbai,Motorola,Android,11.4,25.8,111.3,127,3.9,2975,6.1,4.0,539,Entertainment
U12321,46,Female,Bangalore,Oppo,Android,4.8,3.8,54.4,24,1.5,8805,4.5,2.2,1967,Work
U12322,41,Male,Mumbai,Oppo,Android,2.3,33.9,89.7,194,0.9,1097,2.4,3.3,1376,Work
U12323,18,Male,Ahmedabad,Google Pixel,Android,7.5,31.1,145.1,137,5.0,2026,5.6,4.6,1685,Social Media
U12324,60,Other,Lucknow,Vivo,Android,10.6,26.0,107.6,29,2.9,1042,5.2,3.6,996,Work
U12325,40,Male,Bangalore,Google Pixel,Android,4.8,4.6,41.9,34,5.6,9722,3.8,2.1,1031,Education
U12326,18,Male,Pune,Realme,iOS,2.6,43.7,41.5,72,5.8,2881,3.2,1.7,789,Social Media
U12327,49,Female,Lucknow,Samsung,Android,1.4,47.3,189.5,178,3.6,6291,1.7,2.9,1666,Gaming
U12328,34,Female,Jaipur,Motorola,Android,3.0,43.8,58.9,58,1.4,9884,3.0,4.1,601,Social Media
U12329,39,Female,Chennai,Apple,iOS,11.5,4.2,199.3,159,5.2,434,7.3,0.5,811,Work
U12330,15,Other,Jaipur,Xiaomi,iOS,4.6,8.5,215.2,152,5.2,1375,6.2,1.0,925,Work
U12331,17,Other,Hyderabad,Realme,Android,4.3,5.3,97.6,63,4.2,8374,2.3,2.1,356,Entertainment
U12332,30,Other,Bangalore,Google Pixel,Android,10.3,37.4,25.0,89,4.9,8190,6.9,3.1,903,Entertainment
U12333,28,Female,Chennai,Nokia,iOS,5.7,32.4,243.9,146,4.1,6056,2.8,1.3,408,Social Media
U12334,28,Other,Delhi,Vivo,iOS,3.1,13.5,226.8,43,2.1,5226,7.9,4.5,706,Work
U12335,55,Male,Delhi,Xiaomi,Android,2.5,41.9,97.1,46,2.3,9669,2.8,3.1,998,Gaming
U12336,24,Female,Bangalore,Samsung,iOS,11.0,4.7,138.9,163,2.7,7750,7.4,2.8,491,Entertainment
U12337,26,Female,Ahmedabad,Samsung,iOS,7.9,20.9,158.5,51,5.1,8283,5.6,0.4,1712,Gaming
U12338,60,Male,Mumbai,Apple,iOS,10.4,35.4,263.5,188,1.3,192,7.7,0.6,557,Social Media
U12339,53,Other,Ahmedabad,Samsung,iOS,10.4,19.7,57.2,26,4.2,2280,2.6,1.1,449,Gaming
U12340,36,Female,Ahmedabad,Vivo,iOS,8.9,22.9,7.3,126,3.6,3472,7.6,1.3,1062,Gaming
U12341,21,Other,Jaipur,Google Pixel,Android,4.2,41.4,82.5,150,3.5,3819,0.6,4.2,107,Social Media
U12342,48,Female,Jaipur,Google Pixel,iOS,4.4,44.8,23.8,82,4.9,9554,4.4,1.4,1442,Work
U12343,47,Other,Mumbai,Oppo,Android,8.8,43.6,255.4,147,6.0,2880,1.7,4.8,283,Social Media
U12344,46,Other,Jaipur,Apple,Android,3.9,9.8,164.1,34,3.7,4484,2.7,3.7,650,Gaming
U12345,35,Female,Kolkata,Vivo,iOS,1.6,40.7,273.9,145,4.9,7661,4.2,4.1,961,Entertainment
U12346,59,Other,Jaipur,OnePlus,iOS,5.4,39.2,201.9,111,1.9,1200,1.4,0.3,1696,Work
U12347,27,Female,Delhi,OnePlus,iOS,4.1,36.1,21.7,24,2.5,2096,1.3,4.2,838,Work
U12348,29,Other,Hyderabad,Google Pixel,Android,9.1,22.2,236.5,64,2.8,3865,6.3,2.7,136,Gaming
U12349,19,Male,Chennai,OnePlus,iOS,2.8,11.1,161.2,181,5.2,7766,5.9,0.2,1795,Entertainment
U12350,52,Male,Pune,Nokia,iOS,7.6,6.7,103.2,49,2.3,3916,7.0,4.7,718,Entertainment
U12351,54,Female,Jaipur,Samsung,Android,10.4,16.3,239.0,150,2.5,6153,2.5,4.7,1789,Social Media
U12352,30,Other,Delhi,OnePlus,Android,2.4,42.1,220.0,144,4.8,9353,7.1,2.2,1321,Work
U12353,27,Other,Kolkata,Apple,iOS,5.3,16.0,10.6,163,5.0,7291,2.6,3.3,139,Work
U12354,49,Other,Lucknow,Nokia,Android,6.7,36.6,227.9,162,1.0,7759,3.7,0.7,1568,Entertainment
U12355,18,Male,Hyderabad,Samsung,Android,11.6,29.8,222.1,117,3.4,3066,4.1,0.8,768,Work
U12356,54,Female,Mumbai,Google Pixel,Android,9.1,3.7,69.5,137,0.9,4571,2.0,2.7,1802,Education
U12357,29,Female,Pune,Nokia,iOS,8.0,33.1,250.7,121,2.7,2704,3.2,0.6,1904,Social Media
U12358,53,Other,Chennai,Apple,iOS,9.6,29.0,56.2,15,5.0,8529,0.6,0.2,276,Work
U12359,42,Male,Hyderabad,Samsung,iOS,8.9,4.7,293.9,87,1.3,2698,1.8,4.4,265,Social Media
U12360,44,Other,Kolkata,Nokia,iOS,2.5,16.8,271.4,166,3.3,2654,1.5,4.9,391,Social Media
U12361,18,Female,Bangalore,Samsung,Android,5.2,15.4,159.0,98,4.1,645,3.9,2.9,257,Gaming
U12362,60,Other,Ahmedabad,Google Pixel,iOS,8.8,38.8,230.0,107,4.7,9895,7.3,2.9,1038,Gaming
U12363,60,Male,Ahmedabad,Realme,Android,9.7,24.8,92.1,48,3.3,6585,2.5,2.2,954,Work
U12364,18,Female,Delhi,Oppo,iOS,8.3,32.6,146.8,77,4.4,6106,7.1,4.8,632,Entertainment
U12365,36,Female,Jaipur,Vivo,Android,4.0,14.0,178.2,69,4.9,9923,5.8,0.7,1233,Education
U12366,18,Male,Lucknow,Xiaomi,Android,9.1,8.0,20.7,192,2.8,2201,7.9,4.4,1042,Gaming
U12367,48,Male,Bangalore,Apple,Android,7.8,24.7,204.8,167,3.3,9795,4.5,4.2,942,Education
U12368,55,Other,Chennai,Xiaomi,iOS,2.2,49.5,219.5,98,1.4,6562,2.8,4.8,1535,Entertainment
U12369,31,Male,Delhi,Realme,Android,1.4,13.9,209.5,134,4.0,8307,0.7,2.5,955,Social Media
U12370,60,Male,Chennai,Nokia,iOS,10.5,38.0,146.0,199,2.4,8887,7.0,2.0,1109,Work
U12371,38,Male,Delhi,Google Pixel,iOS,11.5,41.8,40.2,45,1.1,7548,4.8,1.4,1717,Entertainment
U12372,23,Other,Kolkata,Realme,iOS,3.3,4.0,37.2,17,2.1,6010,2.5,3.1,891,Entertainment
U12373,34,Male,Pune,Nokia,iOS,8.2,15.8,146.6,163,0.7,4395,3.4,4.5,636,Work
U12374,23,Female,Chennai,Vivo,iOS,6.4,20.2,185.3,174,5.0,2595,3.8,1.6,991,Education
U12375,46,Female,Hyderabad,Realme,iOS,5.2,34.8,92.2,49,2.8,3207,3.9,2.2,828,Education
U12376,60,Other,Chennai,Apple,iOS,4.9,7.3,281.1,65,1.1,7722,7.4,1.3,1247,Gaming
U12377,48,Female,Lucknow,Google Pixel,Android,1.1,47.9,284.8,151,1.8,6801,3.2,2.3,720,Entertainment
U12378,15,Male,Chennai,Motorola,iOS,5.5,12.9,167.5,103,6.0,7173,7.5,4.2,945,Social Media
U12379,54,Other,Kolkata,Apple,iOS,11.4,46.6,47.9,46,5.5,6123,2.3,2.1,1432,Work
U12380,19,Other,Pune,Nokia,Android,10.0,9.7,138.9,150,3.7,5993,7.8,1.8,942,Entertainment
U12381,47,Female,Kolkata,Realme,iOS,8.9,27.6,250.2,192,5.0,1538,2.2,3.1,1492,Gaming
U12382,17,Male,Jaipur,Realme,Android,2.0,12.1,250.2,36,4.1,1007,2.5,4.8,1538,Social Media
U12383,45,Other,Kolkata,Apple,iOS,8.0,20.7,282.4,62,5.6,8233,1.5,3.5,1107,Gaming
U12384,48,Female,Hyderabad,Realme,Android,11.9,18.5,134.9,97,5.5,4555,4.6,4.4,353,Social Media
U12385,38,Male,Lucknow,Vivo,iOS,9.3,8.8,278.4,116,3.3,9287,5.3,2.5,398,Entertainment
U12386,54,Female,Bangalore,Oppo,iOS,2.4,19.2,274.7,198,1.8,5837,2.5,4.3,1560,Social Media
U12387,47,Male,Jaipur,Samsung,iOS,8.4,2.3,158.9,184,2.6,2447,2.2,4.7,237,Work
U12388,40,Male,Chennai,Xiaomi,Android,6.6,49.3,195.0,30,2.5,9580,6.9,0.7,152,Social Media
U12389,25,Male,Ahmedabad,Google Pixel,iOS,10.3,40.1,30.7,159,1.6,9503,5.7,3.6,1991,Social Media
U12390,26,Male,Kolkata,Motorola,Android,5.6,3.4,109.2,114,4.7,9423,5.8,2.6,1902,Entertainment
U12391,43,Female,Hyderabad,Xiaomi,Android,5.1,5.0,17.9,132,2.3,220,7.5,2.4,1551,Work
U12392,46,Other,Lucknow,Samsung,Android,9.6,16.9,182.0,56,3.4,3757,4.1,2.0,886,Gaming
U12393,52,Other,Jaipur,Motorola,iOS,9.8,31.2,224.2,23,1.9,3418,3.4,3.4,114,Entertainment
U12394,45,Male,Pune,Apple,Android,8.3,39.5,254.4,153,5.3,7019,5.3,2.0,1254,Gaming
U12395,24,Other,Bangalore,Oppo,Android,9.4,46.8,48.2,89,4.7,8543,0.5,3.8,835,Education
U12396,59,Other,Delhi,Oppo,Android,9.5,5.9,260.8,76,3.5,7338,5.0,1.1,333,Entertainment
U12397,51,Male,Pune,Google Pixel,Android,9.8,4.1,118.2,22,5.9,3714,6.4,2.3,943,Gaming
U12398,47,Other,Bangalore,Motorola,Android,11.8,39.0,210.8,160,4.0,6456,1.0,1.2,108,Education
U12399,23,Other,Delhi,Xiaomi,iOS,7.4,27.1,72.7,185,2.8,3639,0.8,3.4,954,Entertainment
U12400,23,Other,Pune,Vivo,iOS,4.5,13.0,163.3,15,5.3,7749,6.2,1.0,1255,Entertainment
U12401,49,Other,Kolkata,OnePlus,Android,4.8,3.6,142.9,184,5.6,1495,6.7,3.9,930,Work
U12402,24,Male,Lucknow,Vivo,Android,5.3,32.6,185.1,43,0.9,8608,7.8,4.4,1093,Work
U12403,39,Female,Hyderabad,Xiaomi,Android,7.1,14.0,145.3,117,3.7,7456,0.7,1.1,1212,Work
U12404,15,Male,Pune,Realme,iOS,2.6,18.1,154.3,153,1.0,4125,0.7,2.2,1878,Entertainment
U12405,30,Other,Bangalore,Vivo,iOS,4.3,19.3,150.1,144,3.5,5720,7.2,0.4,1746,Education
U12406,33,Female,Chennai,Xiaomi,Android,6.8,22.7,284.6,56,3.5,7704,3.4,3.6,430,Education
U12407,52,Female,Pune,Motorola,iOS,4.2,42.5,146.1,108,5.3,2893,2.9,4.9,927,Social Media
U12408,48,Female,Jaipur,OnePlus,Android,6.9,16.0,225.8,34,5.8,6206,4.5,2.5,266,Entertainment
U12409,27,Male,Pune,Apple,iOS,9.3,26.0,143.3,32,3.0,7944,2.9,2.7,165,Work
U12410,55,Male,Jaipur,Realme,Android,5.0,36.6,80.2,93,5.1,2653,4.0,2.0,1203,Social Media
U12411,16,Male,Jaipur,Oppo,Android,3.2,34.6,160.9,22,3.3,8570,8.0,3.8,983,Gaming
U12412,37,Female,Bangalore,Google Pixel,iOS,9.9,12.1,128.0,158,1.3,6203,3.6,0.4,483,Education
U12413,55,Male,Delhi,Samsung,Android,4.9,17.6,138.2,109,1.7,1885,3.2,2.0,215,Education
U12414,18,Other,Kolkata,Xiaomi,iOS,10.0,31.3,164.8,66,2.9,8080,7.5,2.0,1683,Work
U12415,38,Male,Pune,OnePlus,iOS,6.7,47.0,20.7,82,1.1,525,7.5,3.8,1786,Social Media
U12416,19,Other,Delhi,Apple,iOS,6.4,14.0,169.4,130,4.0,2589,7.3,1.1,355,Entertainment
U12417,53,Female,Ahmedabad,Vivo,Android,7.0,33.6,29.3,100,5.6,9084,3.5,3.9,428,Education
U12418,42,Female,Lucknow,Nokia,Android,8.2,47.9,283.3,70,2.5,9086,1.0,4.7,298,Social Media
U12419,28,Other,Bangalore,Oppo,iOS,7.3,29.4,50.8,128,4.8,7246,4.4,2.9,375,Social Media
U12420,41,Other,Hyderabad,Xiaomi,Android,4.6,5.8,44.2,140,1.4,9502,1.1,0.9,1435,Education
U12421,44,Other,Ahmedabad,Realme,iOS,2.4,1.1,175.4,178,4.6,5426,4.1,2.2,982,Social Media
U12422,49,Male,Chennai,Nokia,Android,5.0,38.1,294.9,102,2.0,8793,5.1,2.6,1315,Education
U12423,54,Other,Mumbai,Realme,iOS,9.5,29.7,150.0,37,1.6,5300,2.3,3.7,610,Gaming
U12424,50,Female,Bangalore,Samsung,iOS,3.7,36.3,228.7,167,3.2,4548,3.4,4.0,1247,Work
U12425,46,Female,Bangalore,OnePlus,Android,4.4,29.8,265.3,175,3.1,3049,7.0,4.4,275,Social Media
U12426,46,Other,Delhi,Oppo,Android,10.0,43.5,177.2,176,5.2,9255,7.5,3.5,812,Entertainment
U12427,35,Female,Bangalore,Apple,Android,9.1,28.2,295.1,116,4.2,8715,5.2,3.9,332,Work
U12428,42,Male,Kolkata,Xiaomi,iOS,2.8,16.3,145.8,85,4.3,4358,6.0,3.3,1047,Gaming
U12429,27,Other,Delhi,Realme,Android,5.5,35.0,166.1,31,4.2,5498,5.0,0.6,1090,Entertainment
U12430,41,Male,Hyderabad,Samsung,iOS,4.5,10.5,274.6,110,1.1,3396,6.7,3.7,556,Work
U12431,29,Female,Hyderabad,Apple,iOS,1.9,42.2,29.7,29,4.8,6222,6.1,4.0,344,Work
U12432,37,Other,Bangalore,Nokia,iOS,4.6,8.6,77.5,174,1.9,3740,2.5,0.5,1606,Work
U12433,21,Other,Pune,Motorola,iOS,3.6,22.0,115.0,75,3.3,2168,2.8,1.4,959,Social Media
U12434,36,Male,Chennai,Nokia,Android,2.6,19.0,79.6,125,1.7,1952,3.1,1.0,941,Entertainment
U12435,15,Other,Delhi,OnePlus,Android,8.8,46.8,189.9,128,4.9,4708,2.5,2.0,160,Work
U12436,20,Other,Kolkata,Google Pixel,iOS,10.3,26.3,123.1,147,3.0,5608,3.8,4.1,1576,Entertainment
U12437,58,Other,Delhi,Vivo,Android,11.4,14.5,23.2,179,0.7,8382,2.3,4.5,630,Social Media
U12438,38,Female,Chennai,Motorola,iOS,9.8,27.5,176.4,172,5.8,2604,4.0,4.3,1785,Education
U12439,30,Male,Hyderabad,Nokia,Android,9.4,1.2,231.5,200,4.5,1109,6.2,0.4,168,Gaming
U12440,15,Other,Hyderabad,OnePlus,iOS,9.1,49.4,133.5,159,1.5,5518,3.8,5.0,100,Gaming
U12441,52,Male,Ahmedabad,Nokia,iOS,8.3,32.3,179.8,112,4.9,2029,2.2,4.7,648,Education
U12442,54,Other,Lucknow,Xiaomi,iOS,10.1,2.5,94.6,190,3.1,3728,7.5,1.1,473,Work
U12443,42,Other,Chennai,Samsung,Android,6.4,39.7,26.2,55,3.2,1263,6.5,2.0,550,Work
U12444,45,Other,Kolkata,Realme,Android,8.3,17.3,133.0,127,2.1,7970,1.3,0.8,1535,Social Media
U12445,16,Male,Pune,Realme,iOS,8.0,42.8,235.5,88,4.6,4848,7.7,3.6,1317,Gaming
U12446,55,Female,Bangalore,Google Pixel,Android,7.0,38.3,222.2,68,3.8,1685,4.7,1.2,256,Social Media
U12447,30,Male,Hyderabad,Samsung,Android,2.6,49.8,158.5,70,1.4,5510,1.0,2.8,503,Gaming
U12448,54,Other,Delhi,Samsung,Android,8.0,6.9,194.7,56,1.4,8623,4.9,1.5,1041,Education
U12449,23,Male,Delhi,Vivo,Android,4.6,42.0,14.9,33,2.2,9304,7.1,2.0,953,Social Media
U12450,43,Male,Bangalore,Apple,Android,7.1,39.3,183.2,182,2.3,6805,2.5,0.2,1873,Entertainment
U12451,40,Male,Kolkata,Oppo,Android,7.5,43.2,85.3,66,1.9,8406,4.7,0.7,692,Entertainment
U12452,16,Other,Mumbai,Apple,iOS,11.1,28.8,238.9,16,4.2,1516,4.8,0.2,561,Social Media
U12453,16,Other,Mumbai,OnePlus,Android,8.4,14.2,44.7,22,0.7,5191,7.3,2.6,308,Education
U12454,37,Male,Delhi,Xiaomi,Android,5.2,23.9,286.5,170,2.9,2892,7.2,3.5,1999,Social Media
U12455,30,Male,Delhi,Google Pixel,Android,5.9,6.7,81.4,123,4.6,8030,6.1,2.8,1693,Education
U12456,17,Male,Pune,Samsung,Android,12.0,16.4,223.9,75,5.6,9556,4.0,0.5,1691,Education
U12457,60,Male,Chennai,Motorola,Android,1.2,25.7,198.2,169,4.4,7914,6.9,0.0,1962,Work
U12458,17,Other,Chennai,Apple,Android,9.0,37.7,48.1,90,2.3,738,7.3,1.6,1524,Work
U12459,28,Male,Pune,Google Pixel,iOS,10.0,27.0,238.2,126,2.3,9311,5.6,3.5,846,Entertainment
U12460,20,Female,Hyderabad,Apple,Android,4.2,40.5,41.6,151,2.6,5211,3.0,3.6,181,Gaming
U12461,50,Female,Hyderabad,Samsung,iOS,8.4,25.3,298.7,50,0.9,8527,3.8,3.7,1951,Gaming
U12462,43,Female,Jaipur,Samsung,iOS,5.8,46.4,39.4,70,4.5,5560,3.0,3.5,1483,Entertainment
U12463,19,Male,Pune,Samsung,iOS,6.1,31.2,241.0,162,1.5,449,6.3,4.2,1819,Social Media
U12464,18,Other,Chennai,Nokia,Android,7.3,22.0,99.6,144,1.8,8876,7.8,1.0,1271,Entertainment
U12465,36,Female,Kolkata,Nokia,Android,5.0,38.1,155.2,34,2.3,1183,5.8,4.7,902,Work
U12466,42,Male,Chennai,Samsung,iOS,8.3,26.1,62.8,105,4.3,673,7.4,3.4,1587,Social Media
U12467,48,Other,Jaipur,Samsung,iOS,9.9,4.3,116.7,62,3.8,2006,1.4,2.3,1247,Entertainment
U12468,57,Female,Ahmedabad,Realme,Android,7.5,18.2,155.5,65,2.4,6542,2.7,3.1,579,Social Media
U12469,59,Other,Jaipur,Motorola,Android,7.3,24.4,131.5,96,0.7,8978,2.8,4.6,509,Education
U12470,21,Other,Lucknow,Apple,iOS,5.9,42.9,216.6,31,4.6,7111,1.6,3.4,638,Entertainment
U12471,40,Female,Pune,Xiaomi,Android,10.0,29.2,267.3,83,1.1,5255,7.8,2.4,392,Entertainment
U12472,15,Other,Hyderabad,Motorola,Android,11.1,38.1,119.6,182,1.6,4173,4.5,0.7,1939,Social Media
U12473,43,Male,Bangalore,OnePlus,Android,11.2,2.3,263.6,190,0.8,2734,2.4,0.3,157,Entertainment
U12474,22,Female,Pune,OnePlus,iOS,5.0,26.5,44.3,76,3.1,4544,2.4,2.2,868,Gaming
U12475,46,Female,Kolkata,Apple,iOS,11.1,36.4,223.6,98,3.3,2639,5.0,1.2,814,Social Media
U12476,33,Female,Lucknow,Oppo,iOS,11.8,5.0,19.7,36,3.6,4420,7.5,3.4,1912,Education
U12477,30,Male,Chennai,Oppo,iOS,2.8,20.8,136.4,170,1.4,647,6.8,3.2,340,Education
U12478,31,Male,Pune,Nokia,Android,4.7,17.5,179.7,49,3.1,8639,0.5,0.9,653,Social Media
U12479,58,Female,Jaipur,Realme,Android,4.7,47.9,116.8,118,1.6,2999,2.8,1.3,1289,Gaming
U12480,53,Female,Kolkata,OnePlus,iOS,2.0,43.0,173.4,45,3.4,1804,5.3,0.7,210,Education
U12481,44,Other,Hyderabad,Nokia,Android,4.6,7.0,40.7,76,1.0,3512,2.9,2.9,435,Work
U12482,23,Female,Bangalore,Vivo,iOS,9.4,15.2,256.1,161,0.8,7066,6.2,4.1,1004,Education
U12483,33,Male,Delhi,Oppo,iOS,11.6,13.8,144.6,162,0.7,4386,2.9,0.6,1374,Work
U12484,34,Male,Hyderabad,Google Pixel,Android,5.0,22.2,70.1,56,4.3,8250,6.1,3.2,534,Education
U12485,34,Male,Chennai,Nokia,Android,8.9,20.5,87.0,88,2.6,9803,5.2,2.7,475,Gaming
U12486,15,Other,Chennai,Google Pixel,Android,10.1,26.8,26.9,198,2.6,6809,3.4,0.8,1525,Work
U12487,47,Female,Lucknow,Xiaomi,iOS,3.1,4.1,64.1,62,4.0,9809,1.4,4.6,1484,Entertainment
U12488,23,Female,Bangalore,OnePlus,Android,7.5,25.4,32.2,11,2.6,313,4.0,2.9,311,Social Media
U12489,22,Male,Chennai,Oppo,Android,2.7,46.5,294.3,47,1.4,3602,4.1,2.2,1801,Entertainment
U12490,57,Female,Kolkata,Google Pixel,iOS,7.4,44.0,271.7,101,5.0,9587,2.5,4.0,460,Social Media
U12491,28,Female,Jaipur,Nokia,iOS,8.1,49.1,142.6,185,1.8,9737,7.7,2.5,1491,Work
U12492,39,Male,Lucknow,Xiaomi,Android,2.7,49.3,141.8,74,5.4,5684,6.6,3.1,562,Social Media
U12493,41,Female,Ahmedabad,Samsung,Android,11.3,47.7,255.5,47,0.8,5998,5.8,2.2,1115,Education
U12494,37,Other,Hyderabad,Apple,Android,10.0,7.4,225.1,190,4.4,336,7.2,2.4,458,Entertainment
U12495,21,Other,Jaipur,Oppo,Android,9.4,27.4,236.9,22,4.9,9790,3.1,3.0,147,Work
U12496,24,Other,Chennai,Vivo,iOS,4.1,9.1,203.0,80,5.8,5329,7.9,1.2,869,Social Media
U12497,34,Other,Pune,Google Pixel,iOS,11.2,22.8,194.7,181,5.4,9172,0.8,0.6,192,Entertainment
U12498,40,Other,Chennai,Vivo,Android,10.2,35.2,167.2,161,2.6,3618,0.8,2.8,770,Work
U12499,27,Female,Kolkata,Vivo,iOS,1.3,10.8,261.2,109,5.8,7888,1.7,3.6,1356,Social Media
U12500,57,Male,Delhi,Nokia,iOS,2.4,30.6,243.8,25,5.1,4055,4.4,0.6,1262,Entertainment
U12501,36,Male,Jaipur,Nokia,iOS,3.4,42.2,173.0,100,2.0,2499,7.0,1.2,316,Social Media
U12502,47,Male,Hyderabad,Vivo,iOS,7.7,22.8,93.4,121,4.2,7753,7.2,2.0,1902,Work
U12503,38,Other,Kolkata,Nokia,Android,6.2,2.3,47.2,67,2.0,8612,8.0,3.6,971,Work
U12504,57,Other,Jaipur,Motorola,iOS,5.7,32.3,65.3,40,5.3,2586,3.3,1.4,1801,Education
U12505,29,Female,Mumbai,Vivo,Android,4.1,25.3,294.3,154,1.5,1240,4.1,0.2,636,Education
U12506,24,Other,Kolkata,Samsung,iOS,9.3,32.8,164.1,98,1.4,9741,2.1,4.2,676,Work
U12507,24,Male,Ahmedabad,Realme,Android,4.1,43.8,133.3,166,3.7,3215,3.6,2.9,567,Work
U12508,46,Female,Kolkata,Samsung,iOS,5.6,17.3,211.6,96,1.2,1535,6.2,4.1,487,Social Media
U12509,26,Male,Kolkata,OnePlus,iOS,4.8,20.5,65.1,22,1.6,316,1.3,1.9,1893,Work
U12510,48,Female,Mumbai,Motorola,Android,8.9,18.0,121.9,118,5.2,160,3.6,0.4,1217,Work
U12511,54,Female,Lucknow,Realme,Android,6.7,49.8,38.2,175,1.0,6427,3.1,0.4,1474,Social Media
U12512,47,Other,Kolkata,OnePlus,Android,1.6,8.9,84.5,44,2.1,467,2.2,4.1,465,Entertainment
U12513,18,Male,Chennai,Nokia,Android,8.1,10.3,75.4,53,1.3,481,3.7,4.1,843,Entertainment
U12514,54,Other,Jaipur,Xiaomi,Android,4.5,30.5,38.9,183,5.8,4414,2.3,1.4,988,Entertainment
U12515,43,Other,Chennai,Vivo,Android,2.8,32.6,14.1,80,1.7,7716,5.1,3.2,647,Education
U12516,47,Female,Delhi,Samsung,Android,10.9,42.4,119.4,64,1.8,1571,3.4,2.3,1989,Education
U12517,18,Male,Jaipur,Samsung,Android,4.2,33.7,159.4,84,2.3,2266,4.2,4.2,395,Social Media
U12518,56,Female,Chennai,Nokia,Android,2.5,4.3,92.9,188,1.7,9356,7.0,1.6,1261,Education
U12519,26,Male,Kolkata,Motorola,Android,10.3,48.8,170.7,87,4.4,9919,5.1,0.9,1608,Entertainment
U12520,31,Female,Kolkata,Realme,Android,4.0,7.8,275.3,89,3.3,283,3.2,2.2,1579,Social Media
U12521,41,Other,Pune,Apple,iOS,8.9,16.3,67.2,103,3.7,958,1.9,1.1,1413,Social Media
U12522,21,Other,Ahmedabad,Samsung,Android,7.5,15.2,152.8,42,3.1,3651,5.9,2.3,1225,Social Media
U12523,57,Female,Pune,Samsung,Android,10.7,9.9,86.6,113,3.7,4361,7.7,1.5,516,Social Media
U12524,41,Male,Bangalore,Realme,iOS,4.3,1.8,82.6,173,5.4,7911,5.4,1.5,1534,Social Media
U12525,23,Other,Lucknow,Vivo,Android,6.8,4.3,128.6,83,2.5,8596,3.4,2.7,1603,Gaming
U12526,27,Male,Delhi,Vivo,Android,8.3,4.5,236.3,117,4.4,9439,1.8,4.9,375,Work
U12527,31,Female,Chennai,Oppo,iOS,8.8,12.8,97.8,200,3.9,8809,6.5,4.1,1835,Entertainment
U12528,47,Other,Mumbai,Oppo,iOS,10.6,18.3,272.4,29,3.0,9028,3.5,1.9,157,Entertainment
U12529,60,Male,Ahmedabad,Xiaomi,iOS,11.8,48.1,278.9,125,2.6,4877,6.0,4.1,784,Entertainment
U12530,43,Female,Pune,OnePlus,iOS,7.2,49.9,167.3,190,4.8,156,4.8,3.8,465,Gaming
U12531,55,Male,Kolkata,OnePlus,iOS,8.4,43.7,234.3,99,1.5,967,4.6,2.6,761,Gaming
U12532,40,Male,Pune,Oppo,iOS,1.1,7.5,17.7,138,2.1,6289,6.7,2.2,515,Education
U12533,45,Female,Jaipur,Nokia,iOS,9.5,29.8,196.2,19,4.6,5743,3.5,4.6,1116,Social Media
U12534,27,Female,Lucknow,Oppo,Android,5.8,48.8,69.7,67,1.0,7696,3.4,1.3,463,Social Media
U12535,59,Other,Delhi,Vivo,Android,2.3,37.8,259.1,36,5.0,5279,4.2,3.4,1971,Education
U12536,40,Other,Lucknow,Apple,iOS,4.4,8.9,259.4,107,4.1,5890,0.8,1.5,928,Education
U12537,60,Male,Ahmedabad,Motorola,iOS,2.7,15.3,237.7,63,3.8,8802,4.4,3.1,1444,Entertainment
U12538,59,Other,Mumbai,OnePlus,Android,6.7,30.2,131.9,12,3.2,8337,7.4,3.8,742,Social Media
U12539,26,Other,Pune,Xiaomi,Android,5.9,35.7,190.2,27,4.8,9775,2.9,0.9,648,Entertainment
U12540,22,Female,Mumbai,Google Pixel,Android,2.9,14.5,206.2,46,4.6,7761,7.9,4.7,1556,Gaming
U12541,33,Other,Delhi,Apple,Android,3.7,2.3,12.5,58,1.7,765,3.5,0.0,1113,Work
U12542,46,Male,Hyderabad,Motorola,Android,11.4,15.6,254.7,165,2.6,9192,7.4,4.7,564,Social Media
U12543,28,Male,Mumbai,Oppo,Android,11.5,38.9,140.1,102,6.0,4657,4.2,2.3,359,Work
U12544,60,Other,Delhi,Google Pixel,iOS,10.1,8.6,134.5,136,0.8,3133,2.1,2.7,347,Entertainment
U12545,25,Other,Hyderabad,Google Pixel,iOS,5.8,27.3,200.9,125,1.9,9799,7.5,2.0,1241,Education
U12546,55,Male,Chennai,Motorola,iOS,3.1,45.3,115.0,192,2.5,2225,3.0,1.4,118,Education
U12547,32,Female,Ahmedabad,Samsung,Android,8.8,40.0,257.8,185,4.1,4623,6.0,4.4,1023,Education
U12548,32,Male,Pune,Samsung,Android,11.4,12.0,295.9,171,3.9,3455,1.0,3.7,1834,Social Media
U12549,53,Other,Delhi,Oppo,iOS,9.4,44.6,8.2,22,3.6,2786,6.7,0.5,106,Work
U12550,55,Female,Kolkata,Vivo,iOS,5.5,21.3,89.0,75,5.0,2384,7.5,4.6,146,Entertainment
U12551,21,Female,Pune,OnePlus,Android,8.9,33.9,189.7,193,1.0,2020,6.8,1.2,1923,Gaming
U12552,54,Female,Pune,Samsung,iOS,10.6,26.3,94.8,169,2.7,8737,3.6,2.1,987,Education
U12553,18,Other,Delhi,Samsung,iOS,2.2,38.6,21.6,56,2.6,2288,3.6,4.1,1527,Social Media
U12554,33,Male,Lucknow,Motorola,Android,10.8,26.1,82.2,61,5.2,4656,5.5,2.0,484,Entertainment
U12555,37,Male,Chennai,Vivo,iOS,2.9,18.6,270.9,126,1.8,8000,6.3,3.7,173,Gaming
U12556,25,Other,Hyderabad,Motorola,iOS,8.3,21.5,34.7,165,1.0,6769,4.9,3.5,1947,Work
U12557,55,Other,Mumbai,Vivo,iOS,11.5,16.4,33.6,173,4.3,9829,4.8,1.3,1710,Education
U12558,38,Male,Mumbai,OnePlus,Android,9.0,19.9,37.4,88,4.0,9862,2.8,1.7,489,Work
U12559,25,Male,Chennai,OnePlus,iOS,7.8,33.8,243.5,128,2.0,834,7.0,4.7,504,Entertainment
U12560,19,Other,Mumbai,Nokia,iOS,10.2,5.2,37.0,86,3.6,1731,3.4,2.5,715,Gaming
U12561,19,Male,Bangalore,Google Pixel,iOS,9.5,27.6,162.0,183,4.8,3623,5.5,2.3,449,Social Media
U12562,46,Male,Kolkata,Xiaomi,iOS,8.2,22.2,64.6,97,4.9,4490,6.9,4.3,610,Gaming
U12563,15,Male,Chennai,Oppo,iOS,7.5,17.4,264.4,88,0.9,2137,1.5,3.1,1504,Gaming
U12564,29,Other,Pune,Vivo,iOS,4.8,20.0,132.5,11,2.8,5970,5.7,1.1,157,Work
U12565,29,Male,Jaipur,Nokia,iOS,1.7,12.1,179.5,166,0.7,203,5.5,2.5,1059,Education
U12566,37,Male,Lucknow,Realme,iOS,7.1,46.1,197.1,56,1.2,5940,1.3,0.7,1950,Gaming
U12567,52,Female,Chennai,Vivo,iOS,1.3,29.4,57.0,36,3.7,2420,2.2,3.7,165,Entertainment
U12568,37,Male,Kolkata,Google Pixel,iOS,8.7,12.8,235.2,69,0.9,7713,1.6,0.6,1961,Work
U12569,24,Male,Chennai,Nokia,Android,7.3,11.8,211.7,84,2.3,3186,3.4,3.5,139,Gaming
U12570,55,Female,Hyderabad,Vivo,Android,2.1,3.2,259.7,35,3.7,7555,4.8,2.6,1401,Gaming
U12571,56,Female,Hyderabad,Samsung,iOS,5.3,43.2,59.5,39,1.5,6809,1.4,0.6,1372,Work
U12572,45,Male,Ahmedabad,Vivo,Android,1.3,8.2,255.6,61,5.6,1394,7.9,3.5,1890,Education
U12573,27,Other,Pune,Realme,iOS,11.3,9.5,59.9,149,0.5,1663,1.6,4.6,1474,Education
U12574,58,Female,Ahmedabad,Samsung,Android,5.8,4.7,137.5,138,3.5,4242,3.4,3.6,817,Work
U12575,57,Other,Delhi,Nokia,iOS,11.5,6.9,27.4,22,4.9,9784,2.6,1.0,1307,Social Media
U12576,26,Other,Ahmedabad,Motorola,Android,6.9,39.9,16.3,18,5.0,9333,4.7,1.1,1623,Education
U12577,20,Other,Lucknow,Nokia,Android,4.5,14.7,254.8,198,1.3,3179,3.4,3.0,204,Entertainment
U12578,32,Female,Kolkata,Xiaomi,Android,8.5,1.1,189.7,42,1.5,4807,7.1,2.8,527,Entertainment
U12579,19,Female,Lucknow,Motorola,Android,9.3,2.1,129.4,34,3.9,3955,1.1,4.0,1301,Work
U12580,20,Male,Pune,Oppo,iOS,5.9,33.4,235.1,151,4.7,3458,6.4,4.6,990,Work
U12581,36,Other,Mumbai,Samsung,Android,1.7,35.6,109.3,152,4.0,5808,3.4,3.6,789,Entertainment
U12582,34,Male,Lucknow,Realme,Android,7.1,41.2,254.1,22,2.3,8136,5.7,4.6,1320,Entertainment
U12583,60,Male,Lucknow,OnePlus,iOS,8.3,48.9,44.2,195,3.8,4073,0.6,2.3,1451,Work
U12584,59,Male,Jaipur,Motorola,iOS,10.0,35.4,59.7,183,1.6,3345,2.3,1.8,804,Gaming
U12585,24,Male,Kolkata,Xiaomi,Android,8.4,9.3,31.2,38,5.5,1224,4.7,2.5,1923,Education
U12586,45,Male,Delhi,OnePlus,Android,3.4,47.7,115.3,140,2.5,3476,3.6,1.5,1807,Work
U12587,21,Female,Ahmedabad,Nokia,Android,4.8,30.8,196.5,89,4.2,3532,1.4,4.0,531,Social Media
U12588,24,Male,Mumbai,Nokia,iOS,5.6,9.3,88.5,40,5.4,9537,7.3,3.0,188,Entertainment
U12589,49,Male,Chennai,OnePlus,iOS,2.0,17.3,206.6,75,5.8,7999,7.5,0.2,1023,Gaming
U12590,57,Female,Mumbai,Xiaomi,iOS,10.7,46.6,116.9,21,5.6,7645,3.8,1.1,1173,Entertainment
U12591,27,Male,Hyderabad,Samsung,Android,11.4,27.7,28.4,85,2.4,4644,4.2,0.4,312,Work
U12592,15,Female,Bangalore,Samsung,Android,3.3,8.1,118.3,50,3.4,4282,3.6,4.6,1738,Education
U12593,23,Female,Jaipur,Realme,Android,6.7,49.0,198.8,38,4.2,8262,4.5,1.8,1010,Social Media
U12594,55,Male,Kolkata,Nokia,Android,8.4,32.6,169.8,21,3.5,2245,6.0,0.8,1360,Education
U12595,50,Female,Jaipur,OnePlus,Android,10.7,31.2,242.1,194,2.5,393,6.7,2.8,790,Social Media
U12596,44,Female,Ahmedabad,Google Pixel,iOS,3.8,25.8,35.8,172,1.8,7259,7.0,2.8,679,Education
U12597,55,Male,Chennai,Vivo,Android,6.0,49.8,239.2,168,3.0,6144,5.7,2.1,1893,Social Media
U12598,28,Other,Pune,Samsung,iOS,6.1,5.6,126.6,88,5.0,1758,2.8,2.9,1388,Social Media
U12599,43,Female,Delhi,Realme,Android,4.2,24.0,292.3,20,5.0,9280,6.6,1.4,746,Education
U12600,57,Male,Jaipur,Nokia,Android,2.6,34.9,252.7,128,2.4,5850,1.1,4.1,685,Social Media
U12601,25,Other,Jaipur,OnePlus,Android,6.3,37.1,123.9,84,4.3,7071,5.6,0.4,371,Education
U12602,21,Other,Jaipur,Apple,iOS,4.3,2.6,20.0,152,5.3,7526,2.5,5.0,833,Entertainment
U12603,42,Female,Bangalore,Samsung,iOS,11.7,31.2,197.9,153,4.3,5691,7.5,3.0,1781,Education
U12604,15,Male,Ahmedabad,Nokia,Android,11.3,20.3,119.9,78,5.9,3413,4.0,3.9,1753,Work
U12605,16,Male,Chennai,OnePlus,Android,10.3,12.3,198.2,129,2.3,2751,4.7,1.6,113,Entertainment
U12606,58,Other,Delhi,Realme,Android,8.7,46.1,152.3,75,0.7,3020,7.3,2.9,1896,Work
U12607,44,Female,Hyderabad,Vivo,iOS,3.4,44.5,27.6,81,2.9,7656,6.9,1.3,475,Entertainment
U12608,29,Other,Lucknow,Oppo,Android,6.7,26.5,268.3,169,3.4,4700,2.7,5.0,1483,Social Media
U12609,58,Male,Hyderabad,OnePlus,Android,3.2,35.4,152.2,56,4.7,2614,5.0,2.2,880,Education
U12610,30,Female,Bangalore,Samsung,Android,6.2,7.3,225.1,150,4.5,3351,0.9,1.0,1199,Social Media
U12611,54,Other,Mumbai,Google Pixel,iOS,1.5,49.3,124.5,34,2.8,3371,5.9,1.2,1336,Work
U12612,48,Other,Hyderabad,Google Pixel,iOS,7.2,25.7,219.4,112,4.4,8903,6.0,2.9,750,Work
U12613,29,Male,Lucknow,Motorola,Android,4.5,38.2,70.2,15,1.4,7572,5.6,2.3,628,Work
U12614,23,Other,Hyderabad,Samsung,Android,7.3,3.6,283.5,121,4.1,8172,1.6,4.7,1659,Entertainment
U12615,55,Male,Jaipur,Vivo,iOS,2.2,29.7,112.7,77,0.9,336,7.3,2.9,926,Entertainment
U12616,27,Female,Lucknow,Samsung,Android,6.2,17.6,48.2,52,3.0,3762,7.1,1.2,1526,Work
U12617,31,Female,Kolkata,Nokia,Android,1.1,48.3,145.0,51,4.6,6745,6.9,3.1,398,Education
U12618,38,Male,Lucknow,Apple,iOS,9.3,32.3,75.4,42,3.6,8788,1.4,4.9,1282,Work
U12619,18,Male,Pune,OnePlus,Android,10.9,34.9,181.5,43,2.5,685,1.2,2.6,719,Entertainment
U12620,25,Other,Pune,Samsung,iOS,11.4,40.8,100.5,67,5.4,6423,7.5,2.7,1005,Social Media
U12621,18,Other,Hyderabad,OnePlus,iOS,5.4,44.7,44.2,183,1.8,5767,6.6,3.1,1318,Education
U12622,35,Male,Hyderabad,Apple,Android,3.0,42.4,79.1,62,4.5,2501,3.7,3.9,1398,Work
U12623,42,Other,Jaipur,Motorola,iOS,11.5,27.5,288.3,144,5.7,4244,3.0,4.5,1808,Social Media
U12624,26,Other,Hyderabad,Motorola,iOS,2.2,29.2,244.8,71,2.5,9272,6.9,3.8,1941,Social Media
U12625,33,Male,Pune,Apple,iOS,2.8,39.0,61.0,116,1.1,5751,6.0,2.7,1345,Education
U12626,28,Male,Hyderabad,Google Pixel,Android,4.3,10.0,235.7,177,1.2,617,5.4,2.0,465,Gaming
U12627,21,Other,Mumbai,Oppo,iOS,5.6,4.1,190.8,164,1.2,8540,3.8,4.9,1760,Social Media
U12628,35,Other,Kolkata,Samsung,iOS,7.8,11.2,24.4,84,5.1,3454,5.6,3.7,1261,Social Media
U12629,34,Other,Pune,Realme,Android,11.7,4.3,15.1,166,3.9,1695,3.7,0.2,221,Education
U12630,25,Male,Mumbai,Xiaomi,Android,4.8,28.2,60.0,77,4.9,2319,3.8,0.7,881,Education
U12631,30,Female,Ahmedabad,OnePlus,Android,11.9,37.0,171.1,155,3.7,9647,3.7,3.7,1812,Entertainment
U12632,52,Female,Kolkata,Vivo,Android,3.5,40.1,247.0,52,0.9,3036,4.0,3.6,621,Social Media
U12633,32,Male,Delhi,Oppo,iOS,1.9,3.6,74.8,37,3.6,4121,4.2,0.5,1523,Social Media
U12634,31,Male,Pune,Realme,Android,1.8,46.3,288.5,183,2.2,6443,5.8,3.9,815,Work
U12635,24,Male,Ahmedabad,Nokia,iOS,11.7,34.6,69.0,97,0.7,9469,1.4,4.9,410,Social Media
U12636,36,Male,Delhi,Xiaomi,Android,4.8,30.8,107.7,19,0.6,9662,0.7,3.8,685,Education
U12637,37,Other,Chennai,Realme,iOS,3.5,15.1,111.9,11,5.0,9180,2.6,3.3,1017,Social Media
U12638,29,Female,Hyderabad,OnePlus,Android,9.2,46.6,282.0,26,4.0,8901,6.5,3.2,519,Entertainment
U12639,18,Male,Chennai,Samsung,Android,5.5,6.4,75.1,70,4.9,3881,1.5,2.8,459,Gaming
U12640,19,Other,Kolkata,Google Pixel,Android,9.0,6.5,26.8,135,1.8,2280,4.1,3.9,889,Work
U12641,18,Other,Chennai,Motorola,iOS,10.3,22.5,284.6,153,3.6,8091,4.0,1.9,1775,Social Media
U12642,23,Female,Ahmedabad,Realme,iOS,5.6,29.9,244.8,89,4.1,6149,6.8,4.6,1708,Social Media
U12643,45,Male,Lucknow,Apple,Android,10.4,1.0,16.9,132,3.1,5781,1.3,4.7,191,Social Media
U12644,15,Other,Mumbai,Apple,Android,7.3,26.4,268.1,32,4.7,3589,6.2,3.5,1755,Work
U12645,48,Female,Pune,Oppo,Android,4.3,11.6,110.0,178,1.2,6302,1.2,1.3,392,Entertainment
U12646,35,Female,Jaipur,Nokia,iOS,1.4,22.4,71.5,138,2.4,2542,5.3,2.2,1303,Entertainment
U12647,53,Male,Kolkata,Motorola,Android,4.3,18.9,59.7,142,2.4,1551,5.1,3.6,1667,Gaming
U12648,28,Other,Kolkata,Xiaomi,iOS,12.0,11.6,24.4,55,1.3,6814,3.4,0.9,545,Work
U12649,57,Male,Kolkata,Xiaomi,iOS,7.4,13.2,196.2,145,3.6,4642,7.9,4.9,1041,Gaming
U12650,33,Female,Mumbai,Motorola,iOS,8.5,15.9,43.7,117,0.9,8379,6.3,1.8,1468,Education
U12651,30,Male,Mumbai,Samsung,Android,4.4,3.0,284.7,70,2.8,103,3.8,2.6,258,Work
U12652,29,Other,Jaipur,Apple,iOS,2.3,26.6,164.5,114,5.6,2654,6.7,4.0,172,Gaming
U12653,34,Female,Lucknow,Oppo,Android,3.3,24.2,237.0,18,1.7,9311,6.7,1.5,151,Work
U12654,18,Other,Hyderabad,Nokia,iOS,7.1,15.4,56.3,80,5.9,5325,2.7,1.6,1003,Social Media
U12655,29,Female,Hyderabad,Apple,Android,4.5,40.9,251.4,51,5.0,7437,3.2,3.9,129,Gaming
U12656,42,Female,Ahmedabad,Oppo,iOS,10.6,44.1,202.5,38,0.6,8951,7.4,1.3,1363,Education
U12657,52,Other,Bangalore,Google Pixel,iOS,3.5,13.8,33.7,175,3.6,1829,2.0,1.5,1135,Social Media
U12658,23,Other,Bangalore,Motorola,iOS,6.5,14.9,46.2,90,2.6,2206,1.1,1.8,144,Education
U12659,21,Female,Jaipur,Samsung,iOS,5.9,5.5,96.5,85,4.8,9925,2.4,2.3,1525,Gaming
U12660,59,Other,Mumbai,Nokia,Android,9.3,29.8,70.9,181,1.3,9010,2.8,4.6,922,Education
U12661,40,Female,Mumbai,Realme,Android,8.6,18.5,48.9,87,3.2,8658,7.5,0.5,355,Education
U12662,58,Male,Lucknow,Samsung,Android,11.0,32.8,132.8,120,5.6,6172,0.7,0.0,1229,Work
U12663,37,Female,Lucknow,Nokia,iOS,5.5,21.9,123.5,44,3.2,2187,6.7,3.3,1539,Entertainment
U12664,53,Other,Delhi,Xiaomi,Android,4.0,7.4,95.4,122,1.9,5722,5.6,1.2,1435,Education
U12665,40,Other,Pune,Motorola,iOS,2.2,44.7,250.5,43,1.8,6926,3.8,1.9,944,Education
U12666,28,Male,Jaipur,Realme,iOS,3.0,5.3,80.9,89,2.9,858,1.3,0.5,382,Education
U12667,27,Other,Ahmedabad,Apple,iOS,9.6,25.0,58.0,67,1.7,3088,3.6,0.5,1311,Education
U12668,56,Male,Mumbai,Samsung,iOS,4.4,30.5,159.0,46,1.7,9861,3.2,3.8,1062,Social Media
U12669,42,Female,Jaipur,OnePlus,iOS,9.1,20.6,128.3,125,4.9,7049,0.7,0.8,966,Social Media
U12670,34,Male,Ahmedabad,OnePlus,Android,7.7,13.4,17.3,199,5.1,4947,3.8,4.0,359,Social Media
U12671,32,Male,Kolkata,Nokia,iOS,3.0,27.0,266.0,200,5.3,8596,4.7,1.9,1035,Social Media
U12672,52,Female,Chennai,Vivo,Android,10.1,22.4,93.2,76,0.7,6226,1.4,2.5,645,Work
U12673,28,Male,Delhi,Realme,iOS,10.7,16.3,57.4,114,4.6,9066,4.6,2.9,1172,Social Media
U12674,39,Male,Lucknow,Samsung,iOS,7.5,49.6,221.2,151,3.3,808,2.8,4.6,175,Education
U12675,55,Other,Mumbai,Xiaomi,Android,7.6,8.9,140.6,32,3.7,458,3.1,4.8,603,Work
U12676,48,Other,Delhi,Vivo,Android,8.3,29.0,155.4,161,4.0,239,5.4,2.2,853,Entertainment
U12677,38,Female,Kolkata,Vivo,iOS,3.3,22.0,218.3,134,5.2,1401,6.1,4.3,539,Gaming
U12678,44,Male,Kolkata,Nokia,iOS,2.7,24.8,288.2,97,5.2,2741,7.2,3.3,1529,Work
U12679,54,Female,Delhi,Nokia,Android,5.6,20.2,241.2,113,1.9,8621,2.9,2.6,921,Social Media
U12680,36,Female,Kolkata,Samsung,iOS,4.6,12.1,244.4,62,5.6,1942,6.5,4.7,1039,Work
U12681,52,Male,Bangalore,Realme,Android,5.1,13.5,225.7,168,3.9,6166,5.6,4.1,413,Entertainment
U12682,32,Female,Ahmedabad,Google Pixel,iOS,1.4,4.4,185.1,158,4.6,6189,6.7,1.7,1985,Entertainment
U12683,15,Female,Bangalore,OnePlus,Android,11.5,39.6,150.9,175,4.3,1411,1.9,4.3,847,Entertainment
U12684,28,Male,Delhi,Google Pixel,iOS,5.8,23.8,75.0,102,5.2,5183,2.8,1.6,1819,Education
U12685,28,Female,Delhi,Apple,iOS,8.4,32.0,7.1,189,1.6,406,0.8,3.6,308,Work
U12686,45,Other,Kolkata,Motorola,iOS,3.1,46.7,186.9,127,1.9,1837,1.6,2.0,123,Gaming
U12687,18,Female,Ahmedabad,Xiaomi,Android,4.4,28.9,92.7,165,3.1,5118,3.7,2.1,1037,Work
U12688,27,Male,Bangalore,OnePlus,Android,11.1,31.5,139.7,153,3.0,4767,4.1,2.0,823,Gaming
U12689,42,Female,Bangalore,Google Pixel,Android,11.8,36.0,96.4,188,4.9,266,1.9,2.4,217,Education
U12690,41,Female,Delhi,Motorola,iOS,8.4,37.7,274.4,122,5.0,2753,0.6,1.3,1219,Gaming
U12691,44,Male,Hyderabad,Samsung,Android,7.4,20.1,166.3,115,1.4,963,7.6,3.6,106,Entertainment
U12692,17,Other,Hyderabad,Xiaomi,Android,10.9,38.0,214.4,139,2.8,8054,2.3,0.1,845,Gaming
U12693,55,Male,Hyderabad,Google Pixel,iOS,11.9,37.9,62.6,35,4.2,284,0.8,1.6,208,Education
U12694,40,Other,Kolkata,Nokia,Android,11.5,30.1,14.1,139,5.3,1856,3.2,3.8,1327,Education
U12695,55,Female,Bangalore,Google Pixel,iOS,2.7,26.3,21.5,139,2.2,1835,5.2,1.8,565,Education
U12696,39,Other,Hyderabad,Samsung,iOS,11.3,2.9,98.7,42,4.8,4642,5.3,0.4,195,Work
U12697,37,Female,Ahmedabad,OnePlus,iOS,7.5,35.5,27.0,61,0.7,1158,6.0,2.3,423,Social Media
U12698,19,Male,Jaipur,Samsung,Android,11.2,33.8,38.4,43,5.8,4034,2.4,0.5,749,Work
U12699,17,Other,Bangalore,Motorola,iOS,5.0,11.8,235.9,118,1.0,5691,1.3,0.4,1966,Work
U12700,39,Male,Bangalore,Realme,Android,8.2,39.3,238.8,71,2.8,2045,2.9,2.7,1820,Work
U12701,49,Male,Kolkata,Samsung,iOS,7.2,12.2,73.2,55,3.1,6094,7.5,4.7,753,Social Media
U12702,50,Male,Pune,Apple,Android,7.1,20.4,87.2,66,4.9,9509,3.5,1.3,1437,Social Media
U12703,52,Other,Lucknow,Realme,Android,1.9,39.9,19.4,68,5.7,2768,1.3,0.3,1407,Work
U12704,16,Female,Kolkata,Xiaomi,Android,1.3,38.7,255.4,113,3.2,9393,2.5,0.1,1901,Gaming
U12705,18,Male,Hyderabad,Apple,Android,2.9,41.3,83.2,185,5.9,4033,6.6,1.2,1016,Social Media
U12706,51,Male,Ahmedabad,Google Pixel,Android,6.0,26.5,235.3,15,2.2,9933,7.0,4.8,1621,Social Media
U12707,33,Male,Chennai,Google Pixel,Android,5.8,31.2,152.1,149,2.4,2066,0.9,0.2,1538,Education
U12708,56,Female,Ahmedabad,Realme,iOS,4.6,23.9,163.8,81,4.9,8494,2.5,3.3,145,Social Media
U12709,28,Other,Pune,Motorola,iOS,9.8,23.6,21.6,70,5.5,3300,0.9,4.3,803,Entertainment
U12710,19,Female,Lucknow,Nokia,iOS,4.7,23.9,146.8,70,3.6,7102,0.5,4.4,917,Education
U12711,18,Other,Bangalore,Oppo,Android,8.5,27.4,241.5,178,5.0,1539,6.3,4.7,1295,Work
U12712,37,Female,Mumbai,Oppo,iOS,6.5,12.9,93.2,133,6.0,4352,7.7,4.9,1667,Entertainment
U12713,40,Female,Delhi,OnePlus,iOS,11.7,45.6,240.9,117,1.3,3503,4.3,1.3,1457,Work
U12714,38,Male,Pune,OnePlus,iOS,2.7,10.4,230.8,192,5.3,9257,1.5,3.3,1356,Social Media
U12715,15,Other,Jaipur,Vivo,iOS,8.3,41.9,129.2,192,4.8,718,0.8,1.9,193,Social Media
U12716,46,Other,Mumbai,Realme,iOS,8.9,21.9,71.7,134,5.9,846,4.0,4.7,343,Education
U12717,15,Other,Delhi,Xiaomi,iOS,10.4,6.3,190.0,171,3.5,9807,2.2,1.4,480,Social Media
U12718,52,Male,Lucknow,OnePlus,Android,8.0,16.3,117.6,174,2.3,3877,5.6,2.2,1129,Social Media
U12719,54,Other,Bangalore,Apple,iOS,9.1,22.4,134.2,163,1.2,6760,3.8,0.9,170,Gaming
U12720,24,Female,Chennai,Vivo,Android,7.1,19.5,80.9,159,5.4,4145,3.5,1.2,1665,Gaming
U12721,15,Other,Delhi,Motorola,iOS,1.7,16.4,61.2,38,2.6,5855,4.9,0.8,1951,Gaming
U12722,46,Female,Ahmedabad,Google Pixel,Android,6.4,45.7,75.7,62,3.9,6831,2.6,4.1,1566,Entertainment
U12723,56,Female,Chennai,Nokia,iOS,10.8,26.4,95.9,149,4.6,6233,1.9,2.0,223,Education
U12724,19,Female,Chennai,Realme,Android,4.6,12.1,12.5,96,1.8,423,6.7,0.3,1974,Entertainment
U12725,51,Other,Delhi,Apple,Android,3.3,28.4,297.1,178,1.6,7863,3.0,4.7,1006,Social Media
U12726,31,Male,Bangalore,Realme,Android,1.7,46.5,91.5,60,3.2,4580,2.6,0.3,1155,Social Media
U12727,48,Male,Pune,Oppo,iOS,10.1,15.0,152.7,175,4.2,7244,6.1,2.2,1821,Education
U12728,22,Other,Hyderabad,Samsung,iOS,1.9,18.0,70.8,23,2.5,2879,6.5,0.4,1576,Work
U12729,18,Female,Jaipur,Apple,iOS,2.7,39.2,91.0,175,0.8,3027,5.5,2.6,970,Work
U12730,60,Other,Bangalore,Xiaomi,Android,4.9,43.1,236.0,166,2.8,3540,3.6,0.9,139,Social Media
U12731,46,Other,Ahmedabad,Oppo,Android,2.9,49.7,90.7,97,0.6,6878,3.6,3.9,907,Education
U12732,35,Other,Bangalore,Google Pixel,Android,5.6,1.3,210.1,32,1.1,3811,1.5,4.5,819,Gaming
U12733,54,Female,Chennai,OnePlus,iOS,5.0,13.5,270.9,166,1.1,3653,3.5,0.4,864,Education
U12734,35,Male,Lucknow,Motorola,iOS,8.7,23.9,210.4,22,5.0,3979,4.3,3.9,1293,Social Media
U12735,47,Female,Lucknow,Samsung,Android,7.3,35.0,96.1,28,5.0,3488,1.6,4.0,1534,Entertainment
U12736,54,Male,Pune,Realme,iOS,7.9,32.8,166.8,101,2.1,7650,7.2,2.0,436,Education
U12737,33,Male,Bangalore,Apple,Android,10.2,29.2,262.4,193,2.4,9595,4.5,2.3,1697,Social Media
U12738,25,Other,Mumbai,OnePlus,iOS,9.3,20.3,144.1,35,3.1,228,5.9,4.6,1606,Entertainment
U12739,18,Other,Pune,Oppo,iOS,9.9,45.0,7.8,156,2.3,2240,5.3,3.4,1239,Education
U12740,36,Other,Lucknow,Apple,iOS,8.3,22.3,159.1,140,1.3,8404,3.9,0.4,202,Work
U12741,54,Female,Delhi,Nokia,iOS,3.2,44.1,184.8,194,2.1,8600,1.7,2.1,816,Work
U12742,33,Male,Bangalore,Oppo,Android,11.6,6.5,149.9,53,5.6,1829,6.9,2.7,1368,Gaming
U12743,31,Other,Delhi,Xiaomi,Android,1.9,14.6,216.8,68,2.1,819,2.9,1.0,312,Education
U12744,48,Other,Kolkata,Vivo,iOS,2.1,17.5,267.2,196,5.7,6197,1.9,2.1,1630,Entertainment
U12745,45,Female,Chennai,Realme,iOS,5.9,30.9,17.7,76,4.1,2951,7.6,3.9,1672,Entertainment
U12746,32,Female,Bangalore,Nokia,iOS,9.4,9.5,122.4,64,5.4,8462,1.8,1.2,1431,Social Media
U12747,41,Male,Jaipur,Samsung,Android,5.9,38.2,154.6,21,5.6,8001,4.1,0.2,1741,Gaming
U12748,18,Other,Delhi,OnePlus,iOS,9.2,42.2,249.2,72,2.1,8752,4.7,2.7,165,Work
U12749,56,Other,Ahmedabad,Google Pixel,iOS,10.9,48.3,89.4,69,4.8,588,2.5,4.9,486,Gaming
U12750,24,Male,Delhi,Motorola,Android,10.3,40.8,28.3,41,0.7,5844,5.8,0.0,1733,Work
U12751,47,Female,Jaipur,Google Pixel,iOS,5.5,47.4,199.3,32,2.4,2457,5.5,4.8,275,Entertainment
U12752,55,Male,Bangalore,Google Pixel,Android,6.3,31.3,199.5,76,3.1,2506,7.0,2.4,867,Social Media
U12753,48,Male,Ahmedabad,Vivo,Android,11.8,15.5,138.8,70,5.1,4705,5.0,0.5,519,Education
U12754,57,Male,Bangalore,OnePlus,Android,3.8,30.1,284.2,27,3.0,5773,6.2,4.4,1408,Work
U12755,53,Male,Jaipur,Nokia,iOS,7.2,44.6,177.8,59,1.9,3005,6.7,2.6,422,Entertainment
U12756,20,Other,Delhi,Motorola,iOS,10.0,7.8,136.8,169,2.1,392,2.1,4.8,1419,Work
U12757,55,Other,Ahmedabad,Apple,iOS,4.8,5.7,124.7,53,1.8,9633,4.4,0.9,1578,Social Media
U12758,55,Other,Chennai,Nokia,iOS,10.3,34.5,251.5,32,1.7,9501,3.7,1.2,933,Entertainment
U12759,26,Male,Kolkata,Oppo,Android,1.1,21.3,12.2,98,3.8,1098,5.7,2.3,1051,Gaming
U12760,32,Female,Delhi,Google Pixel,Android,4.5,3.7,298.7,34,2.9,5103,5.8,2.4,1172,Entertainment
U12761,46,Female,Bangalore,Vivo,iOS,6.1,39.3,294.7,72,5.5,9840,7.0,0.9,1159,Work
U12762,39,Other,Pune,Samsung,Android,5.6,48.9,65.2,46,5.4,9531,0.7,2.5,1784,Education
U12763,55,Other,Chennai,Samsung,iOS,3.9,20.5,207.8,77,2.8,2000,7.5,2.0,1316,Education
U12764,49,Other,Ahmedabad,Realme,Android,9.6,44.4,182.4,184,2.7,3341,5.5,3.1,206,Social Media
U12765,41,Other,Hyderabad,Motorola,Android,2.8,12.4,163.6,68,2.9,1821,5.9,2.0,355,Social Media
U12766,43,Male,Hyderabad,Vivo,iOS,3.5,41.7,119.7,124,2.2,112,1.4,4.1,1386,Entertainment
U12767,47,Male,Jaipur,Motorola,Android,3.6,26.8,94.8,155,3.1,5891,2.9,0.4,108,Work
U12768,25,Male,Ahmedabad,Nokia,Android,4.8,48.3,49.9,95,4.6,9157,5.9,1.2,1616,Work
U12769,38,Female,Jaipur,Motorola,Android,2.8,18.8,270.3,87,1.4,7792,7.1,1.7,246,Social Media
U12770,33,Other,Lucknow,Motorola,Android,1.3,31.8,144.9,100,2.4,1510,7.7,3.4,699,Gaming
U12771,31,Female,Ahmedabad,OnePlus,iOS,1.7,2.1,262.3,11,2.1,7087,3.5,4.8,1859,Work
U12772,22,Other,Jaipur,Vivo,iOS,9.6,6.5,191.2,79,4.7,9211,6.2,3.4,1063,Entertainment
U12773,26,Male,Ahmedabad,Google Pixel,iOS,9.1,9.6,138.5,166,0.9,9087,6.5,4.0,156,Entertainment
U12774,19,Male,Hyderabad,Google Pixel,Android,11.3,1.6,74.4,21,2.5,5136,8.0,4.3,1738,Gaming
U12775,54,Female,Chennai,Realme,Android,2.5,27.5,45.6,18,4.8,4827,3.0,0.7,679,Gaming
U12776,59,Male,Jaipur,Vivo,Android,4.3,5.4,122.2,56,3.0,431,1.6,0.3,919,Work
U12777,16,Other,Delhi,Samsung,Android,6.2,10.8,196.0,148,2.1,7882,3.1,4.1,1999,Education
U12778,53,Male,Pune,Motorola,iOS,5.1,28.9,217.3,42,2.0,5171,5.4,3.9,1646,Entertainment
U12779,51,Male,Bangalore,Vivo,iOS,7.8,8.6,244.3,101,0.8,9789,5.6,0.8,457,Entertainment
U12780,27,Female,Delhi,Realme,iOS,3.8,14.0,13.1,98,5.1,3895,3.8,0.5,720,Social Media
U12781,38,Female,Kolkata,OnePlus,Android,8.2,45.3,213.5,171,2.8,3770,2.5,3.0,1864,Education
U12782,23,Female,Ahmedabad,Oppo,iOS,8.3,38.9,141.4,27,5.7,8199,2.8,5.0,1130,Gaming
U12783,50,Female,Mumbai,Oppo,Android,5.0,42.5,16.5,126,0.9,1211,3.6,2.5,1424,Education
U12784,49,Female,Ahmedabad,Oppo,Android,2.2,47.8,9.0,90,0.9,7725,2.6,4.9,184,Social Media
U12785,19,Male,Ahmedabad,Apple,iOS,4.1,38.5,285.5,188,2.3,3225,0.9,4.1,1761,Entertainment
U12786,52,Female,Bangalore,Samsung,Android,8.3,49.0,261.3,189,6.0,7245,2.0,0.4,702,Social Media
U12787,34,Female,Mumbai,Vivo,iOS,12.0,18.8,125.8,124,5.9,3565,5.2,2.4,368,Entertainment
U12788,34,Female,Ahmedabad,Nokia,Android,3.4,20.1,96.7,179,4.4,1403,3.9,3.3,1027,Gaming
U12789,46,Female,Mumbai,Nokia,Android,8.1,42.9,39.9,86,2.5,4459,4.3,2.7,1741,Gaming
U12790,19,Other,Pune,Realme,iOS,9.6,6.6,255.0,199,2.8,1203,5.4,4.5,1105,Education
U12791,25,Male,Chennai,Samsung,iOS,6.6,43.6,41.3,81,4.1,6076,7.7,0.8,567,Education
U12792,19,Male,Pune,Xiaomi,Android,4.4,38.5,106.4,69,0.9,5584,4.9,2.1,1287,Entertainment
U12793,15,Other,Pune,Vivo,iOS,1.5,22.6,255.3,154,3.4,8670,2.4,1.2,1156,Work
U12794,34,Male,Hyderabad,Apple,Android,10.6,29.5,64.5,84,3.2,4125,7.7,0.0,1843,Education
U12795,58,Other,Ahmedabad,OnePlus,Android,10.4,25.2,22.2,27,4.8,4281,6.6,4.1,649,Work
U12796,55,Other,Lucknow,Apple,iOS,2.3,33.3,230.8,102,3.3,6166,6.6,3.8,1698,Social Media
U12797,25,Female,Hyderabad,Xiaomi,Android,2.4,33.6,122.5,95,6.0,7756,2.2,4.2,915,Entertainment
U12798,26,Female,Pune,Google Pixel,iOS,12.0,22.4,65.8,180,2.0,1505,1.5,3.1,438,Education
U12799,17,Male,Jaipur,Google Pixel,Android,6.2,7.8,102.9,50,4.9,7831,2.1,1.9,1464,Education
U12800,25,Male,Jaipur,Realme,iOS,7.7,3.6,76.9,26,4.8,1573,1.8,4.3,826,Social Media
U12801,23,Other,Ahmedabad,Nokia,Android,2.2,23.8,113.9,30,4.8,5123,5.6,0.5,417,Education
U12802,42,Male,Chennai,Nokia,Android,5.1,48.4,27.4,29,4.9,7019,1.9,2.3,1632,Gaming
U12803,49,Female,Chennai,Google Pixel,iOS,2.7,25.5,214.1,81,5.8,3884,1.8,2.3,813,Gaming
U12804,54,Other,Kolkata,Nokia,Android,6.9,17.7,223.3,153,0.8,991,4.7,3.9,1117,Work
U12805,28,Other,Bangalore,Vivo,Android,1.2,32.3,42.9,98,4.7,6750,3.4,3.4,1149,Social Media
U12806,26,Female,Delhi,Oppo,iOS,10.5,17.4,107.3,168,5.7,396,6.2,3.1,470,Work
U12807,17,Female,Bangalore,Oppo,iOS,2.6,1.1,14.9,159,6.0,9702,4.2,1.6,214,Education
U12808,43,Female,Lucknow,OnePlus,iOS,2.1,34.0,129.8,120,5.7,3754,2.9,0.8,1978,Gaming
U12809,46,Female,Pune,Oppo,Android,8.8,1.2,109.5,186,5.6,6134,4.0,3.2,1064,Gaming
U12810,55,Male,Ahmedabad,Nokia,iOS,9.3,19.8,6.4,196,3.7,9363,5.0,4.6,775,Social Media
U12811,48,Female,Delhi,OnePlus,iOS,4.3,17.7,126.5,193,5.8,6558,3.9,2.4,116,Gaming
U12812,40,Male,Lucknow,Motorola,Android,9.0,27.4,274.6,76,2.9,2016,1.0,2.7,1880,Social Media
U12813,15,Female,Bangalore,OnePlus,Android,9.4,9.7,286.5,63,1.1,3657,6.8,3.7,1360,Work
U12814,17,Other,Bangalore,Xiaomi,Android,5.3,11.1,223.7,136,1.3,480,4.3,2.9,1468,Education
U12815,54,Female,Chennai,Realme,Android,5.4,22.2,272.1,98,4.4,3819,2.8,3.7,1997,Work
U12816,34,Other,Bangalore,Xiaomi,Android,11.4,30.9,105.5,138,2.7,5518,5.1,0.2,1683,Work
U12817,34,Other,Hyderabad,OnePlus,Android,5.5,30.8,28.1,25,4.1,4786,6.6,2.2,675,Education
U12818,15,Other,Hyderabad,OnePlus,iOS,10.3,24.3,45.2,31,2.5,341,2.5,1.2,1424,Social Media
U12819,25,Other,Jaipur,Motorola,Android,12.0,30.8,282.2,83,2.7,6209,2.6,1.2,1041,Gaming
U12820,48,Female,Pune,Apple,iOS,1.9,1.2,32.3,20,2.0,363,5.5,3.5,1132,Entertainment
U12821,37,Other,Mumbai,Nokia,Android,5.4,15.4,173.7,72,5.5,8204,5.4,3.5,1082,Social Media
U12822,23,Other,Hyderabad,Realme,iOS,2.8,12.9,23.1,77,1.4,1796,5.8,3.3,1170,Work
U12823,44,Other,Ahmedabad,OnePlus,Android,2.1,49.6,144.3,103,5.9,4509,4.0,3.6,1080,Entertainment
U12824,30,Other,Kolkata,Xiaomi,Android,5.0,43.3,293.9,175,4.5,6619,3.0,3.7,1398,Social Media
U12825,24,Male,Mumbai,Apple,Android,7.9,17.2,66.0,186,0.9,2295,5.2,3.6,449,Social Media
U12826,56,Other,Chennai,OnePlus,Android,2.2,12.0,277.1,36,1.4,7398,5.1,2.4,266,Social Media
U12827,57,Male,Chennai,Samsung,iOS,1.9,43.5,10.2,162,1.1,9655,4.5,4.7,732,Social Media
U12828,44,Female,Mumbai,Apple,iOS,5.2,36.1,169.2,187,3.7,3970,6.3,1.0,707,Social Media
U12829,53,Male,Kolkata,Samsung,iOS,9.7,46.9,194.9,11,2.0,6126,0.6,5.0,190,Social Media
U12830,59,Other,Chennai,Realme,iOS,7.1,49.7,294.4,157,2.6,9251,4.8,2.2,1573,Work
U12831,27,Female,Lucknow,Apple,iOS,9.9,37.7,73.2,175,2.9,7310,6.2,1.2,1042,Education
U12832,53,Other,Delhi,Nokia,iOS,8.4,9.6,230.7,137,5.9,8341,5.5,2.4,543,Entertainment
U12833,32,Female,Delhi,Xiaomi,iOS,2.2,15.4,44.9,113,5.4,4683,1.2,4.9,1392,Social Media
U12834,32,Female,Hyderabad,Xiaomi,Android,11.7,44.6,279.2,27,4.8,8525,4.9,1.5,1210,Education
U12835,29,Other,Mumbai,Samsung,Android,6.6,16.9,110.1,104,1.1,8058,6.7,0.2,1466,Social Media
U12836,27,Other,Mumbai,OnePlus,Android,1.4,9.6,274.9,137,2.1,6898,2.4,1.0,702,Work
U12837,55,Other,Lucknow,Vivo,iOS,4.0,13.1,45.7,110,5.2,2852,5.9,2.4,796,Gaming
U12838,49,Other,Hyderabad,Nokia,iOS,11.1,9.9,29.1,13,3.9,727,6.4,4.6,1730,Work
U12839,19,Female,Bangalore,Google Pixel,Android,7.1,1.5,294.5,120,0.8,4444,4.6,1.6,827,Social Media
U12840,37,Female,Jaipur,Google Pixel,Android,1.8,8.1,187.8,82,2.1,6319,1.8,4.6,768,Social Media
U12841,16,Other,Delhi,Samsung,Android,4.3,48.8,171.4,183,4.3,4480,7.0,3.6,1131,Social Media
U12842,57,Other,Ahmedabad,Xiaomi,Android,4.8,43.2,295.0,148,0.8,6557,5.1,4.0,1139,Gaming
U12843,16,Female,Mumbai,Google Pixel,Android,7.3,33.4,97.2,117,5.6,4825,4.1,3.8,1580,Social Media
U12844,25,Female,Delhi,Nokia,iOS,10.3,48.6,40.6,155,4.8,1130,2.9,1.6,1797,Entertainment
U12845,42,Male,Ahmedabad,Nokia,Android,5.0,13.1,161.7,71,3.4,7226,3.5,4.1,1140,Entertainment
U12846,39,Male,Kolkata,Realme,iOS,10.4,47.2,297.8,32,5.0,2449,6.6,3.4,1772,Education
U12847,28,Female,Hyderabad,OnePlus,Android,2.4,39.7,68.7,153,2.2,993,5.0,4.2,262,Entertainment
U12848,40,Male,Jaipur,Google Pixel,iOS,1.1,48.5,270.7,185,1.2,4415,6.0,2.7,109,Social Media
U12849,44,Other,Mumbai,Samsung,Android,4.2,39.6,149.4,116,6.0,3048,7.6,2.3,1893,Social Media
U12850,29,Male,Mumbai,Motorola,iOS,7.1,38.5,213.6,16,1.1,8098,3.0,4.5,307,Education
U12851,24,Male,Lucknow,OnePlus,iOS,6.3,11.2,30.0,134,5.0,3011,7.1,4.5,1660,Work
U12852,58,Other,Chennai,Samsung,Android,10.9,28.4,273.7,127,3.4,2924,2.8,3.3,1192,Education
U12853,35,Male,Pune,Nokia,iOS,3.0,30.3,128.4,45,3.1,3366,7.3,0.1,1122,Work
U12854,60,Other,Chennai,Nokia,Android,3.9,42.0,47.9,13,3.0,7210,6.6,4.2,1950,Gaming
U12855,29,Female,Kolkata,Realme,iOS,7.9,1.0,159.6,186,3.6,6645,6.3,1.4,986,Education
U12856,17,Female,Chennai,OnePlus,iOS,6.0,26.4,47.7,87,0.7,979,6.9,0.8,438,Entertainment
U12857,19,Other,Delhi,Motorola,Android,11.3,23.9,155.7,46,2.7,7894,1.7,3.6,601,Education
U12858,31,Other,Chennai,Google Pixel,iOS,4.1,48.5,134.7,140,6.0,7894,5.0,1.4,1200,Social Media
U12859,51,Male,Kolkata,Realme,Android,6.5,34.0,41.3,157,5.0,5643,4.5,1.2,373,Education
U12860,45,Male,Bangalore,OnePlus,iOS,4.2,38.8,265.4,55,5.0,2628,5.6,2.7,185,Gaming
U12861,41,Male,Delhi,Oppo,iOS,8.9,31.0,45.3,81,2.9,1796,4.2,2.7,653,Education
U12862,38,Female,Bangalore,Xiaomi,iOS,5.8,29.5,78.5,72,4.7,297,3.6,2.4,789,Work
U12863,19,Female,Pune,OnePlus,iOS,1.1,7.3,180.4,39,4.5,6427,4.2,3.7,1922,Entertainment
U12864,43,Male,Delhi,Xiaomi,Android,5.1,5.9,79.8,57,3.6,8693,7.2,2.7,1593,Entertainment
U12865,28,Male,Lucknow,OnePlus,Android,8.6,8.3,132.7,68,4.3,6677,0.7,3.3,1375,Gaming
U12866,20,Male,Delhi,Vivo,iOS,3.5,8.0,52.2,130,2.3,2964,4.1,2.6,1397,Work
U12867,19,Female,Kolkata,Xiaomi,iOS,11.6,4.8,73.2,138,5.0,2851,2.6,4.7,1963,Social Media
U12868,24,Male,Lucknow,Motorola,iOS,1.9,36.2,19.0,78,2.1,8949,0.7,1.9,783,Gaming
U12869,28,Female,Ahmedabad,Realme,Android,4.6,1.4,244.8,176,5.4,4323,4.2,4.7,787,Education
U12870,45,Male,Pune,Oppo,iOS,1.6,27.7,229.0,49,5.3,8178,5.1,4.9,1404,Social Media
U12871,52,Other,Hyderabad,Apple,iOS,5.3,28.0,118.1,124,1.3,8032,6.7,2.0,1288,Work
U12872,47,Other,Hyderabad,Vivo,iOS,6.1,49.3,52.7,159,1.4,7330,0.6,3.3,1230,Social Media
U12873,41,Female,Delhi,Oppo,Android,3.9,22.8,288.2,26,1.0,1358,6.2,3.4,1548,Social Media
U12874,54,Male,Hyderabad,Vivo,Android,3.8,15.1,65.0,36,5.5,7104,5.2,4.3,925,Entertainment
U12875,18,Male,Delhi,Google Pixel,Android,2.6,6.1,237.1,160,3.1,5877,3.5,0.2,1324,Education
U12876,47,Other,Mumbai,Realme,Android,3.4,36.9,179.3,101,2.3,4596,7.3,1.5,345,Gaming
U12877,60,Other,Delhi,Samsung,Android,2.8,23.0,8.8,75,2.9,6500,8.0,4.2,130,Entertainment
U12878,51,Other,Delhi,Apple,Android,3.5,5.8,289.0,184,1.9,1348,4.1,1.8,658,Education
U12879,16,Other,Bangalore,Samsung,iOS,11.7,34.7,259.9,39,5.0,4370,1.0,4.5,1036,Gaming
U12880,18,Male,Kolkata,Apple,iOS,9.2,10.2,42.5,137,1.5,1120,0.7,0.9,653,Entertainment
U12881,56,Male,Kolkata,Nokia,iOS,2.6,23.9,254.4,180,2.0,4018,1.2,3.7,807,Education
U12882,58,Other,Lucknow,Samsung,Android,6.5,32.2,235.4,178,2.2,6696,1.6,2.8,799,Education
U12883,19,Other,Pune,Realme,Android,7.0,36.7,296.0,88,1.7,9577,2.1,1.6,228,Entertainment
U12884,17,Male,Jaipur,Vivo,iOS,2.5,15.4,161.2,23,5.9,5758,3.5,4.4,206,Work
U12885,27,Male,Ahmedabad,Apple,Android,10.5,18.1,105.8,149,3.2,2968,4.9,2.5,1959,Work
U12886,58,Other,Delhi,Realme,iOS,2.7,45.9,36.6,38,2.0,6988,4.1,3.8,518,Gaming
U12887,45,Other,Delhi,Motorola,Android,3.6,8.3,225.7,177,2.1,8145,6.4,3.5,207,Work
U12888,31,Female,Hyderabad,Nokia,iOS,6.0,48.9,212.3,61,5.1,6843,4.7,0.2,1383,Education
U12889,51,Male,Mumbai,Motorola,Android,9.0,17.0,80.9,77,2.0,6075,1.8,3.3,774,Education
U12890,24,Other,Kolkata,Nokia,iOS,8.0,11.9,221.1,72,4.6,7463,0.8,3.3,406,Entertainment
U12891,41,Other,Pune,OnePlus,iOS,8.8,6.6,131.5,172,1.9,2998,2.8,2.3,1934,Social Media
U12892,50,Female,Jaipur,Nokia,iOS,10.7,36.5,46.0,41,2.1,5294,6.1,3.6,787,Gaming
U12893,56,Male,Bangalore,Google Pixel,iOS,8.6,36.1,255.4,142,5.8,1301,4.2,0.7,209,Entertainment
U12894,48,Male,Chennai,Xiaomi,Android,7.9,18.7,139.3,150,2.2,5481,2.8,1.6,1516,Work
U12895,52,Other,Bangalore,Oppo,iOS,4.6,29.1,56.7,139,4.2,6177,5.9,1.9,1983,Work
U12896,53,Female,Ahmedabad,Vivo,iOS,1.2,29.7,92.8,38,0.8,5547,2.7,4.5,1642,Entertainment
U12897,51,Female,Jaipur,Google Pixel,Android,3.6,16.6,98.5,167,5.1,1073,6.3,1.2,1369,Social Media
U12898,54,Male,Chennai,Samsung,iOS,1.6,13.1,153.9,40,1.0,8831,6.5,4.3,552,Entertainment
U12899,20,Male,Delhi,Xiaomi,iOS,11.9,47.9,13.7,76,1.9,601,0.8,3.0,275,Social Media
U12900,59,Female,Mumbai,Xiaomi,iOS,10.8,9.3,136.9,87,3.9,7607,2.6,4.2,530,Education
U12901,33,Female,Ahmedabad,Xiaomi,Android,6.2,45.1,262.8,176,2.3,5355,6.4,2.8,1640,Work
U12902,35,Female,Delhi,Google Pixel,Android,4.7,32.3,294.2,80,4.4,5814,2.7,0.5,428,Gaming
U12903,33,Other,Mumbai,Xiaomi,iOS,8.1,25.5,211.0,75,1.9,3437,5.3,2.6,1475,Education
U12904,33,Male,Delhi,Vivo,iOS,3.3,42.2,138.6,170,5.9,5502,6.8,0.5,1977,Work
U12905,39,Other,Mumbai,Motorola,iOS,5.9,31.9,144.8,46,3.0,6706,5.7,3.8,1365,Work
U12906,56,Male,Kolkata,Oppo,Android,9.5,48.5,246.5,14,3.3,7232,1.9,0.7,1614,Social Media
U12907,25,Male,Ahmedabad,Apple,iOS,8.6,40.2,26.1,117,0.7,4061,3.0,3.4,501,Work
U12908,17,Female,Lucknow,Oppo,Android,3.6,22.1,13.6,83,3.0,8772,3.5,3.8,867,Work
U12909,16,Other,Jaipur,Samsung,Android,6.0,33.5,269.4,145,0.8,7608,6.6,4.3,410,Work
U12910,17,Other,Chennai,Xiaomi,iOS,3.5,15.7,158.0,68,4.5,2148,5.3,2.2,662,Entertainment
U12911,58,Female,Chennai,Apple,Android,9.7,13.0,228.4,121,2.9,8871,4.7,1.2,534,Entertainment
U12912,27,Male,Hyderabad,OnePlus,iOS,2.1,36.5,20.5,198,0.5,4973,0.9,4.5,1826,Work
U12913,25,Male,Pune,Apple,iOS,2.2,23.8,235.2,100,3.4,8931,1.7,1.5,1792,Work
U12914,41,Female,Pune,OnePlus,Android,3.0,46.6,272.9,97,4.8,8124,4.8,4.0,361,Social Media
U12915,15,Female,Ahmedabad,Vivo,Android,7.7,14.1,100.9,21,4.5,5073,7.2,4.1,1275,Education
U12916,56,Male,Kolkata,Vivo,Android,6.5,29.4,143.4,144,5.3,6567,7.0,5.0,1134,Work
U12917,51,Female,Bangalore,Xiaomi,iOS,8.6,1.4,42.5,86,4.8,1535,7.2,2.6,393,Gaming
U12918,19,Male,Lucknow,Realme,iOS,5.3,28.3,287.0,115,2.7,215,3.6,2.9,890,Education
U12919,17,Female,Bangalore,OnePlus,iOS,4.3,26.4,238.5,103,2.9,5343,2.7,3.4,1835,Entertainment
U12920,50,Female,Delhi,Samsung,Android,7.2,45.0,126.5,129,2.2,2013,4.8,1.1,1499,Entertainment
U12921,40,Male,Ahmedabad,Google Pixel,Android,7.9,6.1,241.8,43,4.0,6343,2.7,4.2,1750,Work
U12922,22,Other,Pune,Oppo,Android,9.4,15.8,24.2,166,4.9,4581,0.8,1.2,1224,Social Media
U12923,51,Male,Lucknow,Apple,iOS,9.3,41.0,95.6,197,5.4,9675,3.3,0.9,1708,Work
U12924,30,Male,Ahmedabad,Nokia,Android,8.3,39.4,269.8,48,2.5,1416,6.8,0.4,557,Work
U12925,19,Female,Jaipur,Samsung,Android,2.8,49.0,171.4,106,4.7,4822,2.3,0.3,1174,Education
U12926,15,Male,Kolkata,Realme,Android,4.7,25.1,92.6,96,2.6,9439,3.8,1.3,1771,Work
U12927,19,Female,Chennai,Nokia,iOS,11.4,22.7,284.5,132,2.3,2755,6.9,2.6,258,Education
U12928,54,Female,Ahmedabad,Apple,Android,6.5,48.5,107.6,31,0.8,4239,5.6,4.1,684,Social Media
U12929,59,Male,Ahmedabad,Google Pixel,iOS,5.9,13.6,265.0,63,2.9,8290,4.8,1.2,723,Education
U12930,16,Male,Hyderabad,Vivo,iOS,1.5,25.7,97.8,151,2.3,8218,2.0,3.0,146,Gaming
U12931,55,Other,Lucknow,Samsung,iOS,2.1,1.2,254.3,105,3.7,4820,2.1,4.0,1584,Social Media
U12932,47,Other,Mumbai,Apple,Android,2.2,32.8,35.4,75,5.4,7504,3.2,0.4,1516,Gaming
U12933,24,Male,Mumbai,Nokia,Android,8.0,47.5,119.4,169,3.7,9088,4.5,0.0,773,Entertainment
U12934,47,Female,Jaipur,Oppo,Android,9.2,11.0,208.1,20,4.6,7999,5.7,3.1,320,Education
U12935,42,Female,Chennai,Google Pixel,iOS,6.7,49.0,147.3,32,5.8,5948,7.0,1.4,534,Entertainment
U12936,40,Other,Delhi,Realme,iOS,3.7,22.9,245.6,100,4.4,2907,7.3,1.2,1810,Education
U12937,35,Male,Bangalore,OnePlus,Android,9.1,19.9,99.5,38,4.7,4801,4.6,0.7,1131,Social Media
U12938,16,Male,Pune,Samsung,Android,2.1,39.3,284.7,115,2.4,9942,7.4,4.9,1937,Work
U12939,23,Male,Bangalore,OnePlus,iOS,10.0,23.0,296.3,136,0.6,4729,4.3,3.7,1472,Entertainment
U12940,23,Male,Bangalore,Realme,Android,8.0,12.5,124.8,128,3.3,4988,6.7,2.3,1722,Entertainment
U12941,56,Male,Pune,Xiaomi,Android,8.4,12.4,118.5,127,5.9,2625,3.4,3.8,649,Social Media
U12942,47,Female,Delhi,Google Pixel,Android,10.7,6.3,6.0,78,2.5,8090,4.7,1.1,166,Education
U12943,16,Male,Ahmedabad,Realme,iOS,5.6,10.8,88.1,73,4.2,6075,4.1,1.6,618,Work
U12944,17,Female,Lucknow,OnePlus,iOS,3.0,45.6,226.2,56,5.6,2196,2.1,0.3,705,Entertainment
U12945,15,Other,Kolkata,Google Pixel,iOS,1.0,2.5,26.4,95,4.6,1949,5.9,1.0,1008,Gaming
U12946,45,Other,Bangalore,Google Pixel,iOS,9.5,42.9,155.4,169,1.2,3504,7.2,2.7,1036,Social Media
U12947,30,Female,Chennai,Xiaomi,iOS,8.9,32.7,261.9,187,4.5,5310,2.1,4.9,1352,Work
U12948,60,Female,Jaipur,Samsung,iOS,1.5,7.6,108.3,86,6.0,8430,6.6,2.1,1693,Gaming
U12949,51,Male,Pune,Apple,Android,7.1,16.0,184.9,20,3.2,3628,4.4,3.4,671,Work
U12950,34,Female,Mumbai,Samsung,iOS,4.8,41.1,129.6,123,2.3,5712,2.9,1.4,1459,Social Media
U12951,27,Other,Pune,Apple,iOS,7.8,9.6,208.2,193,0.5,8740,5.1,0.9,1190,Education
U12952,60,Female,Kolkata,Xiaomi,iOS,7.5,2.1,221.9,103,1.8,6775,2.5,0.6,363,Social Media
U12953,22,Female,Pune,OnePlus,iOS,7.9,21.4,80.4,100,1.2,3847,6.3,2.2,536,Entertainment
U12954,55,Other,Kolkata,Nokia,Android,4.7,38.8,220.9,117,1.7,6818,7.8,4.1,444,Gaming
U12955,50,Other,Chennai,Vivo,Android,2.6,45.1,257.9,43,2.8,5901,1.3,1.7,256,Education
U12956,21,Other,Chennai,Apple,iOS,2.8,40.4,37.3,172,2.8,5603,2.9,3.4,1997,Gaming
U12957,16,Other,Lucknow,Google Pixel,iOS,3.1,29.5,234.1,124,5.1,8200,4.6,0.5,1023,Education
U12958,46,Male,Jaipur,Oppo,iOS,1.8,18.2,7.5,197,1.8,2592,1.6,4.1,812,Social Media
U12959,45,Male,Ahmedabad,Google Pixel,Android,3.2,42.4,225.4,66,1.1,4992,8.0,3.8,1163,Social Media
U12960,23,Male,Bangalore,Realme,iOS,4.8,33.0,27.7,182,5.2,2720,6.5,2.4,727,Work
U12961,37,Female,Lucknow,Nokia,iOS,6.7,31.3,281.2,23,3.0,6770,7.3,3.2,1159,Gaming
U12962,44,Female,Bangalore,Google Pixel,iOS,7.6,43.3,292.0,112,1.0,6591,7.4,2.2,884,Social Media
U12963,24,Other,Lucknow,Samsung,iOS,2.0,43.3,104.6,116,4.7,2335,3.1,2.0,542,Entertainment
U12964,46,Female,Mumbai,Nokia,iOS,9.0,47.9,259.1,68,5.8,9513,3.0,0.3,1115,Entertainment
U12965,15,Female,Pune,Realme,iOS,7.0,30.1,165.0,30,3.3,3033,0.5,1.4,286,Social Media
U12966,49,Female,Chennai,Apple,iOS,1.8,6.2,126.3,94,0.8,969,6.8,2.0,307,Social Media
U12967,56,Female,Ahmedabad,Samsung,iOS,9.3,21.7,289.1,80,2.5,3150,7.5,2.5,507,Entertainment
U12968,58,Female,Pune,Samsung,Android,8.5,21.1,116.4,121,5.4,5973,6.1,2.1,403,Entertainment
U12969,18,Male,Pune,Google Pixel,Android,10.1,48.6,199.5,71,1.3,8659,3.1,3.8,1638,Gaming
U12970,32,Male,Ahmedabad,Vivo,Android,7.3,39.2,279.9,34,3.7,4325,6.8,3.8,1245,Social Media
U12971,55,Female,Jaipur,Nokia,Android,6.8,29.8,244.0,85,2.6,6716,3.3,1.0,1554,Education
U12972,24,Other,Delhi,Xiaomi,iOS,6.1,12.8,78.3,39,2.7,1010,1.6,2.2,973,Gaming
U12973,36,Other,Chennai,Nokia,Android,3.7,31.3,22.3,165,3.9,3293,3.2,4.6,572,Gaming
U12974,24,Female,Bangalore,Samsung,iOS,6.5,39.8,295.7,122,2.9,3786,5.0,1.7,1584,Education
U12975,56,Other,Hyderabad,Nokia,iOS,3.5,21.0,159.5,185,2.4,1170,2.5,1.0,105,Gaming
U12976,52,Other,Delhi,Realme,Android,6.1,41.3,26.5,100,5.6,3865,0.7,1.8,1508,Entertainment
U12977,55,Male,Chennai,Apple,Android,5.4,24.9,235.8,129,5.0,7013,7.0,4.6,616,Work
U12978,22,Other,Mumbai,Realme,Android,3.0,6.0,192.1,121,5.1,7786,4.4,2.3,1740,Gaming
U12979,44,Female,Pune,Motorola,iOS,2.4,30.7,77.7,112,2.9,3430,0.8,4.4,1541,Education
U12980,22,Female,Delhi,OnePlus,Android,11.5,1.6,287.0,64,1.2,3561,0.5,1.8,1123,Gaming
U12981,40,Other,Jaipur,OnePlus,Android,1.7,3.0,287.3,190,1.9,3424,1.4,3.6,506,Social Media
U12982,41,Other,Hyderabad,Realme,Android,1.5,5.2,133.0,163,5.5,1199,2.8,2.5,1238,Education
U12983,20,Male,Lucknow,Samsung,iOS,2.5,36.7,170.9,12,2.2,2306,7.5,3.7,1869,Social Media
U12984,41,Female,Delhi,Oppo,Android,7.9,19.9,99.9,172,3.4,8315,3.2,3.3,369,Gaming
U12985,34,Male,Chennai,Google Pixel,iOS,7.7,35.1,155.4,182,4.9,2167,6.3,2.5,1513,Gaming
U12986,45,Male,Hyderabad,OnePlus,Android,4.6,28.5,210.8,70,4.0,7872,5.5,3.3,694,Entertainment
U12987,31,Male,Kolkata,Motorola,Android,7.9,8.6,23.6,138,0.7,2282,5.5,0.1,1350,Work
U12988,49,Female,Lucknow,Realme,Android,4.2,18.1,164.0,156,0.7,514,5.7,4.4,1629,Entertainment
U12989,57,Male,Hyderabad,OnePlus,iOS,2.8,46.1,7.1,81,2.2,7678,4.6,4.4,1325,Social Media
U12990,28,Male,Pune,Vivo,Android,8.2,10.5,252.9,29,2.0,6932,3.2,4.8,870,Work
U12991,60,Other,Kolkata,Oppo,iOS,11.8,32.9,183.0,91,2.7,7779,1.7,1.0,1473,Work
U12992,19,Other,Ahmedabad,Nokia,Android,8.1,7.6,202.2,140,4.7,8511,2.6,2.5,1981,Gaming
U12993,24,Other,Mumbai,Oppo,Android,11.9,47.5,65.1,137,0.9,7881,4.9,3.9,1499,Entertainment
U12994,30,Male,Kolkata,Vivo,Android,4.5,5.2,15.2,122,5.3,1181,6.7,0.6,776,Gaming
U12995,29,Male,Jaipur,Motorola,Android,4.7,47.3,100.0,76,3.4,4482,0.7,0.7,1719,Work
U12996,26,Female,Mumbai,Oppo,Android,6.8,14.3,213.9,40,0.7,4967,6.1,2.7,1828,Education
U12997,21,Other,Chennai,OnePlus,iOS,7.5,15.4,292.2,192,1.7,3760,3.3,0.3,1116,Entertainment
U12998,15,Other,Jaipur,Xiaomi,Android,5.8,44.9,127.3,199,3.6,174,1.1,3.5,869,Gaming
U12999,24,Female,Kolkata,Nokia,iOS,3.4,36.3,220.6,10,5.5,1479,7.0,0.9,1747,Work
U13000,53,Female,Ahmedabad,Apple,iOS,8.0,32.6,178.0,96,5.5,721,1.2,4.1,999,Gaming
U13001,39,Female,Ahmedabad,Realme,iOS,7.1,37.6,262.2,136,0.7,9605,0.9,3.3,238,Gaming
U13002,24,Male,Mumbai,Samsung,iOS,10.3,28.0,273.3,155,5.4,4319,6.3,2.3,443,Education
U13003,47,Female,Ahmedabad,Motorola,iOS,3.7,9.7,166.1,45,4.9,9524,3.6,2.9,1124,Gaming
U13004,52,Male,Ahmedabad,Oppo,iOS,9.2,34.1,58.4,188,3.5,6688,1.8,0.6,1750,Entertainment
U13005,40,Other,Ahmedabad,Apple,Android,4.7,13.5,253.6,144,5.9,7123,4.2,2.4,1418,Social Media
U13006,60,Female,Jaipur,Apple,Android,3.5,34.3,199.2,144,1.6,5810,6.2,4.4,269,Education
U13007,16,Male,Chennai,Xiaomi,iOS,2.5,43.1,237.1,104,4.3,6368,4.3,4.7,1169,Education
U13008,60,Male,Pune,Apple,iOS,1.4,15.3,49.1,192,3.0,4548,6.2,4.0,233,Social Media
U13009,21,Other,Mumbai,Motorola,iOS,3.8,24.5,85.3,65,1.7,6642,0.9,4.5,1665,Social Media
U13010,51,Female,Delhi,Google Pixel,iOS,11.6,43.8,240.5,89,4.2,363,7.9,1.3,686,Gaming
U13011,59,Male,Jaipur,Motorola,Android,1.9,38.3,33.7,108,5.5,198,2.7,2.9,1912,Work
U13012,36,Other,Jaipur,Oppo,Android,5.0,2.1,5.7,160,0.5,5388,3.4,3.8,1477,Social Media
U13013,25,Female,Lucknow,Realme,Android,4.8,39.8,64.0,81,2.3,9924,6.1,4.7,853,Education
U13014,37,Female,Ahmedabad,Oppo,Android,6.6,31.7,8.0,192,5.1,9465,6.0,4.4,797,Gaming
U13015,50,Other,Lucknow,Nokia,iOS,4.4,38.4,68.1,88,2.6,649,3.7,1.2,995,Education
U13016,33,Female,Bangalore,Motorola,Android,6.1,40.9,5.5,69,3.2,2307,3.0,3.3,972,Entertainment
U13017,38,Other,Mumbai,Nokia,Android,6.6,49.2,157.4,149,5.0,3499,6.5,2.2,1761,Social Media
U13018,40,Other,Pune,Oppo,Android,8.8,30.4,179.2,101,5.3,1221,1.5,0.0,266,Gaming
U13019,44,Male,Delhi,Apple,iOS,4.1,16.0,61.7,117,0.6,4026,1.1,0.4,1533,Entertainment
U13020,26,Male,Mumbai,Oppo,Android,8.7,45.8,152.1,184,2.9,3319,4.8,1.6,129,Work
U13021,57,Other,Chennai,Xiaomi,Android,6.1,35.3,112.5,173,4.2,6394,7.7,4.9,316,Social Media
U13022,51,Female,Mumbai,Xiaomi,iOS,2.0,8.1,209.7,194,4.8,9473,5.0,5.0,721,Work
U13023,28,Other,Kolkata,Vivo,iOS,11.2,29.2,263.6,196,2.5,1088,5.8,1.0,380,Gaming
U13024,45,Other,Bangalore,Xiaomi,Android,10.2,20.3,270.5,10,1.6,3700,1.8,4.3,1477,Work
U13025,40,Male,Bangalore,Realme,Android,7.9,16.8,58.5,150,2.8,6804,1.1,0.3,1847,Social Media
U13026,26,Female,Pune,Realme,Android,3.7,8.0,90.2,25,2.2,6062,1.7,0.6,1663,Social Media
U13027,53,Other,Ahmedabad,Nokia,Android,8.3,25.0,188.5,104,2.3,6946,3.1,4.3,1269,Gaming
U13028,50,Female,Pune,Samsung,iOS,10.1,4.2,134.2,62,5.8,7574,2.5,3.1,285,Social Media
U13029,59,Other,Jaipur,Nokia,iOS,5.2,29.1,179.6,57,2.7,5535,4.4,3.5,812,Gaming
U13030,52,Female,Hyderabad,Samsung,Android,4.3,20.8,171.5,18,1.9,2818,3.7,1.9,594,Social Media
U13031,17,Other,Delhi,Xiaomi,iOS,8.8,11.2,18.4,85,4.5,5343,0.6,0.6,1140,Work
U13032,31,Other,Lucknow,Apple,iOS,8.2,15.8,95.8,13,1.0,3293,5.8,4.4,1909,Education
U13033,29,Female,Bangalore,Oppo,iOS,6.8,36.4,225.8,141,5.9,3232,4.1,3.1,275,Education
U13034,47,Female,Lucknow,OnePlus,Android,4.8,12.0,17.1,100,5.6,8302,3.2,1.6,1995,Social Media
U13035,23,Female,Bangalore,Vivo,Android,8.7,48.8,38.6,136,2.2,1816,4.4,0.2,159,Entertainment
U13036,53,Female,Mumbai,Vivo,Android,9.7,1.0,60.0,196,4.8,5160,5.9,0.5,1519,Gaming
U13037,33,Female,Mumbai,OnePlus,iOS,4.3,49.2,282.1,59,3.0,1014,5.9,4.8,946,Gaming
U13038,58,Other,Jaipur,Xiaomi,Android,9.8,3.5,48.3,150,4.3,4201,3.9,2.0,1450,Entertainment
U13039,31,Male,Ahmedabad,OnePlus,iOS,8.9,48.1,204.3,192,2.3,9938,2.6,4.9,1348,Education
U13040,50,Male,Jaipur,Xiaomi,Android,9.8,31.7,131.2,40,1.7,2824,2.1,0.9,436,Gaming
U13041,57,Female,Jaipur,Xiaomi,Android,3.1,41.2,76.5,143,2.9,9070,1.6,0.1,1372,Entertainment
U13042,45,Female,Chennai,Oppo,Android,9.7,20.7,146.0,131,5.2,9606,3.0,3.7,946,Work
U13043,36,Female,Chennai,Realme,Android,1.3,37.5,277.9,99,5.5,4541,2.7,2.2,444,Entertainment
U13044,21,Female,Chennai,Samsung,Android,9.7,8.9,182.9,13,5.5,6445,5.9,0.5,1988,Education
U13045,39,Male,Hyderabad,Samsung,Android,4.6,30.1,282.6,111,1.2,9705,6.6,0.6,542,Entertainment
U13046,58,Female,Jaipur,Motorola,iOS,9.8,15.9,189.7,65,4.8,1465,0.6,2.1,135,Education
U13047,40,Other,Chennai,Realme,Android,5.2,2.0,48.0,40,2.0,8082,1.2,3.1,1154,Education
U13048,39,Female,Ahmedabad,Apple,Android,5.8,7.3,122.1,64,3.2,6342,2.1,4.1,754,Entertainment
U13049,18,Male,Lucknow,Vivo,iOS,11.8,17.9,207.6,170,0.9,2805,2.9,0.2,1626,Work
U13050,18,Female,Ahmedabad,Samsung,iOS,6.1,41.7,43.1,104,1.2,8510,6.9,0.7,450,Social Media
U13051,17,Male,Kolkata,Nokia,Android,6.8,7.3,151.7,195,1.0,8885,5.3,2.6,1968,Social Media
U13052,30,Female,Ahmedabad,Apple,Android,9.5,41.3,130.0,190,1.4,3299,1.4,0.2,1658,Entertainment
U13053,22,Female,Jaipur,Oppo,iOS,1.1,28.4,137.0,10,5.5,7090,4.0,2.1,1082,Entertainment
U13054,45,Male,Kolkata,Apple,Android,9.4,49.9,123.1,140,3.7,3708,1.4,1.7,917,Education
U13055,22,Male,Kolkata,Samsung,iOS,11.1,2.7,168.7,145,2.6,6003,5.4,3.6,620,Social Media
U13056,38,Male,Mumbai,Xiaomi,Android,10.1,41.9,242.3,60,5.6,274,7.0,2.3,968,Social Media
U13057,39,Female,Hyderabad,Realme,iOS,9.6,26.2,56.9,161,5.0,499,5.0,1.1,100,Work
U13058,24,Female,Kolkata,Vivo,iOS,10.5,43.9,239.5,162,6.0,2333,3.1,3.6,1841,Entertainment
U13059,60,Male,Jaipur,Xiaomi,iOS,11.7,14.9,123.2,63,2.3,7178,5.1,1.8,836,Education
U13060,31,Other,Kolkata,Nokia,Android,6.5,31.1,99.6,97,1.2,5035,4.0,1.2,424,Social Media
U13061,21,Female,Lucknow,OnePlus,iOS,8.2,20.7,56.0,171,0.8,4765,2.6,0.4,1982,Gaming
U13062,52,Female,Kolkata,Xiaomi,Android,4.4,48.3,261.6,145,2.4,1040,5.3,0.7,1910,Education
U13063,35,Male,Jaipur,Realme,iOS,7.9,41.6,232.0,178,2.4,6901,1.6,1.4,1705,Social Media
U13064,45,Female,Hyderabad,Oppo,iOS,8.1,6.2,49.5,82,5.5,8153,0.9,0.7,1343,Work
U13065,48,Other,Lucknow,Vivo,iOS,5.1,21.3,201.7,94,1.7,8898,5.5,3.7,716,Social Media
U13066,49,Other,Jaipur,Realme,Android,8.2,9.6,198.5,163,5.8,6352,5.6,0.6,1240,Entertainment
U13067,51,Female,Hyderabad,Google Pixel,Android,2.8,19.3,50.4,166,2.5,9398,0.9,2.7,1123,Work
U13068,31,Female,Kolkata,Xiaomi,iOS,7.4,32.5,28.7,146,3.9,1925,6.5,2.3,534,Social Media
U13069,24,Other,Jaipur,Apple,iOS,9.2,46.6,123.6,39,3.5,809,2.2,0.8,455,Education
U13070,47,Female,Hyderabad,Xiaomi,iOS,2.1,8.2,286.2,197,4.6,1431,7.0,5.0,927,Work
U13071,59,Female,Bangalore,Google Pixel,iOS,11.1,25.2,153.4,75,4.2,9354,8.0,3.3,793,Gaming
U13072,23,Male,Jaipur,Xiaomi,iOS,2.9,36.0,268.1,161,3.9,6525,5.0,4.6,470,Entertainment
U13073,40,Other,Pune,OnePlus,Android,8.3,30.5,150.5,81,5.0,6459,3.9,4.3,1756,Education
U13074,51,Male,Hyderabad,OnePlus,Android,3.6,25.0,52.0,128,5.8,5073,0.8,0.5,405,Work
U13075,41,Other,Jaipur,Realme,iOS,5.8,41.5,277.0,146,4.4,4199,4.6,2.9,1177,Entertainment
U13076,50,Other,Jaipur,Google Pixel,Android,2.1,30.8,149.9,133,4.0,9934,8.0,4.8,1280,Social Media
U13077,46,Male,Ahmedabad,Google Pixel,Android,6.1,43.1,64.4,95,3.7,9457,1.7,2.9,1850,Entertainment
U13078,26,Other,Pune,Samsung,Android,4.9,14.1,65.3,81,2.8,6239,0.9,4.7,722,Entertainment
U13079,17,Male,Lucknow,Apple,Android,9.6,42.3,243.0,78,3.0,3699,6.1,3.3,326,Education
U13080,50,Other,Pune,Google Pixel,iOS,5.9,27.1,66.3,196,5.6,7290,5.9,1.5,135,Social Media
U13081,29,Male,Bangalore,OnePlus,iOS,2.0,30.5,258.0,189,3.2,2981,6.3,0.1,1579,Gaming
U13082,48,Female,Ahmedabad,Oppo,iOS,2.5,13.8,67.1,104,4.9,6034,3.6,3.7,900,Education
U13083,37,Female,Ahmedabad,Samsung,iOS,5.0,34.3,140.8,171,4.9,8550,0.8,4.2,409,Social Media
U13084,23,Male,Hyderabad,Xiaomi,Android,7.3,26.8,216.7,121,3.2,5762,1.5,1.3,1494,Work
U13085,22,Male,Pune,Xiaomi,iOS,5.1,37.1,74.1,52,2.6,8094,3.2,0.3,676,Social Media
U13086,33,Male,Hyderabad,OnePlus,Android,9.3,37.9,32.2,194,1.5,9230,7.8,4.4,1082,Social Media
U13087,30,Female,Delhi,Google Pixel,Android,8.9,33.0,134.1,45,5.3,6532,5.8,0.1,1812,Work
U13088,28,Other,Lucknow,OnePlus,iOS,4.7,29.1,262.2,39,1.1,6979,7.3,2.9,1289,Social Media
U13089,21,Male,Hyderabad,Vivo,iOS,7.4,49.6,265.0,50,4.5,647,8.0,3.0,1206,Education
U13090,40,Other,Ahmedabad,Motorola,iOS,2.1,34.3,88.8,87,1.5,3564,3.9,0.4,902,Social Media
U13091,46,Other,Hyderabad,Oppo,Android,9.2,27.8,246.6,25,5.3,5537,3.7,4.0,233,Education
U13092,50,Male,Bangalore,OnePlus,Android,10.2,5.9,183.0,131,0.9,2510,5.2,0.8,545,Education
U13093,17,Male,Delhi,Apple,Android,10.3,14.8,28.2,168,3.0,2329,5.7,0.4,1330,Gaming
U13094,52,Male,Hyderabad,Samsung,iOS,3.8,40.4,132.3,13,3.6,7401,7.9,2.9,1949,Entertainment
U13095,15,Other,Hyderabad,Vivo,iOS,8.4,35.7,27.4,16,4.8,2002,7.5,1.3,1700,Education
U13096,37,Male,Delhi,Motorola,Android,8.4,16.6,243.1,198,5.1,1111,3.9,1.0,1936,Entertainment
U13097,17,Female,Delhi,Google Pixel,iOS,9.3,41.3,142.3,21,4.8,7955,1.9,4.5,402,Education
U13098,48,Male,Ahmedabad,Google Pixel,iOS,3.9,25.4,227.7,160,1.1,5499,4.7,2.0,912,Work
U13099,23,Female,Hyderabad,Xiaomi,iOS,8.7,21.5,174.4,20,4.3,5583,6.1,0.1,1098,Education
U13100,34,Female,Bangalore,OnePlus,Android,5.2,17.3,202.2,69,2.1,5687,0.7,0.2,1714,Gaming
U13101,20,Male,Pune,Xiaomi,Android,11.2,4.4,84.9,174,3.1,9867,7.2,4.1,318,Education
U13102,20,Female,Delhi,Xiaomi,iOS,5.4,47.5,274.8,112,1.0,1604,3.3,3.1,1174,Gaming
U13103,41,Other,Hyderabad,Nokia,Android,3.6,40.6,107.8,101,1.5,3355,3.2,1.8,929,Work
U13104,18,Female,Chennai,Oppo,iOS,9.0,34.0,168.3,172,5.9,4713,2.0,0.9,251,Education
U13105,55,Other,Pune,OnePlus,iOS,5.5,5.3,278.5,10,4.3,7407,6.1,0.5,1540,Education
U13106,38,Female,Mumbai,Apple,Android,6.4,10.5,48.1,24,4.1,5183,2.2,3.6,558,Work
U13107,56,Female,Pune,Vivo,Android,8.1,41.6,95.2,193,6.0,8676,3.9,2.8,1310,Work
U13108,32,Male,Chennai,Apple,Android,1.8,20.5,26.3,84,1.5,2242,1.0,0.2,859,Work
U13109,54,Male,Hyderabad,Apple,Android,6.0,34.1,286.1,194,4.8,2331,3.9,1.6,1834,Social Media
U13110,52,Other,Kolkata,Oppo,Android,5.9,36.5,235.3,138,5.6,6796,1.1,1.8,419,Gaming
U13111,38,Male,Chennai,Realme,iOS,10.2,13.4,15.9,66,5.8,2304,4.5,4.7,204,Work
U13112,23,Other,Pune,Vivo,iOS,9.8,27.1,184.1,187,4.9,8914,7.5,1.8,131,Education
U13113,33,Female,Lucknow,Samsung,iOS,5.9,38.6,46.9,124,0.8,5998,0.5,2.7,1755,Education
U13114,52,Other,Mumbai,Vivo,iOS,6.9,9.7,52.0,98,4.6,6660,1.3,4.3,229,Social Media
U13115,54,Male,Hyderabad,Oppo,iOS,6.0,19.4,48.1,54,3.1,5632,6.1,2.2,288,Education
U13116,16,Other,Mumbai,Oppo,Android,10.2,16.4,261.5,190,4.2,3985,5.2,4.9,1515,Entertainment
U13117,43,Other,Pune,Oppo,Android,5.9,6.3,179.3,161,4.5,8421,4.4,2.6,294,Entertainment
U13118,16,Female,Bangalore,Oppo,iOS,8.4,7.3,177.2,140,2.1,9080,4.8,1.0,442,Work
U13119,46,Male,Chennai,Motorola,iOS,6.5,11.0,23.7,183,3.6,324,5.4,1.9,202,Education
U13120,19,Female,Ahmedabad,Google Pixel,iOS,1.1,28.5,68.1,38,2.8,383,7.3,1.6,1877,Work
U13121,19,Female,Pune,Vivo,Android,8.3,24.1,147.5,161,3.9,1344,2.0,0.7,483,Social Media
U13122,43,Female,Lucknow,OnePlus,Android,5.7,16.6,137.5,86,6.0,8952,0.5,3.6,1056,Gaming
U13123,20,Male,Kolkata,Realme,iOS,6.4,38.4,87.8,128,5.5,2319,3.9,1.7,1673,Education
U13124,30,Male,Bangalore,OnePlus,iOS,9.5,23.4,263.9,32,3.1,238,6.6,4.4,1206,Entertainment
U13125,59,Other,Jaipur,Apple,iOS,9.2,11.7,185.5,180,1.9,4647,5.4,3.8,1467,Work
U13126,45,Other,Hyderabad,Vivo,Android,10.1,3.9,134.9,59,1.8,5246,3.8,0.6,1600,Work
U13127,15,Male,Ahmedabad,Samsung,Android,11.4,14.1,39.7,199,5.0,9245,3.5,4.5,156,Social Media
U13128,55,Male,Kolkata,Vivo,Android,9.2,14.1,60.0,21,4.2,1943,3.2,4.3,1544,Gaming
U13129,40,Other,Mumbai,OnePlus,Android,8.4,7.1,132.6,46,4.8,600,2.5,3.5,305,Entertainment
U13130,44,Male,Lucknow,OnePlus,iOS,10.1,31.7,258.5,155,0.5,4149,0.8,0.7,360,Education
U13131,45,Male,Delhi,Nokia,Android,3.7,29.0,240.8,185,4.5,5809,3.3,1.8,1012,Social Media
U13132,41,Female,Ahmedabad,Xiaomi,Android,9.2,42.5,235.5,25,1.1,6886,1.9,4.2,625,Gaming
U13133,23,Male,Kolkata,Samsung,iOS,9.5,26.7,31.2,143,5.8,4238,2.0,0.3,700,Education
U13134,23,Female,Hyderabad,Vivo,iOS,3.0,38.8,94.6,39,3.9,5636,4.3,1.9,684,Social Media
U13135,20,Male,Delhi,Realme,Android,5.9,39.6,70.0,155,2.9,1522,0.8,1.0,1505,Education
U13136,15,Male,Chennai,Samsung,Android,1.7,36.0,138.1,179,5.7,8995,4.0,2.4,1663,Entertainment
U13137,16,Other,Mumbai,Oppo,Android,8.2,12.9,281.9,145,4.0,4698,7.8,4.7,133,Social Media
U13138,50,Female,Hyderabad,Samsung,Android,5.0,25.2,262.9,34,4.5,7997,5.7,4.2,554,Education
U13139,59,Male,Jaipur,Xiaomi,Android,5.0,30.6,31.0,30,0.7,6791,1.9,1.4,704,Entertainment
U13140,48,Female,Jaipur,Apple,iOS,7.3,45.3,201.7,182,1.0,9766,4.7,1.7,439,Work
U13141,51,Other,Ahmedabad,Google Pixel,Android,2.8,43.5,221.0,87,5.6,8096,4.2,2.5,337,Social Media
U13142,20,Male,Delhi,Nokia,Android,2.5,44.9,213.9,178,0.6,8864,1.4,2.3,1529,Entertainment
U13143,54,Other,Bangalore,Oppo,iOS,6.8,32.5,174.6,39,1.1,3724,2.9,0.7,1706,Social Media
U13144,29,Female,Jaipur,Google Pixel,Android,8.1,11.1,18.1,127,6.0,563,4.1,4.9,154,Social Media
U13145,32,Female,Hyderabad,Nokia,Android,2.1,22.7,123.1,33,2.2,5062,7.9,4.8,797,Gaming
U13146,35,Other,Ahmedabad,Samsung,Android,7.7,10.2,92.6,184,4.8,1213,6.7,0.3,588,Work
U13147,56,Other,Bangalore,Oppo,iOS,11.0,39.6,32.7,149,5.8,7392,6.1,3.7,1655,Education
U13148,36,Other,Jaipur,Nokia,iOS,10.8,47.5,43.1,23,2.9,9171,6.6,3.2,1154,Gaming
U13149,58,Male,Kolkata,Vivo,iOS,5.9,20.7,197.7,161,1.1,2437,2.5,3.0,1280,Work
U13150,46,Female,Bangalore,Xiaomi,Android,5.0,22.5,187.5,57,4.6,4385,1.7,0.7,1005,Gaming
U13151,48,Female,Pune,OnePlus,iOS,9.2,36.7,292.4,188,4.4,8657,2.1,3.1,142,Education
U13152,46,Male,Jaipur,Vivo,iOS,6.9,26.0,19.8,198,1.6,6391,2.7,4.0,1242,Work
U13153,16,Other,Pune,Xiaomi,Android,2.5,6.5,117.8,176,4.3,9474,5.5,2.4,1082,Social Media
U13154,19,Female,Ahmedabad,OnePlus,iOS,10.6,44.2,121.0,162,4.6,8506,7.8,4.9,974,Work
U13155,39,Male,Kolkata,Xiaomi,Android,4.0,26.6,257.0,43,3.8,6140,4.4,3.1,1422,Social Media
U13156,39,Other,Ahmedabad,Oppo,iOS,5.0,23.0,141.5,78,3.3,6480,3.1,0.8,438,Work
U13157,28,Female,Lucknow,Google Pixel,iOS,4.2,40.3,39.5,88,1.3,922,7.4,3.6,1164,Gaming
U13158,54,Female,Delhi,Samsung,Android,9.1,11.9,255.3,30,3.5,9968,3.8,4.4,921,Social Media
U13159,20,Other,Delhi,Apple,iOS,7.4,9.5,17.2,34,4.8,6787,4.6,4.5,1854,Work
U13160,43,Male,Mumbai,Google Pixel,iOS,8.6,37.7,285.4,90,3.7,1964,4.7,3.0,577,Social Media
U13161,20,Other,Bangalore,Oppo,iOS,2.3,28.5,194.4,112,4.0,4495,2.0,4.0,1182,Gaming
U13162,58,Male,Ahmedabad,OnePlus,Android,5.9,14.9,189.9,86,5.3,7146,7.5,4.1,625,Education
U13163,26,Female,Bangalore,Google Pixel,Android,7.6,26.9,47.0,136,3.7,1247,4.8,4.5,1024,Social Media
U13164,46,Female,Delhi,Xiaomi,iOS,11.7,44.9,177.6,78,2.1,7820,0.6,1.3,1595,Gaming
U13165,52,Other,Hyderabad,Apple,iOS,3.9,18.9,154.6,120,3.7,3917,7.8,4.6,264,Social Media
U13166,48,Male,Pune,Realme,Android,1.8,33.8,131.4,72,1.0,7929,6.7,1.2,1630,Work
U13167,53,Other,Kolkata,Apple,iOS,2.6,17.7,176.5,151,3.8,2632,5.1,5.0,1861,Work
U13168,55,Female,Pune,Google Pixel,iOS,9.1,5.4,145.8,128,2.9,8170,5.2,2.2,1584,Gaming
U13169,20,Other,Pune,Apple,iOS,9.8,19.5,234.2,84,5.7,1501,3.1,4.7,1720,Work
U13170,16,Female,Kolkata,OnePlus,iOS,6.0,48.0,27.4,139,4.2,9066,7.5,2.3,1870,Gaming
U13171,16,Other,Chennai,Samsung,iOS,1.5,47.2,152.0,76,1.6,7491,4.5,2.1,478,Gaming
U13172,33,Male,Pune,Vivo,Android,5.4,17.5,183.2,64,0.9,5976,7.8,4.9,1680,Social Media
U13173,21,Other,Ahmedabad,Nokia,iOS,3.8,19.9,193.6,170,2.6,1658,3.6,2.9,1058,Social Media
U13174,57,Female,Lucknow,OnePlus,iOS,10.5,10.5,74.5,139,3.4,2772,5.5,3.0,1992,Work
U13175,54,Other,Hyderabad,Apple,Android,10.9,32.8,247.0,157,5.2,2610,2.5,1.7,1505,Entertainment
U13176,43,Male,Lucknow,Oppo,Android,5.7,5.8,92.5,90,3.2,1985,4.1,3.2,697,Education
U13177,28,Female,Pune,Xiaomi,Android,11.7,47.9,146.0,185,3.0,599,5.1,0.8,936,Education
U13178,28,Male,Kolkata,Realme,iOS,5.8,17.9,291.6,118,0.8,4705,1.8,3.1,865,Social Media
U13179,19,Other,Lucknow,Nokia,iOS,3.5,4.3,89.0,167,3.9,1768,5.8,4.1,1593,Social Media
U13180,50,Male,Pune,Google Pixel,Android,11.5,32.4,256.7,14,1.4,5326,0.9,4.0,199,Gaming
U13181,24,Female,Pune,Samsung,Android,4.1,9.8,195.2,22,4.7,8659,3.1,1.2,660,Social Media
U13182,32,Female,Bangalore,Vivo,Android,11.0,3.7,193.0,120,5.6,8342,7.3,1.0,1423,Entertainment
U13183,21,Male,Jaipur,OnePlus,iOS,5.4,38.4,217.9,45,5.9,3929,3.7,2.0,906,Education
U13184,43,Male,Jaipur,Samsung,Android,5.5,26.4,156.9,89,5.3,8291,1.8,3.1,1910,Social Media
U13185,39,Female,Kolkata,Oppo,Android,3.9,22.5,113.3,38,2.5,6765,2.3,4.3,1450,Work
U13186,57,Other,Mumbai,Realme,Android,8.0,26.5,33.8,132,4.2,1082,7.5,1.5,432,Gaming
U13187,20,Female,Hyderabad,Oppo,iOS,11.5,42.7,242.0,97,0.6,9843,7.6,3.3,1611,Work
U13188,21,Other,Mumbai,Oppo,Android,11.7,37.9,54.3,117,1.3,2708,7.7,1.8,248,Social Media
U13189,48,Male,Mumbai,Oppo,iOS,7.5,1.6,76.1,173,4.1,3312,7.3,1.6,744,Education
U13190,31,Other,Kolkata,Xiaomi,Android,9.4,17.2,101.2,119,3.6,4390,2.6,2.2,142,Entertainment
U13191,43,Other,Mumbai,Realme,Android,4.8,40.0,138.8,49,4.8,5811,1.1,4.2,1511,Entertainment
U13192,43,Female,Mumbai,Xiaomi,iOS,4.2,42.1,56.5,174,1.4,8958,3.9,4.5,851,Gaming
U13193,58,Female,Ahmedabad,Motorola,Android,10.0,44.3,154.5,190,3.4,6723,0.6,0.5,165,Entertainment
U13194,30,Other,Mumbai,Google Pixel,iOS,9.4,14.1,231.7,162,4.3,4277,4.2,4.9,514,Gaming
U13195,49,Female,Lucknow,Xiaomi,iOS,9.5,27.1,145.1,79,5.0,3032,4.5,1.3,105,Social Media
U13196,16,Female,Mumbai,Xiaomi,Android,7.3,34.1,114.0,24,4.6,3419,1.7,0.9,1876,Entertainment
U13197,20,Female,Ahmedabad,Xiaomi,Android,11.8,36.4,160.1,84,3.4,6195,5.0,0.2,1649,Work
U13198,50,Male,Bangalore,Motorola,Android,9.9,46.6,78.5,73,2.5,8707,3.9,2.3,762,Work
U13199,47,Other,Hyderabad,Motorola,iOS,10.7,2.1,79.3,121,2.1,393,2.5,0.5,1892,Gaming
U13200,35,Female,Chennai,Samsung,Android,4.5,34.7,62.7,84,5.0,8526,7.0,2.7,756,Social Media
U13201,19,Male,Mumbai,Oppo,iOS,3.4,15.1,26.8,144,1.6,8283,3.8,3.9,1265,Entertainment
U13202,37,Male,Bangalore,Motorola,Android,9.6,47.7,39.7,123,2.3,8655,6.7,0.9,735,Entertainment
U13203,57,Female,Ahmedabad,Realme,iOS,4.5,2.3,38.1,118,5.3,8495,4.9,1.5,326,Social Media
U13204,54,Female,Lucknow,Vivo,iOS,7.3,27.7,47.0,138,5.7,3858,0.6,1.6,318,Education
U13205,32,Other,Bangalore,Vivo,iOS,2.5,38.9,46.4,163,2.2,8006,5.1,0.5,562,Entertainment
U13206,54,Other,Delhi,Realme,Android,3.3,41.4,190.0,114,5.5,9732,3.5,0.4,1003,Gaming
U13207,38,Male,Chennai,Motorola,Android,4.5,42.1,119.1,154,4.9,3961,3.3,2.4,147,Work
U13208,29,Female,Hyderabad,Vivo,iOS,8.7,47.2,246.2,199,2.5,2869,1.9,3.0,1296,Education
U13209,52,Female,Hyderabad,Motorola,Android,11.3,18.4,210.1,173,4.6,422,6.5,1.7,1594,Gaming
U13210,50,Other,Hyderabad,Oppo,iOS,11.3,35.3,89.4,90,2.3,8557,4.6,4.8,888,Work
U13211,18,Male,Mumbai,Oppo,iOS,4.4,11.9,116.0,69,1.2,1934,7.6,4.4,1404,Gaming
U13212,17,Other,Chennai,Realme,iOS,2.3,12.6,72.3,42,3.1,6780,3.9,1.9,1204,Gaming
U13213,53,Other,Ahmedabad,Google Pixel,iOS,10.9,23.6,6.9,90,4.0,5852,7.4,1.8,1492,Social Media
U13214,25,Male,Pune,Google Pixel,Android,9.8,20.6,96.8,81,3.9,8638,2.0,4.2,1988,Education
U13215,17,Female,Ahmedabad,Vivo,iOS,6.5,16.9,174.4,122,3.7,5986,3.9,2.2,1511,Gaming
U13216,28,Female,Lucknow,Oppo,Android,7.8,48.9,47.4,80,3.9,7097,6.8,0.6,1914,Work
U13217,58,Female,Delhi,Realme,Android,2.2,42.6,59.3,100,0.7,2137,1.1,3.0,1602,Gaming
U13218,50,Male,Hyderabad,Realme,iOS,5.3,45.9,275.6,51,2.2,5775,6.4,1.7,458,Entertainment
U13219,58,Male,Chennai,Nokia,Android,8.8,6.1,28.4,27,4.8,945,5.0,4.0,1995,Education
U13220,31,Female,Lucknow,Google Pixel,iOS,5.1,35.8,212.5,123,2.7,6817,6.1,0.9,215,Social Media
U13221,57,Female,Lucknow,Oppo,iOS,8.1,25.8,202.3,129,3.2,5502,2.5,4.3,1775,Work
U13222,54,Other,Hyderabad,Apple,Android,5.7,17.2,291.5,133,5.4,2289,4.3,3.1,601,Social Media
U13223,53,Male,Pune,Xiaomi,iOS,9.7,16.6,66.5,59,1.5,5698,7.5,3.8,200,Social Media
U13224,56,Male,Delhi,Apple,Android,7.9,10.3,188.2,71,1.7,9706,7.0,2.2,1838,Social Media
U13225,48,Male,Chennai,Realme,iOS,6.1,1.3,280.5,14,1.7,4842,6.7,4.9,937,Gaming
U13226,25,Female,Kolkata,Motorola,Android,7.4,15.2,114.8,138,3.4,340,5.7,0.6,972,Gaming
U13227,59,Male,Kolkata,Nokia,Android,10.8,49.4,227.4,94,3.9,1030,7.7,1.4,1750,Gaming
U13228,27,Other,Chennai,Motorola,Android,5.1,16.5,21.7,156,0.9,4852,3.2,1.7,188,Gaming
U13229,33,Female,Pune,Xiaomi,Android,8.0,4.3,200.5,189,2.6,6790,3.2,4.6,1364,Entertainment
U13230,15,Female,Hyderabad,Nokia,Android,3.5,40.0,127.7,155,3.2,4466,7.7,4.2,641,Work
U13231,19,Other,Kolkata,Samsung,iOS,3.6,40.7,203.6,158,4.6,7968,1.3,1.2,961,Entertainment
U13232,40,Female,Delhi,Nokia,iOS,5.6,11.0,124.3,10,2.5,538,7.0,1.7,1399,Entertainment
U13233,33,Male,Mumbai,Realme,iOS,5.4,21.0,211.3,198,2.8,4496,1.7,0.5,1392,Work
U13234,58,Male,Mumbai,Oppo,iOS,7.2,8.1,85.4,122,0.8,8133,7.6,3.7,1350,Entertainment
U13235,40,Other,Chennai,Google Pixel,Android,9.1,21.0,266.1,115,1.0,5220,2.2,3.7,877,Social Media
U13236,17,Other,Kolkata,Vivo,Android,4.6,25.5,211.8,66,5.6,8710,2.0,4.9,328,Education
U13237,29,Other,Chennai,Google Pixel,Android,10.8,25.7,150.2,73,5.6,4260,6.3,4.4,1334,Social Media
U13238,40,Female,Kolkata,Realme,Android,10.4,26.7,195.4,167,4.0,5252,5.0,4.3,210,Work
U13239,21,Male,Chennai,OnePlus,iOS,8.7,23.6,298.0,180,1.9,3093,7.6,5.0,176,Gaming
U13240,52,Female,Mumbai,Nokia,iOS,4.9,46.5,91.5,26,2.6,8149,4.3,4.3,619,Education
U13241,23,Other,Delhi,Google Pixel,iOS,4.1,15.8,42.9,156,3.0,7772,7.6,1.1,1175,Social Media
U13242,23,Female,Mumbai,Motorola,Android,5.3,3.6,206.0,114,3.6,7685,4.7,1.3,1475,Work
U13243,52,Male,Lucknow,Oppo,iOS,10.0,19.2,250.4,74,1.7,7791,1.4,1.2,2000,Gaming
U13244,47,Female,Hyderabad,Xiaomi,Android,3.4,27.6,222.2,59,0.6,2844,4.2,4.0,1101,Education
U13245,16,Other,Delhi,Apple,iOS,3.9,25.8,293.0,81,3.3,5673,7.5,4.7,814,Education
U13246,41,Male,Chennai,Samsung,Android,2.1,32.4,163.1,125,5.8,3689,4.4,4.8,736,Education
U13247,59,Other,Hyderabad,OnePlus,Android,5.1,10.0,88.3,61,0.9,5259,7.7,0.1,1087,Entertainment
U13248,50,Female,Mumbai,Motorola,iOS,10.4,18.3,23.0,126,1.6,8435,2.7,0.1,649,Gaming
U13249,57,Female,Delhi,Nokia,Android,1.8,36.4,185.2,162,1.5,1124,3.5,4.4,106,Entertainment
U13250,44,Female,Lucknow,OnePlus,Android,3.9,1.3,168.6,23,4.8,7281,3.2,1.7,998,Social Media
U13251,33,Female,Kolkata,Samsung,iOS,11.9,34.7,193.3,20,0.7,6045,3.1,1.9,1923,Work
U13252,23,Male,Mumbai,Nokia,Android,2.6,27.4,81.2,20,4.8,7943,1.5,2.4,720,Gaming
U13253,26,Male,Delhi,Google Pixel,Android,11.8,29.5,161.7,58,4.3,8081,1.7,1.7,1413,Work
U13254,50,Other,Delhi,Google Pixel,iOS,10.1,12.7,173.4,154,2.7,756,2.9,1.0,1985,Entertainment
U13255,38,Male,Chennai,Nokia,Android,11.8,32.0,55.2,147,4.9,1437,3.1,4.4,123,Work
U13256,43,Other,Pune,Samsung,Android,3.1,2.4,256.4,190,1.2,6737,2.1,0.2,363,Social Media
U13257,59,Male,Ahmedabad,Oppo,Android,1.2,16.0,47.9,172,2.4,9614,6.3,1.0,1619,Work
U13258,35,Other,Bangalore,Motorola,iOS,8.4,3.7,299.6,197,4.7,193,7.6,1.5,891,Work
U13259,38,Female,Bangalore,OnePlus,iOS,9.0,22.2,69.5,161,4.5,1235,4.2,3.2,997,Social Media
U13260,19,Other,Jaipur,OnePlus,iOS,5.6,33.8,68.6,84,5.5,9021,7.9,2.1,332,Gaming
U13261,54,Female,Pune,Xiaomi,iOS,10.2,12.2,277.6,18,5.4,9537,1.8,3.6,381,Entertainment
U13262,17,Other,Kolkata,Samsung,Android,8.1,32.3,17.4,138,3.9,8788,3.1,1.0,1622,Entertainment
