User ID,Age,Gender,Location,Phone Brand,OS,Screen Time (hrs/day),Data Usage (GB/month),Calls Duration (mins/day),Number of Apps Installed,Social Media Time (hrs/day),E-commerce Spend (INR/month),Streaming Time (hrs/day),Gaming Time (hrs/day),Monthly Recharge Cost (INR),Primary Use
U00001,53,Male,Mumbai,Vivo,Android,3.7,23.9,37.9,104,3.9,469,5.2,4.1,803,Education
U00002,60,Other,Delhi,Realme,iOS,9.2,28.1,13.7,169,2.8,4997,5.1,0.4,1526,Gaming
U00003,37,Female,Ahmedabad,Nokia,Android,4.5,12.3,66.8,96,3.0,2381,1.7,2.9,1619,Entertainment
U00004,32,Male,Pune,Samsung,Android,11.0,25.6,156.2,146,5.2,1185,3.2,0.3,1560,Entertainment
U00005,16,Male,Mumbai,Xiaomi,iOS,2.2,2.5,236.2,86,5.5,106,3.4,2.3,742,Social Media
U00006,21,Male,Jaipur,Oppo,iOS,5.4,10.6,210.6,25,4.2,6285,0.6,4.8,1749,Entertainment
U00007,57,Female,Lucknow,Apple,iOS,6.0,35.2,154.5,123,0.8,2653,2.9,2.3,1073,Social Media
U00008,56,Other,Kolkata,Realme,iOS,3.1,43.5,125.3,188,2.3,9767,5.2,5.0,1136,Entertainment
U00009,46,Female,Kolkata,Oppo,Android,5.3,46.4,21.3,194,3.7,2870,6.1,2.8,1253,Entertainment
U00010,44,Other,Kolkata,Apple,iOS,9.9,10.6,180.2,84,4.8,9193,7.6,0.4,168,Education
U00011,55,Other,Lucknow,Nokia,Android,1.6,23.7,192.0,27,3.1,9330,1.2,2.3,1098,Work
U00012,41,Female,Delhi,Oppo,Android,7.5,23.5,84.9,187,0.9,643,3.5,2.7,151,Social Media
U00013,53,Male,Bangalore,Realme,iOS,10.5,1.4,33.7,137,4.5,7854,7.2,1.4,240,Education
U00014,35,Male,Jaipur,Realme,Android,10.3,32.4,247.1,124,5.2,3347,3.8,4.5,972,Social Media
U00015,33,Female,Jaipur,Samsung,iOS,1.7,33.2,208.8,121,3.0,3185,4.2,0.5,1046,Entertainment
U00016,52,Male,Bangalore,Google Pixel,Android,5.1,28.5,169.2,161,4.6,6175,4.4,4.3,1769,Work
U00017,46,Other,Mumbai,Apple,Android,3.1,23.6,153.9,183,2.5,6242,6.2,0.4,1679,Education
U00018,54,Male,Kolkata,Apple,Android,11.6,12.6,210.4,62,4.9,4642,0.9,4.1,1360,Entertainment
U00019,50,Female,Chennai,Google Pixel,Android,5.3,5.2,235.6,188,4.6,1120,1.0,0.8,1639,Work
U00020,40,Other,Hyderabad,Motorola,iOS,9.0,38.9,289.6,62,2.4,8012,7.7,2.0,1224,Work
U00021,60,Male,Pune,Samsung,iOS,10.4,46.0,38.0,110,3.0,511,6.8,1.3,311,Social Media
U00022,59,Other,Pune,Xiaomi,Android,11.7,9.1,203.9,101,5.8,2579,2.6,4.1,446,Gaming
U00023,46,Other,Chennai,Samsung,Android,8.1,15.5,206.8,77,5.9,1776,3.4,2.5,899,Social Media
U00024,16,Female,Hyderabad,Vivo,Android,1.4,25.5,222.0,141,1.6,1119,2.8,0.4,1118,Gaming
U00025,29,Female,Bangalore,Realme,Android,7.0,41.7,51.0,130,1.4,2604,3.5,1.6,1154,Education
U00026,36,Male,Hyderabad,Vivo,iOS,5.6,47.4,155.4,123,5.9,1886,2.3,3.0,955,Work
U00027,15,Male,Delhi,Vivo,Android,9.2,42.7,230.9,180,0.5,4611,1.0,2.5,210,Gaming
U00028,41,Other,Jaipur,Realme,Android,8.1,44.1,81.8,25,1.9,5545,5.7,3.7,1488,Education
U00029,51,Female,Kolkata,Vivo,iOS,10.7,45.1,94.0,127,3.5,2293,6.7,5.0,333,Education
U00030,45,Female,Hyderabad,Realme,Android,6.3,34.5,244.3,125,5.0,1647,5.9,0.2,1541,Entertainment
U00031,39,Female,Jaipur,Motorola,Android,4.0,9.4,194.2,32,1.5,8314,6.7,3.5,447,Entertainment
U00032,40,Female,Lucknow,OnePlus,Android,8.4,25.7,262.8,174,1.3,3010,4.9,3.0,419,Education
U00033,28,Female,Chennai,Xiaomi,iOS,5.3,16.8,264.9,84,1.3,9222,7.2,3.0,1699,Social Media
U00034,23,Female,Chennai,Motorola,Android,11.4,48.4,216.8,98,3.2,5026,2.7,4.9,1079,Gaming
U00035,57,Male,Delhi,Vivo,iOS,4.1,31.2,61.5,149,5.1,386,3.9,1.0,1935,Social Media
U00036,23,Female,Ahmedabad,Vivo,iOS,10.7,29.0,9.0,175,2.9,633,6.4,0.0,1345,Social Media
U00037,56,Other,Kolkata,Nokia,Android,9.4,42.1,246.7,113,4.9,498,0.9,4.3,982,Work
U00038,20,Other,Chennai,Samsung,iOS,11.9,45.5,195.8,150,4.1,479,5.6,1.7,169,Education
U00039,22,Other,Kolkata,Google Pixel,Android,1.6,34.1,6.0,153,5.8,5175,5.7,2.2,805,Work
U00040,19,Male,Kolkata,Apple,iOS,5.5,2.9,212.5,129,5.6,8514,7.9,0.8,647,Education
U00041,49,Other,Lucknow,Samsung,iOS,5.2,43.4,151.8,114,5.6,3826,6.8,3.1,1192,Social Media
U00042,54,Male,Ahmedabad,Vivo,iOS,2.2,22.0,30.8,156,1.8,8307,1.1,3.0,1788,Social Media
U00043,40,Male,Bangalore,Vivo,iOS,2.5,10.6,219.1,113,1.8,238,0.9,2.2,1924,Work
U00044,52,Female,Kolkata,Xiaomi,iOS,4.4,33.8,189.3,44,3.8,1869,3.6,2.4,1382,Social Media
U00045,42,Other,Mumbai,Google Pixel,iOS,4.2,3.4,171.6,108,3.3,5178,1.3,4.8,322,Education
U00046,23,Other,Hyderabad,Samsung,iOS,4.3,26.4,210.5,53,5.3,1250,7.5,0.6,314,Entertainment
U00047,51,Other,Mumbai,Samsung,iOS,10.7,17.6,293.4,65,5.2,3313,1.8,1.3,1319,Education
U00048,19,Male,Bangalore,Realme,iOS,3.1,24.8,82.1,75,3.9,1396,2.0,1.6,1245,Social Media
U00049,52,Other,Delhi,Xiaomi,Android,1.5,41.0,95.5,140,5.5,8029,5.0,0.1,802,Social Media
U00050,17,Other,Lucknow,Apple,iOS,4.7,30.4,157.7,187,2.6,9189,4.3,4.9,801,Entertainment
U00051,31,Female,Ahmedabad,Nokia,iOS,10.4,41.1,32.5,171,3.5,7702,7.1,0.8,1833,Education
U00052,49,Other,Jaipur,OnePlus,Android,8.6,46.0,181.8,154,1.6,4264,7.5,0.4,1142,Social Media
U00053,21,Male,Delhi,Motorola,iOS,9.4,15.4,10.6,34,2.5,3130,2.5,4.8,1882,Education
U00054,51,Male,Lucknow,OnePlus,iOS,5.4,15.8,115.7,115,3.2,2929,3.0,2.7,1772,Social Media
U00055,32,Other,Mumbai,Vivo,iOS,5.8,27.5,30.0,193,4.0,948,5.6,4.6,122,Social Media
U00056,43,Other,Bangalore,Xiaomi,iOS,8.6,14.4,275.5,27,4.7,9544,3.6,3.4,1395,Work
U00057,25,Male,Bangalore,OnePlus,Android,5.6,38.0,296.5,40,1.5,799,1.0,2.4,1831,Work
U00058,16,Female,Pune,Nokia,iOS,9.0,7.1,142.9,164,4.9,6088,2.1,1.9,686,Work
U00059,49,Male,Pune,Motorola,iOS,3.4,17.0,235.4,52,2.8,7018,7.3,4.7,2000,Education
U00060,35,Male,Hyderabad,Xiaomi,iOS,3.0,8.3,253.1,18,2.5,9494,3.1,4.6,479,Gaming
U00061,49,Male,Pune,Apple,Android,4.5,1.9,54.5,197,4.3,3575,6.7,0.0,679,Entertainment
U00062,34,Female,Kolkata,Apple,iOS,3.5,20.6,134.0,73,5.6,2918,3.0,1.0,329,Entertainment
U00063,38,Other,Jaipur,Oppo,iOS,1.3,9.0,119.7,36,2.0,5666,4.0,4.1,1605,Education
U00064,38,Female,Ahmedabad,OnePlus,iOS,3.2,13.2,206.3,31,3.2,3342,4.2,0.3,1005,Work
U00065,41,Female,Delhi,Realme,Android,2.5,9.3,111.0,69,0.6,2918,6.5,1.9,1699,Education
U00066,41,Female,Bangalore,Samsung,iOS,8.3,19.4,194.5,25,5.8,9918,5.3,3.5,782,Education
U00067,30,Female,Ahmedabad,Samsung,Android,1.7,10.4,74.0,64,2.5,468,4.9,4.1,1361,Work
U00068,43,Male,Kolkata,Google Pixel,iOS,3.0,24.3,151.7,143,1.1,4443,6.3,0.3,546,Education
U00069,40,Female,Kolkata,Samsung,Android,4.2,28.1,8.9,62,4.1,8932,7.3,0.8,209,Social Media
U00070,18,Male,Delhi,Oppo,iOS,5.3,10.4,257.0,116,2.3,4368,7.6,4.2,1359,Gaming
U00071,24,Female,Delhi,Apple,iOS,11.2,14.7,241.5,158,1.4,563,2.3,3.5,1845,Work
U00072,51,Female,Lucknow,Oppo,Android,11.9,47.8,21.5,68,4.3,7945,2.3,3.8,1749,Social Media
U00073,23,Other,Kolkata,Motorola,iOS,5.2,34.6,159.3,140,4.3,5816,7.8,2.8,1406,Gaming
U00074,43,Other,Kolkata,Realme,Android,6.9,3.0,74.6,117,3.1,1883,5.2,1.8,108,Gaming
U00075,31,Male,Ahmedabad,Google Pixel,iOS,6.8,26.2,74.5,150,5.1,1073,1.1,0.8,1393,Work
U00076,56,Female,Delhi,Oppo,Android,6.1,20.7,23.2,117,1.6,3672,3.2,2.1,430,Gaming
U00077,51,Female,Ahmedabad,Samsung,iOS,9.2,45.9,294.0,129,3.7,5449,1.0,3.8,1222,Entertainment
U00078,19,Other,Kolkata,Motorola,iOS,6.0,42.2,193.0,101,3.1,4606,2.2,3.9,705,Entertainment
U00079,26,Other,Pune,Xiaomi,iOS,11.1,1.3,51.9,52,0.6,1308,4.7,1.1,1104,Social Media
U00080,28,Male,Chennai,Xiaomi,iOS,5.7,49.5,98.2,190,2.1,8715,7.9,3.2,195,Gaming
U00081,37,Other,Pune,OnePlus,iOS,10.5,33.0,69.0,92,4.0,8284,1.3,4.1,781,Work
U00082,42,Other,Lucknow,Google Pixel,Android,1.8,9.2,107.6,19,3.5,4648,3.7,0.6,1691,Education
U00083,46,Other,Pune,Realme,Android,10.0,30.8,105.6,179,3.9,3003,4.9,2.4,472,Entertainment
U00084,52,Male,Jaipur,Samsung,iOS,5.0,46.6,127.1,56,4.6,7151,4.1,2.2,554,Education
U00085,23,Female,Hyderabad,Samsung,Android,4.5,44.3,298.9,166,2.2,9243,1.2,4.4,1355,Entertainment
U00086,25,Female,Hyderabad,Nokia,Android,5.0,26.4,216.9,78,4.0,3751,1.7,4.4,1249,Entertainment
U00087,39,Female,Ahmedabad,Nokia,Android,2.4,14.6,9.5,84,1.6,1401,3.6,2.0,1081,Education
U00088,43,Other,Lucknow,Vivo,iOS,11.4,45.5,215.1,28,1.1,6568,7.4,0.5,505,Social Media
U00089,39,Male,Jaipur,Samsung,Android,8.8,40.8,237.2,190,2.8,5779,6.6,1.3,1767,Social Media
U00090,38,Male,Lucknow,Oppo,Android,1.8,49.9,87.3,95,5.2,5891,6.4,0.1,1401,Gaming
U00091,46,Other,Lucknow,Motorola,Android,6.7,15.8,120.9,187,1.2,2427,6.4,2.5,1186,Gaming
U00092,33,Male,Jaipur,Vivo,Android,10.9,38.0,273.4,198,3.0,305,5.1,2.7,324,Education
U00093,51,Other,Delhi,Nokia,Android,10.5,28.4,182.7,86,1.2,1305,7.1,1.7,1479,Gaming
U00094,57,Other,Pune,Nokia,iOS,10.8,39.2,28.6,126,4.0,526,4.7,1.2,1610,Entertainment
U00095,59,Male,Pune,Google Pixel,Android,2.3,11.6,52.3,136,2.9,6699,1.5,4.2,1239,Entertainment
U00096,21,Other,Kolkata,Vivo,Android,7.2,29.6,180.6,88,1.4,9995,1.1,0.4,1727,Gaming
U00097,17,Other,Hyderabad,Motorola,Android,11.8,35.2,111.2,140,0.7,856,7.0,2.0,1474,Entertainment
U00098,22,Male,Mumbai,Google Pixel,Android,8.0,12.9,82.9,113,3.9,2936,4.7,0.0,443,Work
U00099,25,Male,Bangalore,Apple,iOS,1.5,25.9,24.3,62,4.5,9363,7.5,0.2,809,Entertainment
U00100,29,Female,Kolkata,Motorola,Android,7.8,42.5,71.6,17,4.2,1972,3.7,3.3,990,Social Media
U00101,31,Female,Pune,Apple,iOS,10.9,41.1,273.4,157,4.2,9043,2.8,3.4,431,Education
U00102,39,Male,Pune,Apple,Android,8.4,46.3,175.6,180,5.6,3881,7.0,0.1,1254,Social Media
U00103,15,Other,Mumbai,Realme,iOS,10.5,39.3,77.1,137,2.2,8230,3.1,3.1,687,Work
U00104,21,Male,Delhi,Apple,Android,3.6,5.5,30.6,200,4.5,5214,7.7,3.8,1129,Entertainment
U00105,56,Male,Hyderabad,Motorola,iOS,11.6,31.6,123.1,150,2.0,7124,6.7,3.4,1037,Entertainment
U00106,29,Female,Jaipur,Xiaomi,iOS,4.8,8.4,253.0,62,5.9,1373,1.4,0.8,1216,Gaming
U00107,58,Female,Chennai,Xiaomi,Android,7.9,7.9,18.5,34,1.0,1875,3.5,0.4,1983,Social Media
U00108,40,Other,Chennai,Xiaomi,Android,5.5,42.8,50.0,142,3.6,8911,4.4,3.7,1226,Work
U00109,38,Other,Hyderabad,Realme,iOS,4.5,20.9,62.8,198,0.5,5339,0.6,3.3,767,Social Media
U00110,32,Other,Delhi,OnePlus,Android,9.2,43.4,281.8,55,3.5,3082,4.6,3.9,1338,Work
U00111,28,Female,Hyderabad,Samsung,Android,9.3,48.8,107.2,190,1.4,1623,7.6,2.9,1839,Education
U00112,57,Male,Jaipur,Nokia,Android,9.6,49.4,257.1,47,2.7,5899,6.0,2.5,414,Gaming
U00113,43,Female,Jaipur,Oppo,iOS,1.2,20.5,244.1,13,3.0,4570,5.3,3.2,206,Social Media
U00114,54,Other,Hyderabad,Google Pixel,Android,8.0,24.5,85.7,163,1.5,2640,3.8,1.1,1580,Social Media
U00115,15,Other,Pune,Oppo,iOS,8.5,18.6,118.8,30,5.8,7615,6.8,2.5,448,Education
U00116,27,Male,Jaipur,Apple,iOS,1.5,7.8,50.7,151,1.1,5508,3.4,2.8,392,Education
U00117,56,Male,Chennai,Realme,Android,5.2,3.5,6.7,101,5.5,8684,5.8,0.5,1627,Entertainment
U00118,15,Other,Jaipur,Nokia,Android,8.9,13.9,99.2,51,5.4,7174,0.7,1.7,1837,Education
U00119,19,Female,Chennai,Motorola,iOS,7.2,16.0,163.5,191,1.9,6130,4.8,1.8,1202,Gaming
U00120,31,Other,Mumbai,Realme,iOS,7.5,29.2,259.3,141,4.5,1991,1.3,1.1,1936,Work
U00121,44,Other,Chennai,Nokia,iOS,10.8,15.8,152.4,81,3.1,8153,7.3,1.6,1350,Gaming
U00122,53,Male,Hyderabad,Google Pixel,Android,1.4,28.9,265.2,179,3.9,1032,4.5,2.1,254,Entertainment
U00123,46,Other,Mumbai,Samsung,iOS,5.9,38.1,144.6,186,2.1,684,4.5,1.2,1562,Social Media
U00124,25,Other,Hyderabad,OnePlus,iOS,3.7,49.5,160.5,77,4.2,9444,1.8,0.2,1268,Entertainment
U00125,49,Male,Pune,Google Pixel,Android,10.1,9.4,69.5,125,0.7,5893,4.2,4.6,837,Social Media
U00126,23,Female,Pune,Oppo,iOS,10.1,6.1,68.8,198,5.8,3598,1.6,3.9,1054,Work
U00127,24,Male,Delhi,Samsung,Android,6.1,9.0,240.6,126,1.0,1035,3.2,1.3,944,Gaming
U00128,21,Male,Mumbai,Oppo,iOS,6.5,1.5,115.0,196,2.1,1824,1.8,1.8,727,Entertainment
U00129,39,Female,Delhi,Apple,iOS,4.8,22.6,205.0,71,5.3,5852,3.6,3.6,1574,Work
U00130,50,Female,Delhi,Motorola,iOS,3.7,48.7,57.3,52,3.9,7916,2.7,2.1,905,Social Media
U00131,25,Other,Hyderabad,OnePlus,Android,5.2,37.5,218.5,23,3.1,3433,6.6,2.0,147,Education
U00132,21,Other,Lucknow,Vivo,Android,2.9,27.6,202.1,85,1.8,6866,3.3,4.2,1149,Entertainment
U00133,39,Female,Hyderabad,Google Pixel,iOS,7.7,6.6,118.1,39,4.9,5299,7.9,2.5,1795,Social Media
U00134,48,Male,Chennai,Apple,iOS,5.0,22.5,98.8,143,2.1,708,7.6,2.9,1389,Social Media
U00135,18,Other,Lucknow,Apple,Android,3.7,40.8,226.0,167,0.8,4554,0.9,4.2,411,Social Media
U00136,56,Male,Jaipur,Nokia,iOS,4.4,11.9,30.3,68,5.7,716,2.6,0.3,715,Entertainment
U00137,43,Other,Lucknow,Samsung,iOS,2.4,42.1,147.2,143,4.8,3847,5.6,4.4,1760,Work
U00138,59,Male,Ahmedabad,Xiaomi,Android,8.8,31.1,216.5,122,2.8,3840,4.1,3.4,267,Entertainment
U00139,33,Male,Ahmedabad,Apple,iOS,8.2,34.4,173.0,177,5.2,8751,0.7,3.0,850,Gaming
U00140,19,Male,Lucknow,Vivo,Android,4.1,14.3,134.6,193,4.9,977,6.2,0.2,512,Social Media
U00141,59,Female,Kolkata,Xiaomi,Android,1.5,5.3,286.9,83,4.8,151,6.9,0.4,1849,Gaming
U00142,49,Male,Jaipur,Nokia,Android,1.8,14.2,176.7,138,3.4,4034,8.0,2.5,1130,Education
U00143,53,Female,Bangalore,Xiaomi,Android,8.1,22.6,228.5,48,2.8,1175,5.0,2.2,176,Gaming
U00144,49,Other,Lucknow,Motorola,Android,11.7,42.6,218.5,150,5.6,6184,6.3,0.6,1980,Social Media
U00145,57,Other,Chennai,Motorola,iOS,1.1,23.3,41.1,10,0.8,2170,4.1,2.6,1653,Social Media
U00146,45,Male,Mumbai,Vivo,iOS,6.7,26.1,137.5,137,4.9,8216,5.6,1.3,306,Social Media
U00147,18,Male,Hyderabad,Apple,Android,6.0,16.7,201.8,43,2.9,4640,5.2,4.6,1497,Entertainment
U00148,42,Male,Chennai,Google Pixel,Android,5.5,49.4,55.7,117,1.4,9032,2.0,4.5,332,Entertainment
U00149,39,Male,Hyderabad,Oppo,Android,3.1,9.3,165.3,199,2.6,8547,1.4,3.5,186,Social Media
U00150,60,Male,Pune,Samsung,Android,11.8,40.7,134.9,75,2.0,837,2.3,1.8,387,Education
U00151,16,Other,Chennai,Samsung,iOS,7.9,6.8,69.8,38,2.8,5468,7.7,4.2,1304,Entertainment
U00152,51,Male,Delhi,Realme,iOS,1.7,26.0,80.4,33,5.7,8873,4.0,1.3,1318,Social Media
U00153,50,Other,Delhi,Motorola,iOS,3.8,15.6,264.9,183,0.9,4894,0.7,4.2,1740,Work
U00154,29,Female,Lucknow,Vivo,iOS,3.9,19.0,64.4,106,1.0,9942,3.3,0.3,612,Social Media
U00155,51,Female,Lucknow,OnePlus,Android,7.3,44.2,211.4,80,0.5,6983,6.1,2.5,1150,Gaming
U00156,50,Other,Ahmedabad,Nokia,iOS,5.4,15.1,40.6,130,5.6,3470,5.3,2.2,1047,Social Media
U00157,34,Other,Kolkata,OnePlus,Android,1.9,1.4,187.6,34,2.5,2706,0.9,4.4,287,Social Media
U00158,16,Other,Jaipur,Motorola,iOS,11.5,41.2,274.4,122,4.8,206,3.1,1.2,1935,Education
U00159,35,Female,Hyderabad,Xiaomi,iOS,7.9,33.3,50.0,90,5.8,8385,6.2,4.0,633,Work
U00160,39,Male,Pune,Oppo,Android,7.2,12.1,281.8,58,1.9,5116,7.6,4.5,1271,Social Media
U00161,38,Male,Jaipur,Nokia,iOS,5.0,27.2,166.8,152,1.8,1111,0.7,4.0,578,Work
U00162,34,Other,Mumbai,Realme,iOS,9.4,9.7,96.8,19,4.0,7564,3.2,2.1,1003,Work
U00163,58,Other,Mumbai,Apple,iOS,7.1,43.3,248.5,57,2.6,8474,2.0,0.9,160,Gaming
U00164,40,Other,Chennai,Vivo,iOS,9.9,14.7,128.0,121,3.6,3870,5.2,3.8,258,Social Media
U00165,20,Female,Jaipur,Google Pixel,iOS,9.0,6.0,137.9,49,0.7,8615,0.8,2.3,223,Education
U00166,29,Male,Chennai,Oppo,iOS,10.1,33.3,168.3,40,2.5,8182,4.9,0.2,621,Gaming
U00167,29,Other,Chennai,Oppo,iOS,8.1,37.9,218.4,93,4.0,7142,5.5,0.1,157,Gaming
U00168,33,Other,Ahmedabad,Google Pixel,iOS,3.6,36.2,83.9,52,4.9,639,7.9,3.0,1480,Gaming
U00169,28,Other,Hyderabad,Samsung,Android,11.1,35.3,37.4,182,5.6,7845,3.3,2.2,1813,Social Media
U00170,28,Female,Jaipur,Samsung,iOS,7.5,20.6,205.1,188,3.7,7816,3.4,3.0,952,Social Media
U00171,47,Male,Mumbai,Nokia,iOS,8.7,25.7,196.5,14,5.3,2252,4.6,3.7,757,Education
U00172,39,Female,Chennai,Google Pixel,Android,12.0,32.2,35.9,16,4.1,1414,0.8,3.6,233,Entertainment
U00173,47,Male,Chennai,Samsung,Android,5.0,26.6,250.1,21,3.8,2485,7.6,0.6,1723,Social Media
U00174,19,Other,Mumbai,Xiaomi,Android,11.7,6.2,81.7,20,3.3,3667,6.1,4.2,722,Social Media
U00175,54,Male,Hyderabad,Google Pixel,iOS,8.7,30.9,286.4,173,3.0,2456,6.8,2.3,1716,Social Media
U00176,44,Female,Ahmedabad,Nokia,Android,3.7,26.1,275.5,119,2.8,957,2.4,1.8,590,Work
U00177,52,Female,Lucknow,OnePlus,Android,2.2,18.7,121.5,132,1.1,1903,5.4,0.2,1804,Social Media
U00178,43,Male,Pune,Nokia,Android,5.4,21.2,244.2,140,3.3,8206,7.9,1.0,1178,Social Media
U00179,50,Male,Kolkata,OnePlus,iOS,4.0,9.2,267.7,53,5.7,6357,0.7,1.2,1479,Work
U00180,30,Male,Mumbai,Realme,Android,5.8,15.2,116.0,10,2.5,1605,4.7,0.2,897,Entertainment
U00181,38,Other,Hyderabad,Samsung,Android,5.1,18.7,67.4,147,3.3,5150,6.5,0.7,408,Social Media
U00182,33,Female,Hyderabad,Realme,Android,4.3,44.9,64.7,176,5.2,3146,2.2,0.2,1484,Work
U00183,53,Female,Pune,Google Pixel,Android,4.9,6.5,199.6,181,5.1,7676,3.3,0.6,1150,Work
U00184,56,Male,Kolkata,OnePlus,iOS,10.4,47.4,168.2,127,1.8,126,5.3,1.3,319,Social Media
U00185,58,Female,Pune,Oppo,Android,5.4,14.8,106.0,58,5.0,3633,1.7,4.6,703,Entertainment
U00186,31,Female,Lucknow,Apple,iOS,11.8,35.5,132.0,91,4.4,4462,0.8,2.8,858,Entertainment
U00187,42,Female,Mumbai,Realme,Android,10.2,21.4,296.3,175,1.1,2252,3.4,1.1,716,Work
U00188,48,Female,Chennai,Google Pixel,Android,9.4,35.8,256.5,160,1.6,8873,5.1,1.6,882,Work
U00189,51,Female,Delhi,Nokia,iOS,6.1,46.3,38.1,89,2.1,6856,5.3,0.9,1328,Entertainment
U00190,58,Female,Jaipur,Motorola,Android,4.5,7.3,126.7,174,2.6,8052,7.3,2.4,779,Gaming
U00191,32,Other,Hyderabad,Vivo,Android,1.6,9.1,122.1,120,3.7,2559,6.0,1.3,1557,Gaming
U00192,41,Female,Delhi,Samsung,iOS,4.6,49.0,89.2,28,4.8,8197,6.9,4.4,1969,Social Media
U00193,20,Male,Jaipur,Realme,Android,5.0,33.3,28.3,70,3.1,2828,3.7,2.1,418,Social Media
U00194,52,Other,Hyderabad,Nokia,iOS,2.1,50.0,165.8,126,2.7,5500,6.4,3.9,739,Entertainment
U00195,53,Other,Mumbai,Google Pixel,Android,3.3,43.2,102.8,140,1.3,1248,3.5,0.0,846,Social Media
U00196,23,Male,Chennai,Xiaomi,iOS,8.4,8.0,124.2,51,4.3,6406,3.1,0.1,953,Education
U00197,36,Male,Hyderabad,Google Pixel,Android,3.0,41.0,188.4,95,1.8,627,1.7,4.0,1407,Social Media
U00198,34,Female,Kolkata,Nokia,Android,3.9,43.6,296.2,193,0.8,2430,1.9,4.0,1128,Gaming
U00199,45,Other,Delhi,Apple,Android,6.4,15.3,38.5,96,5.7,3191,7.9,4.6,1082,Social Media
U00200,49,Female,Ahmedabad,Realme,iOS,8.4,28.8,62.6,16,0.7,3036,3.3,3.7,1184,Gaming
U00201,17,Other,Mumbai,OnePlus,Android,4.1,20.9,29.9,161,5.0,3385,7.8,2.3,1139,Education
U00202,33,Other,Delhi,Realme,Android,8.7,7.5,258.6,42,4.6,8676,3.0,1.9,366,Gaming
U00203,41,Other,Jaipur,OnePlus,iOS,6.6,44.6,56.3,28,2.6,4031,1.5,0.3,395,Education
U00204,45,Other,Hyderabad,OnePlus,Android,3.9,3.6,154.3,183,5.6,3338,7.6,4.9,929,Gaming
U00205,25,Female,Delhi,Realme,iOS,1.5,19.1,235.2,17,2.0,5411,7.5,4.6,1540,Education
U00206,60,Other,Delhi,Xiaomi,Android,7.9,32.2,238.0,65,2.2,4387,7.3,4.1,171,Entertainment
U00207,59,Other,Lucknow,Oppo,Android,7.2,1.0,147.4,93,3.6,3533,3.2,3.5,541,Work
U00208,23,Female,Bangalore,Xiaomi,Android,3.2,32.2,92.2,112,4.1,6328,1.9,2.0,252,Social Media
U00209,21,Male,Ahmedabad,Realme,Android,2.7,25.3,76.5,169,5.9,2312,4.0,1.8,185,Gaming
U00210,16,Male,Chennai,Oppo,Android,8.2,8.4,233.3,142,0.9,8059,1.2,4.6,1804,Work
U00211,15,Other,Kolkata,Vivo,iOS,11.4,20.4,171.1,47,1.6,4815,7.8,4.2,535,Work
U00212,20,Female,Jaipur,Oppo,Android,9.3,10.9,103.8,144,3.5,4535,1.7,2.8,1130,Entertainment
U00213,37,Male,Hyderabad,Motorola,Android,9.7,26.3,94.1,31,3.8,9853,7.8,4.9,644,Social Media
U00214,18,Other,Bangalore,Google Pixel,Android,10.7,24.8,170.7,184,1.0,9616,2.0,3.8,1542,Work
U00215,33,Other,Delhi,Samsung,Android,8.3,46.6,28.4,175,0.6,9944,7.4,4.2,1390,Social Media
U00216,21,Male,Jaipur,Google Pixel,iOS,12.0,18.0,211.5,113,3.1,1204,1.3,2.0,1766,Work
U00217,28,Other,Ahmedabad,Oppo,Android,10.1,23.4,209.2,78,5.7,5198,4.1,1.6,1712,Gaming
U00218,26,Female,Jaipur,Google Pixel,Android,5.5,8.5,207.8,132,1.4,2955,3.0,0.5,388,Entertainment
U00219,51,Other,Ahmedabad,Oppo,Android,5.4,49.1,106.7,126,1.3,187,5.2,0.7,1496,Entertainment
U00220,43,Other,Bangalore,Samsung,Android,4.8,22.0,23.9,187,3.7,8962,6.1,4.8,519,Social Media
U00221,37,Female,Ahmedabad,Xiaomi,iOS,6.2,22.0,206.9,58,3.6,625,3.4,4.1,198,Entertainment
U00222,34,Female,Hyderabad,Vivo,iOS,8.2,43.2,30.6,14,5.1,1312,6.5,3.9,1861,Work
U00223,45,Male,Pune,Vivo,iOS,3.9,15.1,68.9,124,5.0,1599,4.5,1.7,1484,Gaming
U00224,26,Female,Lucknow,Oppo,iOS,7.0,27.7,199.0,82,3.9,3790,5.4,3.2,1004,Entertainment
U00225,26,Other,Kolkata,Google Pixel,iOS,9.4,16.1,121.1,52,0.8,5732,1.0,4.4,1882,Work
U00226,55,Female,Chennai,Motorola,Android,7.5,4.2,71.0,171,1.0,8505,4.6,3.7,364,Work
U00227,20,Male,Chennai,Realme,Android,4.0,2.5,219.7,83,4.3,891,0.7,3.4,706,Education
U00228,41,Female,Lucknow,Apple,iOS,10.1,38.2,66.3,126,3.5,2472,3.7,4.4,1901,Education
U00229,25,Female,Mumbai,Motorola,iOS,6.4,8.4,5.7,168,3.4,4312,1.1,2.4,651,Gaming
U00230,31,Other,Mumbai,Nokia,iOS,9.5,20.0,299.1,185,5.2,4643,5.7,2.5,529,Social Media
U00231,36,Other,Jaipur,Nokia,Android,1.7,1.7,179.2,103,3.0,737,2.6,2.9,810,Entertainment
U00232,24,Male,Lucknow,Samsung,iOS,11.1,31.5,177.7,94,3.3,6017,1.2,2.3,1413,Work
U00233,34,Other,Pune,Oppo,iOS,11.0,16.9,80.3,56,4.7,4364,7.9,4.4,1038,Work
U00234,33,Other,Pune,Vivo,iOS,7.1,29.7,140.9,149,3.1,7909,4.7,3.9,281,Education
U00235,43,Male,Ahmedabad,Xiaomi,iOS,3.8,25.4,66.9,80,2.4,824,3.4,1.0,1093,Education
U00236,20,Other,Chennai,Samsung,iOS,8.5,49.5,199.5,136,0.5,8540,2.2,4.4,880,Social Media
U00237,26,Other,Hyderabad,Realme,Android,1.7,39.0,195.8,14,1.8,2268,7.2,1.0,669,Work
U00238,49,Other,Lucknow,Google Pixel,iOS,7.1,27.5,137.6,182,3.5,9288,7.2,2.5,1342,Social Media
U00239,48,Male,Pune,Realme,Android,7.0,28.3,87.1,106,5.0,6815,2.5,3.4,775,Work
U00240,23,Male,Bangalore,Samsung,Android,2.9,47.3,150.7,92,4.0,3099,2.7,1.9,525,Social Media
U00241,23,Male,Delhi,Apple,Android,3.1,18.1,231.2,132,3.6,2624,2.3,1.6,1594,Work
U00242,40,Female,Kolkata,Realme,Android,6.9,16.6,65.1,164,1.2,5691,4.3,3.3,872,Entertainment
U00243,42,Other,Mumbai,Xiaomi,Android,3.4,31.8,212.0,77,2.6,4230,7.4,1.7,1159,Social Media
U00244,52,Male,Bangalore,OnePlus,iOS,1.3,15.1,241.0,72,0.9,6597,1.0,1.0,1841,Social Media
U00245,59,Male,Delhi,Google Pixel,Android,10.2,32.6,192.0,175,3.6,6366,5.5,3.0,1744,Social Media
U00246,58,Female,Jaipur,Apple,iOS,11.2,14.3,287.8,106,5.7,7811,7.7,3.1,363,Gaming
U00247,59,Other,Hyderabad,OnePlus,Android,9.9,31.3,236.6,52,4.7,5833,2.2,0.1,268,Education
U00248,59,Male,Kolkata,Oppo,Android,6.4,47.2,232.7,173,5.9,5604,6.5,3.2,1404,Education
U00249,15,Other,Kolkata,Nokia,iOS,9.5,34.1,26.3,22,3.1,3896,1.3,2.3,782,Entertainment
U00250,54,Other,Pune,Oppo,iOS,4.5,42.6,61.8,96,1.5,4443,6.0,0.5,1786,Education
U00251,34,Male,Chennai,Oppo,iOS,10.6,28.3,154.5,180,4.5,689,7.0,4.1,708,Education
U00252,19,Male,Hyderabad,Oppo,Android,11.4,21.7,21.3,194,4.5,4948,4.3,0.0,1343,Social Media
U00253,22,Other,Jaipur,Realme,Android,9.3,21.2,227.5,48,0.8,7296,3.0,5.0,546,Work
U00254,41,Other,Jaipur,Google Pixel,iOS,8.0,47.9,210.7,156,3.1,7026,5.2,2.0,354,Work
U00255,50,Other,Jaipur,Nokia,iOS,6.9,15.0,295.9,173,2.4,8166,4.1,4.8,525,Work
U00256,26,Female,Kolkata,Motorola,iOS,2.4,19.5,284.8,134,4.8,9287,5.6,3.7,1629,Gaming
U00257,31,Male,Delhi,Motorola,Android,10.4,21.4,60.6,119,1.3,248,7.4,4.9,1984,Education
U00258,27,Other,Delhi,Xiaomi,iOS,4.3,20.1,231.5,29,5.3,6540,6.3,4.2,1416,Entertainment
U00259,54,Male,Kolkata,Realme,iOS,3.2,18.5,75.8,138,4.1,6117,0.9,3.1,796,Work
U00260,43,Female,Ahmedabad,Apple,iOS,10.1,18.9,52.2,32,3.0,1586,3.2,4.9,1716,Work
U00261,24,Female,Hyderabad,Samsung,Android,10.3,47.9,271.2,175,4.8,7790,6.5,1.1,367,Education
U00262,60,Female,Chennai,Xiaomi,Android,3.1,4.4,259.8,73,0.9,5023,2.4,1.1,1188,Gaming
U00263,38,Other,Jaipur,Google Pixel,Android,7.3,44.3,58.6,58,4.1,4357,7.9,2.8,1814,Social Media
U00264,24,Male,Bangalore,Vivo,iOS,8.4,34.0,295.8,58,4.7,9786,3.8,3.6,1549,Gaming
U00265,34,Male,Delhi,Realme,Android,3.7,12.8,62.7,111,3.5,1381,8.0,1.8,1500,Education
U00266,28,Other,Ahmedabad,Samsung,iOS,8.5,25.1,150.0,142,0.9,7911,6.0,2.8,1083,Work
U00267,23,Other,Hyderabad,Nokia,Android,4.1,14.0,246.6,26,1.1,7727,4.8,1.1,555,Social Media
U00268,16,Male,Delhi,Apple,Android,9.1,9.9,133.5,89,2.0,9075,4.2,2.0,663,Social Media
U00269,19,Other,Kolkata,Apple,iOS,4.8,29.6,50.4,85,2.7,3899,7.0,0.2,783,Work
U00270,57,Male,Lucknow,Vivo,Android,1.6,18.7,220.0,77,4.4,1291,2.0,2.7,1280,Social Media
U00271,17,Male,Lucknow,Vivo,Android,2.5,38.1,270.7,119,1.8,5179,6.4,1.3,408,Education
U00272,15,Other,Mumbai,Google Pixel,iOS,10.9,13.5,97.5,132,2.5,5377,4.6,3.7,1300,Social Media
U00273,17,Other,Bangalore,Motorola,iOS,8.7,20.9,21.0,34,2.1,1836,2.0,3.0,867,Social Media
U00274,38,Other,Bangalore,Nokia,iOS,8.6,7.5,69.0,17,4.4,4190,2.9,4.6,1540,Work
U00275,39,Other,Ahmedabad,Xiaomi,Android,9.7,13.3,87.6,93,1.7,4550,3.0,3.9,1461,Entertainment
U00276,55,Other,Jaipur,Nokia,Android,1.6,37.6,227.7,126,1.8,6117,7.4,1.9,1819,Entertainment
U00277,19,Female,Ahmedabad,Google Pixel,iOS,7.3,46.6,208.3,109,3.8,1010,5.3,2.5,921,Gaming
U00278,42,Female,Bangalore,OnePlus,iOS,4.2,40.9,158.8,88,5.2,6211,3.9,2.4,589,Education
U00279,19,Female,Kolkata,Samsung,Android,3.7,32.7,194.3,87,3.4,1306,6.3,2.6,1596,Gaming
U00280,30,Other,Pune,Xiaomi,Android,1.3,30.2,93.6,86,4.9,9830,6.7,0.3,617,Social Media
U00281,52,Female,Hyderabad,Xiaomi,Android,3.0,39.5,65.0,126,5.8,7988,7.5,3.8,1912,Gaming
U00282,34,Other,Chennai,Oppo,iOS,8.7,28.5,108.0,39,5.3,2493,1.0,3.4,702,Work
U00283,25,Male,Hyderabad,Oppo,iOS,2.8,31.8,98.3,72,3.9,3966,0.6,1.3,645,Gaming
U00284,23,Female,Kolkata,Nokia,Android,10.0,17.4,61.9,199,4.3,1817,5.6,2.3,570,Social Media
U00285,45,Male,Lucknow,Apple,iOS,10.2,12.4,268.8,71,0.9,1432,4.2,4.6,268,Gaming
U00286,39,Other,Hyderabad,Motorola,Android,10.6,26.3,40.7,20,0.9,2643,4.2,0.9,1591,Work
U00287,46,Male,Jaipur,Samsung,iOS,5.7,1.1,127.2,31,4.3,8198,5.1,1.3,1310,Education
U00288,54,Other,Mumbai,Oppo,iOS,5.2,17.9,288.3,164,4.5,4274,5.8,0.9,999,Work
U00289,45,Other,Bangalore,Samsung,iOS,2.2,13.9,221.0,16,3.9,6975,4.8,2.5,1767,Education
U00290,35,Male,Ahmedabad,OnePlus,Android,1.3,34.1,155.0,128,5.8,735,0.8,2.4,1683,Entertainment
U00291,30,Female,Pune,Xiaomi,Android,7.4,26.6,15.7,82,4.1,9911,3.2,3.8,1026,Gaming
U00292,38,Male,Delhi,Vivo,iOS,9.3,11.4,51.1,125,2.8,2430,0.9,4.5,637,Education
U00293,52,Female,Delhi,Samsung,iOS,8.2,14.1,128.6,53,4.1,7626,3.1,4.0,1477,Gaming
U00294,37,Female,Hyderabad,Xiaomi,Android,5.7,42.7,287.5,114,0.6,1074,6.8,1.0,273,Gaming
U00295,20,Other,Hyderabad,Motorola,Android,5.2,10.2,287.1,169,6.0,479,6.1,4.2,1184,Education
U00296,47,Other,Bangalore,OnePlus,Android,5.5,42.2,97.5,147,1.0,6769,7.5,2.7,1703,Education
U00297,34,Male,Kolkata,Google Pixel,Android,3.7,11.1,122.3,99,5.8,1387,5.6,3.5,1431,Entertainment
U00298,38,Other,Chennai,Apple,Android,10.8,16.6,54.1,53,4.1,4632,5.2,1.7,1522,Gaming
U00299,41,Male,Ahmedabad,Apple,iOS,11.9,39.3,32.5,52,5.0,4009,7.0,1.8,1491,Education
U00300,39,Female,Jaipur,Vivo,Android,3.4,18.7,141.4,165,2.9,623,7.6,3.3,1426,Education
U00301,53,Male,Kolkata,Nokia,iOS,11.1,31.4,160.3,10,0.8,1086,6.7,2.2,1074,Education
U00302,50,Female,Ahmedabad,Samsung,iOS,7.0,37.5,250.4,49,4.2,7733,7.8,1.5,1621,Social Media
U00303,16,Male,Bangalore,Oppo,iOS,2.1,7.4,279.6,188,0.7,1474,3.9,0.2,1344,Entertainment
U00304,25,Other,Bangalore,OnePlus,Android,5.7,4.6,279.5,88,3.0,9903,3.8,2.6,1330,Entertainment
U00305,41,Other,Bangalore,Realme,iOS,4.7,12.3,132.9,169,3.3,5953,7.5,2.6,415,Education
U00306,46,Female,Hyderabad,Apple,Android,2.1,22.3,210.7,154,3.7,8014,1.5,2.7,984,Work
U00307,29,Male,Bangalore,OnePlus,iOS,3.0,46.4,244.8,59,1.9,6411,4.3,1.3,219,Education
U00308,49,Female,Lucknow,Realme,iOS,1.9,22.2,127.2,12,4.6,7979,2.3,4.3,618,Gaming
U00309,50,Female,Delhi,Samsung,iOS,10.9,15.0,238.0,56,1.7,605,4.3,4.4,1051,Social Media
U00310,25,Male,Bangalore,Nokia,Android,6.2,22.1,91.1,110,1.4,6597,2.1,3.7,912,Social Media
U00311,36,Female,Mumbai,Samsung,iOS,6.9,18.3,255.5,63,4.8,7078,5.8,2.9,1016,Work
U00312,21,Other,Ahmedabad,Oppo,Android,6.7,24.6,181.5,53,1.7,2344,3.5,3.0,712,Work
U00313,45,Male,Bangalore,OnePlus,iOS,10.6,27.0,236.0,44,1.9,3040,1.2,2.5,1564,Education
U00314,60,Male,Jaipur,Motorola,iOS,2.5,37.8,162.4,103,1.9,4389,5.5,2.2,1217,Work
U00315,22,Other,Hyderabad,Oppo,Android,1.2,34.9,34.7,39,2.0,8410,2.3,4.2,1723,Entertainment
U00316,35,Male,Jaipur,Vivo,Android,11.7,5.2,100.0,96,1.7,4499,3.8,3.0,1197,Entertainment
U00317,50,Other,Hyderabad,Vivo,Android,6.6,44.5,288.4,126,4.1,1187,6.5,0.0,437,Gaming
U00318,20,Male,Pune,Realme,iOS,11.0,38.4,16.6,117,1.2,7812,1.6,4.7,975,Entertainment
U00319,41,Other,Chennai,Motorola,iOS,11.3,46.3,169.2,61,5.1,6348,3.8,0.9,975,Entertainment
U00320,40,Female,Kolkata,Samsung,iOS,9.3,23.2,159.0,83,5.2,9889,1.3,2.2,931,Social Media
U00321,27,Other,Pune,Vivo,Android,5.1,36.5,56.9,151,2.3,6454,4.2,4.4,358,Entertainment
U00322,52,Male,Kolkata,Xiaomi,Android,5.1,16.6,10.2,109,1.7,9210,3.1,2.7,575,Gaming
U00323,30,Male,Pune,Samsung,iOS,2.9,22.9,160.6,79,2.0,2543,1.1,1.5,1970,Entertainment
U00324,49,Female,Bangalore,Motorola,iOS,9.2,7.3,167.0,175,1.3,3303,3.4,0.5,415,Work
U00325,59,Male,Ahmedabad,Google Pixel,Android,3.8,23.4,223.8,82,0.7,1029,2.5,4.9,1270,Work
U00326,16,Female,Bangalore,Vivo,Android,3.0,48.6,117.7,131,5.2,4244,2.3,2.6,727,Social Media
U00327,47,Other,Pune,Apple,Android,2.2,37.2,98.8,86,4.3,1185,2.3,3.3,512,Entertainment
U00328,39,Other,Lucknow,Apple,iOS,1.9,20.2,279.8,24,4.5,6119,3.7,4.2,1185,Work
U00329,19,Female,Delhi,Nokia,Android,1.1,29.9,98.1,69,2.5,5432,7.6,2.7,792,Gaming
U00330,40,Female,Kolkata,OnePlus,iOS,9.1,37.3,138.2,154,1.4,643,6.2,4.4,1581,Gaming
U00331,35,Other,Mumbai,Vivo,iOS,3.9,22.0,144.5,164,1.1,865,1.9,3.3,1716,Education
U00332,25,Female,Ahmedabad,Vivo,Android,11.0,47.9,265.7,64,2.7,4924,3.2,2.0,1812,Entertainment
U00333,50,Female,Pune,Google Pixel,Android,5.7,49.1,252.0,166,5.9,5660,2.3,4.6,1615,Gaming
U00334,25,Other,Pune,Vivo,iOS,4.8,32.1,216.9,146,2.0,6665,3.3,4.2,481,Education
U00335,45,Female,Pune,Oppo,Android,1.6,24.8,74.7,138,3.3,2012,7.5,2.8,1546,Education
U00336,51,Male,Ahmedabad,Oppo,Android,4.0,29.4,27.7,150,3.1,3873,2.6,4.3,1966,Entertainment
U00337,34,Male,Delhi,Motorola,Android,5.3,34.4,176.7,135,5.1,5017,5.4,4.6,625,Entertainment
U00338,59,Female,Chennai,Oppo,iOS,11.5,46.7,233.0,23,3.0,7990,8.0,4.5,730,Social Media
U00339,58,Male,Hyderabad,Realme,Android,11.4,11.1,78.9,77,3.9,7072,4.7,0.8,797,Work
U00340,35,Male,Bangalore,Oppo,iOS,10.1,10.0,248.8,136,3.6,7334,1.4,1.0,1638,Gaming
U00341,24,Other,Delhi,Samsung,iOS,5.1,12.6,120.7,19,5.9,1546,1.4,4.8,704,Social Media
U00342,59,Other,Bangalore,Vivo,iOS,8.1,11.5,261.4,178,1.1,2371,8.0,0.4,769,Education
U00343,36,Female,Kolkata,Nokia,Android,10.3,2.8,90.2,55,1.7,4561,2.9,0.6,111,Gaming
U00344,50,Male,Mumbai,Xiaomi,iOS,9.5,41.5,48.5,174,2.8,9353,2.4,3.9,655,Social Media
U00345,51,Female,Lucknow,Motorola,iOS,9.9,46.4,245.5,77,4.7,1239,2.3,2.5,1041,Work
U00346,31,Other,Bangalore,Realme,Android,4.2,34.3,228.0,170,2.7,9848,7.9,1.9,1375,Education
U00347,38,Male,Pune,Vivo,Android,11.9,22.9,13.2,168,4.7,3302,5.9,2.3,113,Gaming
U00348,47,Male,Chennai,Realme,Android,4.3,27.9,34.3,92,2.8,3132,5.4,3.4,665,Work
U00349,58,Other,Pune,Xiaomi,iOS,3.0,17.6,165.5,68,1.1,6788,1.8,2.2,868,Education
U00350,41,Other,Hyderabad,Nokia,Android,7.7,22.0,194.3,31,1.1,6911,5.3,0.7,207,Social Media
U00351,35,Male,Delhi,Motorola,Android,8.1,31.1,62.1,42,5.3,4995,5.3,0.3,221,Entertainment
U00352,34,Male,Ahmedabad,Motorola,iOS,6.4,27.2,193.5,83,2.4,571,2.5,2.6,426,Gaming
U00353,17,Male,Bangalore,Google Pixel,Android,11.7,40.2,252.0,142,3.9,8459,6.5,2.1,417,Education
U00354,57,Male,Chennai,Vivo,iOS,5.1,29.4,103.5,13,1.7,5617,1.5,2.4,360,Gaming
U00355,22,Male,Mumbai,Xiaomi,iOS,7.6,38.4,73.9,89,5.0,639,6.0,2.9,1976,Entertainment
U00356,54,Male,Pune,Apple,iOS,6.4,41.0,114.8,20,5.5,5010,3.7,1.1,653,Social Media
U00357,46,Other,Pune,Nokia,Android,11.5,33.3,53.7,179,5.2,3928,5.7,2.5,389,Entertainment
U00358,25,Female,Kolkata,Vivo,Android,5.8,6.7,66.9,21,1.5,1121,4.9,0.8,1888,Work
U00359,31,Other,Jaipur,Apple,Android,9.6,15.1,218.8,19,3.2,578,1.2,2.2,1037,Work
U00360,47,Male,Pune,OnePlus,iOS,2.7,44.9,279.4,108,3.6,7854,3.8,1.3,211,Social Media
U00361,53,Female,Hyderabad,Nokia,Android,11.7,34.3,210.6,63,3.4,7823,4.3,4.0,1375,Education
U00362,43,Female,Delhi,Apple,iOS,10.0,47.5,88.8,151,5.3,1875,1.8,3.8,181,Entertainment
U00363,49,Female,Bangalore,Xiaomi,iOS,5.5,15.1,285.1,116,3.2,3253,7.1,4.2,247,Social Media
U00364,31,Female,Kolkata,Vivo,iOS,8.6,42.5,290.1,182,1.7,4949,1.5,4.5,326,Gaming
U00365,59,Other,Jaipur,Nokia,iOS,5.3,7.0,292.6,121,4.6,3150,2.1,3.3,113,Social Media
U00366,59,Other,Bangalore,OnePlus,iOS,9.7,45.2,70.1,48,5.9,5121,6.7,2.5,681,Gaming
U00367,27,Male,Mumbai,Vivo,iOS,9.3,12.3,111.6,110,5.9,9661,5.3,1.5,1634,Work
U00368,56,Male,Kolkata,Xiaomi,Android,4.1,29.5,59.4,95,6.0,4047,6.6,0.6,898,Social Media
U00369,19,Other,Delhi,Vivo,iOS,6.5,11.9,167.3,92,4.1,1710,2.7,2.2,295,Education
U00370,32,Female,Delhi,Realme,iOS,2.9,7.7,101.2,98,2.3,4794,7.4,4.4,1300,Social Media
U00371,49,Female,Hyderabad,OnePlus,Android,7.2,3.6,200.6,43,4.6,1912,3.8,0.3,1150,Social Media
U00372,44,Other,Chennai,Xiaomi,Android,4.0,46.0,233.3,28,5.3,7252,6.3,3.1,1371,Entertainment
U00373,50,Other,Mumbai,Nokia,iOS,5.7,8.3,28.0,11,2.3,2500,6.2,4.8,322,Entertainment
U00374,56,Female,Delhi,Motorola,iOS,1.2,1.9,27.8,103,2.1,889,3.9,0.4,1231,Work
U00375,25,Other,Jaipur,Google Pixel,Android,3.1,19.9,222.7,198,2.9,2628,2.0,3.4,1860,Education
U00376,21,Male,Delhi,Nokia,iOS,11.8,10.3,144.3,124,5.0,3120,0.8,2.5,1012,Education
U00377,32,Female,Kolkata,Oppo,Android,9.0,7.1,70.1,140,4.7,2214,7.4,1.7,789,Education
U00378,39,Male,Hyderabad,Nokia,iOS,8.3,36.4,245.8,77,2.8,9856,4.6,1.9,229,Social Media
U00379,48,Female,Mumbai,OnePlus,iOS,8.5,20.9,184.1,78,2.1,8186,7.2,3.3,188,Gaming
U00380,28,Other,Hyderabad,Vivo,Android,10.0,2.7,104.9,66,0.6,4988,4.0,1.5,1802,Social Media
U00381,50,Male,Jaipur,OnePlus,Android,10.3,3.4,231.7,80,2.7,1729,4.6,1.0,1280,Entertainment
U00382,42,Female,Kolkata,Realme,Android,3.1,30.0,212.0,68,5.3,3228,5.9,0.0,539,Social Media
U00383,57,Other,Mumbai,OnePlus,iOS,4.7,8.2,193.8,186,1.5,8126,2.8,0.1,764,Entertainment
U00384,23,Male,Delhi,Xiaomi,iOS,10.7,36.7,252.5,84,1.2,1654,4.6,1.6,1798,Social Media
U00385,38,Male,Bangalore,Samsung,iOS,4.2,33.6,15.6,193,4.3,7485,0.6,0.6,678,Social Media
U00386,57,Male,Ahmedabad,Nokia,Android,11.6,10.1,29.5,61,5.8,1623,6.1,1.6,1401,Entertainment
U00387,16,Other,Jaipur,OnePlus,iOS,1.8,8.4,127.0,200,2.5,7755,3.6,2.2,1845,Gaming
U00388,35,Other,Kolkata,Nokia,Android,2.2,4.6,216.6,27,4.4,6755,4.6,4.7,1298,Education
U00389,41,Male,Bangalore,Samsung,iOS,5.4,36.7,269.3,55,2.4,8944,6.7,1.5,1954,Gaming
U00390,42,Male,Kolkata,Vivo,iOS,7.4,42.1,203.1,39,2.6,947,1.7,2.8,208,Entertainment
U00391,55,Male,Chennai,Nokia,iOS,1.7,46.6,14.2,77,4.4,5200,7.4,2.3,983,Work
U00392,26,Other,Mumbai,Vivo,Android,4.3,22.4,82.4,18,5.8,2430,3.4,0.0,1075,Entertainment
U00393,49,Female,Bangalore,OnePlus,iOS,3.9,11.0,151.1,57,2.9,8521,4.6,3.6,609,Gaming
U00394,26,Other,Delhi,Oppo,Android,9.0,16.1,290.8,181,1.9,9051,3.6,1.0,222,Education
U00395,36,Other,Chennai,Samsung,iOS,10.8,5.3,52.5,125,3.8,9878,6.6,4.1,1476,Social Media
U00396,38,Female,Jaipur,Realme,iOS,3.8,39.1,201.5,162,4.1,5268,1.0,1.7,1816,Social Media
U00397,48,Other,Delhi,Samsung,iOS,9.2,36.9,105.4,172,3.3,5567,6.4,1.5,887,Social Media
U00398,17,Other,Pune,Samsung,Android,3.4,47.4,76.0,24,1.6,4666,7.8,3.6,269,Gaming
U00399,20,Male,Bangalore,Motorola,iOS,9.2,35.7,130.7,60,2.0,7998,5.7,0.7,847,Entertainment
U00400,16,Male,Lucknow,Google Pixel,Android,10.5,11.1,264.7,13,5.8,3720,3.5,4.8,241,Work
U00401,43,Male,Hyderabad,Google Pixel,Android,2.8,20.7,54.1,22,2.5,577,5.3,3.7,1416,Social Media
U00402,58,Male,Mumbai,Apple,Android,7.7,2.6,255.0,127,2.1,9817,2.4,3.9,1651,Entertainment
U00403,60,Female,Hyderabad,Realme,Android,8.4,11.8,291.5,171,0.6,7149,5.5,1.8,1646,Work
U00404,39,Male,Pune,Google Pixel,iOS,4.3,31.7,145.2,101,3.3,9156,2.9,4.4,512,Gaming
U00405,56,Other,Lucknow,Samsung,iOS,8.2,24.9,73.5,97,1.5,2913,7.7,0.9,249,Education
U00406,35,Other,Kolkata,Vivo,Android,8.7,36.8,77.4,130,3.8,8845,3.5,2.0,1647,Entertainment
U00407,35,Female,Ahmedabad,Motorola,iOS,7.5,43.1,283.8,46,1.5,6544,3.9,3.3,1016,Gaming
U00408,34,Other,Mumbai,Google Pixel,Android,5.9,21.8,167.3,16,2.5,1327,2.5,4.4,590,Work
U00409,30,Female,Ahmedabad,Realme,Android,11.2,17.6,223.4,146,1.0,669,6.2,2.4,1823,Education
U00410,50,Male,Bangalore,OnePlus,iOS,10.6,47.5,36.5,139,3.4,6123,2.4,4.1,236,Social Media
U00411,32,Female,Jaipur,Apple,iOS,11.3,16.4,78.6,61,1.7,4370,1.3,4.9,939,Social Media
U00412,53,Male,Hyderabad,Nokia,iOS,11.5,39.3,167.8,191,3.2,7747,6.5,1.5,1346,Entertainment
U00413,46,Other,Bangalore,Oppo,iOS,4.0,20.6,79.6,109,5.0,2540,1.1,0.7,361,Social Media
U00414,56,Female,Hyderabad,Nokia,Android,4.5,1.9,149.0,25,2.7,4827,1.1,0.8,362,Gaming
U00415,54,Female,Lucknow,Apple,iOS,11.7,21.6,143.2,55,3.4,4023,6.3,1.3,1656,Gaming
U00416,55,Female,Ahmedabad,OnePlus,iOS,10.8,46.0,20.8,37,4.0,2232,1.0,2.0,191,Entertainment
U00417,55,Female,Kolkata,Apple,Android,2.9,17.9,12.6,28,2.4,5844,7.3,2.9,1512,Social Media
U00418,53,Male,Hyderabad,Vivo,Android,11.4,3.6,196.3,11,5.4,346,2.6,0.3,1078,Social Media
U00419,44,Other,Pune,Xiaomi,iOS,4.6,9.6,239.9,91,1.4,6773,4.1,2.7,535,Entertainment
U00420,30,Other,Pune,Vivo,iOS,11.7,34.4,9.5,115,3.3,892,5.9,4.2,1639,Education
U00421,54,Female,Kolkata,Google Pixel,iOS,7.2,23.3,128.5,24,4.9,4910,2.6,2.1,1880,Gaming
U00422,20,Female,Pune,Xiaomi,iOS,5.3,22.3,196.6,18,5.3,108,3.6,1.3,390,Entertainment
U00423,49,Female,Delhi,Samsung,Android,6.6,23.5,203.0,199,4.4,4380,2.2,4.8,1866,Gaming
U00424,32,Female,Kolkata,Nokia,iOS,5.9,6.0,234.2,121,5.5,5403,0.8,2.1,631,Education
U00425,39,Female,Delhi,OnePlus,Android,11.4,17.4,29.6,66,5.1,9783,4.8,0.3,995,Entertainment
U00426,58,Male,Chennai,OnePlus,Android,3.8,28.0,190.5,99,3.9,1943,7.4,0.9,524,Work
U00427,33,Female,Jaipur,Apple,Android,7.7,18.7,189.4,109,1.8,8766,5.1,1.6,1212,Gaming
U00428,37,Female,Chennai,Google Pixel,iOS,7.8,13.2,190.0,31,5.1,7441,3.4,0.3,705,Entertainment
U00429,42,Female,Delhi,OnePlus,Android,5.4,48.3,280.7,23,3.5,8797,6.3,1.3,1786,Work
U00430,28,Other,Kolkata,OnePlus,Android,9.1,25.4,128.5,43,2.5,8489,7.6,1.3,1664,Gaming
U00431,56,Female,Bangalore,Nokia,Android,2.5,6.0,173.2,42,5.6,5271,6.8,2.9,829,Entertainment
U00432,50,Other,Lucknow,Apple,iOS,4.6,18.2,216.6,191,2.4,6884,6.9,4.4,1998,Education
U00433,35,Other,Ahmedabad,Xiaomi,iOS,1.6,22.1,28.6,190,2.8,7460,4.4,4.8,1960,Work
U00434,49,Other,Bangalore,OnePlus,iOS,7.5,46.3,107.6,154,3.3,2252,5.9,3.7,331,Education
U00435,21,Female,Kolkata,Google Pixel,iOS,4.6,28.4,99.4,103,0.9,1233,4.6,1.1,1317,Gaming
U00436,38,Male,Bangalore,Vivo,iOS,3.2,25.2,66.9,121,1.1,8121,1.6,3.4,1469,Entertainment
U00437,52,Other,Kolkata,Realme,Android,9.5,9.5,174.6,86,0.7,5434,6.8,3.1,1012,Entertainment
U00438,58,Other,Hyderabad,Samsung,iOS,5.7,10.2,265.4,125,3.9,4095,7.8,4.0,1418,Entertainment
U00439,21,Other,Chennai,Google Pixel,Android,8.8,47.9,46.6,73,1.0,2018,4.8,2.4,119,Education
U00440,17,Male,Pune,OnePlus,iOS,4.8,33.8,12.4,86,2.4,4220,4.2,1.2,1524,Social Media
U00441,21,Male,Kolkata,OnePlus,iOS,11.6,23.3,100.6,13,2.6,8849,5.4,0.1,327,Gaming
U00442,27,Female,Ahmedabad,Google Pixel,iOS,10.3,3.3,117.3,123,1.7,6088,6.9,3.8,1388,Work
U00443,35,Other,Lucknow,OnePlus,Android,7.4,10.7,219.6,76,1.0,7666,5.5,2.5,1563,Work
U00444,58,Male,Lucknow,Xiaomi,iOS,2.5,26.2,119.4,138,1.6,2361,3.4,2.0,572,Education
U00445,19,Other,Pune,Vivo,iOS,9.5,36.6,223.8,34,5.3,3685,2.0,0.1,1092,Social Media
U00446,17,Male,Mumbai,Xiaomi,Android,6.5,33.8,214.7,40,1.7,2733,3.1,4.4,229,Social Media
U00447,51,Other,Bangalore,Samsung,Android,3.0,13.2,141.3,130,2.9,2055,3.2,4.8,781,Education
U00448,50,Female,Bangalore,Nokia,iOS,5.2,38.2,180.7,95,2.2,2231,2.7,1.8,1691,Social Media
U00449,52,Male,Bangalore,Xiaomi,Android,11.3,34.8,63.6,52,2.3,270,4.8,3.7,1891,Gaming
U00450,19,Other,Lucknow,Motorola,Android,9.6,40.5,5.7,13,5.3,1440,5.4,1.2,1808,Social Media
U00451,44,Other,Hyderabad,Nokia,Android,10.5,10.5,44.2,34,4.9,5127,3.0,4.9,1542,Education
U00452,52,Other,Hyderabad,OnePlus,iOS,5.3,18.9,179.1,83,4.0,9700,4.2,4.8,596,Social Media
U00453,47,Male,Pune,Samsung,Android,10.8,7.1,260.0,111,0.6,6423,5.2,3.3,1346,Work
U00454,48,Other,Bangalore,Xiaomi,Android,11.1,25.3,11.1,123,2.9,3183,6.8,2.7,222,Gaming
U00455,60,Female,Bangalore,OnePlus,iOS,7.4,43.3,44.4,121,1.9,2644,2.6,4.5,941,Social Media
U00456,60,Other,Bangalore,OnePlus,iOS,6.3,12.5,277.4,82,5.3,4728,4.5,2.6,1237,Work
U00457,60,Other,Ahmedabad,Google Pixel,iOS,2.2,2.7,289.4,152,1.3,1658,7.2,2.4,310,Entertainment
U00458,22,Male,Bangalore,Realme,iOS,3.8,33.3,162.0,104,0.8,3717,1.2,2.5,258,Social Media
U00459,57,Other,Bangalore,Samsung,Android,10.9,10.2,282.0,27,1.0,7920,4.3,4.3,1209,Social Media
U00460,55,Male,Lucknow,Xiaomi,iOS,9.4,44.6,105.8,83,2.1,6577,6.4,3.5,1302,Gaming
U00461,15,Male,Lucknow,Motorola,Android,1.7,38.8,114.5,164,2.0,7945,1.5,4.7,1965,Social Media
U00462,17,Male,Kolkata,Oppo,Android,10.2,15.4,22.6,47,3.2,2373,4.4,2.9,1751,Gaming
U00463,21,Male,Ahmedabad,Motorola,Android,5.2,38.6,256.8,79,2.5,8420,5.2,4.5,661,Entertainment
U00464,51,Male,Mumbai,Vivo,Android,11.2,13.8,218.5,117,0.8,3796,1.3,1.4,436,Work
U00465,16,Female,Jaipur,Vivo,Android,4.5,9.7,207.6,188,1.7,9777,2.4,3.2,1864,Work
U00466,38,Male,Chennai,Motorola,Android,6.3,2.9,174.6,181,2.3,3065,5.8,2.5,187,Education
U00467,59,Female,Mumbai,Realme,iOS,7.7,10.8,135.7,164,4.4,8654,1.3,1.3,1879,Education
U00468,17,Other,Mumbai,Motorola,iOS,2.7,33.6,82.2,33,1.2,4740,6.5,4.3,302,Entertainment
U00469,48,Female,Pune,OnePlus,Android,9.5,46.0,182.2,43,4.3,4360,3.0,0.3,1106,Entertainment
U00470,40,Male,Bangalore,Realme,Android,9.0,14.8,176.3,124,2.0,9648,5.5,2.0,1826,Gaming
U00471,15,Male,Delhi,Vivo,Android,7.9,14.9,286.8,133,5.7,6467,3.4,2.6,113,Education
U00472,48,Other,Lucknow,OnePlus,iOS,6.7,47.5,257.2,66,3.5,4684,1.9,4.3,276,Social Media
U00473,22,Other,Bangalore,Vivo,Android,10.3,13.9,84.8,80,2.0,2648,1.8,2.2,108,Gaming
U00474,33,Other,Bangalore,Motorola,Android,2.4,37.2,200.4,186,0.6,649,7.8,2.7,1255,Social Media
U00475,41,Male,Chennai,Vivo,Android,5.4,13.2,193.3,86,5.2,1532,2.2,2.2,747,Entertainment
U00476,24,Female,Bangalore,Nokia,iOS,10.7,33.8,249.8,194,4.8,7645,0.8,4.5,400,Gaming
U00477,44,Male,Bangalore,Apple,iOS,6.2,19.8,43.8,159,2.7,3657,2.7,2.7,623,Work
U00478,54,Male,Chennai,Vivo,iOS,7.9,39.3,246.7,76,2.9,5627,5.0,1.8,1051,Gaming
U00479,42,Female,Jaipur,Samsung,Android,9.5,25.0,121.5,152,1.3,420,6.8,2.1,124,Work
U00480,27,Female,Hyderabad,OnePlus,iOS,10.1,34.7,257.3,17,4.8,2035,6.6,0.3,1064,Work
U00481,47,Male,Pune,Google Pixel,iOS,4.1,31.2,46.0,190,2.1,652,1.5,1.1,1365,Social Media
U00482,18,Male,Ahmedabad,Vivo,iOS,11.4,7.2,206.2,134,4.4,9133,2.3,4.5,1304,Gaming
U00483,42,Male,Kolkata,OnePlus,iOS,1.9,48.7,76.7,20,4.9,2960,7.4,0.9,626,Work
U00484,44,Male,Bangalore,Realme,Android,10.2,21.2,171.3,90,5.3,9922,1.6,0.9,1865,Social Media
U00485,25,Male,Chennai,Oppo,Android,2.2,45.7,102.4,93,3.7,8815,5.5,2.0,1228,Social Media
U00486,29,Other,Ahmedabad,Apple,iOS,8.8,22.9,77.0,166,4.7,3383,6.4,4.7,1569,Gaming
U00487,45,Female,Delhi,Motorola,iOS,8.4,10.3,296.4,120,1.2,2042,2.6,1.1,1796,Education
U00488,48,Other,Pune,Google Pixel,iOS,5.9,45.3,13.9,21,4.6,3650,6.7,4.3,623,Work
U00489,53,Other,Delhi,Realme,Android,9.3,3.0,246.7,23,3.7,6511,1.8,0.7,751,Entertainment
U00490,17,Female,Bangalore,OnePlus,iOS,3.8,2.4,296.7,87,5.7,543,5.1,1.7,842,Entertainment
U00491,57,Male,Delhi,Apple,iOS,5.9,34.9,149.6,37,2.0,9041,2.5,2.0,787,Education
U00492,34,Male,Lucknow,Realme,Android,10.4,42.9,217.7,62,1.5,4715,7.1,0.1,1010,Work
U00493,21,Female,Chennai,Oppo,iOS,11.0,28.7,223.3,151,4.7,2597,7.9,3.9,1318,Entertainment
U00494,31,Male,Pune,Vivo,Android,1.2,12.0,297.8,107,3.1,3584,1.5,4.8,1722,Gaming
U00495,28,Other,Bangalore,Google Pixel,iOS,6.5,7.3,38.4,49,4.0,1975,6.8,0.8,1617,Entertainment
U00496,22,Other,Pune,Samsung,Android,11.8,42.9,284.4,165,0.8,2874,2.2,3.4,779,Work
U00497,41,Other,Bangalore,Vivo,Android,5.8,37.5,220.3,154,0.7,1188,1.3,0.3,655,Gaming
U00498,29,Female,Mumbai,Google Pixel,iOS,10.0,11.3,212.1,24,1.0,6311,5.3,3.7,1032,Entertainment
U00499,48,Female,Hyderabad,Vivo,Android,4.5,49.6,280.6,143,3.5,5536,2.3,1.9,126,Social Media
U00500,60,Other,Kolkata,Xiaomi,Android,5.9,34.7,280.4,165,3.1,1431,3.8,1.6,1500,Gaming
U00501,32,Male,Hyderabad,Oppo,iOS,8.7,46.0,196.7,144,3.6,2781,0.9,1.7,953,Gaming
U00502,39,Female,Ahmedabad,Nokia,Android,11.1,25.3,116.6,79,1.4,8748,6.1,3.4,1726,Work
U00503,55,Female,Mumbai,Xiaomi,iOS,1.7,29.2,286.8,199,4.8,1413,4.9,1.9,620,Social Media
U00504,18,Male,Pune,Samsung,iOS,2.0,21.4,118.3,195,2.2,8432,1.5,4.4,1158,Social Media
U00505,47,Other,Pune,Xiaomi,iOS,9.9,34.5,52.0,65,5.0,5601,2.9,2.9,219,Education
U00506,57,Other,Pune,Realme,iOS,5.0,22.6,123.6,14,5.7,3600,7.1,1.3,1747,Entertainment
U00507,43,Other,Delhi,Vivo,Android,7.8,43.9,98.6,46,5.2,8911,1.4,1.3,206,Gaming
U00508,52,Male,Kolkata,Vivo,iOS,7.5,2.5,297.4,47,1.7,3932,1.9,0.7,108,Work
U00509,32,Female,Jaipur,Nokia,Android,8.6,39.2,228.2,37,3.4,6050,6.3,3.0,866,Entertainment
U00510,50,Male,Hyderabad,Oppo,iOS,7.1,26.6,114.7,84,5.8,2330,2.9,3.3,1476,Education
U00511,18,Male,Pune,Google Pixel,iOS,6.9,19.4,113.4,159,3.8,2399,4.9,2.2,912,Education
U00512,58,Other,Hyderabad,OnePlus,Android,11.3,43.6,217.3,191,5.5,916,5.6,2.3,1066,Education
U00513,17,Male,Pune,OnePlus,Android,1.2,36.5,235.3,19,4.3,157,3.5,2.4,466,Entertainment
U00514,29,Female,Ahmedabad,Nokia,iOS,2.1,40.3,265.6,104,3.6,8464,3.1,2.5,1061,Entertainment
U00515,17,Male,Jaipur,Samsung,Android,11.7,28.2,59.9,155,1.6,5046,7.3,1.5,634,Work
U00516,60,Male,Ahmedabad,Vivo,iOS,1.3,28.3,175.2,174,1.7,9817,0.7,0.2,956,Education
U00517,53,Male,Delhi,Oppo,Android,10.9,22.7,30.8,196,2.1,223,5.1,1.9,994,Social Media
U00518,31,Other,Chennai,Xiaomi,iOS,2.9,26.0,121.8,179,2.1,5628,4.8,1.2,1163,Work
U00519,36,Female,Pune,Nokia,iOS,5.0,45.0,242.9,136,1.0,1087,6.3,4.1,1721,Work
U00520,38,Female,Bangalore,Motorola,Android,6.3,22.9,106.2,184,2.8,7458,2.3,1.2,1993,Social Media
U00521,23,Male,Bangalore,Vivo,Android,9.6,7.8,215.5,162,1.5,4889,5.5,2.4,1850,Work
U00522,20,Male,Kolkata,Oppo,Android,8.6,19.7,166.8,23,1.9,7714,1.2,2.1,388,Social Media
U00523,49,Other,Delhi,Realme,iOS,4.1,46.5,65.6,178,1.1,7339,4.8,4.4,573,Social Media
U00524,50,Male,Kolkata,Google Pixel,iOS,9.3,47.2,226.1,51,4.1,9106,5.3,0.3,385,Gaming
U00525,41,Male,Ahmedabad,Motorola,iOS,9.7,14.0,166.7,173,5.5,1204,4.9,3.0,1268,Gaming
U00526,43,Other,Chennai,Motorola,Android,10.6,6.6,286.4,13,3.5,3291,3.4,3.2,1030,Work
U00527,15,Other,Delhi,OnePlus,iOS,11.8,37.8,176.1,10,4.6,4886,4.5,4.0,1298,Social Media
U00528,15,Female,Pune,Nokia,Android,11.6,30.5,82.4,38,0.7,2083,2.0,1.4,1969,Education
U00529,18,Other,Jaipur,Apple,iOS,3.4,34.7,166.7,123,4.8,3933,3.1,3.2,292,Entertainment
U00530,57,Female,Hyderabad,Apple,Android,7.4,6.1,121.0,198,4.6,2980,6.4,1.1,796,Work
U00531,19,Female,Ahmedabad,Vivo,Android,2.6,11.2,231.9,121,3.1,2408,5.3,4.4,479,Work
U00532,37,Other,Mumbai,Xiaomi,Android,1.9,34.6,105.6,100,4.1,3822,4.9,0.7,601,Entertainment
U00533,28,Female,Hyderabad,Oppo,iOS,6.7,42.3,277.0,140,1.6,7891,2.7,3.4,482,Work
U00534,28,Other,Chennai,Motorola,Android,7.9,23.3,66.2,134,0.7,8992,1.5,1.9,755,Gaming
U00535,34,Male,Hyderabad,Xiaomi,iOS,4.3,36.0,67.8,37,3.7,830,7.2,0.5,277,Entertainment
U00536,41,Female,Chennai,OnePlus,Android,2.0,14.2,283.3,132,5.8,2168,5.5,5.0,1735,Entertainment
U00537,54,Female,Bangalore,Oppo,Android,7.1,11.4,16.9,198,5.5,2112,4.0,0.9,1047,Education
U00538,17,Female,Delhi,Apple,iOS,2.9,34.6,118.2,155,2.5,3928,7.3,1.0,788,Social Media
U00539,18,Female,Kolkata,Google Pixel,Android,3.2,41.1,64.8,154,4.0,5834,3.1,1.1,467,Social Media
U00540,26,Female,Delhi,Nokia,Android,11.6,27.0,138.8,66,0.5,6429,5.2,4.0,622,Social Media
U00541,40,Male,Mumbai,Apple,Android,10.1,17.6,32.7,188,4.1,1672,3.9,4.7,988,Education
U00542,48,Other,Pune,Vivo,iOS,4.8,13.7,184.6,127,1.0,3945,7.1,2.4,1234,Gaming
U00543,60,Other,Chennai,Realme,iOS,10.2,17.6,237.1,136,4.6,9842,6.1,2.3,1358,Entertainment
U00544,26,Male,Jaipur,Xiaomi,Android,11.5,28.2,31.4,49,1.2,9052,5.1,2.8,1087,Entertainment
U00545,20,Other,Delhi,Oppo,iOS,8.7,16.3,238.9,164,3.4,9468,8.0,1.2,776,Gaming
U00546,44,Other,Pune,Motorola,iOS,1.0,15.6,184.6,142,1.7,2004,7.2,1.4,770,Social Media
U00547,56,Male,Ahmedabad,OnePlus,Android,7.2,39.1,92.5,45,2.1,7871,1.9,1.2,188,Education
U00548,44,Male,Ahmedabad,Xiaomi,iOS,3.9,50.0,59.9,16,2.4,2919,3.2,1.4,1465,Entertainment
U00549,44,Male,Lucknow,OnePlus,Android,7.8,2.6,219.3,159,1.7,1356,1.1,3.4,1265,Education
U00550,31,Male,Bangalore,Realme,Android,8.3,37.2,20.1,14,1.7,4912,4.7,4.1,288,Gaming
U00551,25,Other,Kolkata,OnePlus,iOS,1.8,31.0,192.4,41,2.3,8874,1.5,2.3,742,Gaming
U00552,28,Female,Mumbai,Xiaomi,iOS,6.9,37.8,139.4,129,6.0,4585,6.9,5.0,1654,Entertainment
U00553,16,Male,Bangalore,Xiaomi,iOS,8.9,9.4,84.0,161,2.9,1439,1.2,3.8,1348,Entertainment
U00554,54,Male,Jaipur,Motorola,Android,10.6,7.8,235.8,43,3.0,4052,5.2,4.6,1026,Work
U00555,23,Male,Ahmedabad,OnePlus,Android,4.0,14.5,220.4,163,5.1,7160,3.6,4.4,406,Entertainment
U00556,17,Male,Delhi,Xiaomi,Android,4.9,5.8,290.2,60,1.8,8701,4.7,1.0,1047,Social Media
U00557,46,Other,Pune,Google Pixel,iOS,2.3,45.8,176.4,42,0.7,9715,5.2,1.4,1731,Gaming
U00558,45,Other,Kolkata,Motorola,Android,8.2,18.5,210.8,132,4.4,7666,5.0,4.6,465,Work
U00559,33,Female,Hyderabad,Oppo,iOS,6.5,2.0,164.2,125,3.9,4491,0.6,3.0,1524,Gaming
U00560,32,Female,Lucknow,Apple,iOS,2.5,33.5,249.3,71,3.1,2776,6.9,1.1,254,Work
U00561,44,Female,Hyderabad,Realme,Android,8.7,25.7,161.6,90,2.7,8409,5.9,3.9,995,Work
U00562,48,Male,Kolkata,Google Pixel,iOS,8.3,46.1,228.1,53,5.1,7165,6.7,1.3,440,Work
U00563,49,Male,Chennai,Motorola,iOS,9.8,13.4,279.0,41,1.0,779,6.4,3.2,1578,Entertainment
U00564,30,Other,Delhi,Google Pixel,iOS,4.2,39.4,245.9,182,4.8,3158,3.7,3.9,337,Education
U00565,42,Other,Pune,Realme,Android,5.7,36.2,157.7,67,2.6,1587,4.2,5.0,451,Education
U00566,24,Female,Chennai,Google Pixel,Android,2.2,4.7,142.2,55,2.0,749,2.2,3.0,1115,Entertainment
U00567,56,Female,Mumbai,Nokia,Android,4.4,4.1,238.8,44,1.9,9670,6.0,4.8,222,Social Media
U00568,55,Other,Ahmedabad,Realme,Android,7.1,7.9,289.8,21,2.9,1557,3.2,2.9,1804,Work
U00569,57,Male,Pune,Motorola,Android,9.1,48.7,154.1,111,4.2,5269,5.3,4.0,1551,Gaming
U00570,26,Other,Delhi,OnePlus,Android,3.6,7.6,189.7,33,4.9,9529,6.7,0.1,252,Work
U00571,21,Female,Kolkata,Samsung,iOS,11.3,37.4,150.9,20,4.1,8841,4.7,1.3,1715,Education
U00572,37,Female,Chennai,Realme,Android,5.8,37.2,231.1,167,3.0,5057,2.5,0.1,507,Social Media
U00573,19,Other,Kolkata,Oppo,iOS,7.8,23.6,175.8,184,2.5,7388,5.0,0.7,845,Education
U00574,47,Other,Jaipur,Motorola,Android,1.3,14.4,210.0,12,2.5,6467,1.6,4.6,1007,Work
U00575,24,Other,Ahmedabad,Oppo,iOS,4.4,18.7,84.5,179,5.9,272,1.4,1.7,1207,Education
U00576,19,Other,Kolkata,Oppo,Android,2.9,17.1,222.0,145,5.3,5803,1.5,3.5,1377,Gaming
U00577,33,Female,Bangalore,Nokia,Android,9.6,30.9,61.7,100,3.1,5328,7.6,1.4,385,Social Media
U00578,28,Other,Bangalore,Realme,Android,11.8,19.6,26.2,170,4.6,6522,6.7,4.4,1108,Education
U00579,57,Male,Jaipur,Apple,iOS,8.8,15.2,94.6,33,2.9,9241,6.4,4.4,1817,Work
U00580,33,Male,Delhi,Realme,iOS,9.3,14.3,228.8,157,3.7,7741,6.0,0.1,125,Education
U00581,52,Male,Jaipur,Vivo,Android,7.1,37.5,164.6,135,3.7,6164,7.1,1.2,326,Work
U00582,58,Female,Hyderabad,Vivo,Android,2.1,8.5,98.6,65,6.0,1196,1.6,4.9,124,Gaming
U00583,35,Other,Bangalore,Google Pixel,Android,10.2,11.0,119.5,131,6.0,892,3.7,3.8,506,Gaming
U00584,52,Female,Ahmedabad,Vivo,iOS,1.6,28.0,129.6,42,4.0,5217,5.8,2.9,1542,Education
U00585,56,Female,Jaipur,Oppo,Android,5.5,48.5,254.6,113,2.1,6598,3.6,1.2,1943,Gaming
U00586,28,Other,Chennai,Apple,iOS,10.3,30.8,124.0,147,0.7,8405,1.0,2.6,728,Gaming
U00587,43,Other,Delhi,Apple,iOS,4.7,4.8,278.9,73,2.1,6123,3.5,2.5,1518,Work
U00588,19,Female,Chennai,Samsung,iOS,5.7,29.3,92.3,123,5.0,4371,7.5,0.9,799,Social Media
U00589,42,Female,Delhi,Google Pixel,Android,4.8,24.1,285.2,101,5.2,6670,1.5,2.1,1495,Gaming
U00590,31,Female,Bangalore,Xiaomi,iOS,2.3,11.3,213.4,38,6.0,1530,2.2,1.0,1122,Work
U00591,59,Male,Delhi,Motorola,iOS,11.6,41.0,278.4,103,5.2,7935,5.8,0.2,800,Entertainment
U00592,44,Female,Bangalore,Nokia,iOS,11.8,17.0,108.0,86,1.5,5974,4.1,4.1,1289,Entertainment
U00593,15,Other,Hyderabad,Apple,iOS,10.8,16.6,108.3,136,5.1,745,4.0,4.4,1986,Work
U00594,36,Other,Bangalore,Nokia,Android,8.9,34.3,286.9,14,0.7,8888,5.1,3.5,1026,Gaming
U00595,54,Female,Hyderabad,Samsung,iOS,7.4,46.1,148.6,82,0.8,7460,6.8,4.3,1904,Gaming
U00596,37,Other,Bangalore,Nokia,iOS,9.8,42.4,270.9,22,2.8,6891,4.3,0.2,490,Entertainment
U00597,56,Other,Lucknow,Realme,Android,10.6,6.0,57.2,117,3.5,3041,7.0,3.8,1257,Gaming
U00598,21,Male,Jaipur,Apple,iOS,7.5,9.8,137.4,36,2.2,2150,1.4,4.9,865,Social Media
U00599,27,Other,Jaipur,Samsung,iOS,2.0,30.4,170.5,40,4.1,5721,0.9,4.7,1265,Gaming
U00600,53,Female,Bangalore,Xiaomi,Android,3.5,42.7,29.3,64,3.7,868,6.4,3.3,1241,Social Media
U00601,29,Other,Bangalore,Oppo,Android,9.0,40.9,285.9,128,5.2,2011,1.8,1.9,350,Work
U00602,25,Female,Hyderabad,Apple,Android,11.7,43.3,207.1,75,1.3,6700,4.0,0.1,1785,Education
U00603,56,Other,Mumbai,Xiaomi,Android,8.9,25.6,44.7,95,4.4,9059,3.9,2.3,1506,Work
U00604,42,Male,Chennai,Samsung,iOS,3.1,33.3,246.1,73,1.0,1388,4.4,1.5,923,Social Media
U00605,52,Male,Ahmedabad,Nokia,iOS,10.5,36.8,183.2,121,2.6,1249,5.7,2.8,1547,Work
U00606,20,Male,Jaipur,Oppo,iOS,6.9,14.2,108.3,56,3.9,160,4.3,3.6,997,Work
U00607,42,Female,Mumbai,Samsung,Android,6.1,33.1,192.7,26,5.4,1838,6.9,0.0,702,Entertainment
U00608,30,Female,Mumbai,Vivo,iOS,7.6,49.9,156.2,12,1.7,9530,1.8,1.2,948,Education
U00609,56,Other,Mumbai,Xiaomi,Android,9.2,9.6,36.7,93,3.7,8156,4.8,2.0,1769,Social Media
U00610,32,Other,Delhi,Oppo,Android,1.2,32.2,258.3,167,3.7,9960,7.9,2.9,1811,Education
U00611,24,Female,Ahmedabad,Samsung,Android,9.4,22.0,103.5,120,5.0,1219,7.9,1.1,766,Education
U00612,57,Male,Delhi,Apple,Android,3.3,47.2,230.3,41,4.3,2225,0.6,3.4,901,Education
U00613,23,Male,Hyderabad,Apple,iOS,9.3,34.5,46.0,106,1.0,6203,3.2,1.8,278,Entertainment
U00614,27,Male,Delhi,Realme,iOS,1.6,22.5,244.2,195,1.1,1987,7.7,0.7,387,Education
U00615,20,Female,Lucknow,Nokia,iOS,11.8,33.1,284.3,170,1.1,9996,6.5,1.0,727,Education
U00616,43,Female,Jaipur,Apple,Android,5.5,24.3,75.9,183,2.5,7721,3.2,0.9,422,Social Media
U00617,49,Other,Mumbai,Oppo,Android,11.8,31.4,134.5,27,2.6,3225,1.7,0.1,1192,Gaming
U00618,22,Female,Chennai,Vivo,Android,10.1,12.9,207.6,64,4.7,6478,2.8,1.3,168,Social Media
U00619,44,Male,Jaipur,OnePlus,iOS,10.4,7.9,215.1,168,3.1,129,7.3,2.1,1714,Gaming
U00620,29,Female,Mumbai,Xiaomi,iOS,9.8,27.8,260.8,22,3.4,9228,5.7,0.8,780,Work
U00621,54,Female,Bangalore,OnePlus,Android,8.8,16.1,133.4,166,2.1,8830,1.6,1.6,963,Entertainment
U00622,24,Female,Jaipur,Apple,iOS,8.2,46.8,136.5,132,3.5,2106,4.3,3.4,700,Education
U00623,15,Female,Bangalore,Oppo,iOS,1.3,31.2,75.4,198,3.0,4172,2.4,3.4,1780,Education
U00624,47,Other,Kolkata,Oppo,iOS,2.5,27.6,121.8,64,3.2,1450,1.2,1.4,1625,Entertainment
U00625,36,Female,Lucknow,Vivo,Android,1.1,22.8,65.5,166,2.1,6116,1.1,2.4,1024,Work
U00626,20,Male,Ahmedabad,Xiaomi,Android,4.5,6.3,192.1,36,2.1,5180,3.1,3.7,240,Education
U00627,29,Male,Hyderabad,Motorola,iOS,7.9,41.4,228.8,36,5.3,751,0.9,1.1,892,Work
U00628,53,Male,Hyderabad,Nokia,Android,3.6,11.8,95.2,79,4.3,8643,4.5,1.1,300,Social Media
U00629,30,Female,Delhi,Motorola,Android,2.0,26.9,290.3,38,4.5,9675,5.8,4.7,1356,Entertainment
U00630,45,Other,Bangalore,Nokia,iOS,10.2,34.1,175.0,74,1.1,9930,4.5,0.5,1768,Entertainment
U00631,44,Other,Ahmedabad,Google Pixel,Android,3.5,12.0,109.8,29,4.1,6645,3.6,0.0,139,Work
U00632,39,Other,Hyderabad,Motorola,iOS,1.3,18.7,46.4,24,5.6,8067,5.7,4.7,1557,Gaming
U00633,22,Other,Bangalore,Motorola,Android,1.3,45.9,182.0,20,0.7,6391,4.9,3.2,1235,Social Media
U00634,25,Male,Kolkata,Apple,iOS,10.5,28.1,221.4,115,5.3,8160,4.6,4.0,716,Work
U00635,46,Male,Delhi,Realme,iOS,9.1,33.2,247.2,102,5.0,3534,7.5,0.4,1773,Work
U00636,16,Male,Kolkata,Realme,iOS,6.2,23.1,267.9,86,2.5,8078,3.9,0.7,1535,Social Media
U00637,31,Female,Hyderabad,Xiaomi,Android,1.9,30.1,137.3,191,4.5,1335,6.0,4.7,213,Social Media
U00638,26,Other,Lucknow,Apple,iOS,10.5,4.2,249.0,189,1.6,6107,1.3,1.0,953,Entertainment
U00639,37,Other,Ahmedabad,Motorola,Android,8.5,35.2,236.9,140,2.9,7286,2.6,0.9,327,Work
U00640,29,Female,Jaipur,Apple,iOS,11.6,8.5,295.4,118,0.7,3305,7.2,3.4,614,Gaming
U00641,15,Other,Delhi,Oppo,Android,7.6,34.9,91.2,11,2.8,8061,6.6,3.5,156,Work
U00642,57,Male,Kolkata,Realme,iOS,7.2,7.2,111.0,62,5.2,6233,3.2,4.2,202,Education
U00643,18,Other,Delhi,Nokia,iOS,5.0,32.0,201.5,27,4.5,697,4.7,2.6,1786,Gaming
U00644,36,Other,Jaipur,Oppo,Android,7.9,10.8,46.1,96,1.7,8147,6.4,1.2,876,Gaming
U00645,43,Male,Lucknow,Vivo,Android,3.6,5.1,216.7,172,1.9,9361,6.3,3.2,1722,Social Media
U00646,58,Other,Ahmedabad,Vivo,Android,2.3,9.2,223.6,199,3.4,2280,3.4,0.5,1094,Education
U00647,28,Male,Kolkata,Motorola,Android,8.9,13.2,252.6,170,3.5,5280,5.8,4.5,344,Work
U00648,24,Male,Ahmedabad,Samsung,iOS,4.2,12.7,296.7,125,2.9,9602,1.6,1.4,464,Education
U00649,37,Other,Kolkata,Motorola,Android,5.8,14.0,140.9,91,6.0,9592,1.1,4.4,727,Education
U00650,56,Female,Chennai,Google Pixel,Android,1.2,37.5,163.1,38,4.1,2778,5.1,1.8,817,Social Media
U00651,29,Other,Pune,Oppo,iOS,3.5,9.3,192.4,24,4.4,2955,2.1,0.7,143,Work
U00652,57,Other,Mumbai,Oppo,Android,7.3,22.9,175.0,87,2.9,1443,4.3,2.0,1547,Social Media
U00653,44,Male,Delhi,Google Pixel,Android,4.7,17.6,84.9,78,4.1,2259,3.0,3.3,1629,Gaming
U00654,52,Female,Lucknow,Nokia,Android,5.6,31.8,201.2,147,1.2,2916,7.4,2.8,1083,Work
U00655,20,Male,Ahmedabad,Motorola,Android,6.3,10.4,37.8,93,0.8,7597,1.9,3.0,834,Entertainment
U00656,50,Female,Mumbai,Google Pixel,iOS,9.4,47.4,35.1,113,2.9,3897,4.0,4.3,1389,Social Media
U00657,46,Female,Hyderabad,Motorola,Android,5.2,22.6,38.7,94,4.7,829,5.8,0.6,473,Social Media
U00658,56,Other,Bangalore,Samsung,Android,6.8,3.1,241.4,21,5.8,1014,7.6,4.9,1439,Education
U00659,39,Male,Jaipur,Vivo,Android,4.0,3.9,131.7,150,3.9,7356,3.9,4.5,1490,Education
U00660,37,Female,Mumbai,Oppo,iOS,8.0,17.1,33.4,166,5.7,3935,3.9,1.4,492,Work
U00661,31,Female,Jaipur,Oppo,Android,1.1,22.8,102.4,18,4.6,7450,6.8,1.9,1734,Gaming
U00662,45,Male,Pune,Oppo,Android,4.9,33.6,185.6,89,3.3,2000,4.4,4.6,983,Education
U00663,29,Male,Ahmedabad,Nokia,Android,3.2,49.0,55.4,27,4.5,196,7.3,2.8,1125,Education
U00664,30,Female,Pune,Realme,Android,4.9,20.6,250.5,38,2.9,1805,0.8,4.3,1870,Education
U00665,37,Male,Ahmedabad,Vivo,iOS,3.3,40.2,107.0,64,4.2,5755,3.1,4.3,1231,Gaming
U00666,53,Male,Chennai,Apple,iOS,4.7,40.6,217.1,57,3.0,5738,2.9,4.6,1653,Entertainment
U00667,53,Female,Kolkata,Samsung,iOS,9.3,24.6,7.1,105,5.3,7792,7.0,3.6,204,Gaming
U00668,30,Female,Chennai,Vivo,Android,4.4,13.4,137.2,85,5.5,3018,2.2,4.8,1628,Gaming
U00669,30,Male,Mumbai,OnePlus,iOS,7.7,13.2,250.0,134,1.6,7801,7.2,2.8,1432,Social Media
U00670,56,Male,Mumbai,Nokia,Android,3.9,45.3,298.4,184,1.2,7588,5.4,4.6,422,Work
U00671,23,Female,Chennai,Oppo,Android,6.0,6.6,275.8,96,5.4,2557,2.0,3.4,665,Education
U00672,52,Male,Bangalore,Google Pixel,iOS,9.1,47.2,259.5,78,3.8,1019,5.1,4.3,1511,Gaming
U00673,44,Other,Jaipur,Vivo,Android,11.7,43.7,101.3,135,5.5,250,6.1,1.2,838,Work
U00674,18,Other,Jaipur,Vivo,iOS,3.3,20.8,180.7,88,3.3,4480,7.3,3.2,1887,Entertainment
U00675,31,Other,Mumbai,Apple,iOS,11.1,10.3,123.2,87,3.3,597,3.8,0.2,1388,Work
U00676,20,Other,Jaipur,Motorola,iOS,5.4,46.9,261.4,43,4.9,894,4.2,4.1,299,Gaming
U00677,31,Female,Kolkata,Motorola,iOS,5.3,10.3,98.6,74,2.7,5356,7.7,0.7,1115,Gaming
U00678,36,Other,Bangalore,Oppo,iOS,9.5,11.5,71.6,161,1.5,9992,6.5,2.3,532,Work
U00679,50,Female,Bangalore,Samsung,Android,11.7,32.1,7.5,162,5.2,1642,5.6,2.6,783,Entertainment
U00680,38,Female,Mumbai,Realme,iOS,9.1,20.2,162.1,65,1.7,4614,5.9,4.3,670,Gaming
U00681,36,Male,Chennai,Xiaomi,iOS,7.7,16.0,79.7,38,4.0,8584,5.3,0.0,685,Work
U00682,46,Other,Lucknow,Realme,Android,9.2,30.3,67.2,100,5.9,8131,4.4,1.2,118,Gaming
U00683,22,Female,Bangalore,Xiaomi,Android,4.2,27.9,94.0,133,5.5,8690,7.7,3.8,1690,Education
U00684,15,Female,Pune,Motorola,Android,4.2,21.0,239.0,39,1.4,1121,2.3,2.7,1247,Social Media
U00685,59,Other,Mumbai,Samsung,Android,3.1,22.6,242.2,26,4.6,5715,6.9,1.7,1007,Work
U00686,40,Male,Chennai,Samsung,Android,7.2,42.8,254.1,167,5.5,198,2.6,3.0,129,Social Media
U00687,49,Other,Chennai,Motorola,iOS,10.2,20.6,126.6,92,2.6,8250,3.0,3.9,1620,Social Media
U00688,55,Male,Lucknow,Motorola,Android,6.0,9.9,107.5,179,1.4,519,7.2,4.2,209,Entertainment
U00689,24,Male,Kolkata,Xiaomi,iOS,12.0,48.8,55.5,183,3.0,6811,1.7,1.1,648,Entertainment
U00690,60,Female,Jaipur,Motorola,Android,7.0,2.0,24.5,39,4.9,1694,7.7,1.7,513,Gaming
U00691,40,Male,Bangalore,Oppo,iOS,11.8,40.6,49.7,36,2.4,2918,1.3,2.6,533,Entertainment
U00692,36,Male,Jaipur,Apple,iOS,9.3,2.9,37.6,163,1.2,5610,5.5,0.7,594,Gaming
U00693,37,Male,Lucknow,Motorola,Android,8.5,34.8,244.4,56,4.6,7026,6.6,1.7,654,Social Media
U00694,37,Male,Hyderabad,Vivo,iOS,6.2,18.6,97.6,72,4.3,9819,1.8,4.4,1462,Work
U00695,48,Female,Ahmedabad,Motorola,Android,2.3,22.1,135.8,145,4.5,9126,3.5,0.0,677,Entertainment
U00696,22,Female,Pune,Samsung,Android,3.7,3.1,247.3,170,5.1,6774,2.5,0.2,473,Social Media
U00697,40,Male,Delhi,Samsung,Android,5.0,42.2,165.5,121,2.4,3959,1.1,2.1,1312,Work
U00698,53,Female,Mumbai,Xiaomi,Android,8.5,33.4,136.2,71,3.2,1187,4.9,1.8,1303,Gaming
U00699,18,Other,Bangalore,Motorola,iOS,3.7,17.4,51.3,37,3.0,7110,5.7,3.1,905,Gaming
U00700,24,Other,Kolkata,Motorola,Android,1.4,14.6,188.0,185,3.1,1675,7.5,0.5,573,Entertainment
U00701,18,Female,Pune,Realme,iOS,11.2,49.4,89.9,46,4.8,6509,5.8,2.1,556,Social Media
U00702,20,Female,Bangalore,Nokia,Android,9.7,4.8,6.1,42,5.7,5831,6.3,1.9,1592,Education
U00703,16,Male,Hyderabad,Motorola,Android,10.4,16.0,190.3,11,3.2,9174,0.5,4.0,596,Entertainment
U00704,43,Other,Hyderabad,Apple,iOS,11.7,2.5,13.0,39,2.2,4577,3.9,1.0,746,Social Media
U00705,23,Other,Bangalore,Google Pixel,iOS,11.2,22.2,144.6,174,5.5,7485,5.7,0.3,680,Social Media
U00706,49,Female,Kolkata,Motorola,Android,7.8,12.6,60.6,37,5.8,699,1.0,0.9,794,Work
U00707,16,Other,Hyderabad,OnePlus,iOS,7.2,43.2,255.1,183,4.9,9627,5.5,2.6,139,Gaming
U00708,41,Female,Jaipur,OnePlus,Android,9.6,15.9,110.4,153,1.9,8623,2.1,3.0,1370,Entertainment
U00709,24,Male,Pune,Xiaomi,iOS,9.0,46.3,256.5,62,2.2,3381,1.4,4.1,1478,Social Media
U00710,57,Male,Kolkata,Xiaomi,iOS,5.0,34.5,67.5,187,2.2,2882,1.3,0.9,568,Education
U00711,39,Female,Chennai,Nokia,Android,9.7,42.4,58.7,95,5.7,3086,4.5,1.2,1393,Entertainment
U00712,57,Other,Bangalore,Motorola,Android,3.3,25.1,91.3,109,1.4,5664,5.2,2.7,967,Education
U00713,48,Male,Kolkata,Apple,Android,4.4,12.3,276.9,124,2.0,7493,5.9,1.6,1963,Work
U00714,42,Female,Lucknow,Motorola,iOS,8.2,3.3,142.1,183,1.4,9502,2.6,1.1,1366,Entertainment
U00715,19,Male,Bangalore,OnePlus,iOS,3.9,22.8,38.2,172,1.0,1176,2.7,2.2,1922,Gaming
U00716,16,Female,Pune,Xiaomi,Android,10.4,12.1,23.8,168,0.9,6999,7.9,0.9,306,Entertainment
U00717,47,Female,Hyderabad,Apple,iOS,1.1,8.5,87.3,176,2.4,4713,5.0,2.6,1527,Entertainment
U00718,37,Male,Lucknow,Motorola,iOS,1.8,33.3,100.1,122,4.5,3505,1.3,2.2,1305,Gaming
U00719,32,Other,Mumbai,Google Pixel,Android,8.9,17.4,207.6,118,1.2,433,6.9,3.7,1600,Work
U00720,35,Other,Mumbai,Apple,iOS,8.8,20.9,6.0,198,2.8,1447,4.4,1.4,1186,Social Media
U00721,18,Other,Chennai,OnePlus,Android,4.7,26.8,165.5,166,3.2,4926,4.9,0.7,1345,Work
U00722,58,Female,Lucknow,Xiaomi,iOS,5.8,41.5,110.4,185,5.2,484,6.1,4.6,203,Entertainment
U00723,41,Female,Delhi,Nokia,Android,6.0,8.7,115.6,103,5.8,6298,2.3,4.5,1792,Social Media
U00724,23,Other,Kolkata,Motorola,Android,7.2,15.4,294.0,127,2.9,2145,5.3,1.0,113,Education
U00725,28,Female,Chennai,Nokia,iOS,2.5,17.5,21.1,140,1.7,5386,5.5,3.7,192,Education
U00726,39,Female,Kolkata,Realme,iOS,7.1,3.6,185.3,104,3.4,204,2.1,4.3,999,Work
U00727,45,Male,Bangalore,Realme,iOS,7.4,24.8,205.1,169,4.7,2435,3.9,1.2,1662,Work
U00728,43,Female,Ahmedabad,Oppo,iOS,3.4,48.6,14.8,93,1.0,1318,6.8,2.9,854,Social Media
U00729,37,Female,Jaipur,Realme,iOS,10.0,34.5,34.6,38,1.3,9990,6.5,2.2,267,Education
U00730,18,Other,Lucknow,OnePlus,Android,8.8,13.1,113.9,53,5.4,4433,1.5,2.1,1786,Work
U00731,52,Male,Kolkata,Samsung,iOS,5.2,36.4,245.1,143,0.6,2986,7.1,3.8,1639,Social Media
U00732,17,Other,Hyderabad,Apple,Android,7.6,8.2,220.7,13,1.7,5716,5.5,0.2,864,Social Media
U00733,52,Male,Bangalore,Samsung,iOS,2.8,35.1,146.5,125,5.3,2633,0.9,2.2,1854,Entertainment
U00734,16,Female,Jaipur,Realme,iOS,2.5,1.8,140.4,17,4.1,5482,5.0,2.1,1900,Entertainment
U00735,35,Female,Jaipur,Samsung,Android,12.0,3.1,48.3,14,2.3,5294,3.7,2.3,1284,Social Media
U00736,48,Other,Jaipur,Google Pixel,iOS,5.0,16.8,187.2,23,1.0,5720,6.0,2.0,1310,Entertainment
U00737,56,Other,Chennai,Apple,Android,4.2,24.8,69.6,36,0.7,1769,7.2,1.9,1202,Social Media
U00738,16,Male,Pune,Realme,iOS,2.3,27.1,240.0,147,6.0,8277,7.7,1.5,933,Social Media
U00739,43,Male,Chennai,Realme,iOS,10.1,14.3,31.6,119,5.8,7753,6.4,2.9,608,Education
U00740,34,Male,Lucknow,Apple,iOS,2.4,29.8,204.2,102,5.6,707,4.4,0.4,1624,Entertainment
U00741,17,Female,Kolkata,Xiaomi,iOS,9.3,41.9,185.3,26,5.5,2882,6.0,4.9,482,Social Media
U00742,40,Female,Jaipur,Xiaomi,iOS,6.0,34.0,107.3,138,1.4,3634,1.8,2.2,768,Work
U00743,23,Other,Hyderabad,Samsung,iOS,5.8,34.9,254.0,24,4.5,4759,7.4,1.1,925,Work
U00744,22,Female,Bangalore,Motorola,iOS,6.5,45.1,173.9,32,4.6,6494,6.7,1.5,584,Work
U00745,58,Other,Bangalore,Apple,iOS,8.8,31.1,204.1,95,4.3,2107,3.6,2.6,416,Social Media
U00746,47,Female,Lucknow,Motorola,Android,8.2,3.8,282.8,95,3.6,9068,7.2,2.6,1969,Work
U00747,35,Other,Kolkata,Motorola,Android,12.0,10.9,33.0,140,4.6,3785,3.6,1.6,1862,Gaming
U00748,60,Female,Kolkata,Google Pixel,iOS,11.1,23.4,152.2,59,5.0,2864,0.8,1.4,1388,Social Media
U00749,16,Female,Pune,Vivo,Android,9.5,22.8,294.9,89,4.8,3120,3.6,1.9,1731,Entertainment
U00750,51,Female,Ahmedabad,OnePlus,Android,8.3,36.6,262.0,31,3.1,5221,6.9,1.7,1618,Gaming
U00751,46,Male,Lucknow,Google Pixel,iOS,7.3,45.4,211.0,169,4.6,7502,2.5,3.9,957,Social Media
U00752,43,Other,Jaipur,OnePlus,Android,9.8,20.0,281.4,190,0.5,3707,2.1,0.3,181,Work
U00753,21,Male,Bangalore,Samsung,Android,8.0,7.0,274.7,143,3.7,4329,2.9,4.0,566,Gaming
U00754,41,Male,Kolkata,Motorola,Android,5.4,38.4,58.3,149,2.8,2223,6.4,1.3,773,Entertainment
U00755,30,Female,Lucknow,Samsung,iOS,5.1,44.4,232.4,108,4.4,6894,2.8,1.8,1409,Gaming
U00756,57,Other,Ahmedabad,Google Pixel,iOS,7.6,49.9,126.1,186,3.9,5733,1.8,0.5,1654,Entertainment
U00757,35,Male,Jaipur,Xiaomi,Android,8.1,7.7,144.4,133,5.2,624,3.2,2.7,1707,Gaming
U00758,52,Other,Pune,Xiaomi,Android,9.9,14.1,195.4,166,5.0,806,6.1,1.9,987,Social Media
U00759,46,Male,Bangalore,Oppo,Android,8.0,40.0,186.3,124,0.8,1297,7.6,2.9,540,Gaming
U00760,41,Female,Mumbai,Apple,Android,1.8,15.8,129.0,91,3.6,2337,0.8,1.0,845,Work
U00761,21,Female,Hyderabad,Nokia,Android,2.8,44.7,180.1,22,5.8,9957,4.7,0.1,1923,Work
U00762,59,Male,Lucknow,Oppo,Android,6.3,34.7,272.9,151,1.0,3119,1.9,2.3,258,Gaming
U00763,21,Other,Pune,Google Pixel,Android,10.0,10.7,296.9,34,5.5,9470,1.5,1.4,368,Work
U00764,53,Female,Lucknow,Google Pixel,iOS,10.7,32.8,149.2,75,3.5,6509,4.3,3.6,1672,Entertainment
U00765,24,Other,Ahmedabad,Nokia,iOS,3.5,16.2,211.8,167,4.5,653,1.3,1.9,1973,Education
U00766,22,Male,Hyderabad,Xiaomi,iOS,1.3,20.3,34.8,51,5.2,2073,2.6,3.2,1127,Work
U00767,46,Other,Jaipur,Samsung,Android,12.0,8.9,44.2,135,1.4,8085,5.9,4.5,785,Social Media
U00768,51,Other,Lucknow,Motorola,iOS,4.6,29.8,210.8,110,5.0,9046,1.2,0.4,264,Gaming
U00769,43,Other,Hyderabad,Realme,Android,1.9,38.2,242.3,53,5.7,8370,5.8,3.2,1174,Education
U00770,15,Other,Mumbai,Apple,iOS,6.6,38.2,54.1,129,1.2,9288,7.0,4.3,1200,Entertainment
U00771,31,Male,Pune,Vivo,Android,4.6,11.8,127.9,120,2.5,5773,7.5,1.6,629,Education
U00772,42,Male,Pune,Xiaomi,Android,10.8,3.1,89.0,123,3.9,677,6.7,3.2,397,Entertainment
U00773,28,Other,Mumbai,Apple,iOS,6.6,35.6,138.9,72,5.8,5473,3.4,3.3,420,Education
U00774,39,Other,Hyderabad,Realme,Android,11.7,46.1,175.7,160,2.2,5950,7.0,2.8,393,Entertainment
U00775,54,Male,Kolkata,Oppo,iOS,9.9,2.0,135.7,91,0.9,1187,3.5,3.3,934,Work
U00776,38,Female,Bangalore,Oppo,iOS,4.5,15.7,82.1,90,4.9,6391,5.8,3.4,1503,Social Media
U00777,23,Male,Mumbai,Oppo,iOS,11.5,48.5,144.8,28,4.2,3309,7.2,0.0,666,Social Media
U00778,50,Female,Kolkata,Realme,Android,7.5,13.3,103.7,45,1.8,3454,2.7,0.6,1890,Education
U00779,30,Female,Pune,Nokia,Android,9.3,38.8,49.7,171,5.7,5885,5.6,3.6,448,Work
U00780,30,Other,Jaipur,Realme,iOS,11.5,31.8,79.0,95,3.4,5524,5.0,2.5,1870,Gaming
U00781,55,Female,Jaipur,Motorola,iOS,5.9,21.2,180.5,98,2.0,7191,3.5,4.4,1306,Work
U00782,31,Male,Kolkata,Nokia,Android,5.5,10.4,285.3,160,0.6,5656,7.9,1.3,1140,Education
U00783,53,Male,Chennai,Vivo,iOS,5.8,36.6,246.5,189,4.7,8596,5.7,0.3,545,Work
U00784,42,Female,Pune,Google Pixel,iOS,10.0,47.9,264.7,69,3.2,5503,3.8,1.1,980,Work
U00785,34,Other,Pune,Realme,Android,2.4,9.7,103.2,119,5.1,6591,2.7,1.8,1782,Work
U00786,44,Female,Pune,Motorola,iOS,2.1,27.6,289.0,65,2.9,7310,3.2,4.1,1181,Social Media
U00787,52,Male,Delhi,Samsung,Android,10.1,41.6,63.0,108,3.5,426,4.9,3.9,255,Entertainment
U00788,19,Female,Kolkata,Nokia,iOS,4.0,11.1,11.1,50,5.1,9183,5.0,3.8,1306,Entertainment
U00789,32,Male,Bangalore,Xiaomi,iOS,5.6,7.2,176.8,62,5.1,5912,6.6,4.5,1307,Entertainment
U00790,47,Female,Jaipur,OnePlus,iOS,10.4,17.3,158.0,132,1.4,6952,3.8,1.8,1111,Entertainment
U00791,23,Female,Hyderabad,Nokia,iOS,9.0,37.7,107.8,117,2.2,5685,2.3,1.6,1301,Gaming
U00792,31,Male,Chennai,OnePlus,Android,8.5,6.0,227.8,150,4.4,8243,5.4,1.2,709,Entertainment
U00793,53,Female,Hyderabad,Oppo,Android,11.9,25.2,225.0,133,3.5,7042,0.6,0.9,466,Social Media
U00794,19,Other,Jaipur,Nokia,Android,10.6,19.0,296.4,61,4.9,7981,3.7,3.9,1295,Social Media
U00795,53,Other,Chennai,Google Pixel,iOS,11.3,8.9,71.7,33,1.6,1652,7.9,4.3,888,Work
U00796,56,Other,Bangalore,Oppo,Android,9.6,32.2,24.8,19,1.0,4659,7.1,0.1,916,Work
U00797,22,Other,Chennai,Nokia,Android,1.1,26.5,146.3,183,3.5,7866,2.5,4.2,1656,Entertainment
U00798,22,Male,Mumbai,Xiaomi,Android,6.0,9.8,294.9,100,0.8,7561,5.4,3.4,111,Social Media
U00799,46,Male,Lucknow,Google Pixel,iOS,11.9,37.3,285.9,122,1.5,6613,2.0,0.9,313,Work
U00800,53,Male,Jaipur,Oppo,iOS,2.6,34.8,102.2,161,3.4,673,4.0,3.2,912,Social Media
U00801,52,Male,Delhi,Xiaomi,iOS,8.0,49.1,81.3,181,5.5,2021,2.7,1.4,281,Gaming
U00802,47,Male,Kolkata,Xiaomi,Android,2.0,21.4,7.8,76,3.8,6246,5.6,3.0,1637,Education
U00803,59,Other,Lucknow,Xiaomi,iOS,8.7,16.4,8.0,98,2.1,9491,3.1,4.3,618,Work
U00804,51,Male,Mumbai,OnePlus,iOS,4.8,16.9,109.7,58,2.5,5165,6.0,4.8,1821,Work
U00805,59,Other,Kolkata,Oppo,Android,4.9,47.6,19.4,149,4.2,6764,1.5,4.8,1542,Social Media
U00806,26,Female,Mumbai,OnePlus,Android,11.6,28.0,227.0,87,5.6,1895,1.9,2.8,600,Gaming
U00807,22,Other,Delhi,Google Pixel,Android,2.0,35.6,69.6,39,3.6,9796,7.1,4.7,864,Gaming
U00808,50,Female,Jaipur,Apple,iOS,10.2,11.4,27.4,87,1.1,5261,2.5,0.0,261,Education
U00809,48,Male,Ahmedabad,Vivo,Android,10.4,39.1,157.1,88,0.9,4065,3.1,3.7,1869,Entertainment
U00810,54,Female,Hyderabad,Google Pixel,Android,7.9,34.5,11.7,27,3.9,5175,7.4,3.7,293,Entertainment
U00811,47,Male,Hyderabad,Realme,iOS,7.7,43.5,52.7,98,5.3,3900,3.2,1.1,1167,Gaming
U00812,21,Other,Kolkata,Vivo,Android,7.8,27.1,140.2,135,2.0,7330,3.6,4.9,798,Gaming
U00813,46,Female,Jaipur,OnePlus,iOS,6.0,28.4,137.2,11,5.0,2150,1.0,4.4,975,Entertainment
U00814,54,Other,Hyderabad,Oppo,iOS,8.7,3.0,13.5,34,5.4,8115,3.0,4.0,1341,Social Media
U00815,35,Female,Jaipur,Apple,Android,8.9,4.3,65.1,126,0.8,3106,5.7,4.6,431,Entertainment
U00816,60,Other,Ahmedabad,Nokia,Android,1.3,19.6,156.5,87,5.3,8958,3.2,1.1,628,Work
U00817,22,Female,Bangalore,Realme,Android,6.6,48.1,235.8,57,4.5,4542,4.2,1.5,1204,Education
U00818,23,Other,Chennai,Apple,iOS,9.8,7.6,223.2,165,1.4,783,4.9,4.8,1171,Social Media
U00819,36,Male,Kolkata,Apple,iOS,1.9,11.0,113.7,180,2.9,4736,0.5,1.5,755,Education
U00820,57,Female,Jaipur,Xiaomi,iOS,2.8,39.2,81.9,83,1.2,4579,6.9,0.3,513,Entertainment
U00821,51,Male,Hyderabad,Apple,iOS,1.0,17.9,10.4,30,2.5,7470,5.4,0.2,1261,Social Media
U00822,24,Other,Ahmedabad,Oppo,Android,5.3,34.2,72.4,147,3.2,3886,3.8,0.3,1365,Entertainment
U00823,47,Male,Jaipur,Samsung,Android,2.0,9.7,48.2,68,4.0,3500,7.7,0.9,1335,Education
U00824,24,Other,Bangalore,Vivo,Android,1.4,1.3,158.4,31,2.9,9438,6.1,1.3,401,Work
U00825,30,Female,Jaipur,Xiaomi,iOS,6.1,25.8,162.8,52,5.7,5946,3.5,3.0,1642,Entertainment
U00826,41,Female,Kolkata,Xiaomi,Android,5.4,10.8,281.7,81,2.1,5542,7.4,1.0,571,Entertainment
U00827,37,Male,Ahmedabad,Nokia,Android,10.3,13.2,156.0,136,4.9,3125,3.5,2.9,1470,Work
U00828,22,Female,Mumbai,Realme,iOS,7.0,10.2,36.4,43,1.3,9364,3.8,0.1,143,Gaming
U00829,50,Other,Lucknow,Xiaomi,iOS,4.1,35.0,252.4,178,4.6,1257,3.5,1.7,1457,Entertainment
U00830,21,Female,Hyderabad,Xiaomi,Android,11.4,46.3,94.7,173,4.4,6690,3.8,4.3,1413,Work
U00831,51,Male,Delhi,Oppo,iOS,3.9,28.1,159.7,20,4.2,4903,1.9,4.9,852,Entertainment
U00832,23,Female,Kolkata,Xiaomi,iOS,5.2,44.1,132.3,149,1.0,3086,2.7,3.5,150,Entertainment
U00833,42,Other,Pune,Realme,iOS,3.0,48.2,267.1,67,2.1,2495,2.5,0.8,922,Education
U00834,24,Other,Pune,Vivo,Android,11.3,17.0,200.8,70,2.7,9925,2.3,4.7,473,Entertainment
U00835,38,Male,Hyderabad,Realme,Android,7.2,45.8,297.5,11,0.8,6883,0.8,4.7,802,Entertainment
U00836,44,Male,Chennai,Motorola,iOS,11.3,47.5,223.6,176,5.6,290,1.4,0.2,1599,Work
U00837,60,Other,Chennai,OnePlus,iOS,2.3,6.0,100.7,51,2.6,9237,7.1,4.5,1795,Gaming
U00838,35,Male,Bangalore,Nokia,Android,10.8,48.9,266.7,175,4.6,745,5.7,0.7,376,Education
U00839,57,Female,Bangalore,Google Pixel,Android,5.6,30.7,147.3,173,5.3,6475,4.2,1.7,959,Social Media
U00840,59,Other,Jaipur,Apple,Android,2.9,44.3,56.1,160,5.3,5196,2.8,3.2,1402,Gaming
U00841,53,Other,Ahmedabad,Vivo,Android,2.3,47.3,147.3,129,1.3,1606,7.7,0.7,1546,Gaming
U00842,21,Female,Delhi,Motorola,Android,7.5,21.1,179.4,66,2.2,754,2.9,1.7,195,Work
U00843,53,Female,Kolkata,Realme,iOS,10.5,18.1,29.3,115,2.5,377,7.5,1.6,119,Social Media
U00844,35,Male,Delhi,Xiaomi,Android,10.2,49.6,252.7,80,1.8,853,4.1,3.6,1859,Work
U00845,42,Female,Lucknow,Google Pixel,Android,3.5,49.7,169.0,85,4.9,806,1.4,2.9,131,Education
U00846,59,Male,Pune,OnePlus,iOS,11.2,16.2,212.9,139,3.0,1777,3.3,3.5,1067,Work
U00847,29,Male,Bangalore,Samsung,iOS,11.2,32.5,276.6,192,4.6,2444,1.8,0.3,1881,Education
U00848,56,Female,Lucknow,Samsung,Android,10.7,42.6,282.7,20,1.8,8340,8.0,2.7,1866,Social Media
U00849,16,Other,Delhi,Nokia,Android,1.1,8.3,174.0,68,5.8,5010,6.6,4.5,961,Social Media
U00850,47,Other,Pune,Xiaomi,iOS,4.5,7.1,48.0,114,1.3,6084,2.8,1.3,462,Entertainment
U00851,50,Female,Bangalore,OnePlus,Android,5.0,16.9,165.9,110,3.6,7681,6.0,3.1,1594,Work
U00852,57,Other,Delhi,Samsung,Android,7.2,49.4,76.1,72,2.4,4774,4.7,1.3,1692,Gaming
U00853,45,Male,Delhi,Apple,iOS,9.5,10.3,172.1,18,5.9,4508,4.7,4.6,103,Entertainment
U00854,35,Female,Pune,Oppo,Android,3.4,35.0,95.1,70,1.0,343,4.1,0.1,570,Education
U00855,48,Other,Mumbai,Google Pixel,Android,11.9,30.9,37.9,59,1.9,2484,5.7,1.3,1864,Entertainment
U00856,36,Male,Pune,Samsung,Android,11.1,13.5,211.7,47,4.6,4996,5.6,3.1,1082,Gaming
U00857,20,Male,Hyderabad,Google Pixel,iOS,8.1,35.4,8.7,199,1.4,4020,3.2,0.0,342,Social Media
U00858,41,Male,Lucknow,Realme,iOS,4.6,12.0,295.1,165,4.3,3220,4.4,4.3,1655,Work
U00859,42,Other,Ahmedabad,Samsung,iOS,3.8,31.3,259.4,139,2.3,4836,3.6,4.9,1364,Education
U00860,59,Male,Jaipur,Nokia,iOS,4.2,27.8,100.6,129,4.9,6640,5.2,4.0,1008,Education
U00861,27,Female,Jaipur,Oppo,iOS,10.7,17.2,31.7,47,5.5,2604,4.9,4.5,1454,Work
U00862,22,Other,Ahmedabad,Realme,iOS,7.3,19.4,64.8,39,4.9,7700,1.1,3.6,596,Education
U00863,46,Other,Ahmedabad,OnePlus,iOS,10.9,5.2,278.4,119,5.4,3902,1.2,2.9,436,Gaming
U00864,32,Male,Kolkata,Vivo,Android,9.0,45.0,174.6,19,2.2,9057,7.4,2.9,914,Entertainment
U00865,33,Other,Mumbai,Nokia,Android,11.3,10.7,178.1,142,4.1,1646,3.1,2.5,1514,Education
U00866,53,Other,Pune,Samsung,iOS,9.0,28.8,158.7,163,3.1,2451,7.5,1.5,701,Education
U00867,25,Female,Delhi,Realme,iOS,5.0,40.6,29.8,128,2.2,892,4.6,1.5,491,Social Media
U00868,19,Other,Ahmedabad,Nokia,iOS,7.8,27.1,179.2,133,5.9,8399,1.9,1.4,627,Gaming
U00869,46,Male,Jaipur,Realme,Android,5.1,40.5,198.7,93,0.9,2558,5.6,4.8,1279,Education
U00870,41,Other,Bangalore,OnePlus,Android,9.2,10.0,170.1,130,0.8,9993,4.4,2.1,1118,Gaming
U00871,18,Male,Delhi,Apple,Android,3.2,5.5,240.4,22,4.2,1646,7.6,2.3,487,Education
U00872,58,Female,Hyderabad,OnePlus,iOS,10.5,26.2,224.3,102,4.7,7617,7.4,1.5,1108,Work
U00873,38,Other,Hyderabad,Nokia,Android,2.4,23.3,173.1,117,1.4,5517,6.0,2.4,912,Social Media
U00874,44,Female,Delhi,Oppo,Android,2.8,1.5,29.4,42,5.3,9490,1.9,0.9,967,Entertainment
U00875,27,Female,Delhi,Nokia,Android,6.9,23.4,66.6,90,3.5,6766,2.2,1.0,1064,Social Media
U00876,55,Male,Delhi,Vivo,iOS,7.2,5.1,294.5,192,2.5,4197,6.6,1.8,1144,Work
U00877,59,Male,Lucknow,Apple,iOS,6.5,21.6,218.5,119,5.5,8732,0.7,3.9,1037,Education
U00878,50,Female,Bangalore,Samsung,iOS,5.6,1.3,7.4,69,3.0,3100,4.6,1.9,1659,Education
U00879,38,Female,Mumbai,Realme,iOS,10.4,12.7,119.5,112,5.8,6584,1.7,0.3,529,Entertainment
U00880,39,Female,Delhi,Xiaomi,iOS,7.6,40.7,200.6,182,0.8,3639,6.1,3.3,1967,Gaming
U00881,18,Other,Jaipur,Nokia,iOS,11.5,23.0,157.8,70,5.6,3885,2.2,3.4,1387,Work
U00882,44,Male,Jaipur,Apple,Android,11.3,28.7,25.7,108,2.1,7890,7.1,2.4,677,Entertainment
U00883,34,Male,Ahmedabad,Motorola,Android,1.8,29.4,281.2,142,5.6,858,3.1,4.2,514,Gaming
U00884,43,Male,Kolkata,Motorola,Android,10.0,17.5,212.1,120,5.2,8462,5.9,2.2,463,Entertainment
U00885,41,Male,Bangalore,Motorola,Android,6.4,46.2,211.3,33,5.9,5010,7.3,2.8,784,Education
U00886,51,Other,Ahmedabad,Vivo,Android,8.0,29.4,58.2,12,2.7,9758,3.7,1.1,963,Gaming
U00887,22,Male,Delhi,Apple,Android,3.1,33.8,12.3,13,3.9,5957,0.7,4.1,1956,Work
U00888,43,Other,Mumbai,Oppo,iOS,9.8,39.7,193.1,15,1.5,7793,6.9,1.5,724,Entertainment
U00889,41,Female,Lucknow,Xiaomi,iOS,7.2,7.8,147.4,64,2.4,2869,2.1,0.0,1822,Social Media
U00890,15,Male,Pune,Motorola,Android,5.6,43.1,52.0,67,4.6,1446,0.9,3.9,1486,Education
U00891,23,Other,Bangalore,Samsung,iOS,6.7,45.7,97.9,90,2.7,7070,1.1,4.1,1742,Work
U00892,55,Female,Lucknow,Nokia,Android,5.9,42.4,187.6,16,5.4,4528,7.5,1.6,1943,Social Media
U00893,28,Female,Delhi,Xiaomi,iOS,6.1,1.7,117.5,47,4.3,3759,5.0,4.9,970,Entertainment
U00894,33,Male,Bangalore,Google Pixel,iOS,6.1,19.2,282.5,17,4.9,9280,5.9,3.4,1853,Entertainment
U00895,57,Male,Hyderabad,Apple,Android,10.2,45.7,61.1,20,5.5,1824,3.7,0.1,1993,Work
U00896,34,Female,Delhi,Apple,Android,1.8,42.0,169.3,86,0.9,2364,4.6,1.4,841,Education
U00897,60,Female,Ahmedabad,Motorola,iOS,11.1,48.6,192.2,136,4.1,7941,2.6,1.3,1770,Social Media
U00898,20,Other,Lucknow,Google Pixel,Android,5.3,42.4,162.0,23,2.1,1622,5.8,2.4,799,Gaming
U00899,50,Female,Jaipur,OnePlus,Android,1.8,32.1,62.2,108,1.3,2949,2.5,4.8,227,Entertainment
U00900,33,Other,Chennai,Samsung,iOS,9.6,30.3,136.1,164,2.9,8365,4.4,4.6,1904,Gaming
U00901,17,Male,Jaipur,Motorola,Android,3.5,22.6,64.3,97,4.6,5033,3.7,3.8,1711,Social Media
U00902,24,Other,Chennai,Samsung,Android,8.9,14.6,290.4,78,6.0,4309,4.4,3.4,1362,Work
U00903,36,Female,Ahmedabad,Google Pixel,Android,5.1,47.9,276.8,166,3.1,2613,5.3,1.3,769,Entertainment
U00904,49,Other,Jaipur,Google Pixel,iOS,4.3,15.2,272.9,142,2.4,9435,0.6,0.5,115,Education
U00905,39,Male,Jaipur,Vivo,iOS,11.8,18.3,211.5,49,4.3,2293,6.3,4.1,110,Entertainment
U00906,43,Male,Jaipur,Vivo,iOS,11.9,1.9,28.0,54,4.6,9860,6.6,4.9,1066,Work
U00907,25,Female,Hyderabad,Samsung,iOS,5.2,14.6,278.2,167,1.3,2611,3.3,4.7,1888,Social Media
U00908,32,Other,Bangalore,Apple,Android,11.4,41.6,20.2,200,4.2,6800,3.5,0.5,1240,Education
U00909,19,Male,Jaipur,Samsung,iOS,9.7,43.5,122.1,200,5.0,662,4.4,3.0,755,Gaming
U00910,21,Other,Delhi,Samsung,Android,3.9,13.5,10.0,102,1.8,103,5.6,1.6,1302,Gaming
U00911,33,Other,Mumbai,Motorola,iOS,2.7,33.3,12.0,123,5.5,2840,3.3,2.1,572,Entertainment
U00912,57,Male,Jaipur,Motorola,Android,6.0,47.3,95.5,24,2.5,7876,7.1,4.5,1547,Work
U00913,20,Female,Bangalore,Google Pixel,iOS,7.9,5.1,203.6,168,2.2,100,6.4,1.8,179,Social Media
U00914,45,Male,Ahmedabad,Apple,iOS,7.9,21.7,126.1,168,1.1,9505,2.9,4.2,1170,Social Media
U00915,50,Other,Mumbai,Motorola,Android,7.2,1.7,8.8,144,4.7,9135,6.5,0.1,1002,Social Media
U00916,39,Male,Delhi,Realme,Android,7.0,38.9,5.3,155,4.0,8092,4.5,3.5,609,Education
U00917,46,Male,Ahmedabad,Samsung,Android,9.7,17.6,48.2,17,3.7,8327,3.0,0.5,1327,Work
U00918,31,Other,Bangalore,Samsung,Android,4.8,29.8,210.8,55,4.7,5112,2.2,3.4,1156,Work
U00919,17,Female,Mumbai,OnePlus,Android,4.0,49.6,65.9,101,3.2,5058,1.1,4.8,776,Entertainment
U00920,26,Male,Bangalore,Realme,Android,10.9,8.9,122.8,131,3.8,532,2.7,0.1,1425,Entertainment
U00921,37,Female,Kolkata,Motorola,Android,11.7,45.9,239.7,123,2.6,5853,3.8,1.6,1274,Work
U00922,42,Female,Mumbai,Xiaomi,Android,6.6,26.4,273.9,176,2.4,8637,4.2,4.2,1251,Social Media
U00923,58,Male,Kolkata,Samsung,iOS,8.6,18.7,23.0,115,1.4,7775,6.0,2.3,937,Work
U00924,48,Other,Mumbai,Motorola,iOS,2.9,33.8,127.6,168,4.7,5825,1.4,1.3,981,Work
U00925,57,Male,Chennai,Motorola,iOS,10.2,20.0,168.4,102,3.6,6350,2.7,4.3,1226,Gaming
U00926,26,Male,Jaipur,Xiaomi,Android,10.4,22.2,181.5,62,1.0,5587,2.5,0.1,1984,Social Media
U00927,40,Male,Lucknow,Realme,iOS,6.1,12.4,124.4,180,3.4,4594,7.2,2.2,340,Education
U00928,20,Other,Jaipur,Xiaomi,Android,11.5,20.7,16.7,57,5.2,7179,6.4,1.0,1306,Work
U00929,48,Male,Lucknow,Realme,iOS,5.7,38.9,169.9,58,2.3,1036,6.2,0.1,1798,Education
U00930,37,Male,Hyderabad,Nokia,iOS,5.9,17.5,223.7,85,4.0,6624,4.1,0.4,589,Education
U00931,25,Male,Bangalore,Realme,Android,3.2,16.0,65.0,26,1.3,9263,4.8,2.9,1845,Gaming
U00932,37,Female,Bangalore,Nokia,Android,12.0,40.9,260.5,97,3.1,2469,3.5,3.0,1636,Education
U00933,57,Male,Jaipur,Realme,Android,3.9,32.4,184.9,193,4.6,5938,1.2,3.5,1765,Social Media
U00934,49,Other,Mumbai,Vivo,Android,3.2,9.1,38.2,70,3.6,4025,0.8,3.2,152,Entertainment
U00935,55,Other,Mumbai,Samsung,iOS,12.0,3.4,209.7,190,4.3,706,4.9,1.1,987,Entertainment
U00936,19,Other,Lucknow,Oppo,iOS,4.3,19.3,15.5,59,0.8,7340,7.9,3.1,1301,Social Media
U00937,59,Other,Hyderabad,OnePlus,iOS,5.6,34.1,231.3,11,4.2,3297,7.8,4.4,936,Entertainment
U00938,53,Male,Delhi,Apple,Android,3.1,4.5,243.2,122,3.3,4310,2.6,1.4,539,Education
U00939,26,Female,Chennai,Samsung,iOS,9.4,35.0,162.1,146,0.7,2143,7.1,2.5,593,Gaming
U00940,18,Male,Lucknow,Google Pixel,Android,5.3,48.4,109.2,91,3.9,9638,1.7,2.5,1830,Social Media
U00941,48,Female,Bangalore,Apple,Android,2.1,30.4,270.6,163,1.0,4977,5.2,3.6,1610,Entertainment
U00942,25,Female,Jaipur,Samsung,iOS,1.3,39.7,178.9,59,4.9,8044,7.1,1.1,1931,Work
U00943,32,Other,Chennai,Realme,Android,5.4,37.7,260.0,43,3.2,8278,5.8,3.1,1242,Gaming
U00944,48,Male,Lucknow,OnePlus,Android,10.5,18.7,47.4,10,2.6,8845,1.8,4.0,1397,Gaming
U00945,29,Female,Delhi,Oppo,Android,1.7,29.2,151.9,179,4.4,7862,3.7,1.3,576,Social Media
U00946,50,Female,Chennai,OnePlus,Android,2.4,46.1,75.9,46,5.1,6907,3.6,3.4,1800,Education
U00947,52,Male,Chennai,Vivo,iOS,2.4,9.5,92.8,150,4.3,3663,4.5,1.1,1381,Gaming
U00948,56,Female,Bangalore,Realme,iOS,3.6,5.1,76.4,94,4.1,2168,1.2,0.2,1155,Gaming
U00949,29,Female,Jaipur,Realme,iOS,3.1,37.4,5.0,78,0.7,5613,7.7,3.9,112,Education
U00950,37,Male,Chennai,Apple,Android,10.3,14.9,117.3,59,5.0,9876,5.0,1.8,1657,Social Media
U00951,41,Female,Bangalore,Oppo,Android,11.2,33.9,133.0,72,2.7,4366,4.7,4.3,965,Education
U00952,28,Other,Hyderabad,OnePlus,Android,10.2,23.2,6.4,128,5.3,3886,7.6,0.4,966,Work
U00953,50,Other,Mumbai,Motorola,iOS,4.8,46.0,95.0,192,4.7,6180,5.8,2.4,233,Education
U00954,23,Male,Chennai,Motorola,Android,6.4,13.1,28.2,126,0.5,4109,5.1,0.5,485,Entertainment
U00955,41,Male,Hyderabad,Xiaomi,Android,10.5,17.4,90.8,60,3.5,8615,8.0,1.7,387,Gaming
U00956,53,Female,Delhi,Oppo,Android,7.5,40.4,168.4,61,2.6,4249,0.8,2.2,683,Work
U00957,31,Female,Kolkata,Google Pixel,iOS,1.6,40.0,257.5,199,1.0,8201,3.3,3.2,925,Education
U00958,15,Other,Mumbai,Motorola,Android,4.2,17.3,286.7,198,4.3,9613,2.7,3.0,1989,Entertainment
U00959,45,Female,Mumbai,Motorola,iOS,5.0,33.6,189.2,37,4.6,5455,1.9,4.0,1328,Entertainment
U00960,31,Other,Mumbai,Oppo,Android,8.7,12.4,198.4,136,4.8,1321,6.8,4.4,1208,Social Media
U00961,56,Other,Delhi,Samsung,Android,1.9,47.0,223.1,123,4.1,2743,6.4,1.8,1952,Education
U00962,31,Female,Delhi,Nokia,iOS,9.0,14.2,195.7,105,3.8,843,2.7,3.1,520,Entertainment
U00963,38,Male,Jaipur,Google Pixel,Android,10.0,42.6,187.6,22,5.0,9556,7.2,4.2,1508,Gaming
U00964,39,Other,Ahmedabad,Xiaomi,iOS,2.0,16.6,114.3,169,0.5,2617,1.0,3.7,845,Gaming
U00965,16,Female,Mumbai,Oppo,iOS,9.1,37.2,194.7,13,1.4,203,3.1,1.9,277,Work
U00966,26,Other,Ahmedabad,Nokia,iOS,2.7,7.5,27.0,157,3.7,7433,2.7,3.4,691,Entertainment
U00967,57,Female,Kolkata,Oppo,Android,7.7,22.2,118.8,132,0.5,612,7.7,0.4,1132,Gaming
U00968,56,Male,Bangalore,Xiaomi,iOS,7.5,19.7,271.9,192,3.6,104,4.1,2.6,105,Gaming
U00969,21,Other,Chennai,Google Pixel,iOS,5.8,30.1,160.2,183,5.2,4200,6.6,4.8,148,Work
U00970,53,Other,Ahmedabad,Apple,Android,4.7,30.9,286.1,87,4.3,3619,4.9,3.7,1908,Education
U00971,41,Female,Chennai,Xiaomi,iOS,5.4,41.4,134.6,22,1.9,8905,5.7,0.4,546,Entertainment
U00972,25,Female,Ahmedabad,Nokia,Android,3.1,43.1,204.2,34,2.4,5758,3.2,1.8,1634,Social Media
U00973,39,Female,Kolkata,Motorola,Android,1.6,36.1,132.0,74,3.2,7131,5.4,3.3,208,Gaming
U00974,53,Female,Delhi,Google Pixel,iOS,7.6,13.6,97.7,165,1.3,4709,1.2,3.0,1541,Gaming
U00975,44,Other,Delhi,Oppo,iOS,4.9,8.1,31.9,133,5.7,129,5.4,4.5,1813,Social Media
U00976,33,Female,Ahmedabad,Vivo,iOS,11.9,40.9,213.7,115,6.0,8707,6.7,3.8,479,Education
U00977,26,Female,Kolkata,Xiaomi,Android,9.2,26.0,268.3,186,0.7,9028,0.8,1.0,648,Work
U00978,58,Male,Jaipur,Motorola,iOS,7.3,7.1,139.6,70,3.4,5904,4.9,0.6,1930,Work
U00979,53,Other,Hyderabad,Realme,Android,11.3,6.3,272.6,84,2.1,7125,5.6,1.5,471,Education
U00980,17,Female,Jaipur,Vivo,iOS,1.4,12.7,143.6,35,5.3,8130,3.1,4.9,133,Gaming
U00981,60,Female,Pune,OnePlus,iOS,9.1,3.5,44.0,170,1.7,8897,3.4,0.2,1199,Social Media
U00982,35,Male,Lucknow,OnePlus,Android,4.3,8.5,182.9,98,3.8,3693,7.0,1.6,517,Education
U00983,34,Female,Lucknow,Nokia,Android,10.8,30.2,259.7,149,5.8,2961,2.7,4.2,858,Social Media
U00984,16,Other,Delhi,Vivo,Android,8.8,17.4,107.5,164,4.2,3517,0.6,2.6,673,Work
U00985,38,Female,Bangalore,Vivo,Android,11.3,42.0,58.7,48,3.9,4181,5.1,3.0,962,Work
U00986,54,Female,Chennai,Motorola,Android,6.7,16.5,150.7,33,2.0,4394,7.5,2.3,604,Social Media
U00987,58,Other,Mumbai,Realme,iOS,1.7,32.3,29.5,183,1.5,4538,4.9,4.6,1737,Work
U00988,50,Female,Pune,Oppo,iOS,1.8,16.4,288.3,83,3.3,7587,4.6,0.5,1348,Entertainment
U00989,54,Other,Jaipur,Realme,Android,1.8,29.7,88.9,51,4.0,8727,1.3,4.1,381,Social Media
U00990,52,Other,Hyderabad,Xiaomi,iOS,6.6,47.2,275.0,19,1.5,420,6.8,3.4,1594,Work
U00991,25,Other,Ahmedabad,Xiaomi,iOS,3.2,23.8,255.3,15,5.6,8416,7.5,1.9,497,Gaming
U00992,39,Male,Hyderabad,Motorola,iOS,7.7,7.9,266.0,74,4.7,8067,4.8,4.5,152,Gaming
U00993,23,Female,Ahmedabad,Samsung,iOS,3.9,49.0,91.0,139,1.7,5757,0.8,4.9,1620,Work
U00994,29,Female,Lucknow,Realme,Android,3.7,41.7,277.1,91,5.4,4814,5.1,0.5,1690,Entertainment
U00995,50,Female,Pune,OnePlus,iOS,11.5,4.7,137.9,77,5.4,1283,4.7,1.3,1467,Education
U00996,50,Female,Bangalore,Motorola,iOS,2.9,20.9,187.1,167,1.3,3075,7.3,4.5,602,Education
U00997,16,Other,Delhi,Oppo,Android,6.6,47.3,70.0,131,5.6,231,3.5,0.3,180,Entertainment
U00998,52,Other,Mumbai,Realme,iOS,8.6,38.8,192.2,182,3.6,4080,1.2,2.9,620,Entertainment
U00999,46,Female,Chennai,Realme,Android,11.1,19.7,293.0,115,1.3,2857,5.9,1.6,945,Entertainment
U01000,29,Other,Bangalore,Motorola,Android,3.8,44.1,178.4,60,0.6,2199,3.5,0.1,1010,Gaming
U01001,54,Other,Lucknow,Realme,Android,5.3,44.3,157.1,26,5.4,5073,5.4,4.0,654,Entertainment
U01002,22,Male,Bangalore,Apple,Android,3.1,11.4,13.9,131,4.1,3651,5.8,0.9,1530,Social Media
U01003,29,Other,Delhi,Motorola,Android,6.4,35.1,185.3,189,1.8,8202,1.7,2.4,1434,Gaming
U01004,55,Other,Lucknow,Motorola,iOS,1.5,35.1,119.5,28,2.2,7606,5.8,3.4,832,Work
U01005,20,Female,Lucknow,Apple,Android,8.4,35.1,288.1,135,1.5,9479,3.4,2.7,1991,Education
U01006,27,Female,Chennai,Xiaomi,Android,4.9,5.3,25.2,88,5.9,5452,7.2,2.4,980,Gaming
U01007,22,Male,Pune,Apple,Android,10.4,1.3,31.2,26,1.7,4477,7.2,3.0,1243,Gaming
U01008,25,Male,Hyderabad,Realme,iOS,11.1,27.7,202.5,64,4.7,6823,2.7,1.0,1523,Education
U01009,49,Other,Jaipur,Samsung,iOS,8.3,49.2,284.6,17,3.6,1092,4.5,1.0,547,Work
U01010,53,Other,Mumbai,Motorola,Android,5.2,38.0,197.9,171,5.9,3055,7.8,4.7,1231,Gaming
U01011,31,Female,Pune,Apple,iOS,10.5,17.6,227.6,13,3.3,560,7.9,1.7,1063,Gaming
U01012,50,Other,Lucknow,Xiaomi,iOS,2.8,4.5,127.4,101,4.0,202,3.5,3.0,106,Gaming
U01013,38,Female,Hyderabad,Samsung,iOS,10.5,24.5,72.5,25,6.0,9280,1.4,2.7,1636,Entertainment
U01014,16,Male,Chennai,Oppo,Android,5.9,1.1,16.5,175,2.0,1906,3.8,3.3,564,Education
U01015,26,Other,Ahmedabad,OnePlus,iOS,3.4,19.0,159.8,140,5.6,4606,2.8,2.1,328,Social Media
U01016,47,Female,Delhi,OnePlus,Android,11.4,4.7,50.4,133,2.3,8829,3.7,3.5,1704,Gaming
U01017,53,Other,Kolkata,OnePlus,iOS,2.0,32.7,60.2,106,1.5,5020,3.7,0.7,1357,Education
U01018,34,Male,Kolkata,Realme,iOS,8.9,42.7,199.9,66,1.1,238,1.5,3.4,318,Work
U01019,24,Female,Pune,Motorola,Android,2.9,19.5,289.9,43,5.6,9437,6.5,3.5,656,Social Media
U01020,26,Other,Delhi,Google Pixel,Android,9.5,35.6,113.4,184,0.7,2735,3.3,1.8,1083,Work
U01021,43,Female,Ahmedabad,OnePlus,iOS,4.2,3.2,18.7,172,0.6,1183,7.5,2.5,1177,Social Media
U01022,55,Female,Bangalore,Samsung,Android,6.7,25.8,66.3,148,5.7,3905,4.4,0.4,1555,Gaming
U01023,52,Male,Jaipur,OnePlus,iOS,3.3,14.7,53.3,68,0.7,615,3.6,4.2,1995,Social Media
U01024,45,Male,Jaipur,Motorola,iOS,6.7,40.3,136.5,89,6.0,4755,1.7,1.9,1535,Entertainment
U01025,32,Female,Bangalore,Motorola,Android,8.7,35.4,136.1,67,1.1,6807,1.9,4.6,1729,Entertainment
U01026,45,Other,Delhi,Xiaomi,Android,10.9,39.9,76.5,111,5.6,2587,7.0,3.1,497,Social Media
U01027,27,Other,Ahmedabad,Samsung,iOS,2.3,8.2,85.4,129,2.4,3998,2.1,2.7,972,Education
U01028,23,Male,Jaipur,Xiaomi,Android,6.0,12.3,77.0,48,3.6,1549,3.3,3.6,1132,Work
U01029,43,Female,Ahmedabad,Vivo,Android,11.2,9.2,94.4,128,4.3,2989,4.5,2.2,641,Social Media
U01030,15,Other,Mumbai,Oppo,iOS,5.5,10.5,144.7,88,2.8,3437,3.5,3.0,819,Social Media
U01031,34,Female,Bangalore,Motorola,iOS,3.2,47.8,54.3,170,2.6,4869,7.6,1.5,341,Gaming
U01032,22,Female,Lucknow,Realme,Android,10.7,24.1,66.3,51,4.5,2282,1.1,3.8,1318,Entertainment
U01033,29,Male,Mumbai,Oppo,Android,10.3,44.6,112.7,34,3.3,8241,3.4,3.5,886,Entertainment
U01034,24,Other,Jaipur,Samsung,iOS,10.6,32.9,140.7,106,3.8,446,7.5,1.3,638,Gaming
U01035,50,Other,Bangalore,Vivo,Android,2.2,39.7,278.6,178,5.3,8732,6.1,3.7,1220,Entertainment
U01036,49,Male,Jaipur,Xiaomi,Android,2.9,43.3,215.9,148,3.6,1017,5.2,4.3,161,Social Media
U01037,56,Male,Delhi,OnePlus,Android,5.0,27.0,202.2,179,1.8,8288,3.3,3.1,927,Entertainment
U01038,37,Other,Mumbai,Nokia,Android,6.9,18.7,114.9,10,3.8,9076,0.9,1.4,1997,Gaming
U01039,44,Female,Lucknow,Nokia,Android,10.1,37.2,97.7,51,4.6,7651,7.8,4.6,1234,Gaming
U01040,21,Other,Delhi,Nokia,Android,7.5,11.8,144.1,50,3.8,2185,7.5,4.6,130,Work
U01041,47,Female,Jaipur,Oppo,Android,4.5,33.7,83.3,72,2.0,207,0.7,4.0,545,Work
U01042,16,Male,Jaipur,Vivo,Android,3.8,34.7,16.7,96,4.9,7984,4.3,2.6,1774,Education
U01043,45,Male,Jaipur,Samsung,Android,2.4,14.9,294.8,145,4.5,7011,0.7,4.6,316,Gaming
U01044,22,Female,Kolkata,Samsung,iOS,7.1,30.1,278.1,10,3.7,2283,1.4,0.5,1705,Gaming
U01045,46,Male,Lucknow,Xiaomi,iOS,8.2,43.1,145.9,22,4.7,2695,4.2,2.4,1249,Work
U01046,20,Female,Jaipur,Xiaomi,iOS,9.7,32.1,285.7,147,4.7,1803,4.7,4.4,1965,Entertainment
U01047,34,Female,Kolkata,OnePlus,iOS,3.5,27.6,297.6,68,5.0,9088,7.7,3.9,1562,Social Media
U01048,29,Male,Ahmedabad,Realme,Android,7.9,3.8,99.5,73,4.4,7933,6.0,1.5,149,Education
U01049,31,Male,Delhi,Google Pixel,iOS,9.8,15.1,156.7,92,3.7,2663,7.1,1.2,433,Gaming
U01050,46,Male,Chennai,Xiaomi,Android,4.9,24.1,142.2,114,5.2,8315,4.2,3.8,1550,Education
U01051,16,Female,Delhi,Samsung,Android,1.8,38.8,160.3,184,5.7,2164,4.3,3.9,1854,Education
U01052,50,Female,Delhi,Vivo,iOS,6.6,33.1,255.0,25,1.2,831,4.7,2.0,884,Social Media
U01053,24,Male,Pune,Vivo,Android,7.2,13.2,177.9,33,2.9,7961,5.7,0.8,495,Education
U01054,33,Male,Chennai,Realme,iOS,5.7,23.7,17.3,193,5.6,6318,7.0,4.7,1235,Education
U01055,46,Male,Pune,Samsung,iOS,8.1,5.0,294.3,85,1.4,5845,1.6,2.4,376,Education
U01056,21,Male,Ahmedabad,Xiaomi,iOS,3.1,21.9,75.4,143,1.6,3161,6.1,4.5,1827,Education
U01057,47,Female,Bangalore,Oppo,Android,1.5,2.3,260.2,17,5.4,7086,3.4,3.3,656,Work
U01058,24,Female,Delhi,Vivo,iOS,8.3,14.2,18.0,32,5.4,3055,0.6,4.7,292,Social Media
U01059,29,Other,Kolkata,Vivo,Android,4.1,9.7,279.2,147,2.3,6409,5.2,0.2,734,Social Media
U01060,57,Male,Lucknow,Motorola,iOS,5.0,6.5,71.8,186,3.2,499,2.2,3.3,1440,Entertainment
U01061,20,Other,Bangalore,OnePlus,Android,10.1,2.1,292.3,133,3.7,1539,1.9,1.8,1321,Education
U01062,51,Female,Hyderabad,Vivo,iOS,8.8,36.2,36.3,19,3.1,4851,1.9,2.8,665,Entertainment
U01063,59,Female,Bangalore,Google Pixel,iOS,3.4,9.0,155.1,35,3.7,1039,2.8,4.5,1105,Gaming
U01064,48,Male,Kolkata,Nokia,Android,9.9,46.2,91.9,53,2.8,1151,3.7,1.1,573,Work
U01065,43,Male,Mumbai,Apple,Android,6.6,31.8,244.4,117,1.0,9336,0.6,1.6,1674,Social Media
U01066,45,Other,Kolkata,Apple,Android,9.2,42.0,26.3,68,1.6,117,1.9,0.3,372,Work
U01067,58,Female,Ahmedabad,Apple,iOS,3.3,40.5,110.2,99,5.0,2297,2.0,2.5,1788,Social Media
U01068,24,Other,Mumbai,Motorola,iOS,9.4,2.6,144.5,62,0.7,5681,7.9,2.7,1997,Entertainment
U01069,52,Other,Chennai,Vivo,iOS,8.7,12.5,261.5,192,4.2,9874,2.4,4.5,1196,Entertainment
U01070,57,Male,Pune,Realme,Android,6.9,28.5,48.7,45,2.2,213,4.6,4.6,514,Education
U01071,23,Female,Delhi,Xiaomi,Android,7.1,13.5,118.7,99,1.4,4906,0.5,0.5,120,Work
U01072,48,Female,Bangalore,Realme,iOS,9.4,33.0,283.9,99,0.7,4308,1.5,3.4,1058,Work
U01073,36,Female,Jaipur,Motorola,Android,10.6,28.5,66.1,15,5.0,8774,6.7,0.8,1165,Work
U01074,32,Male,Bangalore,Vivo,iOS,6.7,3.8,247.8,171,2.0,4305,2.2,3.7,1184,Social Media
U01075,49,Male,Pune,Realme,Android,5.6,13.6,53.3,34,0.7,2782,3.6,5.0,168,Entertainment
U01076,31,Male,Hyderabad,Nokia,Android,2.1,9.8,144.9,68,1.6,5312,1.8,2.6,1220,Work
U01077,17,Other,Delhi,Nokia,iOS,4.3,46.1,227.1,187,3.4,2505,6.5,0.3,1547,Entertainment
U01078,51,Male,Mumbai,Realme,Android,11.2,21.8,280.1,84,1.1,5537,3.7,4.1,1969,Entertainment
U01079,37,Other,Chennai,Samsung,iOS,9.6,16.8,117.7,98,3.4,8824,3.1,3.2,1200,Social Media
U01080,59,Male,Hyderabad,Samsung,iOS,10.2,6.1,165.1,193,3.3,6812,6.8,2.1,1299,Entertainment
U01081,17,Female,Lucknow,Motorola,Android,8.7,33.2,200.2,62,4.4,1731,2.2,2.2,178,Work
U01082,30,Female,Pune,Vivo,Android,8.4,41.2,55.4,34,0.8,9855,6.1,3.5,1423,Entertainment
U01083,42,Female,Jaipur,Google Pixel,Android,7.4,6.5,120.6,171,0.7,4008,8.0,0.8,435,Work
U01084,16,Male,Lucknow,Realme,iOS,11.1,20.4,113.2,47,4.4,4660,3.8,3.6,721,Gaming
U01085,23,Female,Delhi,Xiaomi,Android,7.1,8.7,88.2,34,1.5,985,3.7,1.3,1949,Social Media
U01086,46,Female,Delhi,Vivo,Android,9.8,21.0,156.5,144,3.2,2882,4.8,4.4,1119,Work
U01087,15,Female,Hyderabad,Samsung,iOS,3.7,41.8,221.7,93,5.6,6212,7.2,2.9,1903,Entertainment
U01088,30,Other,Chennai,Vivo,iOS,6.6,32.6,168.3,160,3.3,7805,7.0,4.8,1997,Education
U01089,20,Female,Lucknow,Nokia,Android,3.8,13.1,218.8,156,1.1,7861,5.0,2.6,862,Social Media
U01090,43,Female,Bangalore,Apple,iOS,2.4,35.2,250.3,73,3.0,8472,5.8,2.6,272,Work
U01091,55,Male,Hyderabad,Realme,Android,10.3,28.4,31.2,101,5.8,8959,5.0,2.1,1567,Work
U01092,41,Male,Pune,OnePlus,iOS,9.4,3.1,98.1,109,2.2,3590,5.1,0.6,667,Entertainment
U01093,60,Male,Kolkata,Motorola,iOS,10.5,39.4,230.3,164,2.4,6663,4.0,2.3,1511,Social Media
U01094,28,Other,Jaipur,Xiaomi,iOS,7.8,29.7,84.8,118,5.7,9845,3.4,0.8,1837,Entertainment
U01095,59,Other,Delhi,Apple,Android,2.2,16.1,60.4,148,2.5,4998,4.6,4.7,628,Gaming
U01096,45,Male,Hyderabad,Motorola,Android,1.8,29.6,131.4,193,3.7,4165,5.8,4.4,103,Gaming
U01097,48,Female,Delhi,Oppo,iOS,4.8,30.6,226.7,195,4.8,5230,5.8,2.8,439,Gaming
U01098,54,Male,Mumbai,Vivo,iOS,2.7,10.9,37.7,132,3.4,3765,3.2,1.8,329,Education
U01099,22,Male,Chennai,Realme,iOS,7.0,49.3,222.2,18,2.5,3001,5.7,1.7,619,Social Media
U01100,20,Male,Delhi,Apple,Android,6.7,19.8,16.1,193,5.7,3171,4.2,2.2,542,Work
U01101,43,Male,Kolkata,Samsung,Android,9.8,22.0,66.0,69,5.3,2545,5.6,0.1,149,Social Media
U01102,46,Other,Kolkata,Apple,iOS,8.7,1.1,23.2,16,2.7,330,5.3,3.9,457,Gaming
U01103,33,Female,Mumbai,Oppo,iOS,5.3,41.6,161.6,96,4.2,1073,5.2,3.1,1807,Entertainment
U01104,24,Other,Delhi,Oppo,iOS,7.0,40.1,185.9,50,4.1,9990,4.0,3.8,1066,Education
U01105,40,Other,Bangalore,Google Pixel,Android,8.4,33.4,219.2,145,2.0,5294,4.9,0.4,490,Education
U01106,21,Male,Ahmedabad,Apple,Android,1.1,29.1,112.6,132,3.4,1114,1.8,2.5,1028,Education
U01107,15,Male,Lucknow,OnePlus,Android,6.3,7.4,294.2,44,1.6,6349,6.4,0.9,1785,Work
U01108,30,Female,Jaipur,Apple,Android,5.5,48.2,298.6,153,4.9,2354,2.0,2.3,828,Work
U01109,33,Other,Bangalore,Apple,Android,11.7,19.8,183.5,174,3.8,1740,4.7,4.4,189,Entertainment
U01110,39,Female,Ahmedabad,Vivo,Android,10.8,16.1,228.5,74,0.9,272,1.6,1.3,1265,Work
U01111,24,Other,Mumbai,Motorola,Android,10.6,2.2,159.3,181,3.3,2641,6.2,4.3,1405,Gaming
U01112,56,Other,Pune,Xiaomi,Android,4.3,47.4,97.6,174,3.8,1091,2.8,4.6,213,Education
U01113,16,Male,Lucknow,Vivo,iOS,11.0,43.3,108.4,77,1.3,1297,6.5,2.9,1156,Social Media
U01114,16,Male,Lucknow,Samsung,iOS,5.7,47.3,277.7,95,4.1,622,1.7,0.3,653,Entertainment
U01115,20,Female,Bangalore,OnePlus,iOS,1.5,4.8,247.7,73,4.6,2225,5.5,3.8,659,Entertainment
U01116,24,Female,Pune,Realme,Android,8.7,30.6,21.9,193,0.9,8429,4.4,2.2,684,Social Media
U01117,31,Other,Mumbai,Nokia,Android,9.4,39.6,79.4,144,1.0,2691,6.5,0.3,396,Gaming
U01118,50,Female,Hyderabad,Realme,iOS,8.3,10.5,57.3,184,1.1,6312,3.9,4.7,1324,Work
U01119,35,Female,Pune,Nokia,iOS,11.2,46.2,35.1,156,1.2,7506,5.2,4.9,899,Social Media
U01120,51,Female,Hyderabad,Motorola,iOS,11.5,2.2,199.8,120,2.6,195,5.3,3.9,1265,Social Media
U01121,24,Male,Chennai,OnePlus,iOS,2.1,27.4,251.4,88,2.5,3707,2.9,1.7,1773,Entertainment
U01122,48,Other,Jaipur,Apple,Android,10.5,32.4,253.3,98,2.4,9696,1.1,0.2,231,Gaming
U01123,36,Female,Chennai,Oppo,Android,3.3,29.3,120.6,144,0.6,9804,7.1,3.2,1375,Entertainment
U01124,51,Male,Ahmedabad,Motorola,iOS,7.3,29.8,155.5,190,5.2,2863,1.9,1.4,921,Entertainment
U01125,51,Other,Chennai,Realme,iOS,11.9,8.8,271.9,82,2.6,1998,2.0,0.7,475,Social Media
U01126,54,Female,Pune,OnePlus,iOS,6.2,23.0,41.9,81,0.6,2805,5.2,0.3,313,Social Media
U01127,22,Other,Chennai,Google Pixel,Android,2.1,2.8,231.3,104,4.6,775,1.9,2.8,500,Work
U01128,27,Female,Hyderabad,Motorola,iOS,1.2,40.8,268.2,177,1.6,4624,3.8,0.6,616,Gaming
U01129,20,Male,Kolkata,Motorola,iOS,7.1,16.7,173.8,193,4.9,5764,0.7,1.2,298,Gaming
U01130,58,Male,Mumbai,Vivo,Android,6.8,22.7,94.9,14,5.2,2864,5.7,0.3,588,Education
U01131,40,Female,Jaipur,Vivo,Android,6.9,31.3,207.1,96,2.3,8678,1.0,3.0,1989,Work
U01132,23,Other,Jaipur,OnePlus,iOS,8.6,34.4,29.7,86,5.6,5497,1.2,3.5,164,Work
U01133,26,Female,Chennai,Vivo,Android,8.7,27.5,95.4,76,2.1,6211,0.8,1.9,339,Social Media
U01134,35,Male,Lucknow,Realme,Android,6.1,19.9,193.9,135,3.6,8034,3.6,0.7,612,Education
U01135,21,Male,Chennai,Realme,Android,1.7,3.6,292.7,158,0.5,4220,6.2,4.6,1378,Gaming
U01136,26,Male,Bangalore,Realme,iOS,6.9,26.3,39.8,47,2.7,1272,0.6,4.8,1496,Entertainment
U01137,49,Female,Hyderabad,Realme,Android,4.4,48.8,99.1,153,5.7,511,4.3,2.3,573,Gaming
U01138,50,Male,Hyderabad,Oppo,Android,4.6,40.2,203.8,21,3.8,409,1.9,0.9,1193,Work
U01139,51,Female,Pune,Xiaomi,Android,3.6,20.7,123.8,38,0.9,4230,3.1,4.8,786,Education
U01140,29,Other,Kolkata,Google Pixel,Android,7.6,44.4,193.4,185,3.5,3855,1.0,2.5,1289,Work
U01141,39,Male,Lucknow,Motorola,Android,10.2,16.6,116.8,168,3.7,661,7.5,0.1,1298,Work
U01142,39,Other,Mumbai,Realme,iOS,4.1,20.0,36.6,93,2.1,3943,7.0,3.5,837,Education
U01143,49,Female,Bangalore,Nokia,iOS,6.3,8.3,186.0,141,1.4,5948,4.3,3.0,1692,Education
U01144,18,Other,Lucknow,Oppo,Android,8.4,40.5,138.7,187,1.3,430,2.4,4.2,1318,Entertainment
U01145,60,Male,Ahmedabad,Oppo,Android,8.8,45.8,128.5,103,2.6,3038,1.1,1.6,381,Entertainment
U01146,58,Other,Ahmedabad,Apple,iOS,10.5,41.0,17.9,35,3.6,3342,3.6,4.0,591,Entertainment
U01147,38,Female,Mumbai,Vivo,Android,6.5,28.7,130.3,85,0.6,9596,1.0,5.0,1426,Work
U01148,24,Female,Kolkata,Vivo,iOS,10.5,26.3,25.2,166,0.8,343,4.5,3.4,532,Work
U01149,43,Other,Delhi,Realme,iOS,11.1,33.5,29.4,198,5.0,9919,3.7,2.8,1017,Work
U01150,36,Other,Pune,Google Pixel,Android,6.7,36.4,201.2,173,4.2,4144,6.5,4.1,608,Work
U01151,43,Female,Jaipur,OnePlus,iOS,1.5,14.7,212.1,88,5.0,3581,2.3,0.4,796,Entertainment
U01152,51,Male,Hyderabad,Samsung,iOS,3.7,19.7,28.2,129,3.1,8763,6.2,3.5,293,Entertainment
U01153,51,Male,Kolkata,Vivo,Android,2.9,20.7,132.9,151,0.9,1320,3.7,2.4,1467,Social Media
U01154,17,Female,Delhi,Google Pixel,iOS,9.6,49.2,190.0,198,1.7,3366,3.1,3.6,1511,Education
U01155,41,Male,Delhi,Apple,iOS,1.3,36.6,36.1,34,4.5,8476,3.3,1.5,669,Entertainment
U01156,40,Female,Delhi,Realme,iOS,1.1,5.3,27.3,95,5.4,8540,6.6,2.3,608,Entertainment
U01157,30,Female,Pune,Oppo,Android,11.2,3.4,167.5,40,5.1,6167,2.1,0.4,512,Education
U01158,29,Other,Ahmedabad,Vivo,iOS,9.9,42.2,71.3,95,5.5,5833,0.8,4.2,706,Entertainment
U01159,31,Male,Lucknow,Samsung,Android,11.6,4.8,33.4,141,1.8,1067,5.8,0.9,1155,Education
U01160,48,Male,Mumbai,Apple,Android,8.8,24.8,47.0,113,0.8,3586,4.9,4.2,416,Work
U01161,57,Female,Delhi,Motorola,Android,9.0,45.8,78.6,195,3.3,356,3.7,0.9,634,Gaming
U01162,16,Male,Pune,Vivo,iOS,11.2,38.9,178.8,52,4.6,8471,3.2,1.0,683,Education
U01163,36,Male,Jaipur,Vivo,Android,8.4,15.8,45.7,29,3.1,5634,1.9,2.6,131,Education
U01164,15,Female,Hyderabad,Oppo,Android,10.6,45.9,219.7,162,1.3,6020,3.1,1.7,1940,Work
U01165,23,Other,Bangalore,Oppo,iOS,11.2,33.4,231.2,189,4.6,774,4.6,0.8,1740,Education
U01166,33,Male,Delhi,Google Pixel,Android,2.3,29.0,72.2,36,2.9,9716,3.1,3.2,733,Gaming
U01167,48,Female,Lucknow,OnePlus,iOS,5.2,23.8,134.5,122,5.3,3230,7.8,3.5,1964,Education
U01168,37,Male,Pune,Nokia,Android,3.3,4.6,287.3,154,0.8,5132,1.1,0.5,1590,Entertainment
U01169,28,Other,Hyderabad,Xiaomi,iOS,7.1,12.6,197.0,172,4.7,6014,4.5,1.6,1853,Education
U01170,55,Male,Lucknow,Nokia,Android,2.1,46.9,190.7,113,0.5,9378,7.8,1.9,953,Social Media
U01171,39,Male,Ahmedabad,Nokia,Android,3.4,35.2,107.0,15,2.1,1742,5.1,4.5,995,Work
U01172,37,Male,Mumbai,Oppo,Android,9.0,30.6,34.7,168,2.3,3816,7.8,4.5,311,Social Media
U01173,17,Other,Kolkata,OnePlus,Android,4.3,11.0,120.0,26,5.3,7380,3.7,3.6,1128,Entertainment
U01174,57,Male,Ahmedabad,Vivo,iOS,1.9,1.1,243.5,48,2.4,7944,7.4,4.6,1388,Gaming
U01175,36,Other,Jaipur,Realme,Android,3.8,26.7,202.1,107,3.1,2275,6.7,1.2,1103,Entertainment
U01176,60,Male,Bangalore,Vivo,iOS,3.3,20.6,259.2,31,5.1,4721,3.0,4.9,1561,Work
U01177,52,Female,Mumbai,Nokia,Android,8.6,44.1,11.1,184,2.3,3359,2.3,0.7,149,Entertainment
U01178,41,Female,Chennai,Xiaomi,Android,9.6,39.5,189.1,113,1.6,7727,1.6,0.8,207,Education
U01179,22,Male,Bangalore,OnePlus,Android,2.1,41.9,228.4,120,3.3,3438,5.2,3.4,992,Education
U01180,45,Other,Hyderabad,Motorola,Android,11.4,12.6,188.4,11,4.0,3000,7.6,3.2,739,Education
U01181,48,Female,Lucknow,OnePlus,Android,3.5,4.1,295.9,189,5.6,1252,4.1,4.8,149,Education
U01182,50,Male,Lucknow,Apple,iOS,8.1,12.0,254.8,47,4.5,8138,0.9,4.2,1218,Social Media
U01183,41,Other,Ahmedabad,OnePlus,Android,2.3,5.2,279.0,154,3.8,4959,6.6,2.4,1364,Gaming
U01184,21,Female,Kolkata,Realme,iOS,1.6,48.1,57.3,91,0.9,7212,7.8,3.9,208,Social Media
U01185,45,Female,Pune,Nokia,iOS,4.8,30.4,244.4,67,3.6,5484,0.8,1.9,1418,Gaming
U01186,57,Female,Kolkata,Samsung,Android,1.7,29.0,142.9,118,2.0,363,4.6,3.9,615,Education
U01187,28,Female,Ahmedabad,Xiaomi,Android,8.6,25.3,15.3,65,3.4,7280,4.5,3.9,1169,Work
U01188,49,Male,Chennai,OnePlus,iOS,8.1,1.9,14.8,64,4.0,5301,2.6,3.5,1798,Education
U01189,38,Male,Kolkata,Oppo,iOS,3.1,7.7,128.5,187,2.9,343,3.5,4.8,883,Gaming
U01190,56,Male,Delhi,Motorola,Android,1.0,3.8,51.9,84,4.5,4754,6.2,3.7,688,Education
U01191,28,Other,Mumbai,Realme,iOS,3.4,6.8,256.1,195,4.5,4095,7.4,1.7,1227,Gaming
U01192,58,Other,Kolkata,Apple,iOS,9.6,29.9,189.9,85,3.8,8975,4.3,1.7,1118,Gaming
U01193,48,Female,Jaipur,Vivo,Android,7.1,24.0,106.3,182,0.7,8460,2.9,2.1,879,Education
U01194,17,Male,Pune,Nokia,iOS,10.7,47.5,120.0,114,5.5,7712,5.4,2.0,1687,Work
U01195,18,Other,Jaipur,Oppo,iOS,1.6,48.8,47.5,20,2.0,1045,1.4,0.5,906,Entertainment
U01196,51,Other,Bangalore,Apple,iOS,8.0,18.7,298.1,173,1.6,3951,6.3,3.9,395,Gaming
U01197,36,Other,Pune,Motorola,Android,8.1,25.0,227.2,173,3.9,7729,0.8,3.1,113,Gaming
U01198,21,Other,Bangalore,Nokia,Android,5.5,37.3,43.6,63,0.6,7099,0.7,1.3,975,Work
U01199,35,Male,Lucknow,Vivo,iOS,9.0,16.0,54.6,108,5.5,7903,7.1,0.7,279,Education
U01200,48,Other,Lucknow,Google Pixel,Android,5.8,44.9,95.9,47,3.2,8263,4.8,4.6,688,Gaming
U01201,58,Other,Jaipur,Motorola,iOS,2.8,48.5,61.0,80,5.4,1709,7.6,0.1,912,Education
U01202,59,Female,Lucknow,Realme,iOS,2.2,48.8,102.0,145,2.4,3101,6.7,1.9,1333,Education
U01203,46,Male,Lucknow,Vivo,Android,7.2,11.6,105.3,180,2.1,9162,6.7,1.1,762,Gaming
U01204,51,Female,Ahmedabad,Motorola,Android,10.6,40.0,134.0,98,3.5,2628,1.3,4.2,1900,Work
U01205,52,Other,Jaipur,Motorola,Android,5.2,11.5,42.8,127,5.3,2533,3.4,3.3,1262,Gaming
U01206,33,Male,Ahmedabad,Vivo,iOS,4.8,48.7,110.6,148,3.8,7754,5.2,4.6,1627,Entertainment
U01207,60,Other,Delhi,Motorola,iOS,11.9,47.3,98.5,169,4.0,908,6.4,4.3,1542,Social Media
U01208,42,Other,Mumbai,Samsung,Android,3.2,20.6,124.8,129,3.9,330,4.1,4.5,1400,Entertainment
U01209,44,Female,Hyderabad,Samsung,Android,8.5,42.1,256.0,110,2.7,5974,3.3,4.7,1018,Social Media
U01210,57,Other,Bangalore,Xiaomi,iOS,4.8,5.0,34.5,30,4.1,5239,2.5,2.3,1234,Entertainment
U01211,35,Other,Chennai,Oppo,Android,5.6,17.2,143.9,188,4.9,4689,1.3,1.6,416,Education
U01212,44,Other,Jaipur,OnePlus,Android,9.4,2.5,271.6,51,3.3,5163,2.6,3.7,1696,Education
U01213,37,Female,Pune,Samsung,iOS,6.1,26.9,165.8,40,2.8,9491,6.3,1.9,1078,Social Media
U01214,43,Female,Mumbai,Oppo,iOS,7.9,34.6,223.1,155,4.6,8004,4.9,0.1,1894,Entertainment
U01215,26,Male,Lucknow,OnePlus,Android,11.9,22.2,140.4,51,1.4,5516,5.9,1.5,1850,Work
U01216,59,Male,Jaipur,Google Pixel,iOS,2.6,38.2,21.2,138,2.2,8081,2.4,1.0,1273,Work
U01217,15,Other,Jaipur,Xiaomi,iOS,7.6,4.0,205.9,30,3.5,6272,6.0,1.0,330,Education
U01218,39,Male,Hyderabad,Vivo,Android,8.6,35.5,109.6,138,1.9,5141,3.7,0.0,1160,Gaming
U01219,46,Female,Mumbai,Google Pixel,Android,3.8,2.2,127.0,109,2.3,2745,7.1,1.7,822,Work
U01220,38,Male,Lucknow,Nokia,iOS,10.4,43.1,223.7,168,3.0,5079,5.5,3.2,1591,Social Media
U01221,36,Female,Chennai,Oppo,iOS,2.4,7.9,194.2,39,1.2,8179,7.0,3.8,1778,Education
U01222,21,Female,Pune,OnePlus,Android,11.0,48.6,18.3,23,3.2,5019,3.2,0.6,1471,Entertainment
U01223,57,Other,Chennai,OnePlus,iOS,7.3,31.4,182.9,15,5.0,6188,6.6,3.2,261,Education
U01224,47,Other,Kolkata,Google Pixel,Android,9.5,49.8,14.5,90,3.5,7240,6.3,1.5,898,Education
U01225,37,Other,Hyderabad,Realme,iOS,9.0,42.7,273.2,35,0.6,7568,3.6,3.4,1112,Work
U01226,42,Male,Lucknow,Apple,Android,11.7,40.2,295.5,154,3.6,365,6.6,1.7,292,Entertainment
U01227,58,Female,Kolkata,Vivo,Android,6.9,31.4,203.4,63,0.7,669,6.2,2.4,459,Education
U01228,44,Male,Delhi,Oppo,Android,7.6,28.0,17.4,118,1.2,7805,6.6,3.3,273,Entertainment
U01229,37,Female,Mumbai,Motorola,Android,4.1,22.0,272.8,127,0.7,8219,1.8,4.5,756,Work
U01230,15,Other,Hyderabad,Vivo,iOS,10.8,25.7,178.1,140,5.4,1764,1.7,4.6,677,Education
U01231,23,Female,Delhi,Oppo,Android,4.2,38.1,34.1,73,1.8,1085,1.1,3.1,356,Work
U01232,25,Other,Mumbai,OnePlus,Android,8.4,9.6,175.6,55,5.8,5166,7.5,2.7,1949,Gaming
U01233,56,Other,Bangalore,Oppo,Android,7.1,30.6,160.2,81,2.3,2542,7.5,0.1,552,Education
U01234,27,Female,Bangalore,Nokia,iOS,11.0,1.9,121.8,43,3.6,301,2.2,0.7,339,Work
U01235,38,Other,Lucknow,Google Pixel,iOS,7.6,30.4,18.0,176,0.7,8849,2.1,2.2,1337,Work
U01236,56,Other,Delhi,Realme,Android,11.4,42.0,223.3,128,2.2,8450,3.5,0.2,891,Work
U01237,58,Male,Kolkata,Samsung,iOS,6.6,35.1,282.7,189,1.6,9016,5.1,0.1,1631,Social Media
U01238,39,Other,Jaipur,Apple,Android,7.4,38.2,187.7,188,4.7,9485,7.3,0.3,1199,Education
U01239,40,Other,Jaipur,Google Pixel,Android,12.0,4.1,59.9,38,3.3,4020,3.5,1.8,1562,Gaming
U01240,49,Male,Hyderabad,Vivo,Android,7.2,36.3,242.2,134,5.0,1877,7.3,1.8,921,Gaming
U01241,39,Other,Lucknow,Oppo,Android,5.6,34.0,240.9,55,3.3,3378,2.2,1.5,970,Social Media
U01242,33,Female,Mumbai,Vivo,iOS,1.9,20.5,164.9,138,5.7,447,5.0,4.9,896,Work
U01243,28,Female,Kolkata,Motorola,iOS,9.4,22.5,121.0,133,4.8,9199,5.1,2.9,1067,Social Media
U01244,48,Female,Kolkata,Vivo,Android,6.7,28.5,41.9,28,0.9,9476,3.8,3.1,212,Work
U01245,42,Male,Bangalore,Nokia,Android,5.2,33.4,105.0,116,4.1,7755,5.9,1.9,659,Entertainment
U01246,56,Male,Mumbai,OnePlus,iOS,11.4,42.0,30.9,178,5.6,2408,4.2,4.5,1201,Entertainment
U01247,33,Female,Kolkata,Xiaomi,Android,2.5,4.8,11.0,187,1.5,1666,0.6,2.5,1267,Work
U01248,29,Female,Mumbai,Realme,Android,7.2,23.2,68.5,170,5.9,2605,1.4,1.4,739,Education
U01249,33,Male,Delhi,Google Pixel,iOS,4.3,16.3,85.6,70,1.0,5995,6.5,4.2,447,Work
U01250,26,Male,Pune,Apple,Android,4.0,25.8,84.7,154,3.5,5906,1.1,2.5,1802,Gaming
U01251,47,Female,Mumbai,Oppo,iOS,8.0,3.0,112.1,113,2.3,6672,3.9,4.7,1176,Social Media
U01252,21,Female,Bangalore,Xiaomi,iOS,7.5,1.8,250.8,69,6.0,2098,7.0,2.8,1428,Social Media
U01253,16,Female,Hyderabad,Google Pixel,iOS,4.6,15.8,274.7,150,5.1,5419,3.2,2.9,476,Entertainment
U01254,47,Female,Hyderabad,Apple,iOS,9.2,47.4,273.0,22,4.7,2572,4.9,0.6,979,Entertainment
U01255,23,Male,Ahmedabad,Vivo,Android,8.4,23.3,175.5,113,4.3,1655,7.4,1.0,942,Work
U01256,25,Male,Kolkata,Apple,Android,9.5,46.1,285.9,58,1.0,8415,4.1,2.9,517,Education
U01257,55,Male,Kolkata,Realme,Android,2.5,13.4,79.2,155,4.8,2926,3.7,1.3,968,Entertainment
U01258,40,Other,Mumbai,OnePlus,iOS,4.2,19.9,196.0,16,5.0,1812,4.6,4.1,1836,Work
U01259,51,Male,Jaipur,Realme,Android,10.6,40.0,216.4,49,1.8,3287,1.0,2.9,1714,Social Media
U01260,24,Female,Hyderabad,Xiaomi,Android,3.5,40.2,180.7,34,3.1,9217,3.6,2.5,792,Gaming
U01261,21,Male,Pune,Xiaomi,iOS,9.6,43.5,20.5,153,5.0,1822,3.1,1.5,173,Work
U01262,15,Female,Chennai,Google Pixel,iOS,8.2,48.5,293.4,53,2.8,7615,2.2,1.6,391,Entertainment
U01263,40,Female,Jaipur,Motorola,iOS,4.1,33.8,9.7,74,1.8,2386,1.4,2.8,621,Gaming
U01264,42,Female,Kolkata,Oppo,Android,8.0,44.1,233.3,38,1.3,1611,7.3,0.2,1986,Social Media
U01265,47,Other,Ahmedabad,Xiaomi,iOS,6.9,47.5,141.3,156,2.6,2182,5.3,3.2,975,Education
U01266,50,Male,Kolkata,OnePlus,Android,7.0,15.7,34.1,30,5.8,5121,7.2,2.3,1322,Entertainment
U01267,19,Male,Delhi,Apple,iOS,3.1,4.2,220.6,169,1.3,6328,0.5,4.1,1874,Entertainment
U01268,20,Female,Ahmedabad,Xiaomi,iOS,4.4,49.3,57.2,40,4.4,8490,2.6,0.9,1012,Gaming
U01269,50,Female,Kolkata,Oppo,Android,7.6,47.9,269.5,133,0.8,9019,0.7,2.6,554,Gaming
U01270,38,Female,Pune,OnePlus,iOS,2.6,13.0,50.6,53,4.1,7181,1.2,1.0,474,Gaming
U01271,29,Female,Delhi,Vivo,Android,3.1,37.9,248.8,100,3.7,2174,1.9,2.0,847,Entertainment
U01272,37,Female,Ahmedabad,Realme,iOS,11.4,39.9,121.5,94,4.9,849,3.1,3.9,387,Gaming
U01273,48,Other,Chennai,Samsung,iOS,7.7,12.6,112.3,53,5.6,8745,3.1,0.1,308,Work
U01274,34,Male,Kolkata,Xiaomi,Android,5.3,24.8,104.9,80,2.3,6308,3.8,3.3,1528,Social Media
U01275,50,Male,Pune,Nokia,Android,4.0,42.3,98.2,77,3.0,5085,4.3,4.2,136,Gaming
U01276,16,Female,Kolkata,Vivo,iOS,7.8,27.8,110.5,92,1.1,6366,1.8,0.2,1477,Work
U01277,51,Male,Ahmedabad,OnePlus,Android,2.6,31.9,8.5,113,5.6,1513,5.0,3.5,511,Entertainment
U01278,59,Male,Chennai,Motorola,iOS,3.3,5.8,121.9,140,4.0,2576,7.1,3.3,524,Gaming
U01279,46,Male,Delhi,Google Pixel,iOS,11.3,15.7,66.8,62,4.5,6381,1.9,4.7,1302,Gaming
U01280,32,Male,Lucknow,Motorola,iOS,4.3,28.8,282.2,127,5.2,9062,8.0,3.4,1889,Education
U01281,18,Female,Bangalore,Google Pixel,Android,10.6,42.9,207.4,183,5.0,4881,7.5,0.4,1030,Gaming
U01282,24,Male,Bangalore,Xiaomi,iOS,7.5,15.5,257.1,91,0.7,3047,3.5,0.8,487,Social Media
U01283,47,Female,Kolkata,Nokia,iOS,10.8,22.2,99.3,96,2.0,4608,2.5,2.8,1273,Gaming
U01284,49,Female,Mumbai,Motorola,Android,11.2,37.2,66.0,104,3.5,4069,3.4,2.6,872,Education
U01285,50,Male,Delhi,Apple,iOS,9.9,23.6,28.7,163,3.6,9913,5.9,4.0,1793,Work
U01286,16,Female,Delhi,Realme,iOS,2.3,14.4,115.1,172,5.2,1150,7.0,1.9,1570,Entertainment
U01287,20,Other,Delhi,Xiaomi,iOS,8.4,27.8,202.9,24,4.0,7174,2.6,5.0,249,Education
U01288,30,Other,Bangalore,OnePlus,iOS,5.2,32.7,291.9,62,3.9,4297,6.3,3.1,1300,Gaming
U01289,52,Male,Chennai,Vivo,Android,6.0,20.2,161.5,47,1.3,7541,2.2,2.3,899,Entertainment
U01290,34,Other,Hyderabad,Realme,iOS,7.7,43.1,196.5,46,4.1,2950,3.6,1.5,876,Education
U01291,40,Other,Lucknow,Apple,Android,5.4,17.5,95.4,192,3.2,850,3.4,3.4,165,Education
U01292,57,Other,Lucknow,Google Pixel,iOS,6.5,37.8,176.1,148,4.0,7497,5.9,4.2,736,Work
U01293,25,Other,Hyderabad,Realme,Android,2.2,37.4,296.4,200,5.7,3141,4.6,2.3,1381,Gaming
U01294,30,Other,Pune,OnePlus,Android,8.2,18.6,79.7,175,1.1,4539,3.4,1.4,697,Work
U01295,18,Other,Bangalore,Samsung,Android,9.6,9.7,272.4,66,3.8,4152,2.9,4.4,1154,Education
U01296,33,Other,Kolkata,Motorola,iOS,9.8,40.0,241.0,159,0.8,635,3.8,2.9,301,Education
U01297,38,Other,Delhi,Samsung,iOS,6.5,11.8,205.3,41,5.4,8821,7.8,0.7,671,Gaming
U01298,18,Female,Kolkata,Xiaomi,iOS,10.2,48.6,227.9,45,2.1,4620,2.3,2.7,511,Gaming
U01299,31,Male,Mumbai,Samsung,iOS,2.7,48.3,282.5,181,5.0,6426,5.9,4.0,598,Entertainment
U01300,23,Male,Pune,Realme,iOS,6.0,48.2,36.2,119,1.7,5885,1.1,3.2,1472,Social Media
U01301,59,Other,Bangalore,Vivo,iOS,11.3,41.1,232.7,169,2.0,9265,1.8,0.9,1609,Education
U01302,20,Male,Kolkata,Realme,iOS,4.3,35.3,39.5,31,3.1,3975,2.7,4.7,1227,Entertainment
U01303,16,Female,Chennai,Samsung,Android,6.8,35.4,224.9,147,5.1,6898,0.9,1.1,1203,Entertainment
U01304,19,Female,Ahmedabad,Oppo,iOS,8.5,48.7,148.2,100,2.6,2880,4.1,4.0,1176,Social Media
U01305,58,Male,Chennai,Apple,iOS,4.4,8.5,246.9,98,0.6,3404,5.7,1.2,912,Work
U01306,50,Female,Kolkata,Realme,iOS,10.5,3.3,110.8,184,1.8,2875,7.9,2.0,733,Education
U01307,58,Male,Hyderabad,Nokia,iOS,5.9,16.7,38.8,126,4.9,3069,7.2,2.7,1951,Gaming
U01308,15,Male,Delhi,Xiaomi,iOS,5.4,28.6,188.7,190,3.6,2384,5.6,0.5,1669,Gaming
U01309,50,Female,Hyderabad,Motorola,Android,8.0,38.8,172.8,165,1.2,4008,7.0,1.9,302,Education
U01310,15,Male,Hyderabad,Vivo,Android,10.6,29.2,153.8,23,3.3,2324,2.7,4.2,204,Entertainment
U01311,49,Male,Delhi,Motorola,Android,4.3,44.0,158.4,51,2.7,3803,7.3,0.8,1492,Social Media
U01312,49,Female,Mumbai,Google Pixel,iOS,1.8,17.5,74.1,107,3.3,179,0.7,0.5,894,Education
U01313,53,Female,Lucknow,Vivo,Android,4.8,46.9,123.3,50,4.1,3492,2.5,3.5,378,Gaming
U01314,22,Other,Pune,Realme,iOS,4.8,38.9,183.1,13,1.9,4444,6.0,4.3,1339,Work
U01315,56,Other,Hyderabad,Motorola,Android,6.9,29.2,162.3,134,1.0,4453,1.4,2.8,926,Entertainment
U01316,44,Female,Jaipur,Nokia,Android,1.9,2.5,227.7,97,5.2,3979,7.0,1.4,251,Gaming
U01317,16,Female,Kolkata,Samsung,iOS,1.7,9.5,202.5,155,1.1,1166,5.2,0.3,362,Education
U01318,21,Other,Bangalore,Nokia,iOS,2.2,2.1,221.1,60,5.6,5750,2.0,4.3,1843,Entertainment
U01319,55,Male,Mumbai,Nokia,iOS,5.6,6.5,270.9,79,1.4,6287,3.1,4.1,1298,Gaming
U01320,60,Female,Mumbai,Xiaomi,iOS,8.3,6.6,299.1,154,4.9,6004,7.3,0.1,1734,Work
U01321,16,Other,Lucknow,Motorola,Android,5.5,20.8,18.9,145,3.3,9636,1.9,0.4,489,Education
U01322,42,Female,Chennai,Xiaomi,iOS,8.2,43.2,83.9,43,4.0,4676,1.2,0.4,1965,Entertainment
U01323,32,Other,Ahmedabad,Google Pixel,Android,4.7,34.6,271.6,78,2.5,4240,7.3,1.6,1512,Social Media
U01324,60,Other,Ahmedabad,OnePlus,Android,7.4,39.9,204.3,85,2.7,9040,5.3,3.3,1763,Entertainment
U01325,47,Other,Mumbai,Google Pixel,Android,11.1,16.1,204.5,37,3.8,6135,4.8,3.0,1383,Gaming
U01326,34,Female,Pune,Realme,iOS,9.4,49.8,119.3,108,1.1,6859,2.9,0.2,925,Work
U01327,38,Other,Pune,Nokia,Android,9.3,10.3,247.8,99,5.4,8228,0.9,4.2,1364,Education
U01328,30,Male,Jaipur,Realme,Android,11.4,30.4,16.2,89,1.4,7421,0.5,2.5,785,Social Media
U01329,58,Male,Pune,Xiaomi,Android,4.4,18.0,5.2,191,3.7,795,2.0,2.7,989,Education
U01330,22,Female,Delhi,Samsung,iOS,10.6,49.9,19.3,65,3.0,4486,7.5,2.4,1063,Work
U01331,17,Male,Mumbai,Apple,iOS,5.3,34.9,137.4,87,2.6,1822,1.8,3.5,1992,Entertainment
U01332,29,Male,Lucknow,Google Pixel,iOS,9.8,8.5,161.2,187,5.3,8304,2.2,3.6,1728,Entertainment
U01333,55,Female,Lucknow,Motorola,iOS,2.2,42.3,195.7,130,4.9,937,5.5,2.5,1107,Work
U01334,49,Male,Mumbai,Apple,Android,9.7,29.8,228.8,172,5.3,9513,4.0,4.9,1588,Gaming
U01335,42,Male,Pune,Vivo,iOS,2.5,37.8,81.3,43,5.6,9129,6.3,1.5,1960,Work
U01336,25,Other,Chennai,Motorola,iOS,3.1,43.5,55.8,36,1.0,5656,5.7,0.5,476,Gaming
U01337,50,Other,Ahmedabad,Apple,Android,4.8,16.8,84.2,152,4.8,4842,3.6,4.6,1279,Entertainment
U01338,41,Other,Lucknow,Xiaomi,iOS,7.2,43.4,292.6,111,4.6,903,8.0,3.0,1953,Entertainment
U01339,36,Female,Mumbai,Samsung,iOS,4.5,3.7,26.5,68,1.8,168,1.3,2.8,733,Education
U01340,52,Other,Kolkata,Vivo,iOS,2.4,18.7,134.6,111,4.3,6182,7.6,2.0,600,Gaming
U01341,15,Female,Ahmedabad,Realme,iOS,8.1,20.2,17.3,69,3.3,9858,3.6,1.3,1724,Entertainment
U01342,34,Other,Mumbai,Oppo,iOS,10.2,24.6,15.3,190,2.8,7872,3.8,2.2,937,Social Media
U01343,33,Female,Hyderabad,Xiaomi,iOS,7.6,32.7,62.9,77,3.9,7152,7.7,0.1,1137,Social Media
U01344,46,Female,Delhi,Samsung,Android,4.5,41.3,85.0,53,5.9,7426,0.5,1.0,337,Work
U01345,51,Other,Hyderabad,Samsung,Android,8.0,13.1,155.3,92,3.4,6900,7.3,3.2,795,Work
U01346,22,Male,Mumbai,Xiaomi,Android,4.1,49.0,188.2,131,3.3,3898,2.0,4.3,1563,Social Media
U01347,49,Female,Mumbai,Realme,Android,7.9,26.2,202.6,192,1.2,8539,1.9,1.6,1178,Work
U01348,19,Female,Bangalore,Apple,iOS,5.9,26.6,55.8,82,1.2,4804,4.3,2.4,1754,Gaming
U01349,58,Male,Pune,Realme,Android,6.6,36.2,226.3,102,5.4,1372,6.9,3.4,1745,Social Media
U01350,35,Other,Mumbai,Motorola,Android,1.6,43.1,138.9,145,5.5,4459,2.1,2.3,1932,Work
U01351,44,Male,Hyderabad,Samsung,iOS,3.3,11.9,195.0,128,2.5,1382,1.6,1.7,736,Education
U01352,44,Male,Pune,Samsung,iOS,3.8,32.7,217.4,188,1.1,506,5.5,3.7,682,Work
U01353,19,Male,Mumbai,Vivo,iOS,7.7,22.6,270.5,50,3.2,7902,1.6,2.4,1763,Work
U01354,38,Female,Jaipur,Nokia,iOS,3.8,32.4,29.7,41,2.6,4246,5.8,0.0,1510,Gaming
U01355,19,Other,Chennai,Samsung,Android,6.3,48.2,114.0,173,4.1,6804,5.1,0.5,1600,Social Media
U01356,48,Female,Mumbai,Apple,Android,9.9,7.2,75.0,13,0.8,1364,4.7,4.2,393,Social Media
U01357,51,Other,Lucknow,OnePlus,iOS,11.0,13.0,153.7,189,2.2,2950,3.3,3.9,481,Gaming
U01358,21,Female,Chennai,Motorola,Android,3.1,22.8,270.1,144,1.8,2415,0.6,2.2,928,Education
U01359,46,Female,Delhi,OnePlus,Android,10.6,43.8,198.5,151,1.7,6848,4.5,2.6,1862,Education
U01360,60,Female,Jaipur,Apple,iOS,2.9,10.7,196.5,132,4.9,8693,5.3,0.1,969,Entertainment
U01361,31,Male,Lucknow,Apple,iOS,3.4,36.1,140.4,35,4.8,3564,1.9,1.1,1680,Gaming
U01362,25,Other,Mumbai,OnePlus,iOS,3.8,22.8,68.8,161,0.6,3167,4.4,2.5,1474,Education
U01363,53,Other,Kolkata,Google Pixel,Android,2.5,9.5,246.5,49,4.9,309,4.2,0.5,1397,Education
U01364,19,Male,Mumbai,Vivo,iOS,8.5,18.4,149.0,79,1.7,9031,7.7,3.4,1985,Gaming
U01365,19,Male,Lucknow,Motorola,iOS,9.7,14.5,137.0,82,1.6,6491,3.3,0.4,1936,Entertainment
U01366,39,Other,Delhi,Nokia,Android,11.4,47.2,246.2,97,2.1,9160,7.4,2.5,1684,Education
U01367,41,Female,Kolkata,Nokia,iOS,1.7,18.6,255.7,88,3.5,8315,1.4,1.5,954,Social Media
U01368,29,Other,Lucknow,Motorola,iOS,2.2,47.3,66.2,144,2.0,1155,3.2,0.9,672,Gaming
U01369,54,Male,Ahmedabad,OnePlus,iOS,3.9,41.0,155.3,190,3.9,8097,7.1,4.3,793,Social Media
U01370,32,Male,Hyderabad,Google Pixel,Android,8.4,29.2,81.1,140,3.8,4964,4.8,3.6,1629,Social Media
U01371,21,Female,Jaipur,Xiaomi,Android,5.2,20.6,162.5,34,1.2,4709,5.8,2.0,1903,Education
U01372,59,Male,Bangalore,Vivo,Android,2.6,25.6,153.0,66,2.1,1220,7.1,0.7,904,Education
U01373,26,Male,Ahmedabad,Apple,Android,2.6,39.9,46.0,187,2.5,5012,7.9,3.2,1108,Work
U01374,51,Female,Mumbai,Xiaomi,iOS,2.2,1.6,230.1,87,5.1,3769,6.3,3.3,1126,Social Media
U01375,42,Male,Jaipur,Nokia,Android,12.0,20.7,99.6,80,4.1,5529,4.3,3.8,102,Social Media
U01376,22,Male,Bangalore,Google Pixel,iOS,1.7,15.3,104.7,78,4.7,2942,1.9,0.1,1662,Gaming
U01377,17,Male,Mumbai,OnePlus,iOS,11.6,26.7,279.5,37,2.0,5200,6.5,0.8,1234,Social Media
U01378,38,Male,Delhi,Apple,iOS,3.9,7.2,138.9,101,1.0,2419,4.3,1.4,1839,Social Media
U01379,17,Male,Bangalore,Vivo,iOS,2.1,38.0,114.9,176,1.5,4269,2.8,0.4,1318,Work
U01380,19,Other,Jaipur,Xiaomi,iOS,8.3,37.7,28.2,129,4.2,5994,4.0,3.7,404,Social Media
U01381,52,Other,Pune,Nokia,iOS,3.2,9.9,6.0,165,1.5,906,1.0,1.5,838,Social Media
U01382,57,Female,Pune,Apple,iOS,4.6,26.9,134.5,194,1.2,9842,2.5,4.6,1903,Education
U01383,55,Male,Bangalore,Nokia,iOS,8.2,16.9,198.2,187,2.6,5821,4.3,2.1,1071,Education
U01384,44,Other,Jaipur,Google Pixel,iOS,4.0,11.6,130.1,165,3.2,9623,6.5,1.7,707,Work
U01385,16,Other,Hyderabad,Google Pixel,iOS,10.8,28.8,210.3,26,4.8,6539,4.3,4.8,267,Work
U01386,34,Other,Bangalore,Oppo,iOS,6.9,14.4,86.6,199,5.7,9959,3.7,3.2,614,Gaming
U01387,55,Other,Hyderabad,Apple,Android,5.8,3.2,168.6,67,3.5,7214,4.3,1.3,954,Education
U01388,17,Male,Delhi,OnePlus,Android,11.1,3.0,214.9,76,5.0,6248,0.6,3.1,1396,Entertainment
U01389,55,Male,Chennai,Google Pixel,iOS,6.9,4.5,51.6,50,0.6,8958,2.2,4.5,518,Entertainment
U01390,29,Male,Bangalore,Vivo,Android,3.8,22.8,285.7,121,5.3,8469,2.3,1.3,1367,Work
U01391,40,Female,Kolkata,Samsung,Android,7.1,13.4,145.1,60,4.6,8166,7.8,0.7,1855,Work
U01392,27,Female,Kolkata,Google Pixel,iOS,8.8,26.2,173.3,84,2.9,253,5.3,3.8,1223,Entertainment
U01393,19,Other,Lucknow,Apple,Android,7.6,40.5,196.3,150,5.0,2841,4.8,0.8,1417,Gaming
U01394,46,Female,Kolkata,Realme,iOS,6.5,3.2,24.2,131,1.3,5731,3.8,3.9,1333,Work
U01395,18,Other,Bangalore,Vivo,iOS,8.9,48.2,156.1,17,4.4,5252,7.5,0.4,1077,Education
U01396,41,Male,Delhi,Samsung,iOS,6.7,1.5,128.0,116,5.6,7815,4.4,3.1,124,Education
U01397,20,Female,Jaipur,Vivo,iOS,7.0,15.1,150.5,172,0.6,8968,4.9,3.4,1115,Gaming
U01398,55,Other,Delhi,Oppo,Android,5.2,35.7,282.2,66,4.1,5507,3.9,1.4,292,Gaming
U01399,57,Male,Mumbai,Apple,iOS,9.0,27.3,121.5,169,4.8,7478,3.3,4.9,1689,Entertainment
U01400,16,Other,Kolkata,Vivo,Android,11.6,33.2,282.2,122,2.2,7013,3.5,3.7,531,Social Media
U01401,42,Other,Chennai,Nokia,iOS,11.0,22.4,203.8,58,1.7,7986,4.0,3.0,528,Education
U01402,60,Female,Bangalore,Apple,iOS,5.9,25.0,226.0,37,4.8,6289,3.3,0.4,588,Gaming
U01403,21,Other,Delhi,Nokia,iOS,10.9,35.0,109.9,126,4.7,1581,0.7,0.1,1516,Entertainment
U01404,21,Other,Ahmedabad,Xiaomi,Android,6.3,42.8,29.7,162,1.1,866,5.6,2.5,1373,Social Media
U01405,34,Female,Lucknow,Nokia,Android,11.5,36.5,260.4,198,1.8,5556,6.1,4.7,384,Work
U01406,55,Male,Mumbai,Realme,Android,9.5,20.3,124.3,188,2.0,4905,7.5,3.7,1503,Work
U01407,36,Female,Lucknow,Vivo,iOS,4.7,47.5,41.2,120,4.9,1300,3.3,1.1,1626,Education
U01408,26,Male,Pune,Nokia,Android,11.5,25.1,109.8,115,1.1,9342,4.6,2.0,632,Education
U01409,21,Male,Ahmedabad,Nokia,iOS,6.9,37.0,20.4,111,1.1,5660,4.1,4.6,1925,Entertainment
U01410,40,Male,Chennai,Vivo,Android,8.4,8.7,112.8,150,3.7,7732,1.7,3.2,1903,Gaming
U01411,50,Other,Lucknow,Oppo,Android,1.7,14.1,167.6,32,1.9,5635,1.5,3.3,820,Education
U01412,49,Male,Mumbai,Apple,iOS,3.8,44.7,193.0,87,5.6,4973,5.7,4.7,1121,Social Media
U01413,20,Other,Chennai,Realme,Android,11.2,28.0,298.2,138,5.0,7177,3.7,4.3,1446,Social Media
U01414,17,Other,Pune,OnePlus,iOS,11.0,8.0,53.0,178,3.7,7811,4.5,1.8,716,Social Media
U01415,60,Other,Jaipur,Apple,Android,2.4,15.7,24.8,183,5.8,6741,1.6,3.1,1320,Gaming
U01416,50,Male,Kolkata,Realme,iOS,6.2,29.2,100.2,20,0.7,9751,7.4,4.8,1705,Entertainment
U01417,54,Female,Ahmedabad,Nokia,Android,1.8,27.9,63.3,190,3.5,4070,4.6,4.1,393,Education
U01418,42,Female,Pune,Motorola,Android,11.7,48.5,54.1,142,2.2,3252,1.4,1.8,994,Work
U01419,39,Female,Hyderabad,Realme,iOS,9.8,36.9,144.5,188,1.1,2460,5.4,0.2,615,Education
U01420,40,Male,Ahmedabad,Samsung,Android,3.2,9.6,279.7,71,4.4,6935,2.3,3.6,922,Work
U01421,31,Other,Chennai,Oppo,Android,11.4,41.5,124.4,51,5.2,6923,2.6,4.3,1267,Education
U01422,16,Male,Ahmedabad,OnePlus,iOS,5.7,47.3,244.3,31,3.8,9774,5.5,0.9,130,Gaming
U01423,31,Female,Bangalore,Motorola,Android,1.2,28.8,271.4,173,2.4,7858,6.9,2.0,1708,Education
U01424,60,Male,Mumbai,Xiaomi,iOS,4.8,6.4,63.3,59,1.1,742,7.9,1.8,143,Education
U01425,25,Female,Jaipur,Nokia,iOS,3.8,19.3,160.3,90,4.1,4456,4.3,1.6,1818,Entertainment
U01426,25,Other,Delhi,Samsung,iOS,7.2,32.3,279.6,138,2.1,5848,5.8,2.5,1577,Entertainment
U01427,26,Other,Delhi,Samsung,iOS,2.3,19.6,93.8,158,5.0,1093,7.9,0.8,638,Gaming
U01428,25,Other,Chennai,Motorola,iOS,1.1,30.2,200.7,69,4.2,9206,5.6,1.3,867,Social Media
U01429,47,Other,Jaipur,Motorola,Android,11.9,37.3,8.0,164,2.1,4709,3.4,4.6,303,Entertainment
U01430,36,Other,Bangalore,Apple,iOS,8.5,47.9,24.0,145,5.0,6588,7.4,3.8,913,Gaming
U01431,16,Female,Delhi,Xiaomi,iOS,5.4,41.5,273.5,72,2.5,2222,4.8,3.9,1796,Social Media
U01432,34,Female,Delhi,Realme,iOS,8.3,33.1,153.9,29,4.2,6722,3.0,3.7,954,Gaming
U01433,43,Female,Ahmedabad,Samsung,Android,3.0,16.7,192.4,87,1.3,6277,2.6,4.4,851,Entertainment
U01434,41,Female,Jaipur,Xiaomi,iOS,6.6,37.4,215.9,102,5.9,9454,5.9,1.2,1665,Social Media
U01435,38,Other,Lucknow,Motorola,iOS,1.7,3.0,231.6,66,2.0,5289,0.9,4.1,1338,Social Media
U01436,16,Female,Delhi,OnePlus,iOS,1.7,44.8,216.2,95,1.0,5625,0.8,1.4,702,Work
U01437,40,Other,Jaipur,Xiaomi,Android,7.6,43.2,55.7,69,2.2,9410,5.4,4.6,1420,Gaming
U01438,21,Other,Delhi,Samsung,Android,6.4,39.8,117.4,25,5.2,2907,3.3,5.0,517,Social Media
U01439,47,Female,Mumbai,Oppo,iOS,5.3,42.0,20.6,33,4.2,3244,5.2,3.5,147,Entertainment
U01440,30,Male,Hyderabad,Apple,Android,8.7,21.3,157.1,97,2.5,440,2.0,3.4,200,Entertainment
U01441,36,Female,Mumbai,Google Pixel,Android,8.9,41.1,247.2,127,3.8,999,7.6,0.8,1087,Entertainment
U01442,54,Male,Lucknow,Motorola,Android,3.6,30.1,285.8,45,2.3,4919,1.5,2.2,1869,Gaming
U01443,24,Other,Hyderabad,Xiaomi,iOS,2.4,16.0,284.6,198,6.0,9680,1.0,4.0,1917,Work
U01444,45,Male,Pune,Samsung,Android,9.9,12.8,188.2,132,4.0,8431,4.9,3.1,1431,Education
U01445,28,Male,Ahmedabad,Nokia,iOS,8.2,44.9,288.9,25,5.7,923,1.8,3.2,1500,Gaming
U01446,47,Male,Hyderabad,Nokia,iOS,1.5,2.6,213.7,30,4.3,7565,2.6,2.7,492,Social Media
U01447,35,Other,Ahmedabad,Google Pixel,Android,6.5,41.5,56.9,112,2.7,793,5.0,4.8,1118,Gaming
U01448,40,Female,Mumbai,Google Pixel,iOS,8.7,26.6,42.3,105,4.7,3320,1.6,1.3,1595,Gaming
U01449,43,Other,Kolkata,Xiaomi,Android,10.3,49.4,216.5,14,4.3,7914,1.5,2.1,751,Gaming
U01450,35,Other,Jaipur,Samsung,Android,1.6,30.8,164.8,174,4.3,6751,1.9,0.0,1325,Social Media
U01451,39,Other,Bangalore,Nokia,iOS,11.5,44.9,291.9,80,2.1,5469,0.5,2.0,788,Education
U01452,32,Other,Pune,OnePlus,Android,1.4,9.2,276.6,123,0.9,8735,2.6,2.9,1723,Education
U01453,19,Female,Chennai,Samsung,iOS,9.8,7.7,43.8,197,4.9,9109,1.6,0.3,120,Education
U01454,49,Male,Lucknow,Google Pixel,iOS,1.8,17.9,51.9,34,2.4,3901,5.2,2.8,555,Entertainment
U01455,18,Other,Chennai,Google Pixel,iOS,9.8,48.8,275.2,114,1.6,4022,7.6,2.9,713,Gaming
U01456,41,Male,Kolkata,Motorola,Android,6.5,42.2,23.4,44,4.8,1484,4.8,3.0,128,Education
U01457,60,Male,Kolkata,Xiaomi,Android,9.1,5.8,207.8,154,1.0,5198,3.0,1.8,804,Entertainment
U01458,34,Male,Lucknow,Apple,iOS,4.2,3.9,10.9,104,4.2,1785,5.7,0.8,1151,Work
U01459,37,Male,Delhi,Apple,iOS,10.9,41.7,53.7,172,0.6,2405,1.5,0.9,1283,Gaming
U01460,15,Other,Lucknow,Xiaomi,Android,9.8,7.5,148.2,118,1.4,9231,6.6,3.9,742,Entertainment
U01461,58,Female,Delhi,Xiaomi,iOS,4.5,29.9,132.9,188,1.0,2037,6.7,2.3,1012,Gaming
U01462,51,Male,Jaipur,Motorola,iOS,6.6,11.2,122.7,198,5.2,5911,3.9,3.7,641,Work
U01463,25,Other,Kolkata,Oppo,Android,8.6,47.9,225.2,112,4.0,8266,7.0,4.6,1358,Social Media
U01464,50,Male,Pune,Xiaomi,iOS,9.2,16.5,224.7,13,0.5,8349,7.8,4.7,487,Education
U01465,29,Male,Ahmedabad,Xiaomi,iOS,10.7,27.6,150.1,175,4.2,2806,2.4,1.9,1296,Education
U01466,50,Other,Chennai,Google Pixel,Android,11.0,2.0,193.5,105,3.4,6973,6.7,2.8,1110,Social Media
U01467,54,Female,Kolkata,Apple,iOS,2.1,4.8,148.6,45,3.0,2261,5.4,1.5,1344,Entertainment
U01468,23,Other,Ahmedabad,OnePlus,Android,2.3,29.6,261.3,57,1.6,3373,6.5,3.0,290,Education
U01469,58,Other,Delhi,Samsung,iOS,9.5,14.5,292.1,34,5.4,7745,1.2,1.1,1396,Gaming
U01470,51,Female,Bangalore,Realme,Android,4.1,15.1,131.8,34,1.8,7212,7.8,1.9,574,Social Media
U01471,26,Female,Hyderabad,Vivo,iOS,4.4,3.1,191.5,93,2.6,5512,7.2,4.6,1179,Social Media
U01472,53,Female,Delhi,Realme,iOS,10.1,2.6,124.3,172,3.0,8111,7.0,0.9,1381,Education
U01473,56,Other,Jaipur,Nokia,iOS,1.4,34.1,293.6,42,5.9,1326,7.6,2.9,1080,Education
U01474,32,Other,Chennai,Apple,iOS,7.5,36.2,43.9,162,2.1,2729,6.8,3.7,717,Work
U01475,41,Other,Jaipur,Google Pixel,iOS,1.6,49.8,118.9,170,5.0,2985,2.5,0.2,1904,Social Media
U01476,16,Female,Ahmedabad,Nokia,Android,7.1,45.1,66.2,58,3.8,4557,6.3,4.4,1968,Work
U01477,47,Male,Jaipur,Vivo,iOS,4.6,42.2,223.1,143,1.7,4270,3.5,1.6,1177,Education
U01478,51,Male,Kolkata,Realme,iOS,8.6,15.2,299.4,125,3.4,9163,3.3,0.9,1406,Work
U01479,40,Other,Hyderabad,Apple,iOS,2.2,21.4,34.9,145,2.3,5264,5.5,4.5,532,Entertainment
U01480,56,Female,Hyderabad,Xiaomi,iOS,11.3,14.8,51.7,143,4.0,5220,4.0,4.2,1166,Entertainment
U01481,33,Other,Kolkata,Nokia,Android,10.4,36.7,8.2,187,1.7,3600,1.9,1.6,1441,Entertainment
U01482,40,Female,Hyderabad,Samsung,Android,5.1,45.6,108.8,51,1.7,2871,6.0,4.1,1414,Gaming
U01483,31,Female,Ahmedabad,Oppo,iOS,8.1,2.1,278.1,25,1.3,4205,1.8,1.7,1568,Work
U01484,44,Male,Bangalore,OnePlus,iOS,2.4,22.0,181.1,102,5.0,4865,6.6,2.1,1990,Social Media
U01485,41,Other,Bangalore,Realme,iOS,3.2,25.5,284.2,13,3.1,1704,5.8,2.1,821,Entertainment
U01486,40,Male,Ahmedabad,Motorola,iOS,1.7,17.3,78.7,189,3.7,3762,2.0,4.7,1265,Social Media
U01487,34,Other,Hyderabad,Nokia,iOS,1.6,44.7,18.6,51,1.2,4064,7.6,1.3,259,Work
U01488,44,Female,Mumbai,Motorola,iOS,10.8,18.2,151.7,144,2.8,7084,1.4,2.7,1649,Gaming
U01489,45,Male,Pune,Vivo,Android,7.1,24.2,280.9,199,2.8,8851,1.1,2.4,829,Entertainment
U01490,16,Female,Kolkata,Oppo,iOS,8.1,38.8,275.4,123,2.2,8145,3.0,3.2,1759,Social Media
U01491,21,Male,Jaipur,Oppo,iOS,11.4,10.2,56.9,19,4.2,5769,4.3,1.5,579,Education
U01492,58,Male,Delhi,OnePlus,iOS,3.2,41.1,237.6,51,2.9,5103,6.1,3.3,943,Education
U01493,59,Female,Hyderabad,Vivo,Android,6.4,38.2,113.0,53,4.6,7659,7.7,1.1,529,Education
U01494,59,Female,Delhi,Xiaomi,iOS,1.5,45.9,157.0,153,1.1,8549,3.0,1.7,888,Social Media
U01495,32,Male,Delhi,Vivo,iOS,7.7,38.2,89.3,119,6.0,6514,5.9,3.1,1617,Gaming
U01496,59,Other,Bangalore,Xiaomi,iOS,2.6,38.0,241.4,157,2.9,1530,7.1,0.8,192,Education
U01497,33,Female,Kolkata,Xiaomi,Android,11.6,11.5,23.4,168,3.3,3243,7.9,4.3,1546,Social Media
U01498,55,Female,Mumbai,OnePlus,iOS,9.1,16.8,254.3,29,4.2,1550,0.6,4.5,680,Entertainment
U01499,51,Male,Kolkata,Google Pixel,iOS,2.5,32.8,102.9,133,0.6,7686,7.9,0.5,1894,Work
U01500,57,Male,Ahmedabad,Google Pixel,iOS,2.4,17.8,194.4,161,4.2,9319,3.6,3.8,1246,Entertainment
U01501,16,Female,Chennai,Xiaomi,Android,9.6,46.6,51.5,55,4.9,5234,5.7,0.7,1644,Entertainment
U01502,50,Male,Kolkata,Motorola,Android,7.4,27.2,239.5,197,5.7,9912,3.7,1.3,306,Entertainment
U01503,38,Other,Ahmedabad,Apple,iOS,7.5,19.6,220.4,170,3.0,7870,3.2,2.7,177,Social Media
U01504,25,Male,Ahmedabad,Vivo,iOS,1.2,13.5,156.4,51,5.2,7454,6.8,0.7,1260,Social Media
U01505,18,Female,Kolkata,Oppo,iOS,8.7,45.6,21.2,117,1.5,5452,7.3,1.2,287,Entertainment
U01506,60,Male,Delhi,Nokia,iOS,11.6,10.2,120.6,188,5.8,9624,5.1,4.9,1253,Work
U01507,17,Other,Hyderabad,Oppo,iOS,7.6,2.0,55.9,29,1.4,6538,0.6,4.1,1997,Gaming
U01508,38,Female,Delhi,Nokia,iOS,11.5,45.7,257.8,191,1.9,9129,0.5,2.1,226,Work
U01509,49,Female,Hyderabad,Google Pixel,iOS,6.3,14.6,117.0,179,4.1,3806,2.2,1.1,829,Work
U01510,56,Female,Jaipur,Nokia,iOS,1.9,19.1,210.8,37,4.4,9197,0.6,3.2,1480,Education
U01511,44,Male,Hyderabad,Motorola,Android,11.9,44.2,22.5,189,0.5,4715,0.9,1.1,1374,Entertainment
U01512,33,Female,Jaipur,Motorola,iOS,5.3,9.5,228.4,188,1.5,5006,4.7,2.6,526,Gaming
U01513,19,Other,Delhi,Apple,iOS,9.6,18.7,248.2,172,1.6,5085,2.1,1.4,749,Gaming
U01514,25,Other,Ahmedabad,Xiaomi,iOS,5.1,49.6,234.1,88,5.7,6863,7.2,1.2,873,Education
U01515,59,Male,Bangalore,Xiaomi,iOS,10.7,16.3,172.1,122,3.8,7709,0.7,1.8,353,Gaming
U01516,34,Female,Delhi,Oppo,Android,1.6,48.3,195.5,123,2.9,4826,1.0,4.9,1966,Gaming
U01517,33,Female,Delhi,Google Pixel,Android,5.8,17.0,241.7,186,2.8,5361,4.0,1.8,316,Work
U01518,25,Male,Lucknow,Google Pixel,iOS,11.9,29.0,208.0,33,3.8,253,6.7,4.3,806,Work
U01519,45,Female,Hyderabad,Google Pixel,iOS,2.5,35.3,281.3,97,3.8,3070,2.3,2.1,1807,Gaming
U01520,35,Male,Kolkata,Motorola,iOS,4.9,49.6,221.1,35,5.4,4745,7.8,3.0,1265,Education
U01521,51,Other,Ahmedabad,Vivo,Android,5.9,50.0,273.6,40,5.8,3235,5.6,4.7,226,Education
U01522,42,Other,Delhi,OnePlus,iOS,11.1,15.7,63.9,173,1.3,1536,5.6,1.5,356,Education
U01523,20,Female,Hyderabad,Oppo,iOS,11.0,39.2,238.4,184,0.7,1099,5.7,4.5,1040,Social Media
U01524,15,Female,Lucknow,Motorola,iOS,12.0,10.0,20.6,136,3.2,4995,1.7,3.5,1310,Social Media
U01525,57,Female,Lucknow,Motorola,Android,4.7,39.1,206.3,139,2.8,1004,4.9,4.9,199,Work
U01526,31,Male,Chennai,Vivo,iOS,8.6,36.2,299.2,27,0.8,3096,3.0,0.8,1349,Entertainment
U01527,36,Other,Ahmedabad,Samsung,Android,10.0,25.2,255.2,132,1.1,1492,3.2,2.3,186,Education
U01528,15,Female,Chennai,Samsung,Android,6.3,49.8,31.6,193,2.0,6991,0.7,3.1,142,Work
U01529,25,Other,Delhi,Realme,iOS,9.8,37.4,47.9,196,5.2,9970,4.6,3.9,1563,Entertainment
U01530,41,Female,Lucknow,Xiaomi,iOS,1.7,9.5,180.6,159,2.5,1959,5.7,3.4,339,Gaming
U01531,54,Female,Pune,OnePlus,iOS,11.8,48.1,254.6,135,4.3,9314,3.4,1.5,296,Social Media
U01532,32,Female,Mumbai,Nokia,iOS,5.0,45.4,92.1,141,3.9,2204,0.7,2.3,704,Gaming
U01533,25,Other,Jaipur,OnePlus,iOS,8.0,34.6,119.8,80,2.4,4239,2.3,3.1,394,Social Media
U01534,55,Other,Kolkata,Google Pixel,iOS,6.4,8.1,254.0,125,6.0,545,6.4,2.2,1778,Social Media
U01535,35,Other,Mumbai,Google Pixel,iOS,4.0,8.8,255.4,26,4.2,4241,1.3,2.7,187,Work
U01536,41,Other,Jaipur,Apple,Android,8.4,19.2,28.3,135,0.8,7572,4.1,1.6,183,Social Media
U01537,26,Male,Jaipur,Samsung,iOS,6.9,49.8,229.7,77,4.4,1776,5.0,4.3,1927,Entertainment
U01538,42,Male,Chennai,OnePlus,iOS,3.8,26.8,250.0,31,1.4,3061,5.6,0.7,997,Education
U01539,18,Other,Delhi,Oppo,Android,3.5,13.0,71.3,150,3.8,9144,2.7,1.2,110,Entertainment
U01540,59,Male,Hyderabad,Motorola,Android,11.8,10.1,112.3,157,2.7,6177,5.9,1.9,652,Entertainment
U01541,44,Female,Jaipur,Xiaomi,Android,1.2,1.2,278.2,156,2.4,5422,6.5,3.7,525,Work
U01542,22,Male,Bangalore,Vivo,iOS,8.2,45.2,14.9,44,4.0,3526,7.9,1.3,859,Education
U01543,53,Other,Hyderabad,Vivo,Android,4.6,3.0,51.7,19,5.0,9004,3.9,4.9,696,Gaming
U01544,50,Female,Lucknow,Samsung,iOS,11.7,4.7,90.8,154,2.4,9583,2.1,0.0,1661,Education
U01545,39,Other,Jaipur,Vivo,iOS,5.9,18.3,11.2,108,2.1,1569,1.9,4.0,917,Gaming
U01546,40,Other,Chennai,Google Pixel,iOS,5.7,1.3,42.5,146,4.6,9186,5.4,4.7,1150,Gaming
U01547,52,Female,Mumbai,Nokia,iOS,10.3,7.5,287.8,132,5.3,533,6.6,1.6,990,Gaming
U01548,57,Male,Delhi,Vivo,Android,10.1,17.9,21.0,117,2.7,7192,2.8,1.0,1253,Education
U01549,19,Female,Hyderabad,Google Pixel,iOS,6.9,19.7,9.9,54,5.6,2682,3.9,1.4,1659,Gaming
U01550,28,Other,Pune,Xiaomi,iOS,2.6,41.6,252.2,101,5.0,9816,3.9,3.9,478,Social Media
U01551,29,Other,Kolkata,Apple,iOS,2.1,20.5,100.1,172,1.6,7288,8.0,1.3,918,Social Media
U01552,29,Other,Jaipur,Vivo,Android,8.7,18.3,197.4,26,3.9,3568,7.6,0.8,319,Work
U01553,23,Other,Pune,Nokia,Android,4.3,47.6,126.1,47,3.7,1474,5.8,0.8,278,Entertainment
U01554,30,Male,Hyderabad,Xiaomi,iOS,7.3,23.4,197.4,33,3.9,8815,5.9,4.8,1247,Work
U01555,41,Female,Kolkata,Motorola,Android,11.6,25.2,38.1,24,0.7,5309,3.4,1.5,1195,Work
U01556,35,Other,Jaipur,Apple,iOS,5.2,1.1,202.9,94,0.7,4888,3.8,0.6,1662,Gaming
U01557,49,Male,Bangalore,Oppo,iOS,6.1,46.6,188.8,71,4.7,4715,4.2,1.8,1936,Education
U01558,35,Female,Lucknow,Motorola,Android,1.2,16.6,228.8,197,2.0,5669,2.0,2.8,1844,Gaming
U01559,35,Male,Kolkata,Realme,iOS,2.3,20.3,131.5,190,4.5,155,4.4,1.1,154,Entertainment
U01560,28,Male,Pune,Google Pixel,Android,7.3,47.6,256.8,164,4.8,8297,3.6,0.1,235,Entertainment
U01561,47,Other,Mumbai,Motorola,iOS,1.6,24.0,91.5,137,1.5,4259,6.8,4.9,108,Education
U01562,34,Female,Chennai,OnePlus,iOS,8.5,16.5,187.2,105,2.0,2293,1.7,4.7,1297,Education
U01563,26,Male,Jaipur,Apple,iOS,7.3,34.7,230.2,87,5.7,304,6.4,0.9,1365,Social Media
U01564,31,Female,Delhi,Vivo,iOS,4.5,49.6,222.7,19,1.1,9405,6.9,3.3,170,Education
U01565,32,Other,Bangalore,Motorola,iOS,10.4,21.7,69.0,86,2.2,8725,1.4,3.4,1101,Social Media
U01566,40,Other,Ahmedabad,Oppo,Android,12.0,28.7,142.2,107,3.5,555,6.3,4.4,932,Work
U01567,58,Male,Bangalore,Oppo,iOS,6.2,48.4,188.6,53,1.5,6015,1.1,2.9,518,Social Media
U01568,53,Female,Lucknow,Samsung,iOS,5.8,12.7,287.5,133,5.2,8204,2.4,2.7,484,Education
U01569,52,Male,Pune,Nokia,Android,1.0,14.0,183.0,115,4.4,6699,4.1,1.6,509,Social Media
U01570,23,Other,Delhi,Nokia,Android,7.6,45.3,201.1,18,5.7,8382,2.0,3.5,1600,Social Media
U01571,50,Other,Delhi,Xiaomi,iOS,10.5,21.9,173.0,155,2.2,7269,7.7,1.9,1699,Social Media
U01572,55,Female,Mumbai,Motorola,iOS,9.7,2.3,22.9,198,0.9,8694,1.3,3.6,147,Gaming
U01573,46,Other,Hyderabad,Xiaomi,Android,3.1,34.3,249.7,159,2.7,649,4.4,4.0,616,Social Media
U01574,57,Male,Lucknow,Motorola,Android,11.0,45.8,139.7,32,5.9,5101,4.6,4.3,1315,Work
U01575,16,Other,Jaipur,Nokia,Android,8.8,21.0,84.5,17,5.1,8405,4.3,3.6,1372,Gaming
U01576,36,Female,Chennai,Vivo,Android,9.2,15.1,114.8,40,3.5,7755,5.2,4.6,1884,Work
U01577,53,Female,Chennai,Nokia,Android,9.0,40.6,66.3,133,4.2,2705,5.9,3.4,1281,Work
U01578,57,Female,Mumbai,Apple,Android,10.0,4.4,45.1,97,1.0,2763,6.5,3.3,1845,Education
U01579,45,Male,Chennai,Apple,iOS,5.0,13.1,77.6,14,4.8,9556,5.7,1.7,1242,Social Media
U01580,46,Other,Hyderabad,Apple,Android,11.6,39.2,11.4,135,0.8,2112,1.4,1.1,503,Education
U01581,59,Male,Kolkata,Nokia,Android,5.4,28.4,218.1,50,3.6,6100,1.4,0.4,1166,Entertainment
U01582,16,Male,Kolkata,Realme,Android,6.7,17.4,13.6,196,3.6,5294,0.7,4.7,1151,Entertainment
U01583,51,Other,Hyderabad,Nokia,iOS,10.3,27.2,189.9,71,5.3,6320,1.2,3.4,1984,Social Media
U01584,58,Other,Kolkata,Motorola,iOS,11.4,39.3,244.9,15,2.8,1995,2.9,3.5,1410,Entertainment
U01585,54,Male,Bangalore,Vivo,iOS,1.0,34.3,60.8,186,3.1,3763,2.8,3.1,1048,Education
U01586,60,Male,Bangalore,Google Pixel,iOS,4.8,9.3,256.2,89,5.4,103,6.6,1.6,1774,Work
U01587,37,Other,Ahmedabad,Apple,Android,9.4,43.8,82.5,49,5.1,2626,3.4,0.2,1850,Gaming
U01588,48,Male,Mumbai,Samsung,iOS,9.8,28.3,120.7,19,2.0,4144,6.8,4.1,468,Gaming
U01589,50,Male,Delhi,OnePlus,Android,3.6,29.4,226.0,32,3.4,2419,3.9,3.8,732,Entertainment
U01590,15,Other,Chennai,Samsung,iOS,11.6,11.2,129.2,40,5.6,281,1.0,2.4,326,Education
U01591,54,Female,Lucknow,Apple,iOS,1.8,15.8,155.8,89,5.8,3602,1.6,2.6,801,Work
U01592,17,Other,Pune,Nokia,Android,1.6,15.1,164.7,121,1.7,7607,0.9,4.2,1124,Education
U01593,24,Male,Mumbai,Vivo,Android,9.8,45.0,123.0,175,0.9,4176,1.7,0.6,1962,Education
U01594,49,Other,Jaipur,OnePlus,Android,8.2,40.1,96.7,104,3.8,5159,7.6,4.1,368,Gaming
U01595,59,Male,Jaipur,OnePlus,Android,10.7,30.2,79.5,110,3.5,8368,5.8,1.9,625,Work
U01596,16,Male,Hyderabad,Motorola,Android,9.1,1.7,71.9,13,4.9,7689,1.1,3.8,1265,Education
U01597,36,Male,Chennai,Vivo,iOS,10.2,20.7,215.3,150,2.9,971,3.0,0.4,292,Work
U01598,22,Female,Delhi,Motorola,Android,7.5,8.9,25.0,117,6.0,5697,0.6,2.7,1192,Education
U01599,19,Other,Chennai,Vivo,iOS,2.7,23.5,81.6,11,5.4,3897,6.0,4.6,418,Social Media
U01600,19,Female,Mumbai,Realme,iOS,1.9,15.7,200.5,194,1.6,9356,5.5,3.8,554,Education
U01601,22,Male,Mumbai,Samsung,Android,2.1,23.9,22.0,166,5.7,266,4.0,4.8,178,Entertainment
U01602,48,Female,Delhi,Apple,iOS,3.4,16.1,97.9,36,1.3,6811,1.0,4.7,1204,Work
U01603,15,Other,Pune,Realme,Android,5.5,4.8,136.5,178,0.8,320,3.1,1.9,481,Gaming
U01604,40,Male,Chennai,Samsung,Android,5.3,20.7,133.7,116,5.7,8539,4.8,0.9,895,Entertainment
U01605,35,Male,Bangalore,Samsung,Android,8.3,14.5,229.7,77,2.7,7039,5.8,4.6,747,Work
U01606,26,Other,Hyderabad,Nokia,iOS,10.8,22.1,290.9,35,5.1,2312,5.3,3.2,616,Education
U01607,17,Male,Mumbai,Samsung,Android,7.2,11.9,19.7,109,2.6,5402,1.1,3.4,1885,Gaming
U01608,36,Male,Pune,Apple,iOS,3.3,23.7,130.3,105,5.8,469,7.0,4.9,213,Entertainment
U01609,35,Female,Hyderabad,Motorola,iOS,10.1,25.7,154.1,132,3.3,5735,0.9,0.5,1765,Social Media
U01610,15,Female,Pune,Vivo,iOS,4.5,25.3,272.2,117,4.5,4235,4.8,3.4,1076,Gaming
U01611,31,Male,Bangalore,Realme,Android,8.2,41.3,192.2,137,3.5,5858,3.4,2.2,632,Entertainment
U01612,36,Female,Chennai,Motorola,iOS,7.3,32.0,65.9,16,4.3,1558,5.9,3.4,778,Gaming
U01613,52,Other,Ahmedabad,Vivo,iOS,1.9,8.6,90.6,96,4.7,2216,7.6,4.7,792,Entertainment
U01614,58,Male,Lucknow,OnePlus,Android,5.7,41.6,289.4,121,2.0,7759,5.7,0.7,1443,Entertainment
U01615,54,Other,Lucknow,OnePlus,iOS,1.8,34.6,99.1,54,0.7,709,4.6,3.1,721,Education
U01616,29,Female,Mumbai,Oppo,Android,9.4,24.9,30.1,174,0.9,5172,6.3,4.9,421,Education
U01617,58,Male,Lucknow,Oppo,Android,3.2,8.3,97.2,26,1.6,3917,4.2,1.4,428,Entertainment
U01618,58,Male,Kolkata,Apple,iOS,3.7,29.7,179.8,125,2.5,1794,7.7,0.7,1235,Education
U01619,16,Male,Hyderabad,Apple,Android,5.5,9.7,190.2,47,3.1,6520,5.1,3.3,1035,Entertainment
U01620,29,Other,Mumbai,Realme,iOS,5.3,46.2,34.3,176,5.9,1488,7.0,3.2,1323,Work
U01621,28,Male,Jaipur,Vivo,Android,7.0,32.8,105.1,194,6.0,2500,3.0,2.1,992,Gaming
U01622,51,Female,Hyderabad,Motorola,iOS,4.7,18.6,156.1,193,0.9,4842,6.7,0.1,555,Education
U01623,59,Other,Delhi,Samsung,iOS,3.7,12.5,209.5,125,4.5,777,2.6,4.3,243,Gaming
U01624,34,Female,Pune,Vivo,iOS,6.6,19.3,299.7,150,2.0,6130,7.8,4.9,1225,Entertainment
U01625,42,Female,Pune,Xiaomi,Android,3.1,17.4,268.6,126,5.1,7766,2.4,0.1,1911,Entertainment
U01626,43,Other,Bangalore,Motorola,Android,2.3,34.9,123.2,51,5.0,4495,4.3,2.4,846,Entertainment
U01627,17,Male,Jaipur,Apple,iOS,8.6,33.2,50.8,177,4.2,1178,4.7,0.7,947,Gaming
U01628,21,Female,Pune,Samsung,iOS,11.4,18.2,258.5,50,5.2,785,7.8,2.9,1368,Education
U01629,28,Other,Jaipur,Xiaomi,iOS,8.5,46.8,85.8,116,3.9,1308,6.8,4.8,679,Work
U01630,17,Male,Delhi,Xiaomi,Android,4.8,9.7,86.4,10,3.0,7977,2.7,1.3,872,Entertainment
U01631,32,Other,Hyderabad,Nokia,iOS,9.3,26.1,25.6,119,2.3,1362,3.5,1.7,534,Entertainment
U01632,28,Other,Lucknow,Nokia,Android,4.5,46.1,16.9,114,3.2,4217,4.2,4.1,888,Education
U01633,59,Other,Kolkata,Samsung,Android,4.5,4.0,62.6,92,3.7,3064,4.1,3.3,529,Work
U01634,52,Male,Pune,Realme,Android,4.9,41.3,238.4,74,2.7,6977,2.0,1.0,434,Work
U01635,43,Female,Pune,Xiaomi,iOS,4.4,9.5,82.6,123,5.9,5381,1.5,1.8,395,Entertainment
U01636,22,Male,Mumbai,Apple,iOS,4.6,41.7,231.5,54,5.7,2155,7.4,3.7,1573,Entertainment
U01637,40,Male,Bangalore,Xiaomi,Android,7.6,37.8,84.7,140,2.1,8957,6.3,0.3,719,Social Media
U01638,19,Male,Delhi,Samsung,iOS,1.6,9.3,78.2,21,4.7,1979,3.8,4.1,1570,Work
U01639,32,Female,Ahmedabad,Apple,Android,4.3,36.6,32.6,28,0.8,196,5.4,4.7,313,Education
U01640,30,Female,Chennai,Google Pixel,Android,5.9,16.8,64.9,38,3.0,3541,7.6,3.8,620,Gaming
U01641,21,Male,Chennai,Realme,Android,7.0,9.2,102.3,200,4.7,307,5.6,3.0,628,Entertainment
U01642,46,Other,Pune,Nokia,iOS,3.9,8.3,155.0,186,4.2,2730,6.3,1.3,483,Education
U01643,59,Male,Hyderabad,Realme,iOS,3.3,12.4,152.9,56,2.8,5360,3.9,3.8,1377,Work
U01644,50,Other,Bangalore,OnePlus,iOS,5.0,43.5,62.3,29,5.7,6297,1.7,2.6,827,Social Media
U01645,24,Female,Kolkata,Google Pixel,Android,9.2,11.4,236.9,121,5.8,3819,5.7,1.3,1214,Social Media
U01646,52,Other,Pune,Realme,Android,1.5,21.5,248.0,78,6.0,6207,7.7,3.9,179,Entertainment
U01647,51,Other,Jaipur,Samsung,Android,1.0,47.2,247.5,43,0.5,3778,6.1,0.6,1123,Education
U01648,58,Other,Delhi,Oppo,iOS,4.0,49.8,154.6,191,3.2,7453,3.6,2.3,1926,Social Media
U01649,58,Male,Ahmedabad,Apple,iOS,3.5,2.1,208.7,102,2.0,5131,3.0,0.6,1254,Work
U01650,25,Female,Lucknow,Xiaomi,iOS,9.3,5.0,170.9,181,0.7,3516,7.1,4.3,444,Social Media
U01651,26,Other,Kolkata,Xiaomi,iOS,6.1,24.5,28.3,98,4.3,6521,0.8,1.0,709,Work
U01652,15,Other,Ahmedabad,Oppo,iOS,8.8,43.2,69.0,168,2.9,9761,3.4,2.7,216,Entertainment
U01653,37,Other,Lucknow,Samsung,Android,1.5,12.6,276.8,99,5.6,8809,5.4,1.1,1767,Education
U01654,19,Other,Chennai,Vivo,iOS,7.9,30.3,23.3,64,5.4,4143,2.1,3.6,1442,Entertainment
U01655,36,Male,Lucknow,Samsung,Android,5.8,47.3,182.2,59,1.2,3704,5.2,4.0,259,Work
U01656,52,Male,Mumbai,Xiaomi,Android,6.1,24.8,180.1,37,3.5,1844,3.2,1.6,269,Education
U01657,40,Other,Hyderabad,Motorola,Android,10.0,26.0,215.2,22,4.8,8268,7.6,1.6,1818,Work
U01658,56,Male,Pune,Xiaomi,iOS,6.4,1.5,259.8,125,5.8,393,7.6,4.9,635,Entertainment
U01659,53,Other,Lucknow,Vivo,iOS,8.5,40.1,143.1,21,3.5,6756,2.6,2.8,1537,Education
U01660,41,Female,Lucknow,OnePlus,Android,3.0,5.9,207.9,111,0.7,1138,1.4,2.0,1648,Education
U01661,34,Other,Bangalore,OnePlus,Android,7.9,45.6,6.1,42,3.7,8314,7.8,3.0,1482,Work
U01662,23,Male,Jaipur,Google Pixel,iOS,10.8,4.8,158.4,135,3.9,2751,5.7,1.0,1140,Gaming
U01663,37,Female,Kolkata,Motorola,Android,2.9,44.9,267.3,183,3.2,4070,7.6,2.2,676,Gaming
U01664,50,Female,Hyderabad,Realme,iOS,10.1,3.4,101.4,141,0.7,7492,5.6,0.8,1496,Education
U01665,48,Male,Bangalore,Nokia,Android,1.8,8.4,196.0,76,4.2,5742,4.9,4.6,748,Entertainment
U01666,55,Female,Mumbai,Samsung,iOS,5.9,4.1,29.2,84,4.6,9030,6.2,0.3,1974,Work
U01667,24,Female,Lucknow,OnePlus,iOS,2.6,41.9,263.8,22,5.5,2315,4.0,0.3,384,Entertainment
U01668,26,Female,Hyderabad,Xiaomi,Android,9.6,5.2,81.9,142,1.9,1620,7.5,3.1,325,Social Media
U01669,19,Other,Jaipur,Realme,iOS,3.4,21.4,171.5,114,1.1,3636,1.4,1.4,779,Work
U01670,32,Female,Delhi,Realme,iOS,7.5,18.7,34.9,176,2.5,2761,1.9,4.1,1271,Education
U01671,17,Other,Kolkata,OnePlus,Android,1.2,45.2,13.9,69,4.4,4244,5.6,2.2,1494,Education
U01672,20,Other,Chennai,OnePlus,Android,8.7,12.5,106.3,143,3.0,8348,7.0,0.4,1254,Entertainment
U01673,36,Female,Delhi,Apple,iOS,10.0,10.0,234.8,167,5.6,3529,5.5,1.6,1085,Education
U01674,46,Female,Kolkata,Apple,iOS,1.0,44.1,89.4,65,2.3,8457,6.7,1.1,644,Social Media
U01675,43,Other,Jaipur,OnePlus,iOS,11.0,20.5,88.3,19,3.7,5938,2.6,3.1,481,Entertainment
U01676,60,Male,Hyderabad,Realme,Android,8.3,9.7,111.4,200,0.5,4410,4.6,2.8,1908,Work
U01677,19,Female,Chennai,Nokia,iOS,10.1,48.6,216.3,157,3.8,3180,7.4,3.5,271,Work
U01678,27,Female,Kolkata,OnePlus,Android,3.0,37.8,18.3,55,0.5,9725,2.4,3.4,1945,Gaming
U01679,55,Male,Lucknow,OnePlus,Android,9.6,30.0,71.2,36,4.6,7240,0.6,1.3,457,Social Media
U01680,22,Female,Kolkata,Samsung,Android,2.3,31.7,213.9,39,2.3,7264,1.4,3.1,1123,Social Media
U01681,20,Female,Kolkata,Apple,iOS,7.3,48.1,296.9,136,4.2,4197,0.6,0.8,146,Education
U01682,37,Other,Lucknow,Samsung,Android,11.9,41.0,238.2,132,1.2,8927,3.9,3.3,1640,Social Media
U01683,27,Other,Bangalore,Oppo,iOS,7.8,1.7,26.7,28,1.8,1561,1.5,1.6,1636,Gaming
U01684,22,Male,Kolkata,OnePlus,iOS,6.8,26.7,41.5,22,5.7,5640,4.8,2.3,1335,Gaming
U01685,16,Male,Pune,Apple,iOS,10.1,19.7,113.3,180,5.0,1550,3.3,2.6,1607,Work
U01686,54,Other,Ahmedabad,Apple,Android,4.1,11.4,51.8,124,1.3,9214,4.3,3.9,148,Work
U01687,36,Male,Mumbai,Nokia,iOS,8.2,29.8,7.7,11,5.3,6578,5.2,1.3,114,Social Media
U01688,37,Female,Kolkata,OnePlus,iOS,1.2,16.0,12.3,121,2.4,9632,4.6,1.6,441,Gaming
U01689,57,Other,Jaipur,OnePlus,iOS,3.2,26.2,216.5,164,4.3,4762,7.3,2.9,230,Education
U01690,23,Other,Ahmedabad,Xiaomi,Android,10.2,49.3,295.9,130,2.7,6811,6.1,3.5,1910,Entertainment
U01691,27,Female,Pune,Xiaomi,iOS,3.7,48.7,17.8,83,5.0,650,4.5,2.2,1192,Social Media
U01692,29,Male,Chennai,Google Pixel,Android,1.9,16.0,43.7,160,4.3,1986,3.4,4.2,1181,Work
U01693,28,Male,Bangalore,Samsung,Android,6.0,39.7,79.2,32,2.3,944,7.4,2.9,383,Social Media
U01694,31,Other,Pune,Realme,iOS,7.8,38.7,203.2,80,5.7,4237,2.7,1.2,1331,Work
U01695,45,Male,Lucknow,Vivo,Android,1.1,16.2,156.3,131,2.1,7806,2.2,0.6,1292,Entertainment
U01696,36,Male,Ahmedabad,Samsung,Android,11.0,37.8,144.1,184,1.3,9241,3.8,3.4,1580,Social Media
U01697,37,Female,Jaipur,OnePlus,iOS,7.8,40.5,109.2,199,2.4,9738,5.8,0.5,1846,Gaming
U01698,53,Female,Bangalore,Xiaomi,iOS,9.6,7.7,224.3,164,1.3,9554,0.7,0.1,1591,Gaming
U01699,49,Male,Mumbai,Motorola,iOS,5.7,26.9,7.9,200,2.5,2689,3.4,3.1,746,Work
U01700,55,Female,Mumbai,Apple,Android,7.4,37.0,294.1,200,2.2,9506,2.2,0.7,1849,Social Media
U01701,26,Female,Ahmedabad,Realme,iOS,9.6,26.6,114.7,191,5.9,8485,4.9,4.6,881,Entertainment
U01702,44,Other,Jaipur,Samsung,Android,5.6,29.3,290.1,24,3.1,7577,1.7,1.1,1475,Work
U01703,58,Female,Mumbai,Google Pixel,Android,5.2,47.8,27.1,190,2.7,720,5.4,2.2,664,Work
U01704,34,Other,Jaipur,OnePlus,Android,11.4,14.7,51.5,50,1.9,8523,7.5,1.6,1673,Social Media
U01705,35,Female,Mumbai,Apple,iOS,10.2,7.3,203.1,30,3.5,7141,3.6,0.5,1642,Entertainment
U01706,32,Male,Hyderabad,Xiaomi,Android,10.0,37.8,107.5,122,5.4,5273,1.6,1.6,1445,Social Media
U01707,34,Male,Ahmedabad,Motorola,Android,2.3,12.8,233.3,129,0.9,6949,7.1,0.0,1712,Gaming
U01708,55,Female,Hyderabad,Xiaomi,Android,7.1,15.6,246.4,177,2.6,4300,1.7,0.5,1396,Education
U01709,30,Female,Delhi,Realme,iOS,11.3,5.5,151.3,30,1.8,9044,0.9,3.9,1571,Social Media
U01710,40,Male,Bangalore,Nokia,iOS,9.3,26.0,266.4,11,1.3,4528,4.1,2.7,1629,Work
U01711,48,Other,Pune,Motorola,iOS,10.1,22.4,212.9,13,0.5,4989,2.5,0.8,1961,Gaming
U01712,25,Other,Delhi,Google Pixel,Android,6.1,21.7,52.0,119,2.1,1336,4.8,4.5,1423,Social Media
U01713,21,Other,Pune,Apple,iOS,6.1,38.0,282.7,163,2.5,3923,0.8,3.0,1586,Education
U01714,47,Other,Kolkata,Motorola,iOS,2.8,37.2,173.3,177,3.2,522,3.9,4.9,326,Entertainment
U01715,56,Other,Hyderabad,Xiaomi,iOS,8.9,43.7,79.3,113,2.1,7086,1.4,4.1,938,Gaming
U01716,19,Female,Ahmedabad,Motorola,iOS,5.2,6.9,68.8,106,5.7,2313,5.5,2.8,114,Work
U01717,40,Female,Jaipur,Google Pixel,iOS,6.3,34.6,256.6,150,5.4,1987,6.0,4.4,1094,Work
U01718,47,Female,Pune,Vivo,Android,5.2,22.4,13.2,166,3.1,3044,3.3,2.1,880,Social Media
U01719,51,Female,Pune,OnePlus,Android,8.3,31.3,88.9,189,0.6,2151,2.8,2.5,1764,Education
U01720,24,Female,Chennai,Xiaomi,Android,8.6,21.8,84.3,38,1.5,6642,1.4,3.4,1418,Work
U01721,22,Female,Chennai,Xiaomi,Android,6.2,31.2,54.1,31,0.7,7647,1.9,4.3,1332,Work
U01722,55,Other,Lucknow,Realme,Android,10.8,27.8,75.8,114,1.9,7872,3.8,2.9,1660,Gaming
U01723,46,Other,Ahmedabad,Xiaomi,Android,3.9,45.6,291.0,159,1.8,5072,6.4,0.5,554,Education
U01724,18,Other,Bangalore,Apple,iOS,6.6,2.7,102.6,123,0.9,9014,5.1,4.4,404,Gaming
U01725,52,Female,Pune,Motorola,iOS,11.7,19.9,77.6,13,3.9,3466,1.2,4.6,605,Entertainment
U01726,46,Male,Jaipur,Xiaomi,Android,9.9,17.5,136.8,87,4.9,7895,4.0,4.6,440,Social Media
U01727,54,Female,Bangalore,Vivo,iOS,2.5,10.7,62.7,160,2.7,3998,5.4,4.0,884,Social Media
U01728,19,Male,Delhi,Apple,Android,6.9,29.7,266.7,166,3.5,3533,4.4,4.4,419,Work
U01729,60,Female,Mumbai,Vivo,iOS,6.9,39.8,289.7,71,3.5,7723,3.7,3.2,1915,Education
U01730,20,Female,Hyderabad,Oppo,Android,10.8,44.9,183.5,200,2.5,2864,6.6,0.6,1536,Education
U01731,26,Male,Hyderabad,Oppo,iOS,2.1,38.3,85.3,160,5.0,5997,2.4,0.4,1755,Education
U01732,36,Female,Chennai,Apple,Android,11.6,48.6,123.7,63,2.6,7008,6.9,1.7,1055,Education
U01733,35,Male,Jaipur,Samsung,iOS,6.1,46.8,147.5,159,2.9,6664,4.5,2.6,290,Entertainment
U01734,51,Female,Bangalore,Oppo,Android,2.6,21.1,186.8,198,4.3,1470,5.5,0.4,1541,Gaming
U01735,31,Other,Bangalore,Samsung,iOS,5.5,38.2,82.8,149,1.4,1503,6.4,3.9,1283,Entertainment
U01736,55,Female,Mumbai,Apple,Android,11.7,33.9,292.3,16,5.0,4140,4.5,0.1,933,Social Media
U01737,49,Other,Lucknow,OnePlus,Android,8.4,3.3,84.4,166,0.5,2485,2.8,2.7,1557,Education
U01738,31,Female,Delhi,Oppo,Android,4.0,7.7,19.8,45,5.7,6221,0.9,0.7,1990,Gaming
U01739,58,Female,Kolkata,Samsung,Android,7.2,27.0,222.3,199,2.5,7046,6.2,1.4,214,Education
U01740,56,Male,Ahmedabad,Google Pixel,Android,11.3,44.3,173.0,65,0.8,6455,3.2,2.5,929,Social Media
U01741,19,Male,Lucknow,Google Pixel,Android,11.0,44.6,260.9,46,5.2,7108,4.8,3.0,461,Entertainment
U01742,51,Other,Ahmedabad,Google Pixel,iOS,8.1,46.1,66.3,42,1.9,785,5.1,3.6,1926,Social Media
U01743,60,Other,Lucknow,Nokia,iOS,1.8,22.6,189.4,144,5.4,9210,6.4,0.3,2000,Social Media
U01744,56,Male,Mumbai,Oppo,Android,6.2,43.2,92.6,107,4.9,9797,6.6,4.1,149,Entertainment
U01745,37,Male,Jaipur,Xiaomi,iOS,9.0,31.3,59.1,189,3.8,5985,0.8,3.2,1670,Gaming
U01746,29,Other,Jaipur,Apple,Android,4.5,34.5,229.9,83,4.7,1948,6.8,0.9,1293,Entertainment
U01747,52,Other,Pune,Vivo,iOS,9.4,26.3,24.7,139,0.8,8919,6.7,0.4,448,Social Media
U01748,20,Female,Chennai,Oppo,Android,4.3,27.5,254.5,133,2.7,9806,0.9,3.2,705,Education
U01749,44,Other,Hyderabad,Nokia,Android,5.0,39.0,151.2,40,5.3,7026,5.7,3.0,648,Entertainment
U01750,54,Male,Hyderabad,Xiaomi,Android,8.4,12.7,227.7,17,2.5,417,1.1,3.0,122,Education
U01751,52,Other,Pune,OnePlus,Android,11.2,1.8,103.7,105,2.8,1515,3.7,0.1,1644,Social Media
U01752,20,Female,Pune,Realme,Android,4.2,43.0,162.9,129,4.7,4264,2.0,4.5,1442,Social Media
U01753,40,Other,Chennai,OnePlus,Android,7.3,33.8,24.7,95,1.7,6210,6.9,0.9,1584,Education
U01754,39,Female,Jaipur,OnePlus,iOS,9.2,18.6,276.9,199,0.7,9225,5.5,4.3,192,Gaming
U01755,50,Female,Ahmedabad,Motorola,iOS,2.3,40.6,161.8,157,4.9,8769,0.9,2.2,281,Gaming
U01756,28,Male,Mumbai,Oppo,iOS,8.6,9.9,176.4,53,3.0,614,2.6,0.6,1541,Social Media
U01757,31,Other,Lucknow,Nokia,Android,11.0,31.9,73.9,105,4.6,2397,4.6,2.2,1088,Education
U01758,54,Female,Ahmedabad,OnePlus,iOS,7.6,15.1,176.6,142,2.2,7513,1.3,1.8,1893,Education
U01759,39,Other,Mumbai,Realme,Android,1.1,8.0,204.6,127,5.4,1182,5.7,3.9,1488,Education
U01760,24,Female,Hyderabad,Oppo,iOS,5.4,39.4,185.0,182,5.8,7550,3.1,4.5,739,Work
U01761,16,Male,Jaipur,Xiaomi,Android,2.6,16.4,177.7,12,5.3,1006,2.2,1.1,170,Entertainment
U01762,28,Male,Jaipur,Google Pixel,iOS,3.6,44.4,187.0,151,2.9,8529,4.3,1.9,1551,Work
U01763,47,Other,Chennai,OnePlus,Android,8.7,24.5,291.5,109,3.3,5610,3.0,4.9,1437,Entertainment
U01764,49,Male,Pune,Motorola,Android,3.4,25.0,51.9,97,4.6,2759,2.9,0.7,1914,Work
U01765,57,Male,Chennai,Apple,Android,3.0,24.7,119.8,40,4.4,7836,4.0,0.7,173,Entertainment
U01766,18,Male,Ahmedabad,Motorola,Android,8.1,25.0,62.3,95,3.2,7959,7.3,2.6,779,Education
U01767,54,Male,Lucknow,Realme,iOS,9.0,16.3,46.1,34,2.9,374,3.9,0.3,158,Gaming
U01768,23,Female,Mumbai,Realme,iOS,3.8,21.5,65.9,56,4.5,1678,3.6,2.9,1585,Education
U01769,56,Other,Lucknow,Realme,Android,5.1,36.0,28.2,104,1.9,4539,3.0,3.5,1996,Gaming
U01770,41,Other,Hyderabad,Realme,iOS,8.9,6.0,135.6,75,1.5,2140,0.6,3.1,1240,Work
U01771,40,Male,Chennai,Google Pixel,Android,5.3,43.7,149.2,142,0.8,6221,3.9,1.7,116,Education
U01772,27,Other,Jaipur,Apple,iOS,1.6,47.3,299.0,85,3.8,7243,1.0,0.5,298,Education
U01773,35,Other,Hyderabad,Nokia,iOS,5.8,6.9,190.2,191,2.4,5689,1.6,2.8,1651,Social Media
U01774,43,Other,Chennai,Apple,iOS,5.3,11.9,294.9,185,1.7,6800,1.2,3.2,1788,Work
U01775,21,Male,Kolkata,Xiaomi,Android,3.8,18.4,102.6,13,1.1,6869,5.5,1.2,959,Social Media
U01776,53,Male,Mumbai,Apple,iOS,1.1,15.2,187.1,173,5.6,1120,0.7,2.7,1951,Entertainment
U01777,31,Male,Ahmedabad,Samsung,Android,5.1,15.4,183.8,56,3.7,8932,6.1,4.0,1234,Work
U01778,49,Other,Delhi,Vivo,Android,8.2,3.5,6.6,18,3.3,3133,3.3,3.3,179,Social Media
U01779,27,Female,Pune,Samsung,Android,5.4,41.3,99.8,88,2.6,6820,4.6,4.6,258,Work
U01780,16,Male,Kolkata,Oppo,Android,11.8,43.1,19.6,194,2.1,9375,1.0,4.8,445,Social Media
U01781,60,Other,Jaipur,Vivo,iOS,6.1,24.5,39.3,180,1.2,5774,3.3,0.3,838,Work
U01782,46,Male,Chennai,Vivo,Android,1.5,10.6,197.5,111,3.9,4058,7.1,2.8,855,Social Media
U01783,34,Male,Kolkata,Motorola,iOS,8.6,46.4,162.5,102,2.3,4601,3.0,3.8,1622,Entertainment
U01784,60,Female,Lucknow,Motorola,Android,9.5,46.5,261.0,141,3.4,2749,5.3,4.0,1673,Gaming
U01785,43,Female,Mumbai,OnePlus,Android,4.3,4.8,35.9,21,5.1,3426,5.2,0.2,1939,Entertainment
U01786,45,Female,Hyderabad,Oppo,Android,1.7,16.1,96.6,45,5.8,7737,7.8,3.4,1141,Education
U01787,50,Female,Kolkata,Nokia,iOS,6.8,23.6,164.0,72,4.2,4833,5.5,4.5,1240,Work
U01788,16,Male,Lucknow,Nokia,Android,11.2,14.5,189.5,103,3.0,3249,6.2,2.2,1838,Social Media
U01789,60,Female,Jaipur,Realme,Android,5.7,43.9,174.1,10,5.8,7555,6.0,0.4,259,Gaming
U01790,56,Male,Delhi,Realme,iOS,4.1,26.8,141.1,36,2.8,2086,7.1,2.5,341,Gaming
U01791,28,Other,Mumbai,Realme,Android,5.3,28.3,152.9,50,5.2,5574,4.5,1.7,1091,Education
U01792,40,Male,Ahmedabad,OnePlus,Android,4.5,16.6,132.0,129,1.2,2479,2.2,3.2,1392,Education
U01793,19,Male,Hyderabad,Google Pixel,Android,11.4,20.0,177.8,104,1.1,4763,6.2,4.7,1868,Entertainment
U01794,45,Male,Chennai,OnePlus,iOS,7.5,6.5,168.7,191,2.8,949,4.4,1.5,1681,Entertainment
U01795,29,Female,Mumbai,OnePlus,iOS,3.0,2.7,218.5,41,1.4,1901,4.3,2.0,752,Work
U01796,17,Other,Hyderabad,Vivo,Android,3.8,30.9,161.7,60,4.9,4791,3.4,4.4,765,Entertainment
U01797,59,Other,Ahmedabad,OnePlus,iOS,5.8,41.6,142.4,193,1.9,3028,1.9,3.3,497,Gaming
U01798,40,Male,Hyderabad,Xiaomi,iOS,3.8,33.2,202.9,178,5.7,4921,0.7,1.9,383,Social Media
U01799,29,Female,Lucknow,Oppo,Android,1.9,21.4,81.3,107,1.9,9358,4.4,4.6,763,Work
U01800,15,Female,Bangalore,Google Pixel,iOS,5.8,11.3,93.4,52,2.5,1941,2.5,3.2,1175,Education
U01801,55,Female,Pune,OnePlus,Android,7.1,24.6,165.7,178,1.4,8925,3.9,4.1,301,Gaming
U01802,26,Female,Hyderabad,OnePlus,iOS,2.5,12.7,202.7,67,3.8,9230,6.8,4.1,195,Work
U01803,56,Other,Hyderabad,Vivo,Android,3.9,49.2,295.7,103,2.4,8159,6.0,1.7,1606,Social Media
U01804,36,Female,Jaipur,Xiaomi,iOS,11.3,27.9,231.2,30,4.7,6420,6.0,4.3,1588,Work
U01805,31,Female,Ahmedabad,Apple,iOS,10.9,18.3,91.7,124,3.7,9538,5.0,4.2,1900,Education
U01806,56,Other,Mumbai,Realme,iOS,1.8,30.8,234.3,46,1.9,6874,0.8,3.7,1743,Entertainment
U01807,50,Male,Mumbai,Realme,Android,8.9,49.6,109.6,31,3.8,4372,5.7,4.2,423,Education
U01808,56,Female,Delhi,Google Pixel,iOS,6.3,43.1,261.0,192,5.0,9489,8.0,1.6,1803,Entertainment
U01809,16,Female,Kolkata,Apple,Android,6.4,7.5,219.1,20,4.4,6127,6.1,0.9,154,Gaming
U01810,46,Female,Hyderabad,OnePlus,Android,2.7,7.1,266.7,33,5.8,4945,2.5,1.9,295,Social Media
U01811,44,Male,Lucknow,Realme,iOS,9.0,21.5,198.5,31,1.4,5689,2.2,4.2,1538,Social Media
U01812,22,Other,Ahmedabad,Xiaomi,iOS,4.1,27.8,185.3,120,3.4,8135,1.4,1.2,169,Education
U01813,22,Female,Hyderabad,OnePlus,Android,2.6,25.8,260.8,147,2.1,2569,4.9,0.2,564,Social Media
U01814,23,Male,Mumbai,Apple,Android,3.4,2.2,275.5,155,2.7,9288,3.2,2.3,1199,Social Media
U01815,28,Other,Chennai,Motorola,iOS,6.9,31.4,101.0,70,3.8,4021,7.4,3.0,1011,Gaming
U01816,47,Male,Jaipur,Nokia,iOS,10.5,42.0,105.9,12,4.7,6275,0.5,3.4,293,Gaming
U01817,32,Female,Kolkata,OnePlus,iOS,10.1,18.7,256.2,24,4.1,8467,2.9,3.4,1937,Gaming
U01818,25,Female,Kolkata,Samsung,iOS,9.2,5.3,27.2,147,4.9,4810,3.5,1.8,1577,Education
U01819,43,Other,Lucknow,Vivo,Android,8.4,5.4,83.3,120,2.3,7399,8.0,0.6,1165,Gaming
U01820,41,Female,Ahmedabad,Apple,Android,10.5,32.2,120.1,36,1.1,3420,7.4,1.8,1891,Education
U01821,56,Male,Hyderabad,Apple,Android,10.0,25.3,146.0,97,3.4,3632,4.6,0.9,110,Entertainment
U01822,42,Male,Bangalore,Xiaomi,iOS,3.3,6.3,172.4,115,1.3,3101,7.4,2.8,844,Work
U01823,24,Female,Kolkata,Xiaomi,iOS,3.4,46.8,260.1,94,0.8,3083,2.2,4.8,127,Social Media
U01824,39,Male,Pune,Apple,iOS,11.6,28.5,63.4,108,4.8,7268,7.6,4.9,1674,Education
U01825,59,Male,Hyderabad,Apple,Android,6.4,43.4,170.3,60,2.5,9010,6.7,4.7,918,Gaming
U01826,23,Male,Kolkata,Vivo,iOS,8.2,16.0,198.4,43,1.9,8419,6.6,3.3,1687,Gaming
U01827,32,Other,Kolkata,OnePlus,iOS,5.5,21.9,173.6,88,5.1,6445,3.6,5.0,1339,Social Media
U01828,22,Female,Hyderabad,Oppo,iOS,8.4,32.3,143.6,81,1.7,1760,4.1,4.9,1597,Entertainment
U01829,49,Male,Ahmedabad,Nokia,Android,2.9,8.3,228.9,176,1.2,2499,2.7,1.6,648,Work
U01830,33,Male,Delhi,Motorola,Android,2.7,40.9,250.6,121,1.6,290,4.4,3.1,1707,Education
U01831,54,Male,Chennai,Google Pixel,iOS,2.8,14.4,49.3,109,1.0,3515,4.6,0.5,1458,Education
U01832,22,Male,Delhi,Oppo,Android,1.2,41.3,203.4,88,5.4,7980,6.5,4.7,1764,Social Media
U01833,19,Male,Lucknow,Xiaomi,Android,7.3,16.8,146.4,173,4.5,3774,1.1,1.5,1005,Social Media
U01834,19,Female,Mumbai,Samsung,iOS,4.1,22.0,13.4,190,4.2,7075,6.9,0.0,402,Education
U01835,30,Other,Pune,OnePlus,Android,11.0,11.2,261.7,171,5.4,1296,3.4,0.3,1803,Work
U01836,38,Female,Delhi,OnePlus,Android,7.6,12.3,52.2,51,5.4,7824,2.1,1.4,1777,Work
U01837,27,Female,Lucknow,Google Pixel,iOS,3.2,16.9,184.7,27,2.4,6186,5.9,4.8,282,Social Media
U01838,15,Female,Kolkata,Xiaomi,iOS,8.2,19.7,295.4,70,0.6,6093,0.8,0.2,276,Work
U01839,19,Female,Lucknow,Nokia,Android,10.4,19.1,228.7,61,4.9,8254,5.4,2.8,1041,Education
U01840,57,Other,Jaipur,Apple,Android,6.1,32.5,111.7,106,2.7,7188,3.9,2.4,1087,Social Media
U01841,20,Male,Delhi,Xiaomi,iOS,8.4,28.4,58.1,10,1.3,2429,3.7,3.4,797,Education
U01842,18,Male,Pune,Google Pixel,Android,4.9,14.6,286.7,26,3.7,2658,2.8,2.9,1413,Social Media
U01843,57,Male,Kolkata,OnePlus,Android,8.1,2.3,125.5,123,0.6,7205,2.3,3.1,1707,Gaming
U01844,22,Male,Kolkata,Motorola,Android,11.5,48.2,62.1,118,3.6,2158,1.7,2.2,1859,Gaming
U01845,23,Female,Ahmedabad,OnePlus,Android,7.4,6.3,212.2,14,2.1,9110,1.5,4.8,1970,Entertainment
U01846,49,Male,Jaipur,Motorola,Android,9.3,46.2,234.7,47,2.3,4843,1.3,0.5,865,Entertainment
U01847,57,Male,Kolkata,Motorola,iOS,7.9,13.6,79.4,91,5.4,5054,6.6,2.9,466,Entertainment
U01848,34,Other,Pune,Google Pixel,Android,2.3,32.7,241.9,125,2.1,9197,1.7,1.4,1959,Gaming
U01849,29,Female,Bangalore,Realme,iOS,9.4,47.1,134.7,118,0.6,533,6.0,2.9,1960,Gaming
U01850,29,Male,Hyderabad,Samsung,iOS,11.8,23.0,291.5,134,1.6,9838,2.6,2.0,667,Work
U01851,59,Male,Delhi,Oppo,Android,11.4,16.5,154.3,159,2.9,2868,6.7,2.4,1805,Social Media
U01852,51,Female,Mumbai,OnePlus,Android,3.0,8.5,245.2,124,5.9,2142,3.0,4.2,489,Education
U01853,50,Other,Pune,Apple,Android,7.4,3.2,115.5,172,3.1,165,5.5,0.8,1239,Social Media
U01854,55,Other,Chennai,Samsung,Android,7.4,5.8,51.3,35,4.4,4063,0.8,4.4,166,Education
U01855,41,Male,Jaipur,Nokia,iOS,2.7,26.4,125.7,72,3.7,8515,7.3,2.8,514,Work
U01856,39,Other,Chennai,OnePlus,Android,3.5,37.7,102.4,64,3.0,6649,3.8,3.4,1074,Entertainment
U01857,16,Other,Kolkata,Vivo,Android,11.8,30.6,279.1,94,0.8,9829,7.7,4.4,1720,Gaming
U01858,47,Other,Bangalore,OnePlus,Android,11.5,7.3,118.1,108,2.4,1318,7.9,2.7,859,Work
U01859,53,Male,Pune,Apple,iOS,5.1,5.7,148.6,13,1.9,2050,2.6,1.2,1531,Work
U01860,50,Female,Delhi,Vivo,Android,9.1,47.5,28.5,111,2.3,8428,1.7,2.9,164,Gaming
U01861,15,Male,Lucknow,Apple,Android,2.9,43.3,255.9,153,4.6,2271,3.6,1.6,1670,Social Media
U01862,15,Male,Pune,Xiaomi,iOS,6.2,3.6,11.2,190,2.2,2311,2.8,3.7,1581,Entertainment
U01863,35,Female,Mumbai,Vivo,Android,7.7,6.7,87.4,157,4.0,2520,1.4,1.6,659,Social Media
U01864,41,Male,Pune,Google Pixel,Android,7.0,14.7,294.9,53,1.6,9355,6.0,4.9,748,Social Media
U01865,45,Other,Jaipur,Motorola,Android,5.7,9.4,194.3,54,2.7,4854,6.1,4.0,1138,Work
U01866,25,Other,Bangalore,Oppo,iOS,2.7,5.5,297.6,122,0.8,6927,5.4,2.6,612,Entertainment
U01867,40,Male,Mumbai,Apple,iOS,6.0,28.9,124.7,183,5.1,8179,4.0,0.7,1676,Social Media
U01868,43,Female,Pune,Xiaomi,Android,11.8,30.5,123.2,46,1.2,1401,3.3,1.9,1404,Education
U01869,27,Male,Ahmedabad,Google Pixel,iOS,1.9,12.0,250.6,193,3.1,5114,3.1,1.7,855,Entertainment
U01870,46,Female,Lucknow,OnePlus,iOS,4.1,45.1,115.9,147,5.3,8954,1.2,2.2,465,Gaming
U01871,18,Female,Lucknow,Apple,iOS,3.3,35.3,297.9,157,5.1,5587,3.0,4.6,1155,Entertainment
U01872,34,Other,Chennai,Apple,iOS,4.3,11.5,258.6,39,2.3,9162,6.9,1.4,401,Work
U01873,26,Female,Kolkata,Vivo,iOS,1.6,20.7,183.3,173,4.5,6950,0.5,1.6,1388,Work
U01874,52,Other,Mumbai,Realme,iOS,9.2,20.3,291.9,180,0.5,5210,4.6,0.1,261,Education
U01875,16,Other,Ahmedabad,Xiaomi,iOS,8.2,43.2,35.9,79,2.5,7123,5.6,0.5,512,Entertainment
U01876,55,Female,Kolkata,Realme,iOS,3.1,27.5,51.1,26,3.2,6832,0.6,4.7,1219,Work
U01877,48,Other,Pune,Nokia,iOS,7.4,25.7,143.8,120,4.1,7668,3.0,2.4,1196,Education
U01878,21,Female,Chennai,Google Pixel,iOS,3.3,36.4,85.9,151,3.8,5500,4.9,2.3,1739,Gaming
U01879,35,Other,Jaipur,Motorola,iOS,6.6,35.9,245.5,163,0.6,2461,3.8,4.1,1316,Entertainment
U01880,40,Female,Ahmedabad,Apple,iOS,6.5,44.8,173.4,160,2.7,814,2.9,2.1,260,Entertainment
U01881,45,Male,Pune,Realme,iOS,4.8,20.5,113.0,46,2.6,8626,4.0,3.0,1955,Education
U01882,30,Other,Lucknow,Oppo,Android,5.1,33.7,273.3,96,4.1,3002,2.3,4.2,166,Work
U01883,51,Other,Pune,Oppo,iOS,5.6,27.2,162.4,106,3.4,717,1.8,1.3,1296,Social Media
U01884,28,Male,Mumbai,Samsung,iOS,11.4,12.1,105.8,181,3.6,4452,3.2,3.8,615,Work
U01885,33,Female,Ahmedabad,Realme,iOS,10.8,3.5,189.9,167,4.8,6361,0.5,4.5,688,Social Media
U01886,24,Other,Delhi,Realme,iOS,2.0,43.0,169.1,102,1.1,3240,6.5,0.6,596,Gaming
U01887,45,Other,Lucknow,Google Pixel,Android,3.3,5.4,157.6,125,5.1,3293,2.8,5.0,1827,Gaming
U01888,24,Other,Bangalore,Google Pixel,Android,2.3,42.9,290.6,54,0.6,5385,5.1,0.5,1434,Work
U01889,25,Female,Kolkata,Xiaomi,iOS,2.3,10.2,293.1,193,0.9,3034,2.0,2.3,598,Education
U01890,31,Male,Ahmedabad,Samsung,iOS,5.9,1.8,63.8,76,3.1,9713,7.2,4.0,702,Work
U01891,60,Male,Chennai,Google Pixel,iOS,4.7,7.3,91.1,103,5.6,5947,5.2,3.2,680,Entertainment
U01892,35,Other,Lucknow,Samsung,iOS,2.6,14.7,213.6,69,3.0,6808,4.1,1.6,443,Education
U01893,31,Other,Delhi,Vivo,Android,6.5,16.3,163.7,97,3.6,7177,6.3,0.7,1375,Social Media
U01894,46,Female,Chennai,Samsung,Android,11.1,24.0,116.0,151,5.6,2414,6.8,3.8,739,Education
U01895,58,Female,Pune,Realme,iOS,3.8,3.5,28.4,20,2.1,7799,1.6,1.9,1389,Gaming
U01896,23,Female,Mumbai,Motorola,iOS,9.6,41.3,73.6,110,3.8,7327,4.6,0.3,1696,Work
U01897,49,Female,Ahmedabad,Vivo,iOS,10.0,22.0,297.1,44,3.5,2710,1.9,1.3,1042,Gaming
U01898,55,Other,Kolkata,OnePlus,Android,4.2,16.7,279.5,123,4.8,1669,4.1,2.9,1698,Entertainment
U01899,42,Male,Pune,Apple,Android,8.6,28.0,172.3,58,3.9,2218,6.3,2.4,236,Work
U01900,60,Male,Mumbai,Samsung,iOS,3.6,44.1,89.1,118,5.4,611,6.3,3.3,387,Work
U01901,26,Other,Lucknow,Oppo,iOS,8.1,24.3,218.6,69,5.2,2714,1.1,0.8,1044,Social Media
U01902,60,Male,Chennai,Vivo,iOS,6.4,28.1,207.7,172,5.3,2336,1.3,0.7,237,Education
U01903,54,Female,Mumbai,Oppo,Android,1.5,21.8,160.7,134,1.6,4361,7.0,3.0,1466,Gaming
U01904,59,Other,Bangalore,Vivo,Android,8.1,28.0,28.8,76,1.4,6211,2.6,1.5,463,Entertainment
U01905,45,Male,Bangalore,Realme,Android,11.4,24.4,123.7,146,3.2,5517,2.5,2.6,1407,Social Media
U01906,45,Male,Ahmedabad,Samsung,iOS,10.6,31.0,123.4,91,4.3,4565,6.3,2.2,1637,Work
U01907,15,Other,Pune,Oppo,iOS,5.1,14.4,183.8,193,5.7,6716,1.7,4.6,1501,Work
U01908,42,Male,Delhi,Samsung,Android,8.5,35.1,43.3,96,2.4,2685,7.9,4.6,1563,Gaming
U01909,58,Male,Ahmedabad,Xiaomi,Android,1.4,9.5,214.1,85,4.6,5488,2.5,1.0,736,Education
U01910,19,Female,Chennai,Oppo,iOS,7.7,44.1,126.4,91,4.3,3533,7.7,0.4,579,Entertainment
U01911,39,Other,Pune,Vivo,iOS,5.8,8.7,91.9,19,3.0,5102,0.5,1.5,176,Gaming
U01912,53,Other,Kolkata,Oppo,iOS,10.7,38.6,173.5,76,3.0,7478,5.4,1.1,149,Work
U01913,51,Male,Delhi,Xiaomi,Android,7.5,41.3,163.6,25,5.9,7940,7.0,4.8,883,Entertainment
U01914,36,Female,Bangalore,Oppo,Android,2.9,43.1,122.3,185,2.4,5473,3.1,3.5,931,Education
U01915,25,Female,Pune,Apple,Android,4.9,37.8,135.2,177,5.8,7689,2.1,3.4,1960,Work
U01916,25,Male,Lucknow,Oppo,Android,2.7,12.4,204.7,80,1.6,1803,0.8,1.4,662,Social Media
U01917,47,Female,Kolkata,Google Pixel,Android,8.0,33.4,161.3,188,4.6,283,4.5,4.8,1313,Education
U01918,54,Other,Delhi,Vivo,Android,2.4,15.5,119.7,100,0.7,1644,1.1,4.7,1663,Education
U01919,24,Female,Chennai,Motorola,iOS,8.0,39.2,235.9,36,1.1,7168,7.6,5.0,692,Work
U01920,18,Other,Jaipur,Nokia,iOS,8.8,43.4,46.2,64,5.2,7991,1.0,2.0,1848,Education
U01921,45,Male,Bangalore,Vivo,Android,7.0,16.9,101.1,162,4.2,6801,3.1,0.2,621,Education
U01922,33,Male,Mumbai,Nokia,Android,4.1,29.3,91.3,10,1.5,6442,2.6,3.0,1569,Work
U01923,47,Male,Chennai,Google Pixel,Android,6.4,9.6,283.8,148,6.0,1006,4.3,0.8,1698,Work
U01924,30,Other,Bangalore,Samsung,Android,4.5,40.6,105.8,80,5.1,9782,7.1,2.2,811,Education
U01925,40,Male,Chennai,Realme,iOS,10.7,7.9,266.8,48,4.4,7826,3.8,0.1,164,Gaming
U01926,38,Male,Hyderabad,Samsung,iOS,8.2,42.8,228.9,58,3.3,9565,2.1,0.4,379,Work
U01927,24,Female,Jaipur,Oppo,iOS,5.4,26.8,128.0,24,2.5,7738,4.5,2.2,1537,Education
U01928,49,Other,Chennai,Apple,iOS,9.3,14.0,127.1,56,4.5,2794,5.0,3.8,221,Gaming
U01929,32,Other,Jaipur,Oppo,iOS,2.8,30.6,197.0,163,5.3,4894,4.7,3.6,1725,Gaming
U01930,33,Other,Jaipur,Motorola,Android,11.0,40.1,193.4,50,5.9,2750,3.8,2.8,1340,Entertainment
U01931,45,Other,Delhi,Nokia,iOS,8.5,37.0,215.9,150,4.2,7445,6.7,2.4,1097,Work
U01932,52,Other,Lucknow,Nokia,iOS,2.7,11.1,241.3,101,1.4,1346,2.5,2.2,1991,Gaming
U01933,41,Female,Lucknow,OnePlus,Android,1.5,30.0,205.0,38,1.1,2233,4.2,3.8,394,Work
U01934,54,Other,Jaipur,Oppo,iOS,8.7,19.7,76.4,83,5.8,4058,7.3,3.4,982,Social Media
U01935,54,Other,Ahmedabad,Samsung,Android,3.9,40.1,231.0,174,3.6,4659,3.1,3.0,1136,Gaming
U01936,28,Other,Ahmedabad,Google Pixel,Android,11.0,46.7,190.1,59,3.1,4129,6.6,3.7,988,Gaming
U01937,19,Other,Ahmedabad,Vivo,iOS,2.2,17.3,53.5,51,2.4,621,2.4,4.2,1251,Entertainment
U01938,53,Male,Bangalore,Realme,Android,2.9,7.0,243.9,24,2.0,3283,1.8,4.9,135,Social Media
U01939,16,Other,Pune,Oppo,Android,4.5,18.6,108.1,199,1.7,8179,2.7,4.4,269,Gaming
U01940,42,Male,Hyderabad,OnePlus,iOS,7.1,22.7,28.8,84,6.0,9762,1.3,2.2,954,Gaming
U01941,23,Male,Jaipur,Samsung,Android,2.9,27.6,297.6,57,5.5,7063,6.0,0.3,821,Education
U01942,53,Other,Kolkata,Realme,iOS,2.4,13.9,199.4,158,3.1,4378,0.6,1.6,673,Entertainment
U01943,16,Female,Pune,Google Pixel,Android,11.8,31.4,60.0,35,0.7,6364,1.7,0.8,1297,Work
U01944,22,Male,Mumbai,Xiaomi,iOS,1.2,27.4,234.7,183,5.0,167,0.8,0.3,339,Entertainment
U01945,15,Female,Bangalore,Oppo,Android,6.0,24.2,81.0,45,2.6,3764,5.7,3.0,938,Gaming
U01946,21,Male,Bangalore,Realme,iOS,1.4,30.5,277.7,146,1.7,1736,4.5,1.6,964,Work
U01947,47,Female,Delhi,OnePlus,iOS,10.2,2.1,114.1,150,4.8,7796,2.7,3.6,1136,Work
U01948,23,Female,Mumbai,Xiaomi,Android,8.2,21.2,271.9,69,1.3,9452,6.7,0.4,382,Work
U01949,18,Male,Hyderabad,Vivo,Android,2.7,36.6,123.8,40,2.3,500,7.0,2.2,1384,Gaming
U01950,57,Other,Pune,Apple,Android,2.1,25.7,101.9,39,5.1,7800,3.4,4.1,209,Entertainment
U01951,32,Female,Jaipur,Vivo,Android,2.5,35.9,38.0,10,0.8,7070,6.4,1.9,1452,Social Media
U01952,28,Other,Lucknow,Realme,iOS,1.4,30.4,294.0,182,3.3,7133,4.8,1.5,1547,Education
U01953,24,Other,Mumbai,Xiaomi,iOS,2.8,13.2,260.4,160,3.8,3816,1.3,0.7,343,Education
U01954,55,Male,Kolkata,Nokia,iOS,4.1,4.9,68.8,105,4.5,2557,5.0,1.6,767,Social Media
U01955,55,Female,Hyderabad,Google Pixel,Android,8.1,33.6,173.8,190,5.8,8153,7.7,4.5,1962,Work
U01956,42,Female,Mumbai,Realme,Android,4.5,42.6,175.0,29,2.1,3952,7.7,3.3,351,Social Media
U01957,52,Male,Kolkata,Motorola,iOS,9.2,17.3,261.3,22,1.7,4476,6.1,2.6,1907,Gaming
U01958,54,Other,Mumbai,Oppo,Android,8.5,36.9,72.0,175,1.3,1010,5.0,1.6,710,Education
U01959,22,Other,Delhi,Google Pixel,iOS,9.9,38.7,221.5,15,4.8,3190,1.7,1.7,375,Education
U01960,40,Other,Hyderabad,OnePlus,Android,8.6,2.3,207.3,83,0.9,7203,3.6,2.9,1888,Social Media
U01961,29,Other,Ahmedabad,Realme,Android,8.8,41.1,126.0,69,3.8,5184,2.3,1.7,1746,Gaming
U01962,21,Other,Jaipur,Apple,Android,5.8,14.1,86.7,70,4.3,1647,5.8,1.9,1317,Gaming
U01963,34,Female,Pune,Vivo,iOS,4.2,38.6,41.3,183,3.6,6915,0.8,0.3,1319,Work
U01964,31,Other,Lucknow,Xiaomi,Android,5.6,42.5,285.0,168,1.7,8292,2.7,3.9,1625,Gaming
U01965,32,Other,Bangalore,Nokia,Android,4.0,28.5,282.2,180,1.4,1405,6.9,1.3,791,Education
U01966,40,Male,Jaipur,Xiaomi,Android,9.3,44.9,168.4,192,2.9,5357,2.0,1.8,1630,Social Media
U01967,34,Male,Mumbai,Samsung,iOS,7.7,1.4,147.3,68,4.4,5295,7.7,4.1,258,Gaming
U01968,28,Male,Lucknow,Google Pixel,Android,8.6,44.2,37.0,81,1.3,2949,6.3,1.7,1265,Social Media
U01969,18,Male,Bangalore,Oppo,Android,3.3,49.1,193.9,15,1.8,5250,3.4,1.7,631,Social Media
U01970,54,Other,Ahmedabad,Xiaomi,Android,3.2,45.1,179.2,183,1.5,6468,1.0,4.5,885,Entertainment
U01971,43,Other,Pune,Vivo,Android,6.9,45.9,195.2,47,1.9,4685,0.7,1.8,268,Gaming
U01972,56,Male,Ahmedabad,Samsung,Android,1.8,20.6,48.3,142,5.9,9107,3.8,1.3,969,Education
U01973,53,Female,Lucknow,Nokia,iOS,7.2,7.0,255.4,173,5.2,2505,3.9,1.9,1271,Social Media
U01974,40,Other,Hyderabad,Motorola,Android,4.5,7.0,222.5,15,3.3,5046,1.5,3.7,567,Work
U01975,57,Male,Chennai,Motorola,Android,5.0,44.6,102.8,40,4.9,2197,4.5,1.1,1213,Gaming
U01976,30,Male,Pune,Nokia,Android,7.7,41.4,228.6,100,4.0,4240,1.4,2.7,1562,Work
U01977,36,Female,Pune,Nokia,iOS,1.3,32.0,87.0,192,5.1,8272,5.7,4.3,888,Entertainment
U01978,49,Other,Mumbai,Motorola,Android,6.3,22.7,271.2,86,2.9,5657,2.7,3.3,1173,Social Media
U01979,17,Other,Lucknow,Nokia,iOS,7.0,18.1,290.0,25,3.6,4381,6.7,2.9,1425,Gaming
U01980,53,Female,Ahmedabad,Google Pixel,iOS,11.5,7.7,76.8,132,3.5,5236,2.2,0.4,1339,Work
U01981,33,Male,Bangalore,Realme,Android,10.8,9.4,168.2,75,0.9,9406,1.7,2.2,1901,Gaming
U01982,23,Male,Hyderabad,OnePlus,iOS,8.8,29.5,233.8,75,5.5,8458,4.8,0.8,713,Social Media
U01983,37,Other,Kolkata,Xiaomi,Android,10.4,37.8,163.7,145,3.8,4557,2.7,4.0,1098,Gaming
U01984,34,Other,Lucknow,Xiaomi,Android,8.2,20.5,45.2,87,2.1,7373,5.9,0.5,247,Education
U01985,37,Other,Hyderabad,Apple,iOS,8.3,41.0,195.9,122,2.5,9591,6.2,4.0,969,Work
U01986,37,Male,Hyderabad,Oppo,Android,2.0,46.9,39.5,44,2.9,6065,3.5,3.9,1571,Work
U01987,58,Other,Jaipur,OnePlus,Android,1.8,5.6,275.7,65,2.1,851,7.6,2.4,1584,Entertainment
U01988,21,Male,Delhi,Vivo,Android,10.6,48.6,64.4,15,1.7,9665,0.8,0.5,1865,Gaming
U01989,60,Other,Bangalore,Realme,Android,2.9,12.7,170.0,82,0.7,5701,3.2,4.0,1406,Gaming
U01990,18,Other,Delhi,Motorola,Android,2.0,26.1,99.5,91,6.0,2925,4.3,2.3,371,Education
U01991,15,Female,Bangalore,Oppo,iOS,1.9,32.7,246.5,114,5.9,3342,4.9,1.8,953,Education
U01992,35,Other,Chennai,Motorola,iOS,9.1,43.9,171.5,150,1.0,8707,7.2,3.4,976,Gaming
U01993,21,Other,Pune,Apple,iOS,6.4,17.4,83.9,185,2.7,272,3.6,0.2,472,Gaming
U01994,32,Male,Bangalore,Motorola,iOS,6.9,39.4,25.6,97,0.6,3746,6.5,2.9,1929,Education
U01995,36,Male,Mumbai,Samsung,iOS,3.1,37.9,235.5,26,4.0,2245,2.2,3.8,1771,Work
U01996,28,Other,Bangalore,Google Pixel,Android,11.8,28.8,267.9,200,2.5,9071,7.7,1.8,547,Entertainment
U01997,57,Male,Kolkata,Motorola,iOS,3.3,28.4,96.0,80,3.5,4512,0.7,1.8,900,Work
U01998,23,Male,Ahmedabad,OnePlus,iOS,8.0,7.0,252.4,88,5.1,1920,3.3,4.6,509,Entertainment
U01999,25,Male,Pune,Nokia,iOS,10.4,17.3,271.7,60,1.1,9526,1.4,1.7,138,Gaming
U02000,35,Female,Kolkata,Vivo,Android,6.8,27.8,151.0,48,0.8,7425,6.0,5.0,731,Gaming
U02001,49,Other,Pune,Apple,iOS,6.9,32.9,271.5,141,0.6,3251,2.9,1.5,1466,Social Media
U02002,41,Other,Kolkata,Vivo,Android,9.3,4.2,296.7,29,0.7,4117,1.4,1.5,1339,Work
U02003,56,Female,Kolkata,Samsung,iOS,5.9,13.5,238.6,54,0.9,7845,7.0,3.4,703,Social Media
U02004,49,Female,Chennai,Apple,Android,4.2,10.8,59.8,143,5.7,8495,5.8,1.3,1566,Education
U02005,45,Female,Delhi,Google Pixel,iOS,10.6,19.1,74.6,115,0.7,9799,6.4,3.0,1711,Social Media
U02006,55,Female,Pune,Samsung,iOS,11.5,4.1,87.9,56,4.6,9942,4.6,2.0,673,Social Media
U02007,23,Other,Chennai,Realme,Android,10.3,42.0,83.4,130,5.6,9410,1.0,4.6,163,Entertainment
U02008,36,Female,Hyderabad,Motorola,iOS,11.5,11.8,124.2,169,5.7,9603,4.0,2.6,835,Entertainment
U02009,29,Female,Ahmedabad,Google Pixel,iOS,11.0,38.3,298.9,76,3.4,3453,1.0,2.5,1065,Work
U02010,39,Other,Delhi,OnePlus,iOS,9.7,26.3,109.8,103,5.7,7423,0.9,3.8,852,Gaming
U02011,45,Female,Ahmedabad,Realme,Android,10.0,7.3,103.2,145,1.9,8667,5.2,3.3,259,Social Media
U02012,27,Male,Hyderabad,OnePlus,iOS,6.5,34.1,195.9,164,2.1,2319,7.4,2.8,1679,Social Media
U02013,29,Female,Mumbai,Oppo,iOS,9.4,16.4,237.4,193,3.5,8221,6.7,4.9,656,Work
U02014,37,Male,Jaipur,Apple,Android,10.7,40.3,40.6,157,3.9,3014,7.5,2.3,624,Gaming
U02015,33,Female,Jaipur,Vivo,iOS,7.4,8.7,78.4,154,1.6,4198,3.8,1.4,200,Social Media
U02016,30,Female,Chennai,Nokia,iOS,11.1,6.0,116.6,194,3.3,8850,6.4,2.5,1193,Education
U02017,28,Other,Kolkata,Apple,Android,6.5,16.3,49.5,106,2.5,5171,7.4,0.9,802,Social Media
U02018,46,Other,Jaipur,Apple,Android,11.0,22.4,185.2,109,0.7,2647,6.3,0.4,928,Gaming
U02019,45,Other,Lucknow,Motorola,Android,3.9,43.3,129.3,79,4.7,1485,2.7,0.1,1419,Gaming
U02020,41,Male,Chennai,OnePlus,Android,6.5,36.3,213.1,160,3.0,6162,7.6,1.1,1264,Work
U02021,60,Other,Kolkata,Samsung,Android,4.1,41.6,281.4,19,5.5,8097,1.9,1.9,488,Education
U02022,42,Female,Hyderabad,OnePlus,Android,2.6,49.1,232.0,50,3.9,9695,2.4,0.3,1579,Gaming
U02023,30,Other,Pune,Xiaomi,iOS,3.3,31.8,277.1,103,3.2,9201,2.2,4.3,1199,Gaming
U02024,36,Other,Hyderabad,Realme,Android,6.2,24.5,190.0,175,2.1,3986,2.3,2.0,1427,Work
U02025,57,Other,Bangalore,Motorola,iOS,6.5,16.8,166.5,133,3.6,7249,6.3,3.4,666,Entertainment
U02026,44,Other,Lucknow,Oppo,iOS,2.2,26.3,78.1,135,1.9,8254,2.4,0.4,786,Education
U02027,32,Male,Kolkata,Vivo,iOS,8.6,44.2,94.9,152,5.3,2398,4.9,2.3,440,Social Media
U02028,38,Other,Delhi,Samsung,Android,2.1,3.1,81.1,17,3.5,9696,6.5,0.3,1961,Entertainment
U02029,15,Male,Delhi,Motorola,Android,10.7,33.4,292.6,169,3.2,817,5.5,0.4,448,Gaming
U02030,60,Female,Mumbai,Vivo,Android,1.6,18.8,26.7,86,1.9,7142,5.4,2.2,402,Work
U02031,52,Male,Jaipur,Google Pixel,Android,2.0,28.3,291.4,21,1.8,6489,5.9,2.0,975,Gaming
U02032,55,Other,Bangalore,Xiaomi,iOS,2.8,20.7,37.8,11,4.3,729,4.3,1.7,1895,Education
U02033,44,Other,Lucknow,Realme,iOS,2.5,23.8,184.1,163,5.5,8868,0.8,3.2,1924,Entertainment
U02034,45,Male,Chennai,Samsung,iOS,6.1,13.2,75.8,176,4.1,1044,7.2,3.6,193,Education
U02035,30,Male,Delhi,Realme,iOS,9.8,4.1,264.6,77,4.2,5165,4.3,3.8,1554,Education
U02036,33,Male,Mumbai,Realme,Android,2.5,2.6,7.3,165,3.6,4491,4.3,0.4,144,Social Media
U02037,16,Male,Bangalore,Samsung,Android,9.0,16.7,84.1,147,2.2,4907,7.4,3.5,409,Gaming
U02038,31,Female,Mumbai,Realme,Android,7.3,30.3,221.7,27,3.7,3821,2.1,4.9,1085,Social Media
U02039,26,Other,Chennai,Motorola,iOS,10.7,22.5,252.0,122,3.7,9841,1.3,2.8,1193,Work
U02040,34,Female,Mumbai,Samsung,Android,1.3,3.3,75.2,85,1.3,5567,7.7,4.3,1993,Gaming
U02041,40,Female,Bangalore,Oppo,Android,7.3,15.2,128.5,170,3.8,1872,7.4,1.6,1200,Education
U02042,34,Male,Pune,Vivo,iOS,2.0,3.0,120.5,161,3.2,6103,3.6,1.0,939,Gaming
U02043,55,Female,Ahmedabad,Motorola,iOS,2.9,5.4,47.8,133,2.9,8548,5.1,2.2,267,Education
U02044,41,Male,Delhi,Vivo,iOS,9.6,15.8,164.9,131,4.0,7818,5.8,3.5,296,Social Media
U02045,38,Other,Delhi,Motorola,Android,10.8,16.6,150.0,22,1.0,1530,7.1,2.9,1141,Work
U02046,51,Other,Bangalore,OnePlus,iOS,8.6,40.3,167.5,88,5.8,6249,4.1,1.5,1509,Gaming
U02047,49,Male,Ahmedabad,Apple,Android,3.7,17.1,173.1,48,0.7,8978,1.2,1.5,1252,Gaming
U02048,46,Other,Chennai,Samsung,iOS,4.0,20.9,39.3,74,2.5,1497,7.1,3.6,433,Gaming
U02049,38,Male,Lucknow,Nokia,iOS,8.4,49.4,115.6,64,2.9,2310,5.1,3.8,808,Entertainment
U02050,59,Male,Ahmedabad,Vivo,Android,1.4,18.5,216.2,75,2.1,6298,2.2,2.9,177,Work
U02051,38,Female,Lucknow,OnePlus,Android,1.3,5.4,165.8,190,5.1,7771,2.8,4.5,1181,Entertainment
U02052,39,Female,Delhi,Nokia,Android,8.0,19.8,214.9,69,3.2,2696,4.2,2.7,1903,Work
U02053,32,Female,Bangalore,Vivo,Android,8.7,39.8,156.9,75,1.3,9833,1.5,3.9,1324,Entertainment
U02054,53,Male,Jaipur,Oppo,Android,5.3,25.2,150.4,106,1.9,6863,2.9,2.2,797,Education
U02055,57,Other,Lucknow,Apple,iOS,2.3,13.0,117.2,148,2.7,6022,6.8,1.1,635,Entertainment
U02056,15,Other,Ahmedabad,Oppo,iOS,4.5,49.8,193.1,49,0.6,3880,3.1,3.1,1219,Entertainment
U02057,33,Female,Delhi,Apple,Android,9.6,42.9,277.9,86,1.0,6412,6.5,4.4,575,Entertainment
U02058,48,Male,Pune,Google Pixel,Android,3.3,35.1,224.9,34,3.2,9710,2.2,1.3,1499,Work
U02059,55,Female,Pune,Nokia,iOS,1.5,14.2,76.8,124,5.8,8380,4.4,2.0,478,Education
U02060,39,Other,Bangalore,Apple,iOS,8.3,12.8,261.1,182,5.5,1401,6.9,4.7,1616,Gaming
U02061,25,Female,Hyderabad,Apple,iOS,5.3,37.8,127.4,180,3.8,4522,2.2,1.3,1455,Social Media
U02062,54,Female,Jaipur,Apple,iOS,2.2,24.9,32.1,22,3.1,3275,4.2,3.3,107,Social Media
U02063,26,Other,Mumbai,Motorola,iOS,11.0,33.6,70.6,148,1.5,4154,2.4,1.0,1407,Social Media
U02064,45,Other,Bangalore,Motorola,Android,4.0,22.8,71.6,52,2.9,4418,2.6,3.0,1440,Social Media
U02065,45,Other,Kolkata,Xiaomi,iOS,10.8,32.3,284.8,29,2.0,1888,6.4,3.6,1573,Social Media
U02066,44,Male,Chennai,Oppo,iOS,3.0,47.9,98.4,154,1.7,7279,6.9,2.0,583,Education
U02067,28,Other,Jaipur,Nokia,Android,10.0,37.5,245.0,11,1.9,8829,5.0,1.3,807,Education
U02068,42,Other,Jaipur,Vivo,Android,9.2,15.3,252.7,130,2.6,9884,5.7,1.6,143,Gaming
U02069,54,Female,Delhi,OnePlus,Android,11.9,16.5,134.4,190,2.4,7536,0.9,0.5,1384,Education
U02070,48,Other,Kolkata,OnePlus,iOS,4.8,18.5,85.1,106,5.8,1323,4.6,4.1,1934,Social Media
U02071,28,Female,Pune,Samsung,Android,2.4,20.3,299.2,11,1.3,7001,7.4,0.6,104,Entertainment
U02072,45,Female,Bangalore,Oppo,Android,10.6,47.5,227.2,95,1.1,6339,2.7,2.3,630,Work
U02073,54,Female,Chennai,Samsung,iOS,5.1,28.4,223.4,129,5.3,788,5.9,3.0,614,Gaming
U02074,20,Female,Lucknow,Realme,iOS,7.6,41.5,229.7,111,5.3,1172,3.5,2.7,282,Social Media
U02075,56,Male,Ahmedabad,Google Pixel,iOS,8.0,9.4,253.7,64,3.1,3839,6.8,3.3,1425,Education
U02076,33,Female,Mumbai,Vivo,Android,4.3,11.1,103.4,170,5.8,4527,6.2,0.5,1112,Gaming
U02077,43,Other,Ahmedabad,Motorola,iOS,10.4,40.9,288.0,41,5.4,1203,2.7,2.2,1256,Work
U02078,60,Other,Delhi,Realme,iOS,3.0,9.4,239.3,198,2.8,4269,7.4,1.6,1362,Social Media
U02079,59,Male,Delhi,Realme,Android,9.4,29.7,61.7,87,3.9,5780,6.5,2.7,789,Social Media
U02080,43,Female,Hyderabad,Nokia,Android,10.9,41.7,245.0,152,3.5,9816,5.3,3.2,475,Education
U02081,52,Other,Lucknow,Samsung,Android,4.9,12.0,172.5,192,3.1,3107,3.5,2.4,1622,Social Media
U02082,58,Female,Lucknow,Samsung,iOS,10.3,37.4,53.3,175,4.4,5537,4.3,3.0,1417,Education
U02083,24,Male,Chennai,Xiaomi,iOS,8.6,3.1,260.9,40,1.0,6668,1.0,0.6,1427,Education
U02084,51,Male,Pune,Realme,iOS,5.8,35.7,21.1,60,4.2,1001,6.8,3.2,256,Entertainment
U02085,38,Female,Kolkata,Oppo,iOS,5.2,13.6,58.7,49,5.1,981,3.0,1.6,1928,Work
U02086,51,Other,Chennai,Google Pixel,iOS,2.4,41.4,203.7,130,3.2,9374,4.6,2.4,119,Entertainment
U02087,29,Female,Chennai,Nokia,Android,10.6,38.6,252.5,83,4.6,9852,1.5,4.9,232,Work
U02088,19,Other,Ahmedabad,Motorola,Android,9.5,28.8,45.0,102,4.8,244,4.5,1.6,1263,Social Media
U02089,57,Other,Jaipur,Nokia,Android,8.9,7.9,38.9,60,1.9,2938,7.0,1.4,467,Entertainment
U02090,20,Other,Mumbai,Oppo,Android,2.6,35.4,181.4,154,0.9,6261,4.3,4.2,579,Social Media
U02091,59,Male,Ahmedabad,Oppo,iOS,2.2,3.0,296.8,113,1.3,6488,4.1,1.1,137,Work
U02092,41,Other,Kolkata,Nokia,Android,7.0,1.9,295.5,59,4.2,106,2.8,1.7,629,Education
U02093,16,Male,Jaipur,Vivo,Android,10.5,44.1,148.6,188,5.8,5487,5.0,0.3,966,Education
U02094,30,Female,Pune,Google Pixel,Android,10.9,17.5,47.3,88,2.9,5941,6.1,3.5,752,Entertainment
U02095,47,Female,Bangalore,Xiaomi,iOS,9.5,16.1,171.6,176,5.8,2094,4.8,4.1,1733,Entertainment
U02096,22,Male,Lucknow,OnePlus,iOS,3.2,24.6,104.9,35,5.9,8087,1.8,4.2,306,Education
U02097,50,Other,Jaipur,Apple,Android,3.2,18.9,280.4,81,5.1,2632,7.4,3.0,1150,Gaming
U02098,53,Other,Chennai,Xiaomi,iOS,9.1,9.8,134.2,127,1.5,5627,6.1,0.4,1057,Social Media
U02099,26,Male,Hyderabad,Vivo,iOS,9.3,7.9,210.4,192,0.6,6986,6.8,0.3,1478,Entertainment
U02100,24,Other,Ahmedabad,Realme,iOS,3.7,37.7,178.4,33,4.5,8549,4.7,1.0,860,Social Media
U02101,19,Female,Bangalore,Vivo,iOS,5.2,11.4,73.9,22,5.1,9059,5.1,4.7,303,Gaming
U02102,47,Female,Ahmedabad,Oppo,Android,9.7,6.6,73.4,53,4.1,7645,2.6,2.8,429,Work
U02103,48,Other,Lucknow,Samsung,Android,3.3,23.5,242.5,57,5.8,4220,2.9,1.3,1456,Social Media
U02104,47,Male,Jaipur,Google Pixel,Android,1.1,12.3,80.3,96,2.2,1884,6.0,0.3,1933,Entertainment
U02105,27,Other,Chennai,Google Pixel,iOS,10.6,13.5,125.5,132,4.0,8634,1.8,0.4,1467,Entertainment
U02106,60,Female,Ahmedabad,Vivo,iOS,9.3,37.1,97.6,20,3.3,5213,2.7,2.4,611,Entertainment
U02107,52,Other,Chennai,Nokia,Android,1.9,34.1,247.9,170,4.3,917,2.9,1.6,1865,Work
U02108,59,Male,Lucknow,Google Pixel,Android,10.9,31.2,23.8,74,2.7,3996,2.5,3.2,1203,Work
U02109,49,Other,Ahmedabad,Motorola,Android,7.9,31.3,25.1,176,2.4,4784,6.7,5.0,1060,Social Media
U02110,54,Female,Delhi,Nokia,Android,9.2,24.4,174.6,160,5.9,8883,2.4,3.8,1311,Entertainment
U02111,15,Male,Chennai,OnePlus,iOS,3.4,23.1,234.0,158,3.1,4180,6.0,3.0,1993,Entertainment
U02112,37,Other,Kolkata,Apple,iOS,9.8,1.7,173.6,105,2.7,1519,2.7,3.9,312,Social Media
U02113,32,Male,Pune,Apple,iOS,3.7,35.5,40.4,163,2.4,9705,5.7,2.1,469,Work
U02114,32,Male,Chennai,Samsung,iOS,2.4,24.7,47.2,119,1.0,8896,2.0,1.8,1881,Work
U02115,20,Other,Kolkata,Samsung,Android,1.8,16.4,73.8,176,2.7,6556,5.0,1.0,1556,Education
U02116,38,Female,Ahmedabad,OnePlus,Android,1.8,6.5,110.1,114,4.2,8721,2.8,1.8,387,Work
U02117,41,Male,Mumbai,Xiaomi,Android,6.1,25.4,190.6,183,5.9,5831,6.9,4.5,1864,Education
U02118,58,Male,Lucknow,Samsung,Android,9.0,1.5,71.3,169,2.2,1315,3.9,3.9,1369,Work
U02119,30,Male,Lucknow,Realme,Android,6.6,9.2,121.2,187,5.7,3591,6.6,3.1,1696,Gaming
U02120,45,Female,Hyderabad,Apple,iOS,4.2,33.8,180.4,65,4.6,7114,6.2,1.2,651,Social Media
U02121,52,Male,Delhi,Motorola,iOS,11.7,40.5,189.9,51,2.7,5108,6.2,2.7,1377,Education
U02122,48,Female,Hyderabad,Vivo,iOS,1.8,35.8,121.1,179,2.1,2042,7.9,1.9,1875,Gaming
U02123,15,Male,Delhi,Oppo,iOS,10.5,27.2,210.7,79,2.2,1398,6.3,2.2,892,Social Media
U02124,18,Other,Bangalore,Xiaomi,iOS,6.0,24.6,200.4,46,5.1,2424,7.3,1.3,776,Gaming
U02125,56,Other,Bangalore,Nokia,iOS,11.6,15.2,268.2,160,5.2,2860,1.4,0.4,643,Social Media
U02126,15,Female,Hyderabad,Xiaomi,iOS,2.2,5.1,210.9,120,2.1,6440,5.6,3.6,604,Entertainment
U02127,35,Other,Bangalore,Samsung,Android,8.7,37.6,251.5,114,2.2,9173,1.6,2.9,1309,Gaming
U02128,50,Other,Lucknow,Vivo,iOS,5.6,36.9,254.3,149,2.3,1545,7.2,0.9,923,Education
U02129,15,Male,Bangalore,Xiaomi,Android,9.2,17.6,190.2,161,4.5,7967,5.8,0.6,161,Education
U02130,16,Other,Ahmedabad,Apple,Android,2.6,36.7,262.2,117,4.9,6051,3.0,3.2,1246,Education
U02131,29,Female,Delhi,Realme,iOS,10.7,12.6,220.3,87,4.5,2172,1.0,1.0,375,Work
U02132,60,Female,Lucknow,Google Pixel,iOS,3.4,21.5,59.0,36,4.9,3980,3.6,0.6,385,Work
U02133,37,Other,Chennai,Apple,iOS,7.5,26.1,299.9,78,3.3,1603,7.5,0.9,139,Social Media
U02134,26,Male,Mumbai,Nokia,iOS,10.1,10.8,100.7,21,1.3,9089,3.9,0.7,1171,Education
U02135,19,Female,Kolkata,Google Pixel,Android,11.0,11.5,130.7,122,3.7,8876,3.9,1.3,575,Entertainment
U02136,22,Female,Chennai,Nokia,iOS,3.0,8.9,269.2,126,2.4,6284,1.3,1.2,333,Education
U02137,35,Female,Ahmedabad,Vivo,iOS,4.3,18.3,241.8,136,1.6,2462,7.8,0.4,976,Gaming
U02138,39,Other,Kolkata,Realme,Android,7.5,18.3,86.1,59,4.8,333,2.1,4.7,949,Work
U02139,21,Female,Delhi,Samsung,Android,6.3,15.5,169.5,176,5.4,3902,3.1,4.5,383,Gaming
U02140,36,Other,Ahmedabad,Nokia,Android,7.7,42.8,222.4,27,1.0,8230,2.7,2.4,1818,Education
U02141,46,Male,Pune,Motorola,iOS,8.8,13.7,202.2,181,5.6,4106,2.6,3.2,577,Work
U02142,30,Female,Jaipur,Motorola,Android,4.3,9.8,222.4,40,3.4,5587,6.0,2.5,1996,Entertainment
U02143,41,Other,Jaipur,Google Pixel,Android,10.1,3.7,151.2,47,2.2,8720,5.6,1.2,630,Gaming
U02144,19,Other,Ahmedabad,Realme,Android,1.2,38.7,264.6,101,3.6,5098,6.6,4.7,118,Gaming
U02145,55,Male,Mumbai,Vivo,Android,10.9,25.9,53.4,112,5.0,6463,0.8,3.1,1128,Social Media
U02146,57,Other,Hyderabad,OnePlus,iOS,5.0,47.9,283.5,187,2.6,7063,2.5,2.5,424,Social Media
U02147,19,Male,Kolkata,Xiaomi,Android,4.0,28.7,182.9,160,1.4,8124,1.4,0.6,575,Social Media
U02148,30,Male,Chennai,Motorola,iOS,10.4,14.1,277.1,136,2.4,3778,3.8,0.0,1759,Education
U02149,24,Other,Jaipur,Realme,Android,1.2,19.5,30.8,144,0.9,3297,0.6,0.7,1825,Social Media
U02150,29,Male,Jaipur,Realme,iOS,5.6,26.8,29.0,181,3.6,2696,2.0,3.5,465,Entertainment
U02151,49,Female,Bangalore,Nokia,Android,11.7,6.2,12.8,123,5.3,7151,7.0,0.6,1611,Social Media
U02152,42,Female,Bangalore,Oppo,Android,1.6,1.1,275.7,60,3.6,8353,7.2,2.2,209,Work
U02153,29,Other,Ahmedabad,Nokia,Android,3.8,8.8,51.5,59,5.2,6059,4.6,2.3,1622,Education
U02154,48,Other,Chennai,Google Pixel,Android,10.8,38.3,278.7,189,1.3,1103,4.3,4.7,1254,Entertainment
U02155,34,Female,Delhi,Vivo,Android,11.7,37.6,21.0,73,1.8,7125,3.1,2.1,1924,Education
U02156,59,Female,Delhi,Motorola,Android,1.3,46.3,228.4,76,2.4,2899,5.4,1.9,1970,Social Media
U02157,46,Male,Chennai,Samsung,Android,10.6,9.3,144.6,23,4.6,6209,3.3,3.8,1970,Education
U02158,43,Male,Chennai,Nokia,Android,2.0,8.3,250.5,31,4.8,197,5.7,2.4,1352,Education
U02159,47,Female,Lucknow,Motorola,Android,11.7,3.7,61.5,20,3.3,7932,1.6,1.1,448,Work
U02160,34,Other,Jaipur,Realme,Android,3.0,36.9,92.4,102,3.1,5658,2.2,1.1,301,Gaming
U02161,27,Other,Lucknow,Xiaomi,Android,7.4,4.4,217.4,192,0.9,2299,3.3,4.3,814,Social Media
U02162,60,Male,Ahmedabad,Motorola,Android,7.9,6.7,54.4,193,3.9,1222,1.7,1.7,1826,Work
U02163,48,Other,Bangalore,Vivo,iOS,6.0,28.7,170.7,139,3.7,5195,4.7,4.2,1139,Work
U02164,41,Male,Bangalore,Realme,Android,2.8,13.8,12.1,103,3.9,5892,6.8,0.3,187,Education
U02165,46,Other,Pune,Apple,Android,10.6,18.9,15.2,63,3.4,8330,2.6,2.0,661,Entertainment
U02166,20,Female,Kolkata,Vivo,Android,9.0,4.0,122.2,48,3.8,7226,5.0,4.4,1406,Gaming
U02167,20,Female,Bangalore,Oppo,Android,6.5,32.8,207.8,183,3.9,4754,6.7,3.3,1586,Education
U02168,44,Male,Kolkata,Motorola,iOS,4.6,43.0,168.3,66,2.5,7342,1.4,0.1,1358,Education
U02169,37,Male,Mumbai,Apple,iOS,8.1,38.1,273.2,140,1.0,5464,3.4,4.7,1214,Entertainment
U02170,38,Male,Chennai,Xiaomi,iOS,9.7,44.9,231.8,171,4.0,3645,6.0,0.1,285,Gaming
U02171,26,Female,Jaipur,Samsung,Android,2.6,6.1,41.4,191,2.2,4664,5.4,1.7,1614,Social Media
U02172,17,Female,Lucknow,Vivo,iOS,2.4,28.2,159.2,183,0.8,6921,2.2,4.1,169,Work
U02173,51,Other,Bangalore,Oppo,iOS,3.4,12.2,94.8,18,5.4,2355,1.9,1.6,406,Education
U02174,58,Female,Ahmedabad,Oppo,iOS,11.8,8.9,12.2,140,4.8,176,7.6,2.4,1090,Gaming
U02175,42,Male,Delhi,Oppo,Android,3.0,5.0,149.9,22,2.9,7864,7.1,4.1,602,Gaming
U02176,23,Female,Lucknow,Samsung,Android,6.2,38.8,230.1,73,3.6,3847,7.5,3.0,258,Entertainment
U02177,43,Male,Pune,Samsung,Android,5.4,18.2,155.9,114,4.8,3247,5.0,0.6,1336,Work
U02178,23,Female,Lucknow,Oppo,iOS,9.3,35.6,71.7,129,4.0,1691,5.2,2.4,185,Education
U02179,17,Other,Kolkata,Samsung,Android,9.1,12.7,221.1,72,1.1,8962,3.2,2.3,1092,Education
U02180,36,Other,Delhi,Xiaomi,Android,1.9,19.7,112.1,75,2.8,8036,2.0,4.8,1409,Education
U02181,43,Male,Hyderabad,Xiaomi,Android,12.0,37.8,167.5,123,4.3,7181,4.4,1.5,1774,Gaming
U02182,25,Female,Delhi,Motorola,iOS,5.2,31.8,283.7,177,5.9,4566,5.8,0.3,290,Social Media
U02183,40,Male,Kolkata,Apple,iOS,1.5,28.4,57.7,42,3.2,9486,7.9,2.7,1694,Work
U02184,19,Other,Delhi,Google Pixel,Android,3.2,48.2,262.6,29,4.6,2462,6.1,0.2,605,Education
U02185,32,Other,Mumbai,Motorola,Android,10.5,5.1,104.4,171,0.6,1968,7.8,4.1,961,Work
U02186,51,Other,Jaipur,Oppo,iOS,11.8,36.8,170.0,43,3.0,865,4.0,3.8,1029,Work
U02187,41,Male,Jaipur,Google Pixel,iOS,10.8,36.7,84.3,135,1.5,3866,1.9,1.8,122,Work
U02188,31,Male,Lucknow,Vivo,Android,11.7,28.1,143.1,107,1.8,4616,7.1,3.7,1568,Social Media
U02189,17,Male,Lucknow,OnePlus,iOS,1.7,26.0,133.7,38,1.2,7850,7.3,3.1,1721,Gaming
U02190,19,Male,Chennai,Motorola,Android,11.3,19.5,211.8,184,3.8,133,3.2,0.2,1614,Social Media
U02191,44,Male,Lucknow,Oppo,iOS,1.4,35.7,98.3,178,2.6,8894,4.2,2.3,949,Gaming
U02192,18,Male,Pune,Google Pixel,iOS,9.7,8.2,299.3,65,1.4,6059,1.1,0.7,428,Gaming
U02193,60,Other,Mumbai,Google Pixel,Android,3.0,21.3,79.2,122,5.0,5982,4.4,2.5,1925,Education
U02194,58,Female,Jaipur,Vivo,iOS,6.1,16.3,236.1,183,1.9,145,5.8,2.3,1868,Education
U02195,40,Male,Delhi,Nokia,Android,7.7,36.5,228.0,98,4.1,3401,2.6,3.2,888,Gaming
U02196,30,Male,Chennai,Realme,iOS,6.1,42.6,72.8,70,2.0,5450,6.0,3.2,877,Education
U02197,43,Other,Ahmedabad,Vivo,iOS,7.4,21.1,225.2,166,4.5,6071,7.7,2.4,126,Education
U02198,31,Other,Ahmedabad,Vivo,iOS,4.2,29.5,227.4,10,1.1,6977,4.7,2.8,151,Work
U02199,57,Female,Jaipur,Apple,Android,4.5,11.6,203.6,185,2.2,213,0.7,4.1,858,Entertainment
U02200,35,Other,Bangalore,Apple,Android,11.8,43.8,56.7,72,2.6,3022,5.0,3.0,1922,Education
U02201,30,Male,Lucknow,Vivo,iOS,8.7,16.1,247.1,16,5.0,3956,6.2,2.0,1475,Education
U02202,40,Male,Hyderabad,Vivo,Android,5.7,44.7,149.8,50,3.4,980,6.7,2.1,948,Education
U02203,37,Other,Kolkata,Google Pixel,Android,3.9,21.1,264.9,25,3.6,5117,6.0,3.0,258,Work
U02204,24,Male,Kolkata,OnePlus,Android,11.5,34.2,129.3,168,1.0,6636,1.3,2.9,674,Entertainment
U02205,30,Male,Bangalore,Nokia,iOS,9.0,22.1,207.6,34,0.5,6991,1.3,1.0,1506,Social Media
U02206,26,Female,Hyderabad,Samsung,iOS,10.0,5.7,297.8,28,2.4,9187,5.8,1.6,853,Work
U02207,40,Female,Pune,Nokia,Android,3.9,19.8,154.9,64,4.7,6367,7.7,0.4,1776,Work
U02208,48,Other,Kolkata,Vivo,iOS,6.9,31.7,50.1,72,2.4,1126,6.5,4.9,358,Work
U02209,28,Male,Chennai,Oppo,iOS,4.0,13.6,238.1,118,3.5,8394,2.9,2.3,1541,Gaming
U02210,26,Male,Jaipur,Realme,Android,10.9,11.8,256.3,107,4.4,6465,1.9,2.9,1744,Entertainment
U02211,59,Other,Chennai,Google Pixel,iOS,1.3,27.1,19.5,164,4.3,4937,3.3,1.3,1549,Education
U02212,47,Female,Ahmedabad,Vivo,iOS,8.4,7.6,172.8,65,1.5,8419,6.9,1.1,1299,Education
U02213,22,Other,Lucknow,Xiaomi,Android,3.0,7.6,171.4,138,3.5,8552,1.1,2.5,1586,Entertainment
U02214,40,Other,Jaipur,Nokia,iOS,2.7,46.8,238.3,190,5.7,3600,5.2,4.8,1064,Education
U02215,15,Other,Jaipur,Apple,Android,9.8,17.2,127.2,63,1.3,3826,0.8,2.3,1356,Work
U02216,33,Male,Hyderabad,Vivo,iOS,8.8,27.4,261.6,136,2.7,8760,7.8,4.7,204,Education
U02217,47,Female,Jaipur,Vivo,iOS,6.0,31.7,120.6,150,3.7,9609,5.9,0.4,1755,Work
U02218,56,Female,Hyderabad,Xiaomi,Android,8.9,42.9,261.3,63,4.2,4066,7.5,3.8,336,Education
U02219,56,Female,Bangalore,OnePlus,Android,2.7,21.8,17.3,158,4.9,4313,1.0,0.8,180,Education
U02220,15,Male,Jaipur,OnePlus,Android,7.0,11.3,268.7,109,1.3,4647,7.3,0.0,1251,Social Media
U02221,59,Male,Ahmedabad,Samsung,iOS,11.8,30.1,51.1,72,1.9,5076,1.8,0.8,1108,Education
U02222,40,Female,Lucknow,Samsung,iOS,6.9,16.3,267.7,110,3.8,6550,4.5,3.6,898,Entertainment
U02223,18,Other,Lucknow,Motorola,iOS,5.6,38.4,186.0,156,4.9,5036,3.1,4.1,1625,Education
U02224,59,Female,Ahmedabad,Realme,Android,5.1,15.8,63.6,37,3.8,6542,7.3,3.6,1724,Entertainment
U02225,41,Other,Kolkata,Nokia,iOS,5.5,7.3,87.9,84,2.1,1954,6.4,0.8,1351,Work
U02226,29,Female,Pune,Xiaomi,Android,11.1,13.6,171.7,199,3.0,3167,3.0,3.4,690,Work
U02227,31,Other,Mumbai,Samsung,Android,5.3,29.5,26.1,172,2.0,4618,7.2,3.5,1838,Work
U02228,36,Female,Ahmedabad,Samsung,iOS,7.8,16.4,132.8,29,0.5,715,7.5,2.7,303,Gaming
U02229,19,Other,Hyderabad,Apple,Android,4.7,18.6,94.1,48,3.6,7023,5.9,1.6,1319,Entertainment
U02230,19,Male,Ahmedabad,Nokia,Android,4.4,27.8,165.5,143,4.5,3638,6.1,2.9,1265,Social Media
U02231,59,Male,Hyderabad,Vivo,Android,9.5,4.3,226.2,138,1.5,2606,5.5,4.8,1171,Social Media
U02232,37,Other,Ahmedabad,Nokia,iOS,5.1,21.5,35.0,73,5.7,5071,4.6,0.4,1334,Gaming
U02233,21,Other,Lucknow,Realme,Android,11.3,7.7,164.0,54,5.2,9982,6.0,1.3,1095,Social Media
U02234,21,Other,Delhi,Google Pixel,iOS,8.0,36.3,164.9,85,2.3,2379,5.4,0.7,454,Social Media
U02235,24,Other,Kolkata,Xiaomi,Android,7.2,26.9,76.7,24,0.6,9101,2.8,0.9,258,Social Media
U02236,25,Other,Bangalore,Google Pixel,iOS,3.6,29.2,237.4,195,4.1,8060,1.9,2.5,1592,Social Media
U02237,29,Male,Ahmedabad,Oppo,iOS,6.8,46.9,189.8,175,4.3,8022,4.8,3.2,1789,Social Media
U02238,59,Female,Jaipur,Motorola,iOS,4.0,14.5,54.2,115,5.1,5626,3.1,0.9,1854,Entertainment
U02239,17,Male,Chennai,Apple,iOS,11.3,45.3,262.8,184,1.9,4189,3.8,3.8,1870,Education
U02240,31,Other,Pune,Nokia,Android,2.6,10.5,37.5,110,3.6,5548,2.4,2.0,147,Education
U02241,40,Other,Jaipur,Nokia,iOS,8.9,27.1,145.6,124,2.1,962,1.3,2.2,401,Gaming
U02242,28,Female,Hyderabad,OnePlus,iOS,2.5,14.2,296.8,53,3.1,3621,3.9,2.7,1848,Work
U02243,40,Other,Bangalore,Nokia,iOS,9.9,46.7,216.7,56,5.2,427,2.9,1.6,1477,Social Media
U02244,43,Male,Jaipur,OnePlus,iOS,3.3,12.9,247.0,43,4.7,5459,7.8,3.6,1470,Social Media
U02245,58,Other,Ahmedabad,Realme,iOS,10.2,45.8,33.0,192,1.5,1766,0.8,4.2,1020,Gaming
U02246,28,Other,Pune,Samsung,Android,6.2,34.8,72.9,55,4.8,4778,2.8,1.1,1070,Education
U02247,55,Female,Chennai,Google Pixel,iOS,2.5,22.2,249.8,110,3.3,6186,3.1,4.5,501,Social Media
U02248,60,Female,Hyderabad,Apple,iOS,8.3,42.9,92.2,135,1.0,8256,2.4,4.3,1830,Work
U02249,54,Other,Bangalore,Apple,Android,7.7,36.8,30.5,16,2.1,9153,1.2,1.4,1378,Education
U02250,43,Other,Ahmedabad,OnePlus,Android,10.6,8.1,166.4,195,3.6,4045,1.3,3.0,648,Entertainment
U02251,25,Male,Chennai,Motorola,iOS,5.4,44.9,44.7,155,4.9,5899,3.7,3.8,698,Education
U02252,26,Other,Kolkata,Apple,iOS,6.2,41.7,268.6,148,5.1,8491,1.0,0.4,1228,Work
U02253,43,Other,Kolkata,Oppo,Android,6.1,9.5,66.0,127,2.7,8514,2.8,1.1,1688,Work
U02254,52,Other,Hyderabad,Google Pixel,Android,1.0,42.9,93.0,125,4.4,4797,2.4,0.9,299,Work
U02255,42,Other,Bangalore,Nokia,iOS,11.9,5.7,81.7,181,1.4,1793,4.5,3.0,185,Entertainment
U02256,29,Other,Jaipur,Google Pixel,Android,8.1,37.2,34.0,32,2.0,1264,6.5,1.3,703,Social Media
U02257,18,Female,Kolkata,Realme,iOS,7.7,11.2,109.8,110,4.4,6328,7.4,0.6,554,Education
U02258,54,Female,Mumbai,Xiaomi,Android,3.0,34.3,12.2,173,4.0,4905,1.3,0.8,1841,Education
U02259,23,Male,Kolkata,Realme,Android,2.9,23.5,70.2,114,5.8,8322,7.9,4.5,1362,Entertainment
U02260,35,Other,Ahmedabad,Realme,iOS,5.5,41.6,261.2,184,4.9,2358,5.3,4.7,350,Work
U02261,24,Other,Kolkata,OnePlus,Android,6.8,46.1,27.0,155,4.8,6608,7.3,0.6,1243,Work
U02262,56,Female,Chennai,Nokia,iOS,7.1,14.4,279.4,139,5.7,5443,3.4,3.3,1381,Social Media
U02263,38,Other,Lucknow,Apple,Android,6.6,28.0,57.3,121,5.5,4461,7.9,1.1,109,Work
U02264,53,Female,Kolkata,Xiaomi,iOS,5.6,21.6,144.0,161,4.7,1735,3.3,3.6,1992,Work
U02265,58,Female,Ahmedabad,Motorola,iOS,3.2,7.9,284.4,160,3.1,7161,5.7,4.0,220,Entertainment
U02266,28,Other,Lucknow,Nokia,Android,4.2,32.7,254.0,194,1.6,7760,6.9,2.4,219,Entertainment
U02267,48,Male,Delhi,Google Pixel,Android,6.7,41.2,92.2,56,4.0,2145,5.6,2.7,196,Work
U02268,36,Male,Delhi,Vivo,iOS,9.9,24.5,68.3,179,1.8,5310,3.9,1.6,1943,Work
U02269,34,Male,Delhi,Motorola,iOS,1.5,39.4,237.0,17,4.1,5494,2.4,1.9,1412,Social Media
U02270,56,Other,Lucknow,Samsung,iOS,5.3,7.7,35.3,25,0.9,9549,6.0,4.0,1452,Work
U02271,58,Other,Jaipur,Vivo,iOS,7.5,12.1,59.0,179,2.8,7721,2.5,2.4,1193,Social Media
U02272,26,Male,Kolkata,Motorola,Android,8.7,28.6,295.8,135,2.5,4274,0.7,1.0,753,Social Media
U02273,27,Male,Jaipur,Apple,iOS,6.1,35.2,163.3,117,2.6,1710,2.3,0.3,438,Gaming
U02274,23,Female,Lucknow,Apple,Android,10.0,42.5,204.1,62,3.5,3549,3.4,4.6,332,Education
U02275,20,Other,Lucknow,Motorola,iOS,6.6,14.9,89.3,60,2.9,2096,1.2,4.0,1673,Social Media
U02276,57,Female,Ahmedabad,Vivo,iOS,1.4,32.0,279.9,28,2.0,5083,4.5,1.3,1100,Entertainment
U02277,25,Female,Bangalore,OnePlus,Android,9.8,8.0,298.6,73,4.4,2133,7.7,1.0,1124,Gaming
U02278,15,Male,Kolkata,Vivo,iOS,5.4,38.7,98.7,61,1.5,9352,2.6,3.3,1776,Education
U02279,52,Other,Mumbai,Oppo,iOS,1.5,18.6,75.0,11,4.7,2744,1.9,1.6,1716,Work
U02280,15,Male,Jaipur,Samsung,iOS,5.8,30.5,15.5,22,2.7,6222,1.0,0.5,788,Social Media
U02281,50,Other,Bangalore,Nokia,Android,7.4,46.4,250.2,19,1.8,9862,4.6,4.6,329,Education
U02282,17,Female,Kolkata,Oppo,Android,4.9,32.1,208.1,184,6.0,542,6.8,4.1,835,Education
U02283,25,Female,Bangalore,Realme,iOS,2.4,26.8,53.0,56,4.3,7507,6.3,3.5,544,Education
U02284,40,Female,Lucknow,Samsung,iOS,8.4,11.4,112.3,188,2.2,1661,5.8,1.3,1269,Education
U02285,20,Male,Jaipur,Realme,Android,3.9,40.7,233.3,163,4.0,7940,4.7,0.3,1861,Social Media
U02286,34,Other,Delhi,Xiaomi,iOS,2.8,9.9,220.1,182,2.1,8957,3.7,0.3,1319,Education
U02287,20,Other,Delhi,Motorola,Android,3.2,32.6,11.6,175,5.2,5848,2.1,4.8,237,Work
U02288,48,Female,Pune,Realme,iOS,3.8,15.5,215.7,136,3.6,2087,4.2,1.7,1078,Entertainment
U02289,37,Male,Delhi,OnePlus,Android,1.2,40.6,205.7,38,1.5,6489,5.3,0.9,1697,Education
U02290,20,Male,Jaipur,Apple,iOS,11.7,29.0,34.9,101,2.1,3109,3.4,1.4,1990,Education
U02291,38,Male,Jaipur,Vivo,iOS,10.3,7.0,258.0,149,5.7,9018,0.9,4.0,843,Gaming
U02292,24,Female,Bangalore,Oppo,iOS,7.3,46.8,167.8,191,1.7,6761,3.1,4.7,999,Entertainment
U02293,57,Other,Pune,Xiaomi,iOS,9.1,44.0,24.7,134,1.9,9520,7.0,3.3,570,Social Media
U02294,25,Female,Kolkata,Nokia,Android,11.0,35.9,47.8,63,3.0,9774,2.5,2.1,1767,Gaming
U02295,34,Male,Ahmedabad,Xiaomi,iOS,10.1,1.3,106.9,167,3.1,2909,4.8,0.4,732,Gaming
U02296,53,Female,Delhi,Realme,Android,6.6,2.7,7.2,10,4.8,1688,2.6,1.4,800,Entertainment
U02297,39,Female,Bangalore,Vivo,iOS,6.8,31.0,145.8,101,0.8,8250,2.4,4.5,663,Gaming
U02298,52,Other,Jaipur,Vivo,Android,1.2,44.8,31.3,59,4.0,4997,7.7,2.2,1057,Gaming
U02299,49,Female,Chennai,Motorola,iOS,9.8,1.6,78.0,177,3.5,6825,6.1,1.4,1909,Work
U02300,44,Male,Delhi,Vivo,iOS,7.6,45.8,199.6,191,1.6,9638,3.7,1.9,660,Gaming
U02301,58,Male,Lucknow,Xiaomi,iOS,8.6,1.2,295.5,142,2.0,5858,4.4,4.9,202,Education
U02302,49,Other,Bangalore,Nokia,iOS,2.0,46.9,196.2,125,0.9,7211,2.1,3.4,620,Entertainment
U02303,58,Female,Delhi,Vivo,iOS,2.1,33.6,212.5,80,0.8,4137,4.1,0.1,130,Education
U02304,26,Male,Kolkata,Vivo,Android,8.4,47.7,137.8,31,4.4,2388,2.9,3.8,137,Entertainment
U02305,50,Male,Jaipur,Nokia,Android,3.5,6.8,32.9,127,4.6,2970,4.5,2.0,572,Work
U02306,27,Male,Delhi,Oppo,Android,6.0,49.3,58.2,101,5.6,1409,3.5,3.6,730,Education
U02307,30,Male,Jaipur,Nokia,iOS,9.6,41.4,13.5,28,4.2,2814,5.6,2.0,1666,Social Media
U02308,36,Male,Pune,Realme,Android,9.3,33.2,38.3,66,0.8,7017,2.5,4.4,1459,Work
U02309,21,Female,Mumbai,Vivo,iOS,9.3,21.1,22.9,191,4.9,2207,3.2,2.0,769,Entertainment
U02310,55,Female,Hyderabad,Samsung,iOS,3.4,24.9,18.6,162,3.1,5667,4.0,2.8,590,Gaming
U02311,48,Male,Kolkata,Xiaomi,Android,10.0,12.9,106.0,89,3.5,4123,4.7,2.2,449,Social Media
U02312,42,Female,Ahmedabad,Xiaomi,iOS,3.0,37.6,37.2,53,3.4,9369,1.5,0.8,1143,Social Media
U02313,57,Female,Bangalore,Realme,iOS,9.1,16.4,79.4,182,4.0,2129,7.9,0.7,324,Work
U02314,56,Female,Delhi,Oppo,Android,1.9,38.3,63.7,44,1.8,9990,6.7,3.8,579,Education
U02315,50,Female,Lucknow,Xiaomi,iOS,8.1,37.8,167.7,15,4.9,7026,6.8,4.2,899,Gaming
U02316,32,Male,Ahmedabad,Apple,Android,7.9,4.8,202.2,103,2.6,4929,5.2,0.5,1528,Work
U02317,18,Male,Ahmedabad,Motorola,iOS,11.0,18.4,132.1,182,4.4,2655,5.6,5.0,1837,Social Media
U02318,32,Other,Bangalore,OnePlus,Android,6.4,10.3,9.2,154,1.7,1027,2.2,0.4,357,Entertainment
U02319,55,Other,Chennai,Samsung,Android,3.8,19.9,145.5,147,2.9,8236,7.9,3.4,1168,Entertainment
U02320,43,Other,Hyderabad,Google Pixel,iOS,7.8,21.4,188.5,122,1.9,1200,6.6,4.2,657,Education
U02321,50,Other,Kolkata,OnePlus,Android,3.9,2.1,285.2,169,2.5,6381,6.4,3.8,120,Entertainment
U02322,57,Female,Lucknow,OnePlus,iOS,9.5,18.6,142.9,133,0.7,9010,0.7,4.2,1876,Entertainment
U02323,48,Other,Mumbai,Realme,Android,4.8,43.1,174.0,100,1.9,646,3.8,1.5,749,Entertainment
U02324,22,Female,Kolkata,Apple,Android,2.1,10.6,88.1,78,2.5,1764,4.0,3.6,292,Social Media
U02325,47,Female,Kolkata,Google Pixel,Android,2.0,34.9,50.4,152,3.7,9127,3.0,3.5,1110,Gaming
U02326,54,Other,Ahmedabad,Oppo,Android,8.8,11.4,55.3,141,4.4,6051,1.4,0.9,1759,Gaming
U02327,37,Male,Pune,Realme,iOS,5.9,15.8,138.5,182,3.2,6816,1.3,0.2,1998,Work
U02328,35,Female,Kolkata,Samsung,Android,12.0,45.7,246.9,29,2.2,6024,6.9,3.0,1078,Social Media
U02329,36,Female,Mumbai,Motorola,iOS,6.2,45.6,217.7,32,2.9,7549,6.7,2.5,1285,Entertainment
U02330,24,Other,Ahmedabad,Oppo,Android,10.9,47.2,38.0,174,1.1,991,1.2,4.2,643,Social Media
U02331,58,Male,Jaipur,Nokia,iOS,2.6,40.4,67.5,140,2.9,5801,5.6,4.9,519,Social Media
U02332,49,Male,Jaipur,Nokia,iOS,2.6,22.6,15.7,28,3.5,9262,4.9,3.1,1568,Gaming
U02333,15,Female,Jaipur,Vivo,iOS,11.9,20.4,49.1,89,3.8,7117,2.1,0.1,1937,Entertainment
U02334,36,Male,Delhi,Motorola,Android,8.4,7.5,156.2,64,2.1,1311,2.7,1.1,1616,Work
U02335,23,Other,Ahmedabad,Realme,Android,5.0,25.0,88.1,54,2.6,7868,1.8,0.5,1578,Work
U02336,30,Male,Mumbai,Nokia,Android,9.6,46.9,86.1,64,0.9,7838,3.6,2.7,497,Social Media
U02337,37,Other,Delhi,Apple,iOS,2.1,6.2,204.4,16,4.8,4428,4.9,2.5,1538,Social Media
U02338,40,Other,Kolkata,Oppo,iOS,1.1,21.9,261.1,23,1.8,3515,6.4,3.9,941,Work
U02339,22,Male,Mumbai,Nokia,iOS,11.9,19.3,35.4,94,2.8,8722,3.6,3.9,1019,Entertainment
U02340,53,Female,Lucknow,Samsung,Android,6.6,35.1,241.1,30,5.8,8453,5.1,1.7,1904,Entertainment
U02341,18,Female,Lucknow,Realme,Android,11.9,43.9,156.5,77,2.7,961,4.6,1.1,941,Social Media
U02342,52,Female,Kolkata,Apple,Android,1.6,47.7,117.9,129,1.2,1530,2.2,1.9,1927,Gaming
U02343,23,Male,Jaipur,OnePlus,Android,3.2,7.4,71.6,24,0.8,4858,6.8,0.7,1880,Entertainment
U02344,57,Female,Kolkata,Motorola,iOS,1.6,22.0,256.5,172,3.2,7567,2.4,2.7,976,Education
U02345,55,Other,Lucknow,Nokia,Android,2.8,13.8,281.6,96,5.8,4262,0.9,1.7,495,Entertainment
U02346,33,Other,Lucknow,Xiaomi,Android,9.1,38.6,134.4,130,5.3,8697,7.5,1.8,1763,Gaming
U02347,59,Other,Bangalore,Apple,Android,10.6,20.8,210.3,72,0.9,1464,2.4,3.8,918,Social Media
U02348,58,Male,Mumbai,OnePlus,Android,7.0,44.5,7.3,114,1.4,9977,3.9,3.5,932,Entertainment
U02349,23,Other,Hyderabad,Vivo,iOS,5.4,33.9,55.4,110,4.4,8703,3.7,1.6,458,Entertainment
U02350,50,Other,Mumbai,Oppo,iOS,4.5,38.4,125.0,48,4.0,8449,0.6,4.5,498,Social Media
U02351,30,Other,Pune,Realme,iOS,9.2,47.8,128.3,175,5.4,613,3.6,3.0,374,Entertainment
U02352,18,Other,Chennai,Xiaomi,iOS,6.6,36.9,93.6,165,2.4,1714,3.1,4.9,1456,Social Media
U02353,21,Female,Jaipur,Vivo,Android,1.4,40.6,275.6,107,2.6,6261,0.8,2.7,430,Work
U02354,30,Male,Bangalore,Xiaomi,Android,8.8,34.2,96.5,93,5.8,8202,3.0,3.2,1528,Work
U02355,49,Other,Kolkata,Vivo,iOS,5.9,45.2,25.8,31,2.1,7135,4.0,4.5,1769,Entertainment
U02356,49,Other,Kolkata,Apple,iOS,2.4,16.7,119.0,196,2.1,392,4.7,0.2,318,Entertainment
U02357,28,Other,Bangalore,OnePlus,Android,6.6,25.1,227.7,120,2.0,9719,1.3,2.4,424,Gaming
U02358,20,Other,Pune,Nokia,iOS,1.1,16.6,22.4,31,5.2,9346,6.1,1.2,1293,Gaming
U02359,24,Male,Ahmedabad,Vivo,Android,10.7,30.5,5.4,94,0.7,1719,2.1,1.5,594,Work
U02360,32,Male,Pune,Nokia,Android,7.8,9.3,177.0,170,5.9,114,1.7,2.3,328,Entertainment
U02361,54,Female,Jaipur,OnePlus,iOS,4.7,1.2,191.7,19,4.2,5810,5.9,4.3,1374,Work
U02362,17,Female,Pune,OnePlus,Android,6.3,5.3,100.3,33,2.7,8937,7.4,0.5,1091,Entertainment
U02363,29,Male,Hyderabad,Xiaomi,iOS,1.1,19.6,208.7,139,3.8,6282,2.0,2.0,141,Social Media
U02364,19,Female,Chennai,Google Pixel,Android,4.9,21.8,139.7,68,4.0,9703,6.1,3.7,1440,Social Media
U02365,36,Female,Bangalore,Apple,iOS,4.5,25.0,173.8,148,1.7,4602,5.1,2.5,546,Education
U02366,24,Female,Delhi,Vivo,iOS,4.7,42.5,47.2,197,4.5,5102,1.6,2.0,1187,Social Media
U02367,51,Male,Ahmedabad,Nokia,iOS,10.2,44.2,285.2,185,3.3,2774,1.6,2.3,1487,Education
U02368,31,Female,Kolkata,Vivo,Android,6.1,21.0,69.8,90,3.6,8989,0.9,3.6,1703,Work
U02369,51,Male,Bangalore,Nokia,Android,3.6,1.9,98.2,34,5.8,8310,1.9,2.2,1792,Entertainment
U02370,58,Male,Chennai,Vivo,Android,6.9,38.5,158.3,179,5.3,9680,2.0,0.1,1699,Work
U02371,55,Other,Jaipur,Vivo,Android,10.6,35.2,64.0,97,0.9,1938,7.9,4.1,708,Social Media
U02372,53,Other,Pune,Apple,Android,10.2,14.6,95.4,19,4.7,6360,1.2,0.9,1825,Gaming
U02373,31,Other,Delhi,Oppo,iOS,12.0,15.6,197.6,136,1.9,2736,1.8,4.5,1131,Education
U02374,50,Male,Bangalore,Samsung,Android,11.4,2.1,188.3,190,0.9,6564,2.4,4.7,278,Entertainment
U02375,23,Male,Delhi,Vivo,iOS,9.6,26.3,149.8,154,5.5,1813,2.3,1.0,1881,Education
U02376,35,Male,Hyderabad,Nokia,iOS,4.8,2.8,163.8,105,2.7,1341,4.6,4.5,492,Social Media
U02377,46,Other,Hyderabad,Vivo,Android,3.6,21.7,235.3,48,5.1,2695,7.8,0.1,814,Education
U02378,37,Other,Pune,OnePlus,Android,8.5,48.3,170.1,127,1.8,6951,3.8,2.6,1623,Education
U02379,18,Other,Jaipur,Oppo,iOS,9.5,47.8,67.9,194,5.2,1582,4.2,2.6,1843,Entertainment
U02380,47,Male,Jaipur,Nokia,iOS,6.2,34.5,284.0,90,4.2,3416,1.3,2.4,324,Entertainment
U02381,34,Male,Mumbai,Apple,Android,4.6,32.6,229.7,131,3.2,4859,7.3,0.6,1864,Gaming
U02382,43,Other,Ahmedabad,Motorola,iOS,7.4,20.9,285.2,36,5.6,5592,0.6,2.5,594,Social Media
U02383,38,Other,Chennai,Realme,iOS,3.2,26.1,183.7,179,3.6,7378,3.4,4.0,1794,Work
U02384,48,Male,Pune,Apple,iOS,8.4,1.1,128.8,152,4.5,1493,1.1,1.8,404,Work
U02385,57,Other,Hyderabad,Motorola,iOS,2.1,10.1,138.1,196,5.5,8813,0.5,3.8,1435,Education
U02386,49,Female,Pune,Nokia,Android,2.9,36.2,217.1,107,3.7,3310,7.3,1.9,857,Gaming
U02387,23,Other,Lucknow,Apple,iOS,6.0,35.8,138.1,187,4.2,1116,2.5,0.2,926,Gaming
U02388,33,Female,Mumbai,Nokia,iOS,6.4,45.0,294.8,161,3.5,9575,4.6,1.0,291,Gaming
U02389,50,Female,Bangalore,Nokia,iOS,1.2,7.0,48.1,105,4.6,2878,6.3,3.6,1789,Education
U02390,24,Other,Chennai,Xiaomi,iOS,2.5,31.2,254.9,67,0.6,1003,6.3,1.7,424,Gaming
U02391,47,Female,Kolkata,Oppo,Android,3.5,20.6,10.6,64,3.9,8307,1.0,1.2,113,Social Media
U02392,52,Other,Chennai,Apple,Android,5.0,22.8,132.5,147,4.3,6816,3.4,3.6,1694,Gaming
U02393,25,Other,Chennai,OnePlus,Android,10.8,32.1,274.9,22,0.6,5890,6.3,1.8,943,Social Media
U02394,31,Male,Hyderabad,Oppo,Android,3.4,37.8,275.1,29,2.3,3435,3.4,3.6,953,Social Media
U02395,41,Female,Chennai,Samsung,Android,3.2,26.7,191.6,97,2.3,741,2.8,3.7,1313,Social Media
U02396,45,Male,Lucknow,Google Pixel,Android,4.9,29.1,38.0,73,4.9,8941,5.1,3.0,489,Work
U02397,30,Male,Ahmedabad,OnePlus,Android,10.8,15.5,36.2,173,5.8,3461,5.7,0.6,1783,Education
U02398,21,Female,Chennai,Oppo,Android,7.2,38.8,38.6,156,5.9,3407,7.6,1.9,1769,Education
U02399,40,Male,Lucknow,OnePlus,Android,4.5,21.4,192.2,178,3.3,406,7.6,2.0,1863,Social Media
U02400,35,Female,Jaipur,Motorola,iOS,3.7,21.8,219.8,161,2.8,5845,6.5,3.2,1136,Social Media
U02401,54,Female,Jaipur,Samsung,Android,10.2,32.0,164.6,125,2.2,1064,6.1,1.7,1898,Work
U02402,25,Female,Pune,OnePlus,Android,6.5,37.9,87.3,123,5.9,2214,5.0,3.9,345,Gaming
U02403,49,Male,Chennai,Vivo,iOS,8.4,1.8,137.0,67,3.2,3193,7.5,0.9,171,Gaming
U02404,36,Female,Hyderabad,OnePlus,iOS,1.8,45.6,158.3,43,2.8,6867,5.1,2.1,465,Social Media
U02405,54,Male,Jaipur,Nokia,Android,10.4,5.0,91.0,127,1.5,9854,2.5,1.8,1072,Work
U02406,49,Male,Kolkata,Motorola,iOS,4.5,11.5,153.6,15,1.4,7513,1.1,2.6,656,Work
U02407,21,Female,Lucknow,Oppo,Android,7.0,40.9,205.5,200,5.2,5014,2.6,4.1,1739,Entertainment
U02408,28,Male,Bangalore,Oppo,Android,8.4,27.0,14.2,30,4.8,7249,3.8,4.7,1117,Gaming
U02409,34,Male,Bangalore,Motorola,iOS,7.9,50.0,255.8,78,2.8,520,6.0,2.4,1974,Education
U02410,43,Other,Mumbai,Apple,Android,6.7,17.5,87.3,95,2.0,7975,2.7,1.2,1968,Social Media
U02411,36,Female,Delhi,Google Pixel,Android,3.3,22.3,46.6,160,0.5,1667,2.6,0.0,332,Education
U02412,42,Male,Pune,Google Pixel,iOS,11.7,21.4,228.7,24,1.4,5760,5.2,0.1,1230,Entertainment
U02413,27,Other,Chennai,Xiaomi,iOS,4.1,24.3,11.2,38,5.0,9493,7.0,5.0,315,Education
U02414,41,Male,Mumbai,Realme,Android,11.2,21.9,48.7,129,1.1,7512,5.7,4.6,644,Gaming
U02415,48,Other,Delhi,Samsung,Android,3.8,33.2,268.8,99,3.3,2635,1.6,4.3,1844,Education
U02416,31,Female,Mumbai,Nokia,iOS,7.0,49.5,289.9,53,4.0,668,7.7,2.2,1060,Entertainment
U02417,54,Female,Ahmedabad,Realme,Android,11.0,27.0,6.2,74,3.2,1510,6.8,2.1,1577,Entertainment
U02418,24,Other,Ahmedabad,Xiaomi,Android,6.0,1.9,297.4,115,3.7,1140,3.4,0.9,1467,Work
U02419,22,Female,Hyderabad,Motorola,iOS,5.3,15.9,274.0,105,3.1,5254,2.6,4.7,489,Education
U02420,29,Other,Pune,Realme,Android,8.9,40.0,253.6,44,2.4,544,3.1,2.5,1390,Social Media
U02421,36,Male,Delhi,Oppo,iOS,4.9,15.3,117.6,125,3.8,1969,0.6,3.9,1267,Gaming
U02422,58,Female,Bangalore,Xiaomi,Android,2.6,26.8,158.7,114,5.9,2639,0.7,2.3,201,Gaming
U02423,33,Male,Delhi,Xiaomi,iOS,8.1,25.7,170.9,114,1.3,2008,4.9,3.0,281,Work
U02424,60,Male,Mumbai,Nokia,Android,5.7,2.5,109.2,23,0.9,8515,0.8,3.8,633,Education
U02425,17,Male,Ahmedabad,Google Pixel,Android,11.9,4.8,46.6,14,1.9,1579,3.7,0.3,641,Entertainment
U02426,53,Male,Kolkata,Motorola,Android,6.3,40.8,46.7,107,3.4,3957,2.5,1.6,1454,Education
U02427,47,Other,Lucknow,Xiaomi,iOS,7.5,41.7,40.0,120,2.0,3662,4.7,0.8,807,Work
U02428,29,Male,Lucknow,Nokia,iOS,4.9,27.3,215.5,17,3.7,2209,6.1,3.8,974,Entertainment
U02429,37,Other,Delhi,Vivo,iOS,11.1,4.2,131.1,27,0.7,4040,7.2,0.9,1911,Entertainment
U02430,59,Female,Kolkata,Vivo,iOS,1.0,7.0,192.7,72,1.0,7509,6.3,2.7,1489,Social Media
U02431,58,Male,Lucknow,Google Pixel,iOS,8.9,49.9,109.9,124,1.4,8636,3.7,0.8,609,Work
U02432,38,Other,Mumbai,OnePlus,Android,4.2,32.0,76.9,199,1.3,6315,6.2,3.1,996,Education
U02433,34,Other,Lucknow,Motorola,iOS,10.7,21.3,210.0,10,3.7,338,3.3,3.2,1295,Work
U02434,40,Male,Hyderabad,Xiaomi,iOS,8.2,18.7,216.9,82,5.0,2392,6.0,2.3,1485,Entertainment
U02435,46,Other,Lucknow,Realme,iOS,8.4,1.8,248.8,136,3.5,7000,1.6,3.1,165,Entertainment
U02436,27,Female,Bangalore,Xiaomi,Android,11.0,38.5,53.4,144,5.2,3651,4.9,0.4,740,Education
U02437,29,Male,Chennai,Vivo,Android,4.9,13.4,82.9,73,4.3,5441,4.3,0.4,1784,Social Media
U02438,56,Female,Ahmedabad,Xiaomi,Android,9.5,38.7,49.6,177,0.6,2874,3.9,3.3,587,Work
U02439,21,Male,Jaipur,Apple,iOS,9.2,40.3,137.7,195,3.1,9029,7.0,1.7,881,Education
U02440,55,Male,Hyderabad,Oppo,iOS,6.3,36.3,74.2,59,5.6,2432,2.9,3.8,112,Work
U02441,38,Other,Bangalore,Google Pixel,Android,6.1,8.7,42.8,41,0.8,8017,1.4,2.6,667,Gaming
U02442,28,Other,Mumbai,Google Pixel,Android,10.4,22.5,81.0,88,2.3,2603,2.9,3.6,696,Education
U02443,28,Male,Hyderabad,Apple,Android,4.2,6.5,291.9,195,2.4,3441,4.3,4.6,860,Social Media
U02444,42,Other,Ahmedabad,Realme,iOS,3.1,19.8,136.6,152,3.7,5869,2.8,3.7,893,Work
U02445,50,Female,Pune,Realme,Android,8.0,24.5,120.6,14,3.1,4372,4.3,3.0,382,Gaming
U02446,50,Female,Jaipur,OnePlus,iOS,8.3,19.8,12.5,191,0.5,2223,2.6,3.5,670,Gaming
U02447,16,Female,Hyderabad,Samsung,Android,8.8,43.5,7.1,137,2.9,9608,2.7,4.4,456,Work
U02448,42,Female,Bangalore,Realme,iOS,10.8,26.6,13.6,45,2.8,2861,6.4,1.5,1471,Entertainment
U02449,39,Other,Hyderabad,Google Pixel,iOS,2.3,36.2,114.0,18,2.7,6517,5.4,1.4,1911,Entertainment
U02450,24,Male,Hyderabad,Motorola,Android,12.0,33.8,123.8,80,3.5,6610,4.2,2.8,765,Social Media
U02451,44,Male,Lucknow,Nokia,Android,9.8,23.5,246.4,24,1.5,827,4.2,4.9,817,Gaming
U02452,47,Other,Kolkata,Nokia,iOS,8.0,24.8,114.0,89,2.5,2332,4.8,2.1,108,Education
U02453,19,Other,Hyderabad,Realme,iOS,11.3,13.8,167.6,65,3.0,2545,3.6,0.8,923,Entertainment
U02454,23,Male,Bangalore,Vivo,iOS,8.3,46.2,277.3,65,3.0,5526,5.2,2.1,1484,Entertainment
U02455,58,Other,Bangalore,OnePlus,iOS,5.3,3.2,270.9,79,0.8,905,3.9,2.7,569,Gaming
U02456,48,Other,Pune,Xiaomi,iOS,11.7,45.0,104.9,102,2.4,10000,5.9,1.8,1237,Work
U02457,16,Male,Chennai,Xiaomi,Android,6.3,3.6,243.1,14,4.4,6346,1.9,4.2,1411,Social Media
U02458,37,Female,Delhi,Samsung,iOS,3.9,15.3,190.0,10,2.1,7245,7.0,4.3,445,Education
U02459,37,Other,Kolkata,OnePlus,iOS,7.5,16.8,152.7,76,0.7,9147,3.0,3.8,1550,Entertainment
U02460,54,Male,Pune,Oppo,iOS,3.0,45.7,117.4,79,1.3,9468,5.4,4.1,1834,Social Media
U02461,37,Female,Delhi,Oppo,iOS,8.5,43.4,209.0,14,1.1,6470,1.7,1.0,129,Work
U02462,57,Male,Jaipur,Xiaomi,Android,3.1,42.3,95.5,148,2.6,6110,5.1,2.5,1893,Gaming
U02463,18,Female,Mumbai,Apple,Android,1.3,35.7,93.8,90,5.7,2915,6.8,3.1,1957,Gaming
U02464,54,Other,Lucknow,Xiaomi,iOS,1.1,11.9,144.4,155,3.3,3459,5.3,0.9,496,Education
U02465,24,Male,Chennai,Realme,iOS,10.7,4.3,88.8,185,3.2,5494,6.0,2.2,1699,Gaming
U02466,27,Male,Bangalore,Motorola,Android,7.0,11.7,214.1,95,0.8,5565,2.8,1.8,1252,Work
U02467,20,Other,Bangalore,Oppo,iOS,6.8,21.1,46.8,26,2.3,2527,7.0,1.7,154,Education
U02468,23,Female,Bangalore,Google Pixel,iOS,8.8,13.2,292.5,199,3.8,842,7.8,3.9,943,Education
U02469,31,Female,Kolkata,Realme,Android,7.1,16.7,10.1,104,2.3,4860,1.7,0.3,1296,Gaming
U02470,49,Female,Kolkata,Realme,iOS,1.6,3.5,15.7,125,2.2,6530,5.8,0.7,1419,Gaming
U02471,32,Other,Bangalore,OnePlus,iOS,9.4,32.9,88.6,21,2.2,1292,1.8,3.3,676,Social Media
U02472,40,Male,Mumbai,Nokia,iOS,3.2,33.3,203.8,144,0.7,5579,1.5,3.4,643,Gaming
U02473,38,Female,Chennai,Motorola,iOS,7.5,3.7,81.8,10,2.0,1196,3.3,2.7,1320,Gaming
U02474,39,Female,Pune,Apple,Android,11.7,34.7,21.2,157,2.0,8240,4.3,3.4,191,Gaming
U02475,22,Female,Jaipur,Samsung,iOS,8.4,6.2,269.9,95,4.1,2491,1.7,1.2,1971,Gaming
U02476,28,Female,Chennai,Samsung,iOS,10.5,2.0,31.4,152,5.4,6066,2.1,3.0,417,Social Media
U02477,56,Male,Lucknow,Samsung,iOS,7.4,47.8,208.0,115,1.4,5867,1.5,1.4,1915,Work
U02478,55,Female,Lucknow,Nokia,Android,2.4,12.8,70.0,167,2.9,3804,5.9,0.3,597,Work
U02479,54,Male,Bangalore,Motorola,Android,5.8,3.5,37.0,137,5.7,3896,5.4,3.1,921,Entertainment
U02480,34,Other,Kolkata,Realme,iOS,1.9,35.8,146.7,145,5.5,9556,2.7,4.0,547,Work
U02481,29,Other,Delhi,Google Pixel,iOS,7.9,22.7,40.8,123,4.1,2318,4.2,2.5,1430,Work
U02482,34,Male,Kolkata,Oppo,iOS,6.9,23.8,165.4,30,1.8,6881,4.2,2.3,1871,Gaming
U02483,58,Female,Ahmedabad,Apple,iOS,2.7,4.6,206.4,47,2.3,6700,4.4,1.3,1153,Education
U02484,45,Male,Lucknow,Nokia,iOS,4.6,35.5,132.5,64,2.7,3588,3.5,1.3,1079,Entertainment
U02485,54,Other,Delhi,Oppo,iOS,1.6,10.1,229.6,140,2.5,6609,4.1,4.7,209,Gaming
U02486,60,Male,Lucknow,Vivo,iOS,6.0,33.5,128.0,135,4.3,640,6.7,2.1,1926,Education
U02487,52,Female,Hyderabad,OnePlus,Android,11.9,10.6,276.9,32,0.8,7649,2.9,0.2,738,Gaming
U02488,31,Male,Pune,Motorola,Android,2.9,36.8,124.9,38,5.9,1408,7.0,4.8,1936,Gaming
U02489,59,Female,Pune,Oppo,Android,3.9,28.8,52.3,16,2.4,2848,7.9,4.7,968,Work
U02490,34,Other,Jaipur,Oppo,iOS,5.6,24.2,284.9,143,4.6,5683,1.5,5.0,431,Entertainment
U02491,27,Male,Delhi,Oppo,iOS,4.5,35.2,45.6,195,2.5,2579,2.8,3.4,506,Work
U02492,34,Other,Mumbai,Oppo,iOS,1.9,33.5,167.4,137,1.6,8652,7.7,3.5,772,Education
U02493,23,Male,Jaipur,Oppo,iOS,11.6,12.8,265.1,127,5.0,4714,4.2,4.7,984,Education
U02494,21,Male,Jaipur,Motorola,iOS,8.7,32.6,192.0,182,5.7,8179,2.1,0.4,1256,Work
U02495,35,Other,Chennai,Apple,iOS,6.8,5.7,12.3,102,1.9,8333,4.0,4.8,1137,Social Media
U02496,18,Other,Chennai,Google Pixel,Android,11.3,42.1,289.2,106,3.7,6660,4.6,4.9,1859,Entertainment
U02497,48,Female,Ahmedabad,Xiaomi,Android,5.8,14.2,210.4,41,2.3,438,4.5,3.3,1856,Work
U02498,58,Male,Mumbai,Vivo,iOS,5.5,15.6,64.6,73,1.7,663,7.0,4.3,1651,Entertainment
U02499,46,Female,Pune,Apple,Android,7.5,3.5,64.8,164,3.1,918,6.0,0.5,1299,Social Media
U02500,28,Other,Hyderabad,Google Pixel,iOS,6.4,8.5,160.2,111,2.4,4222,3.2,4.0,1997,Entertainment
U02501,28,Other,Delhi,Samsung,Android,11.2,23.2,81.0,143,1.5,2144,0.7,1.3,1487,Education
U02502,39,Male,Hyderabad,Xiaomi,Android,4.7,44.5,48.8,35,2.8,577,5.9,4.3,1021,Social Media
U02503,36,Other,Jaipur,Nokia,iOS,11.5,44.8,263.3,74,4.8,8870,3.2,4.2,1074,Entertainment
U02504,20,Female,Chennai,Samsung,iOS,2.3,23.2,297.0,148,0.9,442,5.8,1.5,416,Social Media
U02505,19,Other,Hyderabad,Google Pixel,iOS,10.5,18.0,279.7,189,2.9,469,2.2,2.4,1165,Gaming
U02506,27,Other,Chennai,Nokia,iOS,1.5,7.2,83.0,10,3.1,1714,3.6,0.3,891,Entertainment
U02507,39,Female,Hyderabad,Samsung,iOS,1.2,48.1,98.2,10,4.2,710,4.6,2.1,348,Gaming
U02508,40,Other,Hyderabad,Xiaomi,Android,9.1,48.2,144.2,131,4.6,282,4.0,3.7,415,Work
U02509,34,Other,Kolkata,OnePlus,Android,11.5,9.6,256.6,173,3.3,2609,1.1,3.6,1762,Social Media
U02510,36,Other,Chennai,Apple,iOS,8.4,42.1,134.1,187,4.7,7660,5.6,1.6,201,Education
U02511,40,Female,Hyderabad,Motorola,Android,5.7,42.2,229.1,34,5.0,177,5.3,0.3,528,Social Media
U02512,29,Other,Kolkata,Realme,iOS,7.8,31.7,18.3,166,5.2,9789,2.8,5.0,1551,Entertainment
U02513,46,Female,Delhi,Realme,Android,7.2,11.0,31.8,149,5.3,7420,7.1,1.1,650,Gaming
U02514,31,Male,Delhi,Nokia,iOS,3.5,16.1,95.9,125,3.8,8549,7.0,2.2,324,Gaming
U02515,57,Female,Kolkata,OnePlus,Android,9.6,32.1,166.3,155,0.7,5178,6.5,3.1,1272,Social Media
U02516,28,Male,Hyderabad,Google Pixel,Android,6.3,45.4,104.4,46,2.1,2206,7.2,1.4,1509,Work
U02517,42,Female,Hyderabad,Motorola,iOS,4.9,17.4,18.8,195,5.9,7393,7.7,2.1,1762,Work
U02518,17,Male,Bangalore,Google Pixel,iOS,1.1,9.9,279.7,179,5.8,1690,4.7,2.8,247,Entertainment
U02519,23,Other,Mumbai,Samsung,iOS,6.0,23.9,51.3,194,4.4,7626,4.7,1.1,1507,Gaming
U02520,15,Female,Delhi,Samsung,Android,10.9,7.5,122.5,147,3.6,8171,5.0,1.7,800,Education
U02521,17,Other,Hyderabad,Xiaomi,iOS,7.5,28.2,32.3,143,5.5,633,3.6,1.5,1346,Entertainment
U02522,60,Other,Pune,Oppo,Android,10.8,13.1,298.7,64,5.7,5259,1.0,2.8,1201,Work
U02523,51,Female,Delhi,Nokia,iOS,11.8,10.9,12.6,21,3.0,1888,7.2,3.9,594,Gaming
U02524,46,Male,Delhi,Vivo,iOS,2.1,24.1,132.8,89,2.6,4716,4.0,0.1,921,Work
U02525,36,Male,Kolkata,OnePlus,iOS,3.7,35.0,121.9,136,4.8,3331,0.7,4.1,943,Entertainment
U02526,21,Other,Kolkata,Realme,Android,9.6,26.4,37.3,86,2.4,3463,3.3,1.0,1677,Social Media
U02527,35,Female,Mumbai,Nokia,Android,9.0,17.3,26.9,153,2.6,5206,4.5,0.7,1407,Education
U02528,38,Other,Mumbai,Oppo,Android,7.2,36.7,253.2,12,2.6,3026,2.0,1.8,809,Entertainment
U02529,37,Male,Chennai,Xiaomi,Android,4.1,1.7,92.6,196,1.6,6920,7.0,3.5,1812,Education
U02530,54,Male,Lucknow,Xiaomi,iOS,7.7,15.5,5.1,133,1.3,2923,0.9,3.2,1978,Education
U02531,31,Other,Bangalore,Apple,iOS,2.6,32.8,260.9,200,5.3,2697,4.2,1.0,1157,Education
U02532,51,Female,Pune,OnePlus,Android,3.5,35.6,266.4,68,1.9,2624,3.7,4.7,1288,Social Media
U02533,25,Female,Pune,Nokia,Android,7.4,8.4,185.0,57,4.7,6174,1.8,2.8,1685,Education
U02534,45,Male,Mumbai,Realme,iOS,7.3,26.0,74.8,179,0.7,4357,7.5,0.6,1396,Work
U02535,40,Other,Hyderabad,Xiaomi,iOS,8.0,1.8,115.7,190,0.7,1970,3.7,0.8,908,Work
U02536,38,Male,Hyderabad,Google Pixel,iOS,11.3,6.7,143.8,169,4.1,188,2.5,3.0,725,Gaming
U02537,27,Male,Chennai,Samsung,iOS,10.4,28.6,188.9,137,1.1,5797,0.7,0.5,364,Social Media
U02538,30,Male,Hyderabad,Nokia,Android,7.1,42.9,256.8,148,1.8,1771,0.9,3.8,1880,Work
U02539,31,Other,Pune,Nokia,iOS,3.8,36.9,143.0,143,3.3,7367,5.0,1.9,152,Gaming
U02540,22,Male,Lucknow,Samsung,iOS,2.1,4.1,69.0,40,4.7,4361,6.8,2.2,770,Education
U02541,36,Male,Mumbai,Google Pixel,iOS,3.9,43.4,223.9,97,2.4,8173,7.3,2.5,752,Gaming
U02542,18,Other,Bangalore,Oppo,iOS,4.8,48.5,254.6,165,0.8,9960,4.9,4.9,1243,Work
U02543,38,Other,Kolkata,Vivo,Android,6.9,22.9,109.8,79,3.8,6371,3.7,1.3,1760,Work
U02544,20,Male,Hyderabad,Apple,Android,9.0,22.2,22.0,59,0.5,1525,4.3,0.3,1304,Entertainment
U02545,56,Female,Delhi,Apple,Android,10.3,23.4,33.6,140,0.9,1341,1.1,4.1,825,Social Media
U02546,17,Female,Jaipur,OnePlus,iOS,4.8,49.1,115.3,139,0.7,8641,5.6,1.1,955,Education
U02547,39,Male,Ahmedabad,Xiaomi,Android,7.6,44.6,9.8,106,4.7,6719,7.0,1.7,430,Social Media
U02548,24,Female,Chennai,OnePlus,Android,3.4,15.4,193.5,120,2.7,951,1.8,4.5,870,Gaming
U02549,20,Male,Kolkata,Apple,iOS,1.4,6.4,294.0,17,0.9,4212,6.0,0.0,1736,Gaming
U02550,28,Male,Hyderabad,Realme,Android,3.2,20.2,298.0,52,3.5,3946,5.5,4.0,199,Education
U02551,40,Male,Chennai,Apple,iOS,6.4,40.7,28.7,97,5.6,8576,2.6,4.9,1961,Education
U02552,59,Male,Lucknow,Realme,Android,5.2,30.2,299.8,49,3.5,6905,5.5,1.0,396,Gaming
U02553,24,Male,Ahmedabad,Apple,iOS,2.1,23.0,137.5,49,4.3,7768,2.3,2.8,575,Work
U02554,47,Female,Chennai,Samsung,Android,1.3,10.7,101.0,87,5.7,9988,4.8,4.9,647,Entertainment
U02555,23,Female,Chennai,Google Pixel,iOS,3.8,17.0,85.1,68,1.6,3307,6.9,3.4,1317,Education
U02556,22,Female,Lucknow,Nokia,iOS,10.6,40.5,190.2,26,2.6,9564,1.7,0.8,493,Social Media
U02557,45,Male,Mumbai,Google Pixel,iOS,8.4,4.7,15.9,60,5.7,6107,7.5,4.6,443,Entertainment
U02558,41,Female,Mumbai,OnePlus,Android,10.0,27.0,134.4,136,5.0,722,5.9,4.6,1760,Work
U02559,25,Female,Hyderabad,Apple,iOS,3.6,10.3,146.0,52,4.9,9298,4.6,2.6,1004,Gaming
U02560,58,Female,Bangalore,Google Pixel,iOS,9.3,24.0,256.1,79,1.0,6847,5.2,4.9,434,Entertainment
U02561,56,Female,Kolkata,Samsung,iOS,7.9,16.4,298.9,22,3.3,305,3.8,3.7,1464,Gaming
U02562,20,Other,Pune,Realme,Android,9.6,40.6,27.9,138,3.0,664,2.6,2.1,1800,Social Media
U02563,59,Other,Chennai,Oppo,Android,4.4,21.5,210.6,30,1.2,8790,7.3,4.3,1659,Work
U02564,47,Male,Kolkata,Oppo,iOS,3.7,8.8,126.7,177,1.9,4290,7.7,4.4,1217,Education
U02565,19,Female,Pune,Vivo,Android,4.5,42.5,294.6,80,1.6,9518,1.8,0.8,144,Work
U02566,17,Male,Mumbai,Motorola,iOS,8.2,24.0,254.2,180,2.5,2236,6.4,0.1,1083,Entertainment
U02567,38,Male,Delhi,Vivo,iOS,2.0,41.4,225.5,139,5.0,7478,3.2,1.3,460,Entertainment
U02568,27,Male,Jaipur,Realme,Android,11.0,19.8,275.4,185,1.3,6603,2.6,2.2,1922,Social Media
U02569,31,Female,Hyderabad,Samsung,iOS,10.6,6.2,268.6,198,1.5,5469,2.7,3.2,1841,Gaming
U02570,43,Male,Bangalore,Apple,Android,4.6,49.2,162.6,74,5.0,821,5.8,1.0,1043,Education
U02571,50,Male,Chennai,Motorola,Android,11.1,37.6,140.0,165,2.8,1928,4.6,0.2,1209,Education
U02572,32,Male,Jaipur,Realme,Android,11.9,25.6,82.9,106,3.5,1209,3.6,2.2,453,Entertainment
U02573,47,Female,Bangalore,Samsung,Android,11.3,17.3,148.0,103,5.6,9981,1.2,4.3,784,Entertainment
U02574,42,Other,Bangalore,Nokia,Android,7.9,35.4,40.7,77,1.9,2403,6.4,4.0,1340,Work
U02575,41,Female,Kolkata,Apple,iOS,4.7,21.7,72.0,78,4.9,454,1.6,2.3,191,Social Media
U02576,31,Female,Jaipur,OnePlus,iOS,7.1,3.3,158.8,12,2.0,3823,1.8,5.0,420,Work
U02577,44,Other,Lucknow,Vivo,Android,9.8,1.8,91.6,47,2.0,2330,5.6,2.7,1630,Gaming
U02578,53,Male,Jaipur,OnePlus,iOS,11.3,18.8,58.1,99,3.1,7605,4.9,0.2,843,Work
U02579,35,Female,Lucknow,Samsung,iOS,10.6,36.2,21.8,16,5.2,1499,6.3,4.3,1330,Gaming
U02580,15,Female,Lucknow,Nokia,iOS,1.5,36.8,290.5,64,2.0,7345,6.9,4.6,662,Social Media
U02581,34,Male,Jaipur,Oppo,Android,1.1,21.2,258.4,119,0.7,3264,1.4,3.2,1259,Education
U02582,55,Male,Chennai,Oppo,Android,3.7,28.8,228.3,29,4.7,5415,1.4,3.3,1505,Gaming
U02583,32,Male,Kolkata,Motorola,iOS,4.7,27.5,45.6,20,4.8,1779,6.5,0.3,1985,Entertainment
U02584,17,Male,Delhi,Motorola,iOS,6.4,13.1,82.7,15,2.1,7344,2.5,3.8,1295,Work
U02585,19,Other,Kolkata,Oppo,iOS,5.7,18.8,57.4,48,2.3,9762,4.2,0.3,1180,Social Media
U02586,60,Female,Pune,Oppo,Android,5.8,38.0,259.9,88,2.0,6060,6.0,4.9,1817,Entertainment
U02587,59,Male,Chennai,OnePlus,Android,7.5,35.1,184.7,93,0.7,306,2.2,2.3,313,Work
U02588,23,Other,Hyderabad,Vivo,iOS,2.7,10.5,277.0,182,6.0,5849,5.3,4.3,1939,Education
U02589,33,Male,Delhi,Samsung,iOS,10.2,33.7,62.6,175,5.2,9327,0.8,2.5,623,Social Media
U02590,33,Other,Ahmedabad,OnePlus,Android,6.9,15.6,157.9,181,1.6,2562,7.6,3.0,1952,Gaming
U02591,53,Female,Bangalore,Nokia,Android,2.4,18.9,39.1,43,5.3,9506,6.6,3.6,1109,Entertainment
U02592,41,Male,Kolkata,Apple,iOS,8.6,9.7,147.0,139,5.7,8771,4.5,0.9,356,Education
U02593,21,Male,Hyderabad,Google Pixel,Android,5.8,17.7,163.1,181,5.6,5691,1.4,1.8,216,Entertainment
U02594,32,Male,Lucknow,Apple,Android,8.9,38.4,96.0,40,2.8,2179,1.8,4.4,625,Education
U02595,42,Other,Pune,Samsung,iOS,5.8,9.8,166.0,167,2.1,2496,1.1,1.2,1022,Education
U02596,54,Other,Kolkata,Realme,Android,4.7,44.7,146.8,59,3.0,6150,2.3,3.5,1898,Education
U02597,28,Female,Mumbai,Samsung,iOS,5.1,9.8,158.5,113,6.0,6630,1.8,2.0,1866,Education
U02598,47,Other,Ahmedabad,Oppo,iOS,2.1,17.1,135.4,131,0.6,6008,7.0,4.8,1038,Gaming
U02599,38,Male,Ahmedabad,Realme,iOS,5.3,28.4,211.6,124,2.4,8367,5.0,1.7,196,Education
U02600,47,Female,Delhi,Realme,Android,4.8,5.6,19.1,136,2.6,2436,4.8,3.5,646,Social Media
U02601,60,Male,Ahmedabad,Realme,Android,10.9,2.1,250.5,156,4.6,1195,5.4,1.9,678,Social Media
U02602,15,Female,Lucknow,OnePlus,Android,10.2,7.5,273.2,135,4.2,6453,7.1,3.6,304,Gaming
U02603,35,Male,Ahmedabad,OnePlus,Android,6.3,43.5,114.8,25,3.9,6308,7.2,3.5,1045,Work
U02604,60,Female,Lucknow,Samsung,iOS,9.2,42.2,211.7,87,1.1,2418,3.4,0.7,941,Gaming
U02605,35,Other,Chennai,Google Pixel,iOS,11.2,13.5,182.2,182,1.7,5719,3.5,4.6,373,Education
U02606,47,Male,Jaipur,Motorola,iOS,3.6,2.5,99.7,175,0.9,9478,5.6,1.9,1764,Social Media
U02607,44,Male,Mumbai,Realme,iOS,1.9,47.9,40.1,33,4.4,7603,4.0,4.3,1767,Social Media
U02608,15,Female,Bangalore,Realme,iOS,9.1,36.4,136.1,97,5.0,3211,2.6,1.3,1178,Entertainment
U02609,33,Female,Chennai,Oppo,Android,1.9,50.0,218.5,83,2.5,8412,5.0,5.0,1245,Entertainment
U02610,38,Female,Mumbai,Nokia,iOS,9.0,13.1,277.9,37,1.1,5897,5.3,0.3,492,Education
U02611,28,Male,Pune,OnePlus,iOS,11.2,10.4,11.2,169,3.9,5297,1.2,1.7,312,Entertainment
U02612,29,Female,Delhi,Google Pixel,Android,5.2,21.9,260.2,49,2.2,7716,2.8,4.5,1837,Social Media
U02613,40,Female,Mumbai,Oppo,iOS,2.8,29.6,160.3,196,3.7,3304,3.8,3.4,955,Work
U02614,37,Other,Kolkata,OnePlus,Android,4.8,12.6,22.9,142,2.9,9168,7.7,0.6,1923,Entertainment
U02615,58,Male,Bangalore,Vivo,Android,9.8,11.8,149.3,184,2.3,5204,7.7,0.6,1090,Entertainment
U02616,44,Other,Pune,Vivo,Android,7.6,27.2,289.9,185,4.0,8148,5.0,4.9,455,Entertainment
U02617,22,Female,Bangalore,Nokia,iOS,6.2,25.9,239.8,171,3.8,5416,4.3,0.7,625,Social Media
U02618,53,Female,Ahmedabad,Motorola,Android,3.2,28.9,244.4,178,3.3,3286,1.2,0.3,1048,Work
U02619,47,Female,Bangalore,Motorola,iOS,8.0,10.4,51.8,126,4.3,8848,1.7,1.5,677,Entertainment
U02620,17,Other,Mumbai,Google Pixel,Android,10.4,43.3,128.8,68,0.8,8803,1.2,1.2,1071,Entertainment
U02621,58,Male,Chennai,Samsung,Android,9.3,27.3,118.3,174,0.5,8586,5.3,1.0,423,Work
U02622,31,Female,Jaipur,Vivo,iOS,8.2,9.9,152.8,145,1.0,9403,7.4,4.5,983,Work
U02623,38,Male,Bangalore,Apple,iOS,12.0,1.6,105.0,152,0.5,7973,3.7,4.5,300,Work
U02624,42,Male,Chennai,Xiaomi,Android,1.3,17.2,236.5,178,4.6,429,6.4,1.2,1984,Work
U02625,35,Male,Mumbai,Apple,Android,1.1,35.1,124.0,108,4.2,6858,4.6,2.4,484,Gaming
U02626,22,Male,Lucknow,Xiaomi,Android,11.1,43.4,12.1,113,5.7,8297,5.2,3.7,1761,Gaming
U02627,19,Other,Ahmedabad,Motorola,iOS,5.9,42.5,259.6,66,5.9,7391,4.7,3.5,1269,Gaming
U02628,17,Other,Hyderabad,OnePlus,Android,1.9,21.4,101.1,176,2.2,1810,6.8,2.3,1563,Education
U02629,16,Male,Hyderabad,Oppo,iOS,9.3,30.6,209.6,175,1.0,4107,2.7,2.0,919,Work
U02630,29,Male,Lucknow,OnePlus,Android,3.6,38.2,85.2,180,5.3,9085,3.6,2.3,551,Social Media
U02631,36,Female,Jaipur,Oppo,iOS,9.6,48.7,154.4,115,0.9,3503,2.9,2.7,1959,Work
U02632,27,Female,Kolkata,OnePlus,Android,1.9,19.1,207.5,133,5.3,4391,1.6,2.7,945,Social Media
U02633,53,Female,Lucknow,Realme,Android,11.7,44.1,164.9,57,4.1,1346,3.9,1.7,542,Gaming
U02634,40,Other,Hyderabad,Xiaomi,Android,6.6,5.7,6.7,143,5.8,7721,2.0,1.6,1401,Gaming
U02635,36,Male,Jaipur,Google Pixel,Android,11.3,19.0,248.6,163,6.0,8463,6.1,2.0,1711,Entertainment
U02636,51,Female,Delhi,Vivo,iOS,7.4,24.8,13.1,98,4.6,126,2.9,2.7,1969,Work
U02637,43,Other,Jaipur,Oppo,iOS,2.3,10.3,150.6,31,4.2,7760,4.0,3.7,275,Work
U02638,39,Female,Mumbai,Google Pixel,iOS,2.3,49.4,53.1,140,4.3,8766,7.6,2.1,1726,Education
U02639,27,Other,Mumbai,OnePlus,iOS,2.8,39.8,252.9,194,3.6,5047,5.0,3.7,1056,Gaming
U02640,32,Male,Jaipur,Google Pixel,Android,6.3,42.8,61.9,80,1.0,4855,7.6,4.9,229,Entertainment
U02641,58,Female,Bangalore,Nokia,Android,7.2,38.6,141.6,188,2.3,116,7.6,3.3,1183,Work
U02642,59,Female,Delhi,Nokia,Android,4.8,42.7,50.6,60,2.9,8758,7.9,2.8,1904,Gaming
U02643,18,Male,Lucknow,Google Pixel,Android,8.7,44.9,227.1,152,5.4,7126,3.4,0.2,607,Entertainment
U02644,50,Other,Hyderabad,Google Pixel,Android,9.3,40.7,171.4,109,2.3,2613,5.8,3.4,881,Work
U02645,27,Female,Ahmedabad,Google Pixel,Android,4.0,44.8,118.8,179,5.1,1211,2.0,3.3,1821,Work
U02646,38,Other,Kolkata,Google Pixel,Android,1.1,22.8,89.4,36,1.0,4471,6.7,4.5,685,Gaming
U02647,57,Male,Jaipur,Realme,iOS,1.4,15.8,65.8,110,3.2,3070,7.3,1.2,927,Entertainment
U02648,60,Female,Delhi,Xiaomi,iOS,8.9,11.2,290.8,13,3.9,9272,5.7,0.1,870,Education
U02649,30,Male,Delhi,Realme,iOS,1.4,40.5,139.8,124,4.1,816,6.6,4.2,726,Social Media
U02650,40,Male,Jaipur,Realme,Android,1.9,22.7,164.3,74,3.8,5135,1.6,3.9,1156,Social Media
U02651,58,Male,Bangalore,Oppo,iOS,10.1,10.3,68.2,61,0.7,1235,2.9,1.5,976,Social Media
U02652,60,Male,Ahmedabad,Oppo,Android,5.4,17.1,107.8,104,4.3,9653,3.2,2.4,1536,Gaming
U02653,25,Female,Ahmedabad,Realme,Android,9.5,5.1,163.1,32,5.7,6666,2.7,1.4,1205,Social Media
U02654,39,Female,Bangalore,Apple,Android,8.3,1.4,259.1,110,0.8,1160,7.5,3.5,526,Education
U02655,21,Other,Bangalore,Realme,Android,10.1,31.9,142.7,60,5.9,7111,6.2,3.0,696,Gaming
U02656,50,Female,Bangalore,OnePlus,Android,6.9,22.3,120.4,65,2.5,9550,4.3,3.3,1191,Social Media
U02657,50,Male,Ahmedabad,Realme,Android,1.6,15.6,45.3,133,2.2,4697,3.0,0.4,210,Work
U02658,15,Male,Bangalore,Realme,iOS,5.1,49.5,82.6,198,5.3,7616,0.7,2.1,1328,Education
U02659,26,Male,Hyderabad,OnePlus,iOS,11.0,44.0,90.6,13,0.9,3901,5.9,1.2,404,Work
U02660,55,Female,Ahmedabad,Samsung,Android,1.4,22.7,120.8,101,4.7,7808,5.6,1.3,1997,Education
U02661,43,Male,Kolkata,Nokia,iOS,3.8,4.8,85.4,176,4.1,8112,4.2,0.4,586,Social Media
U02662,44,Male,Hyderabad,Realme,Android,11.1,44.8,22.5,131,3.1,4789,1.8,4.4,1884,Work
U02663,59,Other,Kolkata,OnePlus,iOS,2.7,12.0,287.7,139,3.0,3729,2.3,0.5,1709,Work
U02664,50,Female,Mumbai,Oppo,Android,2.3,29.6,111.1,134,1.3,6758,5.9,3.7,1258,Social Media
U02665,25,Male,Lucknow,OnePlus,Android,1.9,40.7,265.7,101,6.0,1158,2.5,4.1,879,Education
U02666,33,Female,Delhi,Realme,iOS,10.2,10.8,237.6,65,1.0,9187,1.9,0.4,1772,Entertainment
U02667,37,Male,Delhi,Xiaomi,Android,11.3,31.7,295.2,39,1.2,7710,7.6,3.0,1875,Education
U02668,30,Female,Delhi,Realme,iOS,8.5,22.9,23.2,111,5.8,4110,3.1,0.3,662,Entertainment
U02669,48,Male,Jaipur,Samsung,Android,6.7,14.8,282.4,197,5.2,9534,6.9,1.7,845,Entertainment
U02670,36,Female,Pune,Oppo,iOS,8.7,26.9,271.5,16,2.8,5940,0.5,4.7,1994,Social Media
U02671,28,Male,Mumbai,Nokia,Android,10.6,3.6,205.5,58,2.9,7612,2.2,4.8,803,Gaming
U02672,58,Male,Chennai,Vivo,Android,8.5,43.7,196.8,113,1.5,1454,2.0,1.1,295,Gaming
U02673,28,Other,Chennai,Samsung,iOS,9.5,10.6,297.5,172,1.2,7201,0.8,0.9,863,Work
U02674,59,Other,Mumbai,Nokia,Android,9.7,14.0,285.0,150,5.9,2042,3.0,0.1,976,Education
U02675,59,Male,Mumbai,Apple,iOS,8.7,34.9,144.1,58,1.5,3311,4.7,0.5,1372,Social Media
U02676,35,Female,Pune,Google Pixel,iOS,8.3,20.8,267.3,168,1.9,9341,1.7,0.0,1416,Gaming
U02677,54,Male,Jaipur,Realme,iOS,4.3,33.9,134.8,12,2.0,7593,3.1,2.8,1631,Entertainment
U02678,39,Female,Pune,Vivo,Android,1.6,28.0,47.3,188,5.0,1845,1.3,1.5,894,Social Media
U02679,57,Other,Chennai,Samsung,iOS,4.6,18.0,249.0,46,1.6,6689,7.1,4.3,1079,Gaming
U02680,57,Female,Delhi,Vivo,Android,9.3,42.0,192.4,21,1.6,9499,2.7,0.8,750,Gaming
U02681,19,Other,Bangalore,Nokia,Android,1.4,49.5,52.4,108,2.3,7052,7.1,0.1,1884,Gaming
U02682,49,Female,Kolkata,Google Pixel,Android,2.0,10.4,170.5,158,1.1,1721,7.8,2.0,1760,Education
U02683,24,Male,Delhi,Xiaomi,Android,6.7,32.8,19.7,170,1.3,8760,4.8,0.2,937,Gaming
U02684,50,Other,Delhi,Oppo,Android,3.3,40.5,60.1,125,4.0,2379,4.4,4.5,846,Education
U02685,28,Female,Lucknow,Realme,Android,6.6,27.0,272.9,171,3.8,2821,7.8,4.1,1131,Social Media
U02686,53,Male,Mumbai,Vivo,iOS,9.9,44.2,213.4,110,4.2,2079,7.3,1.8,1168,Education
U02687,26,Other,Mumbai,Apple,iOS,1.9,49.9,28.4,133,2.2,1522,3.2,4.3,1812,Gaming
U02688,23,Other,Ahmedabad,Oppo,Android,6.7,45.4,87.7,51,5.4,2880,6.4,2.4,1087,Education
U02689,38,Female,Lucknow,Xiaomi,iOS,1.2,2.9,58.9,90,1.0,8286,5.8,3.8,1068,Social Media
U02690,18,Female,Ahmedabad,Vivo,Android,9.6,38.8,172.7,181,5.1,5031,4.9,2.4,1808,Entertainment
U02691,29,Female,Chennai,OnePlus,iOS,6.9,7.5,48.4,25,1.5,1195,6.0,2.7,1669,Education
U02692,36,Female,Mumbai,Apple,iOS,9.4,43.8,95.3,58,4.7,6531,5.9,3.6,1733,Social Media
U02693,24,Female,Jaipur,Realme,Android,10.2,28.1,99.1,53,4.7,2560,3.1,3.5,1764,Social Media
U02694,26,Other,Lucknow,Google Pixel,Android,7.7,15.3,169.7,103,4.3,7241,1.4,0.9,1135,Gaming
U02695,38,Female,Chennai,Oppo,Android,3.8,36.0,80.4,10,2.7,1214,6.9,3.2,1383,Gaming
U02696,17,Female,Chennai,Motorola,Android,11.3,36.1,161.8,111,1.2,6494,1.5,2.9,1927,Work
U02697,24,Other,Delhi,Apple,iOS,2.6,30.6,249.1,94,3.1,1447,4.3,0.1,1790,Gaming
U02698,52,Other,Kolkata,Realme,iOS,2.0,15.2,96.6,77,1.0,4475,0.9,2.9,974,Work
U02699,40,Female,Kolkata,Nokia,iOS,8.6,14.6,266.0,124,5.0,2700,6.0,2.3,1746,Gaming
U02700,44,Other,Hyderabad,Nokia,iOS,8.7,34.6,152.4,37,1.8,2287,5.2,4.2,1548,Gaming
U02701,40,Female,Delhi,OnePlus,Android,7.7,5.2,36.1,177,3.5,4234,6.9,0.1,1453,Entertainment
U02702,43,Female,Mumbai,Samsung,iOS,5.4,18.1,27.6,60,2.6,5378,7.1,3.2,432,Entertainment
U02703,55,Female,Mumbai,Xiaomi,Android,6.9,29.5,178.9,178,2.2,1451,3.4,2.3,267,Gaming
U02704,51,Other,Mumbai,Oppo,iOS,4.4,45.0,108.1,22,5.9,1270,3.0,4.4,226,Social Media
U02705,28,Other,Bangalore,Motorola,iOS,1.3,41.2,244.3,99,4.3,6569,3.9,2.7,455,Education
U02706,20,Other,Chennai,Apple,Android,9.9,29.8,232.8,100,1.4,9617,7.3,4.6,1888,Gaming
U02707,58,Male,Jaipur,Samsung,Android,11.1,39.1,233.5,173,0.5,4878,6.5,3.1,1458,Gaming
U02708,24,Other,Mumbai,Oppo,Android,4.8,24.3,171.6,164,1.0,9938,3.9,4.9,465,Entertainment
U02709,28,Other,Chennai,Google Pixel,iOS,8.6,47.0,237.7,136,1.0,2142,6.6,1.9,1820,Gaming
U02710,27,Other,Delhi,Vivo,iOS,10.6,33.6,133.2,195,1.4,6178,6.0,0.1,412,Work
U02711,35,Female,Jaipur,Nokia,iOS,7.3,30.7,229.3,147,1.0,363,3.5,0.8,271,Social Media
U02712,46,Other,Chennai,Apple,Android,8.0,35.5,239.4,164,6.0,5982,7.9,0.1,870,Education
U02713,43,Male,Hyderabad,OnePlus,Android,7.3,41.1,62.9,52,3.5,4109,1.1,1.2,238,Education
U02714,59,Other,Delhi,OnePlus,Android,9.8,1.6,32.5,56,4.7,1956,1.6,4.3,411,Education
U02715,39,Female,Mumbai,Google Pixel,iOS,8.7,33.2,137.7,69,4.8,9314,4.4,2.2,1876,Work
U02716,47,Other,Kolkata,Vivo,iOS,6.0,15.7,195.8,28,2.2,733,3.7,1.6,1135,Entertainment
U02717,15,Other,Hyderabad,Google Pixel,Android,8.9,42.9,125.9,44,3.7,224,1.5,2.1,449,Gaming
U02718,58,Male,Kolkata,Samsung,Android,10.0,34.3,185.1,70,3.0,1343,2.5,1.2,1513,Gaming
U02719,27,Other,Hyderabad,Apple,iOS,10.2,2.7,226.8,62,2.4,5168,6.6,2.2,1014,Social Media
U02720,47,Other,Lucknow,Motorola,iOS,1.8,3.8,74.1,44,5.8,813,6.9,2.8,897,Education
U02721,24,Male,Mumbai,Samsung,Android,3.6,47.1,75.2,170,4.3,7442,2.4,5.0,209,Social Media
U02722,53,Male,Pune,Oppo,Android,9.8,20.3,183.0,191,1.5,7817,6.0,3.1,323,Social Media
U02723,53,Male,Delhi,Oppo,iOS,8.6,26.0,75.5,61,5.9,8203,7.1,0.4,1769,Gaming
U02724,25,Male,Pune,Vivo,iOS,5.7,9.1,213.1,168,4.8,2431,1.8,4.0,1972,Gaming
U02725,36,Female,Chennai,Oppo,iOS,11.2,6.5,22.3,95,2.7,879,2.9,2.5,690,Social Media
U02726,53,Female,Jaipur,Google Pixel,iOS,8.6,34.2,193.9,187,1.1,7630,6.3,1.5,1056,Work
U02727,23,Other,Delhi,Nokia,iOS,7.3,19.1,180.8,119,2.4,6034,6.8,0.7,1598,Gaming
U02728,18,Other,Hyderabad,OnePlus,iOS,6.5,39.3,251.1,47,5.6,261,2.0,1.4,989,Entertainment
U02729,29,Other,Bangalore,OnePlus,Android,2.6,20.4,112.7,156,2.9,6948,6.0,3.5,1682,Gaming
U02730,25,Other,Chennai,Motorola,Android,7.9,4.0,210.2,91,4.8,5148,7.5,1.2,1655,Work
U02731,35,Female,Pune,Vivo,Android,4.5,36.9,229.3,178,3.8,3644,6.2,3.0,1481,Gaming
U02732,59,Male,Pune,Xiaomi,Android,2.9,7.0,267.4,48,2.8,4618,6.6,1.9,759,Gaming
U02733,25,Female,Chennai,Motorola,iOS,8.0,29.1,24.3,140,2.3,5371,2.5,2.1,1432,Gaming
U02734,24,Male,Mumbai,Samsung,Android,6.8,13.8,261.4,192,1.4,3050,7.3,2.5,514,Gaming
U02735,28,Other,Bangalore,Vivo,Android,1.2,19.5,124.0,82,4.0,9884,2.8,1.3,1499,Entertainment
U02736,58,Male,Hyderabad,Google Pixel,iOS,11.8,21.0,49.4,72,5.1,7503,7.6,1.7,1078,Social Media
U02737,16,Other,Kolkata,Motorola,iOS,9.5,21.9,48.7,151,1.0,283,6.8,1.7,1393,Work
U02738,30,Other,Jaipur,Samsung,iOS,7.6,1.1,135.2,151,1.7,335,2.4,4.4,1100,Work
U02739,43,Male,Chennai,OnePlus,iOS,2.6,41.7,214.4,194,2.8,2011,3.6,2.0,342,Entertainment
U02740,27,Female,Mumbai,Oppo,Android,8.7,35.4,48.8,150,5.7,3908,4.7,1.2,1833,Entertainment
U02741,31,Other,Bangalore,Nokia,Android,7.3,37.5,131.1,26,0.9,471,2.2,4.0,1591,Work
U02742,29,Female,Bangalore,Nokia,Android,5.0,36.3,68.3,15,1.3,7213,6.9,2.1,1480,Social Media
U02743,51,Other,Kolkata,Vivo,iOS,8.1,21.6,53.6,137,4.7,2449,3.9,2.3,468,Entertainment
U02744,55,Male,Pune,Google Pixel,iOS,6.7,46.4,49.0,112,2.2,7907,2.1,3.9,324,Education
U02745,30,Male,Kolkata,Samsung,Android,1.1,26.9,140.8,92,5.3,1507,5.6,0.2,1776,Work
U02746,17,Female,Delhi,Google Pixel,iOS,8.1,41.3,148.8,150,0.6,8587,5.8,3.7,1810,Social Media
U02747,49,Male,Delhi,Samsung,iOS,1.4,12.7,185.8,44,2.7,2383,7.6,1.3,1823,Gaming
U02748,48,Male,Mumbai,Google Pixel,Android,9.5,26.7,149.0,111,3.0,1966,3.6,0.3,725,Work
U02749,60,Female,Lucknow,Nokia,Android,8.9,29.7,23.1,170,2.5,1503,4.5,2.6,658,Work
U02750,39,Male,Pune,Google Pixel,Android,11.1,17.7,138.3,159,2.9,2562,5.4,1.2,570,Education
U02751,39,Female,Kolkata,Realme,iOS,10.1,7.4,106.7,185,3.6,8039,5.4,0.9,102,Entertainment
U02752,31,Other,Kolkata,Realme,Android,7.6,35.7,101.4,23,0.7,8393,7.1,2.4,1599,Social Media
U02753,47,Male,Ahmedabad,Samsung,Android,6.6,37.1,107.1,64,3.5,1156,2.7,3.6,434,Social Media
U02754,18,Female,Delhi,Motorola,Android,3.9,24.5,185.5,36,5.8,4517,6.2,2.5,1981,Social Media
U02755,26,Male,Ahmedabad,Vivo,Android,7.3,35.4,243.2,132,3.8,703,1.7,2.6,1294,Social Media
U02756,56,Male,Pune,Samsung,Android,10.3,27.6,155.3,98,1.5,5373,5.4,4.9,103,Gaming
U02757,39,Male,Mumbai,OnePlus,Android,11.9,29.9,117.3,106,0.7,9625,0.7,2.7,1171,Social Media
U02758,56,Male,Lucknow,Vivo,iOS,4.8,49.0,86.8,68,4.0,7933,1.4,2.2,1539,Gaming
U02759,17,Male,Bangalore,Xiaomi,iOS,3.2,38.7,204.9,80,5.9,561,0.7,4.6,1077,Gaming
U02760,32,Other,Pune,Nokia,iOS,11.9,12.8,5.3,98,5.0,286,8.0,2.6,1346,Entertainment
U02761,46,Other,Pune,Nokia,Android,8.3,3.6,109.4,86,2.1,3563,0.8,1.2,1337,Work
U02762,32,Male,Jaipur,Nokia,Android,4.2,20.6,152.6,30,3.6,6750,7.0,1.9,801,Gaming
U02763,56,Female,Hyderabad,Oppo,Android,4.5,17.3,147.8,74,2.3,8337,6.2,3.4,1695,Gaming
U02764,23,Female,Kolkata,Apple,Android,9.5,36.4,63.0,140,5.9,3439,7.6,2.7,223,Social Media
U02765,49,Male,Delhi,Apple,iOS,2.2,26.8,284.2,151,2.7,1994,7.0,3.8,1734,Work
U02766,29,Female,Bangalore,Google Pixel,Android,8.4,47.1,99.6,67,2.5,9120,6.5,0.5,1179,Work
U02767,16,Male,Kolkata,Xiaomi,Android,1.6,37.6,52.8,187,4.2,5714,7.1,4.9,473,Work
U02768,50,Female,Pune,Oppo,Android,9.4,43.5,88.3,135,3.9,2700,7.3,2.9,489,Entertainment
U02769,15,Male,Jaipur,Nokia,iOS,8.0,25.8,225.8,98,5.2,7607,7.6,3.8,533,Social Media
U02770,45,Female,Jaipur,Apple,Android,1.8,22.8,97.8,102,5.1,2883,6.9,1.5,533,Work
U02771,34,Male,Pune,Nokia,Android,6.9,17.0,232.5,162,4.8,6197,7.4,0.7,1320,Entertainment
U02772,30,Female,Ahmedabad,Google Pixel,Android,4.9,29.4,7.9,23,5.7,3574,4.8,2.6,485,Social Media
U02773,55,Other,Bangalore,Samsung,iOS,11.3,9.6,55.5,194,5.9,9915,1.9,0.7,1281,Work
U02774,18,Female,Kolkata,Nokia,iOS,3.5,38.5,174.7,70,4.6,2569,4.7,3.5,607,Work
U02775,15,Other,Mumbai,Realme,Android,11.8,49.9,11.8,156,5.2,4494,7.0,2.6,1900,Education
U02776,25,Male,Delhi,Vivo,iOS,10.6,32.6,113.3,79,2.1,2049,4.6,1.6,190,Social Media
U02777,40,Other,Bangalore,Oppo,Android,10.1,11.2,131.0,190,0.9,8643,2.8,0.6,1623,Work
U02778,29,Other,Kolkata,Oppo,Android,9.5,33.6,279.9,103,4.9,4535,4.3,0.8,1991,Gaming
U02779,23,Male,Jaipur,OnePlus,iOS,9.6,39.0,184.9,162,4.5,6168,5.9,3.8,1681,Entertainment
U02780,46,Female,Ahmedabad,Apple,Android,11.1,14.5,186.5,85,5.1,573,3.5,0.3,935,Entertainment
U02781,47,Male,Chennai,Motorola,Android,10.5,41.4,214.1,85,2.0,2576,1.5,4.2,204,Entertainment
U02782,43,Other,Bangalore,Nokia,Android,9.8,38.4,95.1,163,3.2,8765,6.2,4.9,1364,Entertainment
U02783,18,Other,Jaipur,Oppo,Android,5.5,26.0,81.3,55,2.7,4796,3.6,2.4,199,Gaming
U02784,35,Other,Jaipur,Xiaomi,Android,3.2,8.7,106.1,156,4.8,2663,7.5,0.9,1216,Work
U02785,46,Male,Kolkata,Apple,iOS,1.6,25.9,19.1,163,4.7,9518,6.0,1.1,1621,Social Media
U02786,46,Other,Chennai,Oppo,Android,9.4,10.2,194.7,102,2.0,829,6.3,1.7,1747,Social Media
U02787,47,Other,Lucknow,Nokia,Android,1.2,30.5,200.3,104,3.4,1968,1.9,3.9,461,Gaming
U02788,28,Male,Jaipur,Xiaomi,Android,2.1,45.9,212.5,75,5.5,8414,6.6,3.4,387,Gaming
U02789,55,Female,Hyderabad,Realme,iOS,9.5,24.1,216.8,125,5.1,4776,3.3,3.3,167,Social Media
U02790,59,Other,Pune,Nokia,Android,10.9,24.2,269.6,15,1.9,8923,6.2,4.5,447,Gaming
U02791,22,Female,Delhi,OnePlus,Android,4.5,28.2,211.6,197,4.6,8282,6.6,4.9,1043,Work
U02792,31,Other,Ahmedabad,Oppo,Android,2.1,26.9,230.8,124,3.8,7919,2.0,2.1,850,Entertainment
U02793,37,Female,Hyderabad,Vivo,Android,11.4,36.4,191.3,54,2.3,7677,5.9,2.7,1498,Entertainment
U02794,26,Other,Chennai,Realme,iOS,1.1,42.5,172.3,49,5.8,4881,1.6,3.7,205,Entertainment
U02795,50,Other,Jaipur,Google Pixel,iOS,8.6,12.7,158.1,123,0.7,1217,1.1,0.6,914,Work
U02796,35,Female,Chennai,Oppo,iOS,3.2,4.0,120.1,190,2.0,6789,5.2,2.5,1035,Education
U02797,24,Male,Ahmedabad,Vivo,iOS,6.1,38.6,288.4,100,3.1,3110,5.2,2.0,421,Social Media
U02798,31,Female,Hyderabad,Apple,iOS,4.0,6.0,22.2,86,5.8,7520,6.6,3.2,531,Entertainment
U02799,40,Other,Pune,Apple,iOS,2.8,2.7,69.0,34,3.3,7909,5.0,0.5,481,Gaming
U02800,50,Other,Ahmedabad,Oppo,iOS,6.3,1.6,264.9,61,4.0,2295,1.2,3.5,1780,Education
U02801,55,Other,Chennai,Xiaomi,iOS,6.8,39.9,86.9,48,2.9,8433,5.2,1.6,1573,Education
U02802,40,Other,Delhi,Samsung,iOS,9.8,27.6,208.9,92,0.9,3450,2.7,3.1,724,Social Media
U02803,27,Male,Pune,Realme,iOS,10.2,36.4,57.3,39,4.7,6550,6.2,4.3,1437,Work
U02804,29,Male,Mumbai,Google Pixel,iOS,3.2,49.3,143.5,180,4.8,3287,3.8,3.7,1122,Entertainment
U02805,38,Female,Lucknow,Xiaomi,iOS,5.6,34.8,75.3,111,2.5,2359,0.9,2.8,628,Education
U02806,23,Male,Lucknow,Apple,iOS,4.0,34.6,116.5,89,3.1,6186,0.9,3.8,221,Social Media
U02807,47,Female,Mumbai,Samsung,Android,3.5,27.3,227.3,52,3.5,9831,7.2,4.3,191,Education
U02808,24,Male,Hyderabad,Nokia,Android,5.1,11.8,93.5,168,1.0,3195,1.2,2.4,1515,Education
U02809,37,Male,Lucknow,Nokia,Android,4.2,43.5,281.4,193,4.4,4132,0.7,2.2,1015,Work
U02810,22,Other,Kolkata,Samsung,Android,4.9,27.6,246.6,14,3.4,6363,1.7,3.3,117,Education
U02811,48,Female,Chennai,Google Pixel,Android,6.4,34.5,44.5,162,4.2,8670,2.3,4.3,1471,Work
U02812,33,Female,Delhi,Apple,Android,10.7,17.7,181.9,70,1.0,2801,3.5,4.1,1381,Work
U02813,29,Male,Lucknow,Motorola,Android,4.3,15.0,107.4,137,3.8,874,5.0,3.4,848,Work
U02814,46,Female,Pune,Nokia,Android,6.4,42.2,44.2,171,3.0,233,1.7,0.5,292,Education
U02815,16,Other,Pune,Realme,iOS,4.3,46.2,115.0,50,5.9,4193,7.0,2.0,1423,Education
U02816,32,Female,Jaipur,Xiaomi,Android,6.6,11.9,153.9,153,1.4,1071,4.6,1.3,1001,Social Media
U02817,40,Male,Chennai,Xiaomi,iOS,2.2,22.8,11.7,19,4.9,3762,3.4,4.5,311,Gaming
U02818,51,Other,Mumbai,Vivo,iOS,1.7,33.5,108.7,147,5.7,6384,6.4,0.2,1481,Entertainment
U02819,54,Other,Delhi,Realme,Android,1.6,32.4,215.9,139,2.0,7692,1.6,2.4,1736,Entertainment
U02820,30,Other,Mumbai,Google Pixel,iOS,2.3,46.1,160.7,149,5.9,6518,5.1,2.4,753,Education
U02821,40,Other,Lucknow,OnePlus,Android,8.6,6.1,204.2,75,1.2,3325,7.6,4.0,1525,Education
U02822,33,Other,Chennai,Apple,Android,8.6,22.3,277.0,43,5.4,9857,3.9,0.2,831,Entertainment
U02823,39,Male,Hyderabad,Google Pixel,iOS,5.6,2.1,210.3,26,4.6,4419,7.3,4.3,854,Education
U02824,56,Other,Delhi,Vivo,Android,1.1,41.1,230.1,116,0.7,4068,5.0,3.0,1368,Social Media
U02825,55,Other,Kolkata,Google Pixel,iOS,8.8,37.8,97.8,113,3.3,2196,3.5,3.4,1668,Work
U02826,60,Female,Hyderabad,Samsung,iOS,1.0,10.1,141.4,159,0.8,5463,5.8,4.3,122,Education
U02827,38,Other,Jaipur,OnePlus,Android,11.8,14.5,29.7,164,3.8,8232,7.1,1.1,703,Education
U02828,36,Female,Mumbai,Xiaomi,iOS,10.8,47.6,254.8,39,1.0,4651,6.1,3.0,1195,Work
U02829,29,Other,Mumbai,Xiaomi,Android,1.5,38.6,209.6,190,4.7,7902,1.6,4.9,655,Entertainment
U02830,56,Other,Hyderabad,Xiaomi,Android,3.4,36.5,128.7,18,0.9,3627,2.8,0.3,1902,Education
U02831,32,Other,Chennai,Vivo,Android,7.9,44.8,41.7,113,5.0,7051,3.4,1.2,1668,Social Media
U02832,36,Female,Mumbai,Realme,Android,11.5,37.3,24.4,199,2.2,3392,0.6,2.2,1281,Education
U02833,44,Other,Lucknow,Motorola,Android,9.6,5.9,72.0,75,1.2,9373,3.1,4.4,1862,Entertainment
U02834,45,Female,Lucknow,Xiaomi,Android,9.8,11.5,273.7,48,4.5,2664,1.2,1.9,1800,Work
U02835,38,Other,Bangalore,Xiaomi,iOS,5.4,42.2,265.6,69,1.2,8349,1.6,3.6,387,Education
U02836,50,Male,Mumbai,Samsung,Android,11.0,8.2,192.0,149,5.7,9798,7.9,3.4,1039,Entertainment
U02837,43,Other,Jaipur,Apple,Android,10.7,40.2,88.3,196,5.4,5615,5.4,2.2,1757,Gaming
U02838,54,Other,Hyderabad,OnePlus,iOS,8.1,25.6,244.3,98,1.7,2268,4.0,3.4,727,Entertainment
U02839,29,Other,Delhi,Oppo,Android,6.0,21.2,8.2,152,5.2,5173,1.7,0.4,1139,Education
U02840,51,Male,Pune,Oppo,iOS,2.7,41.6,156.6,23,2.2,2259,1.7,3.1,524,Social Media
U02841,42,Female,Bangalore,Realme,iOS,5.3,22.1,254.3,40,1.1,8143,2.4,3.4,831,Work
U02842,59,Other,Mumbai,Google Pixel,iOS,2.7,10.4,111.4,155,3.2,8451,4.1,1.7,1416,Work
U02843,43,Male,Kolkata,Motorola,Android,2.0,44.1,89.6,160,0.7,1131,7.0,4.9,1833,Entertainment
U02844,35,Male,Kolkata,Google Pixel,Android,3.9,24.5,65.9,91,5.7,6418,1.4,1.2,1774,Education
U02845,53,Female,Bangalore,Oppo,iOS,11.1,20.8,159.9,119,4.4,868,5.3,0.9,137,Work
U02846,44,Other,Kolkata,Google Pixel,iOS,5.9,41.0,227.4,113,3.4,2188,7.7,3.1,1014,Education
U02847,36,Female,Lucknow,Nokia,iOS,9.1,15.8,159.7,63,5.0,3249,1.8,1.5,224,Entertainment
U02848,39,Male,Bangalore,Apple,Android,9.1,37.3,81.0,85,4.9,6716,6.1,1.3,443,Entertainment
U02849,60,Female,Hyderabad,Samsung,iOS,6.9,3.9,64.5,83,4.3,2957,2.8,1.9,511,Gaming
U02850,18,Other,Kolkata,Realme,iOS,1.2,32.5,251.1,66,4.8,5772,7.8,2.7,1183,Gaming
U02851,51,Male,Kolkata,Nokia,Android,9.3,28.4,287.1,73,1.4,3935,6.8,4.9,740,Education
U02852,30,Other,Ahmedabad,Realme,iOS,10.5,1.2,95.4,98,4.3,9025,4.9,1.0,506,Work
U02853,45,Other,Pune,Google Pixel,iOS,6.1,43.0,210.6,127,1.7,4135,5.7,3.5,1487,Gaming
U02854,51,Other,Hyderabad,Nokia,Android,1.3,23.1,94.8,71,1.1,4387,1.0,1.4,559,Entertainment
U02855,23,Female,Hyderabad,Oppo,Android,11.1,3.9,191.3,150,5.9,1464,3.4,3.0,1623,Education
U02856,36,Female,Kolkata,Google Pixel,iOS,3.8,34.7,45.1,35,3.8,9189,5.6,3.6,1132,Social Media
U02857,51,Female,Lucknow,Realme,Android,10.4,43.3,205.6,70,1.9,7559,1.2,0.8,1540,Gaming
U02858,33,Female,Jaipur,Xiaomi,iOS,11.8,33.7,109.2,142,3.2,5880,6.3,4.6,1558,Gaming
U02859,47,Female,Mumbai,Motorola,Android,4.9,40.4,256.2,139,0.7,2149,1.2,1.9,185,Entertainment
U02860,45,Female,Lucknow,Google Pixel,iOS,12.0,20.9,190.5,122,5.3,2863,0.6,4.8,1854,Entertainment
U02861,38,Male,Mumbai,OnePlus,iOS,3.6,22.3,64.6,30,5.1,8872,5.9,3.1,1565,Entertainment
U02862,32,Other,Chennai,Vivo,iOS,10.6,38.3,48.0,65,2.9,3086,3.9,1.6,1634,Gaming
U02863,27,Male,Jaipur,Vivo,Android,3.8,44.0,165.3,133,3.8,3047,6.6,4.7,836,Entertainment
U02864,31,Other,Chennai,Realme,Android,9.4,41.2,39.9,171,3.5,9826,2.8,0.4,1438,Entertainment
U02865,21,Female,Mumbai,OnePlus,iOS,10.6,30.0,252.8,60,2.6,7600,7.5,1.3,1974,Gaming
U02866,39,Other,Hyderabad,OnePlus,iOS,8.8,17.1,49.6,120,3.9,6042,2.2,2.2,1949,Entertainment
U02867,49,Male,Hyderabad,Apple,Android,3.4,1.3,204.3,55,4.6,3360,1.4,1.2,699,Entertainment
U02868,21,Other,Lucknow,OnePlus,iOS,5.1,45.2,270.1,138,2.0,6032,6.6,3.6,471,Social Media
U02869,20,Other,Jaipur,Oppo,Android,9.2,28.3,208.9,118,0.7,1074,1.4,2.7,338,Education
U02870,32,Female,Chennai,Nokia,iOS,6.3,43.7,225.9,102,4.7,2202,3.2,2.0,1005,Gaming
U02871,57,Female,Bangalore,Google Pixel,Android,1.7,38.1,268.0,82,1.5,6821,5.5,3.5,992,Education
U02872,47,Female,Kolkata,Oppo,Android,6.6,37.1,133.7,70,1.1,3647,7.9,1.5,637,Education
U02873,48,Other,Delhi,Motorola,iOS,4.1,18.4,71.9,114,3.7,4075,7.6,4.4,1492,Gaming
U02874,49,Male,Chennai,Oppo,Android,5.4,16.3,65.0,29,5.6,8366,1.3,4.8,1883,Gaming
U02875,27,Male,Bangalore,Apple,Android,3.6,16.6,121.9,15,2.1,3157,1.7,3.9,336,Education
U02876,24,Other,Kolkata,Nokia,iOS,8.9,1.2,18.7,28,2.0,8831,6.3,4.4,1524,Social Media
U02877,45,Female,Kolkata,Realme,Android,8.5,25.6,278.5,154,4.4,127,3.2,1.0,1132,Entertainment
U02878,21,Female,Kolkata,Nokia,iOS,3.1,11.3,261.1,153,3.9,226,7.1,4.9,1604,Education
U02879,34,Female,Mumbai,Oppo,Android,11.6,31.7,124.0,44,5.6,8268,3.3,3.1,659,Social Media
U02880,29,Female,Jaipur,Oppo,iOS,1.8,30.8,221.4,140,3.9,3532,0.6,2.1,149,Education
U02881,49,Male,Ahmedabad,Oppo,Android,9.5,44.6,174.5,99,2.9,1152,2.2,0.1,743,Work
U02882,51,Female,Ahmedabad,Xiaomi,iOS,10.4,7.4,156.2,56,4.8,5812,0.6,0.7,1194,Gaming
U02883,49,Female,Chennai,Google Pixel,iOS,8.3,26.2,148.8,127,0.5,5564,3.3,3.4,1732,Entertainment
U02884,45,Male,Hyderabad,Oppo,Android,8.1,22.0,49.2,150,4.6,2184,4.3,2.9,1366,Social Media
U02885,36,Other,Jaipur,Samsung,Android,3.7,40.5,143.0,150,5.4,798,3.7,2.5,1783,Gaming
U02886,45,Male,Pune,Realme,Android,9.2,10.1,165.7,193,3.3,2834,2.4,1.8,1038,Work
U02887,31,Female,Kolkata,Samsung,iOS,3.0,2.3,141.1,102,1.7,7543,1.2,0.7,1029,Gaming
U02888,44,Male,Ahmedabad,Nokia,iOS,3.0,12.8,292.9,27,3.9,5207,6.4,2.6,638,Social Media
U02889,52,Male,Jaipur,Apple,iOS,10.3,20.8,42.9,84,4.3,2785,0.9,0.3,942,Gaming
U02890,35,Other,Kolkata,Google Pixel,iOS,6.1,23.2,55.0,59,2.1,8715,5.1,1.2,1617,Gaming
U02891,19,Female,Ahmedabad,Apple,Android,8.0,22.8,268.9,127,1.7,4671,7.2,2.4,1283,Social Media
U02892,37,Female,Ahmedabad,Samsung,Android,5.6,11.4,157.5,63,3.2,1887,3.2,5.0,924,Entertainment
U02893,34,Other,Ahmedabad,Nokia,iOS,11.4,47.4,108.6,113,5.7,1447,6.3,3.8,1243,Work
U02894,42,Female,Delhi,Samsung,iOS,1.7,17.9,287.4,138,0.6,787,5.7,0.5,206,Education
U02895,27,Male,Chennai,Realme,iOS,8.9,3.5,114.4,30,1.9,5221,0.9,3.9,970,Work
U02896,33,Male,Lucknow,Apple,Android,3.1,43.8,238.3,50,5.9,7708,7.1,3.6,1545,Work
U02897,36,Male,Ahmedabad,Realme,iOS,11.1,31.1,261.4,164,4.4,3098,1.9,5.0,1888,Education
U02898,20,Other,Jaipur,Xiaomi,Android,4.7,38.8,155.6,162,0.6,241,3.3,4.3,1489,Social Media
U02899,39,Male,Bangalore,Realme,iOS,7.4,30.9,205.5,148,5.2,3442,1.9,1.4,1764,Gaming
U02900,38,Other,Pune,Samsung,iOS,7.2,44.3,16.5,110,4.6,1911,3.7,1.3,934,Education
U02901,51,Female,Lucknow,Xiaomi,Android,1.0,36.2,18.7,181,2.0,2771,2.9,1.5,235,Gaming
U02902,34,Male,Bangalore,Xiaomi,Android,11.8,39.0,18.5,150,3.7,3748,3.6,1.9,387,Gaming
U02903,19,Female,Bangalore,Apple,iOS,3.4,31.4,60.7,147,5.6,2860,5.7,0.8,359,Social Media
U02904,19,Other,Jaipur,OnePlus,iOS,4.3,43.8,125.4,152,1.5,4580,0.9,0.9,1287,Entertainment
U02905,26,Male,Kolkata,Nokia,Android,9.2,5.1,120.3,85,4.2,5799,4.0,3.6,570,Work
U02906,41,Female,Ahmedabad,Realme,Android,3.8,12.5,196.3,176,4.1,8590,1.8,0.0,412,Education
U02907,16,Male,Pune,Nokia,iOS,5.0,13.9,53.4,176,2.7,9375,3.6,3.3,1481,Social Media
U02908,45,Other,Ahmedabad,OnePlus,Android,11.2,29.5,224.6,10,2.8,724,7.0,1.0,1594,Gaming
U02909,55,Female,Mumbai,Oppo,Android,6.2,36.3,267.0,162,2.0,9160,1.1,0.2,229,Entertainment
U02910,16,Female,Chennai,Realme,Android,3.0,3.4,112.8,12,4.3,2467,1.8,0.7,405,Entertainment
U02911,15,Female,Ahmedabad,Realme,iOS,8.4,8.1,42.5,43,1.2,5060,1.5,3.3,861,Work
U02912,20,Other,Ahmedabad,Motorola,iOS,10.3,26.7,210.1,62,2.9,9114,7.7,2.6,525,Entertainment
U02913,26,Male,Chennai,Xiaomi,iOS,1.6,39.1,59.0,180,0.7,5460,4.5,3.4,1763,Entertainment
U02914,56,Male,Kolkata,Realme,Android,3.7,20.6,69.5,72,4.4,1368,6.5,3.1,1591,Social Media
U02915,37,Other,Lucknow,Google Pixel,Android,11.6,18.9,155.4,76,1.6,5070,7.8,1.0,122,Gaming
U02916,52,Male,Chennai,Realme,Android,8.9,17.6,52.8,111,1.1,1871,7.2,1.9,1430,Gaming
U02917,22,Female,Hyderabad,OnePlus,Android,5.1,20.7,53.3,129,1.6,3021,1.5,4.9,747,Gaming
U02918,24,Female,Lucknow,Samsung,Android,1.5,32.2,90.0,179,5.4,4334,2.7,3.8,860,Social Media
U02919,48,Other,Mumbai,Xiaomi,Android,5.5,49.0,252.3,200,2.4,6742,7.4,2.7,831,Education
U02920,29,Male,Mumbai,OnePlus,iOS,8.4,36.9,38.7,57,2.0,2213,6.8,3.6,1612,Education
U02921,35,Female,Kolkata,Xiaomi,iOS,8.0,9.8,13.8,34,2.6,8513,2.5,3.8,149,Education
U02922,52,Other,Kolkata,Xiaomi,Android,8.6,46.9,120.6,153,1.0,7351,2.4,2.0,1682,Entertainment
U02923,37,Female,Lucknow,Realme,Android,4.3,15.8,31.1,42,2.5,4689,1.4,2.3,656,Entertainment
U02924,60,Male,Lucknow,Nokia,Android,7.3,28.7,78.6,52,1.9,6252,6.6,0.7,755,Gaming
U02925,46,Male,Chennai,Vivo,Android,5.6,15.9,277.9,84,3.0,3035,6.6,2.1,1825,Gaming
U02926,42,Other,Delhi,Realme,Android,1.2,20.3,279.9,177,5.0,5897,7.7,1.0,326,Gaming
U02927,35,Male,Bangalore,Nokia,iOS,9.3,15.0,226.3,32,3.9,966,2.9,2.5,1299,Gaming
U02928,20,Female,Mumbai,Nokia,iOS,7.7,31.8,38.1,136,2.8,940,5.8,3.8,1483,Gaming
U02929,50,Female,Chennai,Nokia,iOS,8.9,36.7,255.5,88,3.4,5112,6.9,4.6,653,Work
U02930,32,Female,Pune,Nokia,iOS,11.4,19.5,82.7,188,3.3,1143,3.1,1.6,1741,Social Media
U02931,30,Other,Jaipur,Realme,iOS,10.7,17.2,151.2,113,5.8,9097,4.4,3.4,1475,Entertainment
U02932,15,Male,Pune,Realme,iOS,1.8,15.6,178.1,84,3.0,4030,3.5,3.3,256,Education
U02933,25,Female,Chennai,Vivo,Android,9.3,17.5,47.8,18,5.0,688,2.7,1.9,315,Entertainment
U02934,37,Female,Mumbai,OnePlus,iOS,2.6,10.0,84.0,88,0.8,4870,6.7,3.3,1567,Education
U02935,51,Female,Jaipur,OnePlus,iOS,8.3,27.2,218.7,136,4.3,6890,5.1,0.3,289,Entertainment
U02936,35,Other,Mumbai,Samsung,iOS,2.1,6.2,252.9,20,2.8,3675,2.5,2.2,831,Education
U02937,40,Female,Kolkata,Realme,iOS,3.0,26.9,267.7,99,1.0,3318,5.8,2.0,1970,Social Media
U02938,42,Other,Bangalore,Google Pixel,iOS,10.3,48.9,90.5,78,1.0,2561,0.9,1.4,179,Entertainment
U02939,25,Male,Hyderabad,OnePlus,iOS,8.2,44.1,73.5,130,1.4,9618,2.9,0.2,453,Entertainment
U02940,52,Female,Ahmedabad,Apple,iOS,9.2,29.4,70.8,174,5.5,5250,1.7,1.6,1108,Gaming
U02941,35,Male,Mumbai,Oppo,iOS,10.4,34.4,75.8,149,4.4,1610,2.2,2.0,1962,Social Media
U02942,30,Female,Chennai,Oppo,iOS,1.8,30.1,7.7,189,2.6,853,3.7,3.8,619,Social Media
U02943,32,Other,Hyderabad,Apple,Android,1.9,22.4,163.2,47,5.3,3500,3.4,2.8,772,Entertainment
U02944,37,Other,Lucknow,Motorola,iOS,10.8,7.2,223.7,193,1.2,446,6.8,4.0,1237,Entertainment
U02945,27,Other,Hyderabad,OnePlus,Android,11.4,14.3,173.7,95,5.7,2098,4.8,4.4,957,Gaming
U02946,42,Female,Bangalore,OnePlus,Android,2.8,33.7,207.0,24,4.2,6770,5.2,0.8,1026,Entertainment
U02947,27,Other,Lucknow,Xiaomi,Android,11.0,1.8,42.5,171,2.7,7572,1.5,1.9,1802,Gaming
U02948,54,Female,Hyderabad,Samsung,Android,1.1,40.0,289.4,75,4.2,1410,1.1,2.5,944,Work
U02949,52,Male,Mumbai,OnePlus,iOS,9.3,34.3,19.9,116,3.2,7422,2.8,0.8,1427,Social Media
U02950,28,Male,Chennai,Realme,iOS,7.8,14.7,121.7,149,1.1,8351,7.8,0.6,1936,Social Media
U02951,22,Female,Pune,Motorola,iOS,8.1,12.0,276.9,137,5.0,9475,5.5,2.6,967,Gaming
U02952,21,Male,Lucknow,Nokia,Android,1.9,10.5,220.8,83,1.4,6514,5.4,1.0,1558,Social Media
U02953,30,Male,Delhi,Samsung,iOS,2.1,23.4,188.5,148,3.0,7081,4.4,0.2,1481,Social Media
U02954,33,Female,Chennai,Nokia,iOS,10.1,30.9,184.3,144,0.9,4382,3.4,1.3,1966,Education
U02955,41,Other,Jaipur,Nokia,Android,2.3,24.8,88.5,193,4.2,9226,3.5,3.7,142,Gaming
U02956,54,Female,Ahmedabad,Google Pixel,iOS,10.8,31.0,106.4,25,4.3,2520,4.0,4.5,1198,Social Media
U02957,32,Female,Delhi,Motorola,iOS,11.1,41.3,126.4,122,2.4,1876,1.2,0.5,1980,Work
U02958,54,Male,Hyderabad,Apple,Android,1.4,29.7,205.1,167,1.6,9991,1.6,4.4,267,Gaming
U02959,41,Other,Lucknow,Xiaomi,Android,1.1,23.5,179.1,57,4.9,9825,6.6,0.9,1836,Work
U02960,43,Female,Ahmedabad,Oppo,iOS,7.4,16.9,204.3,47,0.9,9706,7.5,0.1,1494,Social Media
U02961,36,Other,Bangalore,Apple,Android,3.8,4.1,104.7,62,5.1,242,3.9,3.9,1041,Social Media
U02962,20,Female,Delhi,Apple,iOS,2.3,22.7,288.6,180,1.7,6400,1.0,1.9,1560,Entertainment
U02963,57,Male,Jaipur,Xiaomi,iOS,8.7,20.7,163.1,46,5.1,7601,4.7,0.1,288,Social Media
U02964,29,Female,Ahmedabad,Nokia,Android,11.7,5.3,159.1,19,3.9,2053,2.1,2.5,1161,Entertainment
U02965,48,Female,Pune,Nokia,iOS,6.4,48.7,198.8,147,4.7,193,6.2,4.2,1055,Social Media
U02966,16,Male,Ahmedabad,Oppo,iOS,7.0,37.8,180.1,27,4.4,2635,6.5,0.1,1489,Gaming
U02967,34,Female,Mumbai,Xiaomi,Android,8.4,10.8,152.1,96,4.7,6602,7.2,4.2,1090,Work
U02968,21,Female,Delhi,OnePlus,Android,5.0,9.8,264.6,27,5.5,9222,1.6,4.1,1268,Entertainment
U02969,50,Other,Chennai,Xiaomi,iOS,7.0,32.5,262.3,157,2.8,6576,4.2,2.7,570,Gaming
U02970,23,Female,Jaipur,Realme,Android,11.4,31.2,229.0,167,3.1,8019,7.0,1.1,1360,Entertainment
U02971,17,Female,Ahmedabad,Xiaomi,Android,2.7,46.5,114.3,91,5.2,7500,3.8,2.8,1952,Entertainment
U02972,23,Male,Ahmedabad,Samsung,iOS,3.2,33.7,17.4,177,5.5,4975,3.4,0.5,748,Social Media
U02973,25,Female,Chennai,Samsung,iOS,3.2,2.5,265.5,184,5.8,7675,3.6,4.3,1379,Work
U02974,37,Female,Pune,Motorola,iOS,9.4,6.7,238.9,65,3.2,1410,3.9,2.7,876,Gaming
U02975,28,Other,Jaipur,Vivo,Android,2.1,41.2,293.6,58,3.9,6549,1.8,1.6,1300,Gaming
U02976,32,Female,Lucknow,Apple,iOS,1.3,37.9,150.9,43,5.2,8582,0.9,3.0,1703,Social Media
U02977,36,Male,Mumbai,Xiaomi,iOS,1.9,7.4,41.4,80,5.2,1638,5.5,4.2,701,Work
U02978,29,Female,Jaipur,Xiaomi,iOS,3.6,40.8,247.3,109,1.8,717,6.5,3.4,994,Gaming
U02979,29,Male,Delhi,Realme,iOS,1.3,9.2,22.6,187,2.6,4915,3.1,3.4,1544,Gaming
U02980,20,Other,Pune,Realme,iOS,7.8,28.1,52.8,108,0.7,8326,7.1,2.1,768,Education
U02981,40,Female,Jaipur,Realme,iOS,1.6,42.7,29.6,180,2.8,3094,4.1,1.2,430,Work
U02982,28,Other,Lucknow,Oppo,Android,4.5,32.4,201.4,142,0.8,325,6.4,0.5,1431,Gaming
U02983,43,Other,Delhi,Realme,Android,6.8,45.1,289.1,146,3.6,5221,6.3,0.7,1247,Entertainment
U02984,59,Male,Delhi,OnePlus,Android,11.2,28.2,278.2,56,1.4,850,0.8,2.1,1683,Gaming
U02985,40,Male,Lucknow,Xiaomi,iOS,11.9,7.7,137.1,72,2.9,5081,3.1,0.0,769,Education
U02986,53,Male,Pune,Motorola,iOS,11.2,34.3,223.4,185,5.6,150,3.4,1.4,1558,Education
U02987,30,Male,Ahmedabad,Motorola,iOS,3.8,28.4,63.4,72,3.3,3069,1.5,4.5,1107,Work
U02988,53,Female,Bangalore,Realme,Android,6.5,10.4,235.1,81,5.8,5201,7.8,2.8,307,Work
U02989,22,Female,Ahmedabad,Samsung,Android,4.9,7.4,34.3,108,4.1,241,0.7,4.4,1271,Entertainment
U02990,27,Male,Jaipur,Vivo,iOS,8.2,1.2,276.3,179,5.7,9115,3.7,1.2,698,Education
U02991,34,Other,Kolkata,Motorola,iOS,3.8,43.3,226.9,31,4.5,5675,0.5,4.3,1277,Education
U02992,32,Other,Mumbai,Apple,Android,6.1,44.0,177.9,85,2.9,1038,7.8,1.5,1742,Entertainment
U02993,59,Female,Mumbai,Motorola,iOS,5.1,13.7,34.0,98,3.3,3672,1.2,4.6,1516,Education
U02994,54,Other,Bangalore,OnePlus,Android,7.2,32.8,129.6,119,2.8,4180,2.6,0.5,616,Gaming
U02995,57,Male,Ahmedabad,Vivo,iOS,8.2,9.6,216.8,20,5.5,9694,6.8,3.7,492,Social Media
U02996,28,Male,Lucknow,Nokia,iOS,10.5,20.5,180.5,59,2.2,3567,5.5,1.4,933,Entertainment
U02997,45,Other,Delhi,Nokia,iOS,7.5,19.9,110.0,122,1.9,7542,4.0,4.9,1811,Work
U02998,53,Male,Mumbai,Realme,Android,6.0,15.5,6.3,116,3.5,8709,2.7,3.1,1337,Social Media
U02999,48,Other,Lucknow,Apple,iOS,7.8,42.2,256.9,35,4.4,2609,7.4,2.4,474,Work
U03000,38,Female,Bangalore,Realme,Android,3.6,13.9,254.4,30,3.6,9760,3.1,1.0,1837,Social Media
U03001,45,Male,Hyderabad,Vivo,iOS,11.7,43.6,10.0,100,5.1,8291,4.5,1.4,1132,Work
U03002,47,Male,Mumbai,Oppo,Android,10.1,29.5,269.2,116,4.5,3320,1.2,4.9,781,Gaming
U03003,23,Female,Kolkata,Nokia,Android,5.7,27.5,43.4,114,5.3,4125,7.8,2.1,1745,Education
U03004,25,Male,Delhi,Motorola,Android,9.6,41.7,65.6,76,2.9,1179,7.3,2.2,1078,Work
U03005,59,Female,Chennai,Oppo,iOS,8.4,37.4,96.4,186,2.1,9953,2.9,0.1,1172,Social Media
U03006,45,Other,Chennai,Apple,iOS,3.3,36.7,99.3,127,4.5,5693,6.3,0.3,1667,Gaming
U03007,37,Other,Hyderabad,Motorola,Android,7.0,23.7,211.7,53,1.8,6360,7.0,4.7,1901,Gaming
U03008,17,Other,Hyderabad,Vivo,iOS,4.0,4.6,140.5,74,1.0,3552,2.5,4.2,926,Social Media
U03009,49,Female,Chennai,Oppo,iOS,4.2,45.2,164.1,159,2.9,1401,0.8,1.8,705,Education
U03010,24,Female,Ahmedabad,Oppo,iOS,10.2,43.9,194.7,109,3.7,1342,4.3,3.9,1227,Work
U03011,35,Female,Kolkata,Google Pixel,Android,5.1,41.6,30.4,47,2.1,5953,6.3,0.9,820,Gaming
U03012,53,Male,Bangalore,Motorola,iOS,11.0,40.1,246.3,27,3.8,8098,7.8,4.3,1498,Gaming
U03013,15,Male,Bangalore,Apple,iOS,4.4,21.5,276.3,56,3.2,4821,1.2,2.1,729,Social Media
U03014,46,Male,Bangalore,Apple,Android,6.6,2.1,242.7,28,0.7,5301,7.0,1.8,699,Education
U03015,26,Female,Lucknow,Vivo,iOS,7.6,11.8,140.7,189,5.8,4752,7.5,3.7,593,Gaming
U03016,39,Male,Pune,Nokia,iOS,2.7,21.2,254.5,109,3.4,7839,5.6,3.2,398,Work
U03017,39,Male,Hyderabad,Vivo,iOS,2.5,15.2,84.1,200,1.8,5197,1.9,1.3,968,Entertainment
U03018,39,Other,Pune,Nokia,iOS,3.0,44.2,137.5,154,4.8,5762,2.5,1.9,698,Social Media
U03019,30,Male,Lucknow,Vivo,iOS,10.8,31.0,94.4,186,2.3,8345,7.0,1.7,1133,Education
U03020,47,Other,Pune,Nokia,Android,10.5,27.2,279.2,45,3.1,4343,0.7,1.3,1381,Work
U03021,52,Female,Delhi,Motorola,iOS,1.2,46.6,117.1,13,2.4,3414,7.5,1.9,854,Work
U03022,54,Female,Lucknow,Apple,Android,11.7,18.0,98.2,42,4.1,850,2.9,4.2,651,Gaming
U03023,19,Female,Kolkata,OnePlus,Android,8.1,8.2,241.3,104,1.8,8919,0.8,2.2,349,Gaming
U03024,38,Male,Kolkata,Xiaomi,iOS,7.9,12.3,292.8,137,4.7,8527,4.5,5.0,1234,Social Media
U03025,17,Female,Chennai,Samsung,Android,1.2,28.2,104.6,32,3.4,8452,2.5,4.8,1034,Gaming
U03026,50,Other,Pune,Motorola,Android,1.8,1.6,196.6,29,2.3,4899,0.5,3.9,1271,Education
U03027,32,Female,Mumbai,Vivo,Android,8.0,8.3,72.2,53,2.0,3556,6.4,3.3,667,Education
U03028,40,Female,Lucknow,Xiaomi,iOS,3.2,16.7,82.9,168,2.2,8873,2.1,0.7,849,Gaming
U03029,28,Other,Hyderabad,Nokia,Android,7.1,17.1,286.5,102,5.5,1486,5.1,0.7,1409,Social Media
U03030,53,Male,Kolkata,Nokia,iOS,4.6,14.5,51.7,80,5.8,9291,4.7,3.6,1230,Education
U03031,16,Female,Chennai,Motorola,Android,9.8,18.3,8.5,51,2.6,1224,3.8,2.9,509,Work
U03032,36,Other,Jaipur,Nokia,Android,10.7,46.3,219.7,191,3.8,4460,2.5,0.9,1924,Entertainment
U03033,34,Male,Kolkata,Vivo,Android,5.9,15.4,95.3,117,3.2,9224,8.0,0.9,190,Work
U03034,52,Male,Mumbai,OnePlus,iOS,2.0,26.5,45.1,142,1.2,1996,2.0,1.1,1263,Gaming
U03035,35,Other,Ahmedabad,Samsung,Android,7.9,47.3,59.9,30,3.9,4264,2.1,3.6,1908,Social Media
U03036,40,Other,Bangalore,Realme,iOS,10.2,35.2,267.9,16,2.4,6445,2.6,1.7,252,Entertainment
U03037,45,Male,Kolkata,Motorola,Android,4.7,34.8,244.6,39,1.9,6955,6.1,2.1,392,Work
U03038,20,Other,Pune,Realme,iOS,7.6,34.7,35.3,80,5.3,5193,0.7,1.4,1993,Education
U03039,15,Male,Mumbai,Realme,iOS,3.7,38.5,233.6,87,4.8,1606,4.2,3.9,1023,Work
U03040,49,Other,Kolkata,Motorola,iOS,8.0,28.9,38.2,49,3.8,4103,0.7,1.4,788,Gaming
U03041,56,Male,Bangalore,OnePlus,Android,2.6,23.0,209.2,20,3.2,5067,6.8,3.8,935,Social Media
U03042,23,Female,Kolkata,Google Pixel,iOS,6.8,3.2,15.1,123,5.7,4733,2.6,2.1,1892,Work
U03043,25,Male,Bangalore,Motorola,Android,8.6,24.7,281.4,52,0.7,3995,4.8,3.6,1165,Social Media
U03044,34,Female,Delhi,Vivo,iOS,11.7,3.8,175.6,90,2.0,8302,3.0,1.0,522,Gaming
U03045,18,Other,Jaipur,Motorola,Android,11.6,26.9,154.1,165,1.0,4848,0.5,3.0,625,Gaming
U03046,55,Other,Kolkata,Realme,iOS,4.9,34.1,71.8,138,3.4,9082,3.3,1.5,916,Education
U03047,57,Female,Hyderabad,Xiaomi,Android,9.3,45.0,294.1,123,1.8,5509,3.5,2.6,961,Social Media
U03048,39,Male,Pune,Realme,iOS,2.5,1.3,115.7,21,1.3,8256,4.8,1.0,1610,Entertainment
U03049,20,Other,Jaipur,Xiaomi,iOS,5.9,32.0,198.9,149,2.3,5444,7.8,0.4,1726,Social Media
U03050,41,Male,Pune,Apple,Android,8.0,6.3,111.4,162,2.2,9535,2.8,0.2,504,Education
U03051,46,Other,Pune,Realme,iOS,8.8,42.3,82.7,92,4.2,4680,3.7,2.1,1870,Gaming
U03052,38,Male,Pune,Nokia,Android,4.0,49.3,271.4,191,3.9,3375,4.3,0.3,909,Social Media
U03053,54,Other,Bangalore,Motorola,Android,8.0,45.3,214.2,197,4.0,8257,5.4,3.9,1545,Education
U03054,38,Other,Bangalore,OnePlus,Android,11.9,4.2,22.7,35,3.5,978,6.0,2.4,1801,Education
U03055,42,Other,Chennai,OnePlus,Android,1.3,4.5,228.7,129,0.9,7482,6.6,2.0,237,Social Media
U03056,52,Male,Hyderabad,Vivo,Android,5.3,26.0,101.6,81,5.7,6714,7.6,4.6,279,Education
U03057,19,Other,Chennai,Samsung,iOS,3.3,33.8,217.3,89,3.7,3658,5.3,3.5,1445,Work
U03058,23,Other,Ahmedabad,Oppo,iOS,5.1,14.9,156.0,158,1.2,3095,5.8,1.1,1562,Education
U03059,28,Other,Bangalore,OnePlus,Android,8.3,39.5,159.5,185,1.2,5558,4.6,0.1,1867,Education
U03060,22,Other,Jaipur,Nokia,iOS,5.2,30.9,13.6,170,1.7,4312,6.0,2.2,331,Work
U03061,39,Other,Bangalore,Realme,iOS,7.8,30.6,135.2,45,1.5,8894,4.1,4.5,716,Social Media
U03062,33,Female,Pune,Vivo,Android,9.7,46.2,21.5,49,4.9,8137,6.0,0.3,1513,Gaming
U03063,47,Female,Chennai,Nokia,iOS,11.6,36.5,144.4,51,5.1,8892,2.3,2.2,1083,Gaming
U03064,41,Male,Mumbai,Vivo,iOS,9.0,6.4,154.6,66,5.0,8263,1.9,4.0,1943,Education
U03065,56,Female,Chennai,Vivo,Android,3.5,35.2,146.9,196,2.0,7427,4.4,0.0,911,Work
U03066,18,Male,Hyderabad,Nokia,iOS,8.1,27.4,41.1,55,1.5,6570,4.0,2.3,1848,Entertainment
U03067,50,Other,Ahmedabad,OnePlus,Android,7.2,34.7,240.6,34,1.2,5128,5.0,0.7,541,Gaming
U03068,35,Other,Delhi,OnePlus,iOS,3.6,2.9,89.2,102,5.9,6392,7.8,2.9,182,Work
U03069,40,Male,Chennai,Apple,iOS,6.3,1.6,284.5,187,1.9,8107,6.8,2.8,417,Education
U03070,60,Other,Mumbai,Oppo,Android,1.9,15.8,279.3,63,3.0,6962,3.0,3.6,1726,Entertainment
U03071,33,Male,Bangalore,Realme,iOS,3.6,33.9,125.8,149,5.1,7178,3.9,0.2,1305,Social Media
U03072,59,Male,Hyderabad,Google Pixel,iOS,2.8,46.4,23.1,119,2.0,7216,5.3,2.5,767,Gaming
U03073,23,Other,Pune,Oppo,Android,2.0,41.3,219.9,146,1.6,3550,5.9,3.6,122,Education
U03074,36,Other,Lucknow,Vivo,iOS,7.8,42.8,98.8,106,2.7,2699,5.1,1.7,1461,Gaming
U03075,16,Male,Hyderabad,Oppo,Android,10.9,21.2,98.7,74,2.7,8488,5.8,3.9,1696,Education
U03076,48,Other,Chennai,Vivo,iOS,4.7,3.8,269.9,166,2.1,3129,5.2,1.9,1555,Social Media
U03077,33,Female,Ahmedabad,Google Pixel,Android,6.9,43.9,109.3,16,2.7,5557,5.7,1.9,366,Work
U03078,47,Female,Delhi,Xiaomi,Android,10.7,15.0,178.4,182,5.1,4553,0.6,3.9,1393,Social Media
U03079,53,Male,Mumbai,Nokia,Android,11.6,24.7,187.0,35,3.8,6735,4.6,4.4,191,Education
U03080,57,Female,Delhi,Nokia,Android,4.2,46.3,96.5,126,1.3,4505,3.9,4.8,517,Entertainment
U03081,16,Male,Hyderabad,Nokia,iOS,4.5,30.1,124.9,186,4.7,1767,3.6,4.8,1580,Gaming
U03082,34,Other,Pune,Realme,iOS,4.2,44.8,122.6,84,6.0,220,5.3,4.6,107,Social Media
U03083,19,Female,Bangalore,Xiaomi,Android,2.9,13.1,282.7,175,2.9,7688,3.3,0.8,476,Social Media
U03084,35,Other,Delhi,Vivo,Android,10.1,39.8,30.7,74,2.1,4761,1.5,1.1,1350,Entertainment
U03085,28,Male,Delhi,Realme,iOS,8.1,49.9,23.0,42,0.9,8012,4.8,0.7,1036,Entertainment
U03086,28,Other,Mumbai,Vivo,iOS,11.2,48.2,128.9,59,3.9,6876,0.7,4.7,522,Education
U03087,52,Male,Hyderabad,Xiaomi,Android,11.1,42.6,218.2,135,3.5,8562,2.2,3.1,870,Education
U03088,60,Male,Pune,Samsung,Android,10.2,10.9,232.1,60,5.7,1739,1.6,1.8,796,Work
U03089,20,Male,Lucknow,Oppo,Android,11.1,17.4,250.1,52,1.5,2828,2.2,1.9,974,Social Media
U03090,19,Male,Jaipur,OnePlus,iOS,1.6,12.0,132.1,24,3.3,5674,3.0,4.0,1413,Gaming
U03091,40,Other,Lucknow,Samsung,iOS,2.1,45.4,208.6,72,2.8,1434,2.9,1.4,1198,Entertainment
U03092,44,Male,Hyderabad,Google Pixel,iOS,7.7,9.2,35.9,62,1.1,944,1.8,0.9,932,Social Media
U03093,40,Female,Pune,Samsung,iOS,3.8,3.5,53.0,137,5.3,3190,5.0,5.0,633,Social Media
U03094,35,Female,Jaipur,Xiaomi,Android,5.8,2.8,139.4,140,1.9,6261,5.9,0.0,1756,Work
U03095,16,Other,Chennai,Realme,iOS,9.1,4.5,177.6,87,4.2,3576,7.3,3.2,719,Entertainment
U03096,37,Male,Lucknow,Google Pixel,iOS,6.9,42.4,113.2,43,4.4,8138,4.4,2.6,1728,Gaming
U03097,56,Female,Bangalore,Realme,Android,8.1,28.7,188.6,91,5.8,3660,3.7,0.2,1061,Work
U03098,49,Female,Kolkata,Apple,Android,2.6,45.1,144.9,16,1.0,7411,4.5,4.3,979,Social Media
U03099,44,Male,Delhi,Oppo,iOS,3.0,43.6,152.5,109,4.6,2216,5.9,3.7,481,Work
U03100,51,Female,Lucknow,Apple,iOS,5.5,48.5,197.5,72,5.5,6523,4.8,4.7,1825,Entertainment
U03101,54,Female,Pune,OnePlus,Android,8.2,5.0,163.1,46,3.1,7268,1.1,2.7,1687,Social Media
U03102,49,Other,Delhi,Samsung,iOS,10.6,24.0,226.2,81,1.6,1106,7.8,2.4,194,Gaming
U03103,48,Male,Chennai,Motorola,iOS,9.0,18.7,102.2,196,1.3,9668,0.6,2.6,820,Education
U03104,48,Female,Ahmedabad,Realme,Android,3.3,26.2,293.9,57,5.1,4736,1.9,4.0,263,Gaming
U03105,55,Male,Chennai,Realme,Android,8.3,37.3,134.1,81,2.9,9213,1.4,0.0,1399,Education
U03106,53,Female,Mumbai,Motorola,iOS,8.6,27.1,28.4,31,4.8,7957,5.6,2.1,1141,Gaming
U03107,51,Other,Mumbai,Nokia,iOS,8.0,35.9,110.6,102,4.3,7166,2.2,2.1,821,Entertainment
U03108,19,Other,Hyderabad,Google Pixel,iOS,3.0,15.7,80.3,170,0.9,1507,6.6,3.3,873,Social Media
U03109,55,Female,Ahmedabad,Google Pixel,Android,1.1,6.1,20.6,123,1.5,2296,3.5,0.7,535,Social Media
U03110,44,Male,Ahmedabad,Vivo,Android,3.8,49.0,132.9,174,1.4,3683,4.6,0.2,1946,Gaming
U03111,24,Other,Pune,Realme,Android,9.9,49.2,113.7,147,3.5,6761,7.9,2.7,781,Work
U03112,50,Female,Chennai,Realme,Android,1.7,10.6,19.7,100,2.6,6512,5.4,2.6,288,Gaming
U03113,38,Male,Pune,Realme,iOS,1.1,9.1,217.8,20,5.5,6782,4.8,4.0,868,Gaming
U03114,34,Other,Hyderabad,Vivo,iOS,8.0,20.6,76.8,116,5.2,3440,0.8,3.6,1930,Work
U03115,53,Female,Delhi,Apple,Android,6.3,41.5,255.8,133,2.6,2357,4.3,4.3,119,Education
U03116,31,Female,Pune,Realme,Android,11.5,43.9,151.5,101,0.5,6679,7.6,3.9,663,Gaming
U03117,23,Female,Delhi,Apple,Android,8.0,15.8,65.5,89,4.6,6692,0.8,1.0,904,Work
U03118,32,Other,Delhi,Apple,Android,8.2,29.3,176.8,152,3.7,840,2.2,3.6,1030,Education
U03119,44,Other,Lucknow,Motorola,Android,9.1,1.8,60.3,37,3.7,1685,3.0,2.9,1763,Entertainment
U03120,43,Other,Delhi,Nokia,Android,6.1,23.2,256.2,51,2.2,5371,2.4,0.4,1056,Gaming
U03121,58,Male,Chennai,Xiaomi,Android,1.8,26.2,177.6,32,2.5,8651,1.4,1.6,1987,Education
U03122,38,Other,Kolkata,Vivo,iOS,11.6,25.6,16.2,119,5.1,3236,7.4,1.1,1041,Entertainment
U03123,46,Male,Hyderabad,Motorola,Android,1.5,36.4,260.9,61,0.8,231,2.9,0.4,1430,Gaming
U03124,53,Other,Chennai,Google Pixel,Android,11.3,17.9,62.9,13,5.7,114,3.5,2.1,648,Education
U03125,46,Other,Kolkata,Xiaomi,iOS,8.3,42.9,203.7,74,3.1,5787,0.6,3.8,1677,Education
U03126,41,Female,Kolkata,Xiaomi,Android,3.3,28.8,28.4,96,3.4,2515,0.9,0.8,700,Work
U03127,42,Female,Ahmedabad,Xiaomi,iOS,2.4,46.2,100.2,120,5.1,7955,1.6,4.6,1225,Social Media
U03128,52,Female,Mumbai,Vivo,iOS,10.4,39.4,298.9,100,2.2,6950,4.3,0.1,251,Work
U03129,31,Female,Bangalore,Google Pixel,Android,5.3,38.0,52.6,85,0.6,7324,5.7,4.5,140,Entertainment
U03130,44,Female,Bangalore,Oppo,iOS,1.8,44.0,108.4,92,4.7,9678,4.1,0.7,1312,Work
U03131,33,Male,Lucknow,Google Pixel,iOS,11.8,18.1,116.9,40,1.5,5743,3.4,1.7,326,Work
U03132,37,Female,Lucknow,Xiaomi,Android,12.0,47.7,225.3,98,1.3,359,2.3,2.1,1122,Gaming
U03133,40,Female,Mumbai,Samsung,Android,10.3,31.4,148.9,21,0.5,9405,2.9,0.6,1306,Social Media
U03134,55,Female,Chennai,Realme,iOS,11.7,33.9,24.1,78,0.6,865,4.2,0.4,258,Gaming
U03135,48,Other,Bangalore,Realme,iOS,8.1,15.0,267.0,116,4.6,8176,5.4,3.8,1846,Work
U03136,38,Female,Lucknow,Realme,iOS,7.3,21.0,186.3,122,5.7,2796,3.2,2.9,1641,Social Media
U03137,51,Female,Ahmedabad,Xiaomi,iOS,1.0,43.2,219.7,130,3.3,1558,3.8,4.9,1968,Social Media
U03138,58,Other,Pune,Google Pixel,Android,2.9,2.3,239.8,19,2.9,7069,4.8,0.4,1382,Education
U03139,60,Male,Chennai,Apple,Android,1.9,48.8,186.8,146,3.4,4090,7.5,0.2,1445,Work
U03140,39,Female,Delhi,Samsung,iOS,4.0,32.8,121.7,155,0.5,9962,2.0,2.6,250,Social Media
U03141,53,Male,Jaipur,Xiaomi,Android,6.5,45.5,170.1,76,3.3,2446,2.9,2.7,424,Education
U03142,22,Female,Ahmedabad,Xiaomi,Android,6.2,31.4,236.6,46,3.3,1162,7.5,3.3,546,Education
U03143,60,Female,Pune,Oppo,Android,7.8,25.3,299.6,193,1.6,4382,2.9,3.7,1836,Gaming
U03144,52,Male,Chennai,Xiaomi,Android,11.1,6.4,283.0,22,4.9,7107,2.5,0.3,851,Social Media
U03145,49,Other,Kolkata,Nokia,iOS,9.3,2.2,121.1,70,2.6,8445,7.2,2.9,985,Work
U03146,40,Female,Bangalore,Motorola,Android,1.7,10.8,129.8,75,2.1,9847,8.0,0.3,258,Gaming
U03147,33,Male,Hyderabad,Xiaomi,Android,11.3,41.2,59.6,151,4.2,1146,7.6,4.5,1005,Social Media
U03148,28,Male,Delhi,Google Pixel,iOS,3.2,18.9,215.0,108,4.9,9498,5.8,0.2,520,Gaming
U03149,15,Other,Jaipur,Oppo,iOS,9.1,22.9,198.6,178,4.6,2773,2.2,0.8,540,Entertainment
U03150,59,Other,Ahmedabad,Google Pixel,iOS,11.1,37.4,12.5,131,3.2,4437,5.4,0.4,401,Gaming
U03151,33,Male,Mumbai,Oppo,iOS,9.1,8.6,282.0,178,4.4,4557,1.4,3.8,1547,Gaming
U03152,28,Other,Jaipur,Apple,iOS,5.7,1.2,39.3,171,5.0,9186,6.8,3.2,1308,Entertainment
U03153,32,Female,Mumbai,Xiaomi,Android,1.7,11.2,161.3,72,1.7,9601,1.3,0.4,455,Entertainment
U03154,18,Female,Chennai,Apple,Android,4.8,48.3,78.3,50,4.7,8922,2.8,2.4,1366,Gaming
U03155,37,Female,Bangalore,Realme,Android,2.0,27.1,19.4,181,1.8,6664,2.2,1.5,382,Work
U03156,23,Female,Pune,Motorola,Android,3.8,12.3,174.3,137,2.6,4237,7.5,4.8,480,Work
U03157,27,Female,Jaipur,Google Pixel,iOS,10.2,27.3,205.7,40,3.4,4792,5.7,0.5,1539,Social Media
U03158,20,Other,Lucknow,Samsung,iOS,3.9,47.4,251.4,112,5.4,7496,5.3,3.4,151,Social Media
U03159,56,Male,Hyderabad,Samsung,Android,8.2,42.3,123.2,171,1.5,779,5.6,3.4,346,Social Media
U03160,22,Female,Bangalore,Vivo,iOS,11.4,21.5,291.6,185,4.1,8773,5.7,3.7,1079,Gaming
U03161,19,Other,Kolkata,OnePlus,iOS,9.8,17.9,149.9,75,3.9,2895,6.4,2.7,1305,Social Media
U03162,44,Female,Kolkata,OnePlus,iOS,5.2,9.5,159.9,198,0.5,9002,7.2,4.9,585,Education
U03163,51,Female,Mumbai,Motorola,Android,4.8,36.1,55.3,160,5.3,3239,3.7,4.6,1215,Entertainment
U03164,33,Other,Delhi,Apple,iOS,6.4,16.7,167.8,54,1.3,4986,4.8,2.5,1491,Entertainment
U03165,22,Other,Chennai,Google Pixel,Android,2.0,35.5,189.3,74,5.0,7405,7.7,4.3,273,Education
U03166,39,Female,Mumbai,OnePlus,iOS,1.9,29.5,63.6,103,5.5,1501,3.8,0.8,447,Work
U03167,17,Male,Mumbai,Google Pixel,iOS,8.6,31.5,66.2,32,5.3,5340,7.5,1.4,1289,Education
U03168,48,Female,Hyderabad,OnePlus,iOS,6.4,17.3,83.9,137,2.2,3629,1.8,4.1,1092,Social Media
U03169,19,Female,Hyderabad,Apple,iOS,2.7,8.6,147.9,92,2.0,9427,5.0,2.8,1970,Gaming
U03170,56,Female,Delhi,Realme,Android,10.1,18.4,199.5,179,5.6,3376,1.8,1.0,1196,Entertainment
U03171,60,Male,Jaipur,Oppo,Android,8.2,19.9,236.4,141,3.9,7504,2.0,2.7,1155,Work
U03172,54,Male,Delhi,Samsung,iOS,11.0,29.1,291.4,186,3.4,5916,7.6,1.7,1332,Social Media
U03173,24,Male,Pune,Realme,iOS,10.2,17.2,64.8,20,5.2,4135,2.3,1.4,194,Gaming
U03174,40,Male,Bangalore,Realme,Android,6.9,33.8,26.1,96,4.6,2534,3.8,0.8,1633,Work
U03175,15,Other,Chennai,Oppo,Android,11.1,25.7,233.0,130,0.9,2409,3.0,4.9,294,Entertainment
U03176,51,Male,Bangalore,OnePlus,Android,12.0,12.0,139.3,112,3.1,243,1.9,1.0,320,Gaming
U03177,21,Female,Kolkata,Motorola,Android,6.4,12.0,292.8,24,3.8,340,2.6,3.1,206,Entertainment
U03178,48,Male,Kolkata,Realme,Android,9.5,22.6,244.5,143,2.6,282,4.6,1.2,1040,Work
U03179,51,Male,Pune,Apple,iOS,10.1,10.5,268.6,62,2.9,1384,3.1,1.7,1020,Social Media
U03180,51,Male,Ahmedabad,Realme,Android,9.4,30.2,149.3,186,3.7,4081,1.1,0.6,461,Social Media
U03181,36,Male,Delhi,Nokia,Android,10.6,42.8,93.8,182,5.6,8911,5.6,0.2,1322,Entertainment
U03182,31,Male,Bangalore,OnePlus,Android,7.9,2.9,92.6,79,5.0,3601,6.7,3.3,115,Entertainment
U03183,53,Other,Mumbai,Apple,Android,5.5,39.1,49.2,197,5.9,6111,6.2,4.7,1163,Work
U03184,32,Other,Pune,Motorola,Android,3.4,34.1,277.4,153,4.9,8698,3.7,1.6,151,Entertainment
U03185,29,Other,Chennai,Apple,iOS,5.0,30.1,241.7,188,3.6,4980,2.2,3.9,193,Education
U03186,31,Male,Delhi,Nokia,iOS,11.6,44.0,187.4,88,5.2,9372,5.8,0.1,222,Social Media
U03187,37,Female,Hyderabad,Oppo,Android,8.0,20.7,174.3,56,5.0,9158,2.8,3.8,387,Education
U03188,31,Other,Chennai,Samsung,Android,1.1,28.6,150.5,114,1.4,4936,5.1,0.8,1504,Social Media
U03189,28,Other,Hyderabad,Realme,Android,7.3,21.0,200.3,35,4.9,1764,3.8,4.0,1715,Social Media
U03190,30,Other,Jaipur,Oppo,Android,3.7,9.9,248.4,159,2.9,140,8.0,0.9,661,Work
U03191,42,Female,Mumbai,Motorola,iOS,2.4,20.6,230.4,150,5.6,8193,1.3,2.9,204,Entertainment
U03192,29,Other,Jaipur,Apple,iOS,11.6,13.3,32.5,143,5.5,7041,2.7,0.7,517,Entertainment
U03193,37,Other,Bangalore,Oppo,iOS,3.2,21.1,27.4,183,1.3,7494,7.5,2.5,1853,Education
U03194,41,Other,Mumbai,Vivo,iOS,6.6,10.7,81.4,186,1.9,9691,1.5,2.7,1642,Social Media
U03195,52,Other,Lucknow,Oppo,Android,9.1,42.2,76.4,148,2.2,8207,6.6,1.8,1275,Social Media
U03196,49,Female,Lucknow,OnePlus,Android,5.4,4.8,187.9,77,2.6,5287,5.3,4.9,1549,Education
U03197,54,Male,Pune,Google Pixel,iOS,10.8,7.1,293.2,171,1.6,5866,3.3,0.5,1438,Gaming
U03198,32,Other,Lucknow,Apple,Android,10.5,10.4,151.3,200,2.4,7958,2.0,4.5,316,Entertainment
U03199,39,Female,Ahmedabad,Samsung,Android,7.4,21.7,294.1,141,2.0,9730,4.9,0.7,939,Gaming
U03200,28,Male,Delhi,Xiaomi,iOS,1.2,5.8,104.5,193,5.8,1583,1.8,1.2,1129,Work
U03201,29,Other,Chennai,Samsung,Android,3.1,46.7,183.8,163,3.5,8651,2.0,2.1,1759,Work
U03202,49,Female,Ahmedabad,Motorola,Android,1.2,32.1,292.3,79,2.6,8231,6.0,3.7,616,Social Media
U03203,38,Other,Delhi,Nokia,Android,9.3,11.0,241.5,26,5.4,7843,3.0,2.8,1339,Education
U03204,48,Male,Chennai,Motorola,Android,7.6,21.1,211.6,81,2.0,5915,7.9,2.9,1036,Education
U03205,20,Other,Bangalore,Vivo,Android,6.5,49.9,197.2,43,2.7,9320,0.9,4.9,266,Entertainment
U03206,53,Other,Hyderabad,OnePlus,iOS,2.1,28.7,146.0,23,5.9,7573,1.6,0.0,990,Gaming
U03207,22,Male,Ahmedabad,Realme,Android,7.1,45.2,227.8,141,4.5,5029,5.5,0.2,1950,Education
U03208,59,Female,Bangalore,Nokia,iOS,9.6,2.9,150.0,158,0.9,3409,2.0,1.2,1028,Education
U03209,60,Female,Lucknow,Vivo,Android,9.0,47.0,32.5,146,0.6,2240,3.6,2.7,1527,Work
U03210,16,Female,Ahmedabad,Google Pixel,Android,10.6,13.4,83.5,145,4.0,9815,6.5,4.7,1394,Education
U03211,38,Female,Bangalore,Motorola,Android,5.9,12.2,248.5,60,1.3,9454,0.7,1.9,1970,Work
U03212,23,Other,Delhi,Google Pixel,Android,7.8,43.5,28.2,57,4.2,911,5.7,2.6,605,Social Media
U03213,27,Female,Pune,OnePlus,Android,10.8,49.7,5.2,66,5.2,4203,4.0,3.4,1973,Gaming
U03214,55,Female,Pune,Realme,Android,10.5,19.8,40.0,17,4.9,2866,6.9,0.7,1443,Education
U03215,54,Female,Hyderabad,OnePlus,iOS,1.8,10.5,79.1,92,4.2,5232,3.5,0.4,1840,Work
U03216,22,Male,Bangalore,Xiaomi,Android,10.9,16.2,267.2,87,2.3,4361,7.3,4.4,1210,Work
U03217,29,Other,Ahmedabad,Samsung,iOS,8.6,15.1,45.8,45,4.9,2647,1.4,1.2,1295,Work
U03218,55,Other,Delhi,Motorola,iOS,1.8,37.7,98.2,74,5.6,8634,6.4,3.6,111,Education
U03219,54,Female,Delhi,Samsung,iOS,7.6,41.2,286.0,71,0.7,314,7.0,4.6,1053,Education
U03220,60,Male,Bangalore,Vivo,Android,3.0,26.6,270.7,54,2.2,1397,6.5,0.9,141,Social Media
U03221,40,Other,Chennai,Nokia,Android,1.7,17.5,69.0,118,4.8,3178,5.6,0.4,1486,Entertainment
U03222,20,Other,Pune,Xiaomi,Android,1.5,5.5,123.9,47,3.3,4089,3.1,2.4,796,Social Media
U03223,47,Female,Jaipur,Google Pixel,iOS,1.4,40.3,189.7,183,2.2,162,2.2,2.5,1724,Social Media
U03224,56,Female,Delhi,Realme,iOS,1.0,48.3,6.9,161,4.1,4610,5.2,3.3,1101,Entertainment
U03225,47,Female,Jaipur,OnePlus,iOS,6.4,12.5,70.5,79,2.7,7433,6.0,1.7,1805,Entertainment
U03226,43,Female,Jaipur,Samsung,Android,10.6,8.8,153.7,135,0.6,6867,2.7,1.7,835,Gaming
U03227,29,Male,Mumbai,Samsung,Android,5.4,3.4,264.3,78,2.0,201,7.4,3.5,833,Entertainment
U03228,36,Other,Lucknow,Xiaomi,Android,11.4,3.9,112.6,112,2.2,1987,6.8,2.0,162,Gaming
U03229,40,Other,Chennai,Vivo,iOS,4.8,45.8,58.2,105,5.0,3416,3.7,3.6,548,Entertainment
U03230,37,Female,Delhi,Samsung,Android,11.7,16.1,37.4,122,3.6,7511,6.4,1.8,307,Education
U03231,41,Other,Chennai,Apple,Android,9.6,24.4,80.7,27,4.1,9005,4.5,0.2,1487,Education
U03232,59,Male,Chennai,Google Pixel,iOS,8.3,24.6,263.8,115,0.9,550,5.7,3.2,1385,Education
U03233,29,Other,Kolkata,Motorola,iOS,5.0,5.7,245.5,68,1.5,9752,4.3,2.6,1244,Entertainment
U03234,15,Male,Bangalore,Motorola,Android,3.5,32.6,188.0,57,1.8,3482,3.8,4.4,457,Gaming
U03235,16,Other,Lucknow,Vivo,Android,6.6,19.4,143.8,44,3.5,8497,7.0,2.6,1662,Entertainment
U03236,60,Other,Kolkata,Apple,Android,7.4,32.8,166.0,113,1.3,8207,2.8,1.7,1313,Gaming
U03237,26,Male,Mumbai,OnePlus,Android,10.9,28.2,210.8,123,2.6,9833,2.7,3.1,444,Work
U03238,27,Female,Bangalore,Apple,Android,9.7,2.1,260.3,143,4.3,4291,2.6,4.7,185,Social Media
U03239,39,Female,Ahmedabad,Nokia,Android,8.8,49.5,132.1,183,2.3,2570,2.3,0.9,259,Education
U03240,44,Female,Hyderabad,Nokia,iOS,7.9,32.3,94.4,176,1.8,5868,1.7,1.7,1845,Education
U03241,17,Male,Lucknow,Vivo,Android,1.0,12.5,96.4,133,1.2,5781,5.4,2.6,1110,Social Media
U03242,17,Female,Chennai,Oppo,Android,4.6,37.1,138.2,147,3.6,9251,0.9,1.7,961,Social Media
U03243,26,Male,Chennai,Google Pixel,iOS,11.4,30.6,299.2,158,1.5,981,6.5,2.8,491,Social Media
U03244,26,Other,Hyderabad,Google Pixel,Android,10.5,14.9,22.6,120,2.6,2590,6.2,0.4,1927,Social Media
U03245,46,Female,Bangalore,Vivo,iOS,5.9,43.9,92.4,117,4.6,6798,6.9,2.0,647,Entertainment
U03246,31,Male,Ahmedabad,Google Pixel,iOS,5.8,24.4,125.5,57,4.9,1999,8.0,2.3,145,Work
U03247,32,Male,Delhi,Samsung,Android,10.7,12.5,269.3,147,4.6,3952,4.8,2.8,121,Entertainment
U03248,58,Male,Lucknow,Oppo,Android,9.2,5.2,283.8,113,2.0,2265,5.4,2.2,1971,Education
U03249,16,Male,Delhi,Samsung,Android,3.4,22.9,186.7,160,3.1,730,4.4,3.3,179,Social Media
U03250,42,Male,Chennai,Oppo,Android,11.4,27.8,178.8,193,0.8,6748,3.2,1.8,1682,Gaming
U03251,25,Female,Jaipur,Oppo,iOS,8.0,1.0,186.7,62,2.1,9962,7.7,1.2,556,Entertainment
U03252,20,Male,Bangalore,Vivo,Android,2.3,9.2,118.4,162,2.8,6878,1.2,1.3,303,Education
U03253,52,Other,Ahmedabad,Apple,Android,2.5,31.8,267.3,127,5.8,9318,5.5,2.0,1495,Work
U03254,46,Female,Pune,Apple,iOS,5.9,20.6,145.1,140,4.3,7413,7.7,2.5,1895,Gaming
U03255,46,Other,Chennai,Apple,Android,8.2,43.8,247.5,98,3.9,3468,4.2,0.6,786,Social Media
U03256,52,Male,Bangalore,Nokia,iOS,9.0,22.6,65.0,101,3.2,4967,5.2,0.3,1962,Education
U03257,54,Male,Delhi,Google Pixel,iOS,6.4,19.3,232.0,177,5.4,1489,6.7,1.5,585,Social Media
U03258,20,Female,Kolkata,Oppo,iOS,10.4,4.1,12.5,185,3.7,7057,3.2,1.9,1704,Gaming
U03259,26,Male,Delhi,Vivo,iOS,9.3,29.8,31.8,73,0.8,3640,8.0,0.7,423,Education
U03260,27,Male,Kolkata,Oppo,Android,1.7,20.5,64.7,108,2.1,3101,6.1,1.3,696,Social Media
U03261,33,Other,Kolkata,Realme,iOS,11.3,21.9,197.3,62,3.2,7802,7.7,4.6,1013,Entertainment
U03262,19,Female,Kolkata,Realme,Android,11.5,15.5,93.4,89,1.0,3502,6.1,1.2,1654,Gaming
U03263,36,Male,Lucknow,Nokia,iOS,8.4,5.4,146.6,170,1.9,2007,5.9,0.3,827,Education
U03264,15,Male,Ahmedabad,Google Pixel,iOS,2.4,46.8,221.2,135,2.9,4192,4.2,3.9,1993,Work
U03265,52,Female,Jaipur,Samsung,iOS,4.5,29.5,247.6,98,2.7,6970,0.8,0.4,575,Education
U03266,36,Male,Pune,Motorola,Android,2.2,2.1,66.0,184,1.3,1700,6.0,2.6,316,Entertainment
U03267,59,Male,Jaipur,Nokia,iOS,2.1,19.0,237.6,157,1.8,4349,1.7,4.3,613,Gaming
U03268,26,Male,Chennai,Vivo,iOS,5.8,35.5,251.3,63,3.5,4048,6.7,0.8,1333,Education
U03269,17,Male,Bangalore,Oppo,Android,11.5,4.4,60.3,61,4.9,4053,6.7,4.1,1136,Entertainment
U03270,30,Male,Chennai,Oppo,Android,5.0,32.0,89.1,73,0.8,288,5.0,0.2,1787,Gaming
U03271,40,Other,Mumbai,Apple,Android,3.5,13.8,12.6,94,5.0,7567,2.6,0.7,1307,Social Media
U03272,31,Male,Ahmedabad,Realme,Android,7.7,32.1,225.3,108,3.1,6559,6.1,0.1,205,Education
U03273,46,Other,Ahmedabad,Nokia,iOS,6.9,6.4,77.9,27,1.4,5552,1.7,4.1,1916,Work
U03274,36,Female,Ahmedabad,Nokia,iOS,7.6,15.4,32.8,54,4.2,6612,2.2,2.3,1251,Work
U03275,42,Male,Delhi,Realme,Android,8.1,16.4,42.6,146,1.3,6464,1.9,4.5,1631,Entertainment
U03276,31,Female,Delhi,Motorola,Android,7.9,18.2,238.9,21,3.0,1413,3.3,3.4,958,Gaming
U03277,58,Other,Bangalore,Realme,Android,9.0,22.0,101.9,22,4.8,3085,5.2,4.2,415,Work
U03278,20,Female,Lucknow,Google Pixel,Android,1.4,46.5,281.4,33,1.1,8189,1.5,5.0,498,Education
U03279,22,Female,Jaipur,Oppo,iOS,5.3,16.4,213.6,174,2.6,1438,6.4,0.8,279,Work
U03280,46,Female,Mumbai,Motorola,Android,11.8,3.7,208.9,25,5.4,1551,3.1,2.2,865,Entertainment
U03281,16,Female,Delhi,Vivo,Android,7.2,46.2,130.0,49,4.6,4755,7.6,2.7,181,Entertainment
U03282,41,Male,Hyderabad,Vivo,Android,11.0,30.2,56.2,133,1.3,7121,5.8,0.1,723,Social Media
U03283,53,Male,Ahmedabad,OnePlus,iOS,2.1,47.6,107.1,58,0.7,6294,4.7,3.4,370,Work
U03284,54,Male,Bangalore,OnePlus,Android,10.6,27.8,127.7,114,4.5,8003,2.8,1.7,1470,Work
U03285,26,Female,Ahmedabad,Apple,Android,5.0,44.4,70.1,70,0.6,920,5.6,3.1,1298,Education
U03286,42,Male,Mumbai,Realme,iOS,8.2,40.5,66.5,61,4.5,8269,4.5,1.4,763,Gaming
U03287,15,Female,Mumbai,Realme,iOS,4.4,9.1,277.0,129,3.5,5838,7.3,4.0,1938,Gaming
U03288,41,Other,Bangalore,Nokia,Android,2.9,24.4,232.1,117,1.2,8447,3.2,4.0,169,Gaming
U03289,39,Other,Bangalore,Apple,Android,7.1,6.5,144.2,13,4.4,4771,2.0,0.5,1475,Social Media
U03290,23,Male,Jaipur,Realme,Android,6.3,8.9,103.2,189,1.2,8484,5.9,0.7,1661,Gaming
U03291,16,Male,Ahmedabad,Motorola,iOS,7.8,30.4,256.1,136,1.6,4058,1.4,0.2,516,Entertainment
U03292,46,Other,Mumbai,Xiaomi,Android,7.1,12.1,57.7,65,2.1,6583,3.6,2.2,987,Gaming
U03293,37,Male,Pune,OnePlus,iOS,1.2,30.0,81.5,170,5.1,6556,1.7,2.9,474,Entertainment
U03294,34,Female,Bangalore,Xiaomi,Android,1.1,44.4,18.9,167,1.7,6802,3.8,2.3,1194,Work
U03295,37,Female,Hyderabad,Vivo,Android,6.9,7.3,63.4,145,2.5,222,0.7,2.7,586,Gaming
U03296,58,Other,Bangalore,Apple,iOS,5.0,21.2,24.9,10,2.1,9954,1.4,0.4,1025,Gaming
U03297,32,Male,Pune,Vivo,Android,9.1,28.2,71.2,52,5.9,2585,2.2,3.1,892,Work
U03298,23,Other,Ahmedabad,Samsung,iOS,1.2,40.4,27.8,56,2.8,459,4.9,0.3,1174,Entertainment
U03299,28,Male,Hyderabad,Nokia,iOS,3.1,43.2,27.3,43,2.8,3985,1.1,1.1,877,Education
U03300,29,Female,Chennai,Nokia,iOS,11.0,36.4,212.6,45,4.0,7900,1.2,4.5,1011,Work
U03301,35,Other,Delhi,Oppo,iOS,7.2,6.7,94.3,110,3.9,2731,3.7,3.1,1208,Social Media
U03302,39,Male,Hyderabad,Xiaomi,iOS,9.3,30.1,55.0,92,5.1,6467,0.8,1.2,889,Social Media
U03303,19,Other,Delhi,Samsung,iOS,11.7,12.8,80.7,122,3.8,3005,2.3,0.1,1918,Education
U03304,29,Male,Hyderabad,OnePlus,Android,8.7,47.4,30.8,175,4.6,7460,5.1,4.1,1028,Gaming
U03305,57,Other,Pune,Apple,Android,5.1,6.9,217.3,75,2.9,402,0.7,2.6,1690,Education
U03306,35,Male,Delhi,Google Pixel,iOS,7.9,26.5,110.5,40,2.7,9979,4.3,3.3,139,Work
U03307,23,Male,Hyderabad,Samsung,iOS,11.2,21.4,247.7,64,2.2,3437,3.3,3.7,137,Education
U03308,18,Male,Delhi,Google Pixel,iOS,11.3,32.3,201.5,190,1.3,7423,0.6,2.9,101,Work
U03309,47,Other,Hyderabad,Nokia,Android,2.6,6.1,79.1,185,4.2,9806,7.4,0.3,476,Education
U03310,47,Female,Jaipur,Xiaomi,Android,8.3,46.1,113.9,46,0.7,3181,5.2,2.5,376,Education
U03311,28,Male,Ahmedabad,Samsung,iOS,4.3,39.3,130.8,67,6.0,680,3.1,1.8,1361,Work
U03312,41,Male,Kolkata,Xiaomi,Android,7.6,22.2,266.4,155,3.3,7208,5.3,1.0,319,Gaming
U03313,51,Other,Jaipur,Apple,Android,5.2,45.8,251.2,73,5.0,9410,5.5,3.5,878,Education
U03314,44,Male,Ahmedabad,Google Pixel,iOS,4.3,47.5,235.6,70,0.8,9698,3.6,1.7,1977,Social Media
U03315,30,Other,Kolkata,Realme,iOS,10.5,42.4,109.0,18,3.2,597,5.4,4.8,1349,Entertainment
U03316,38,Female,Hyderabad,Nokia,Android,11.2,8.2,155.8,136,1.4,5455,1.5,4.3,1139,Gaming
U03317,37,Female,Kolkata,Nokia,Android,2.6,42.0,124.3,151,4.5,6041,0.9,3.3,605,Entertainment
U03318,15,Other,Ahmedabad,Xiaomi,Android,2.8,3.3,254.6,20,5.7,9296,6.5,2.1,1029,Education
U03319,46,Female,Jaipur,Google Pixel,Android,4.1,45.2,66.1,165,4.2,3204,2.6,2.5,628,Social Media
U03320,50,Female,Ahmedabad,Oppo,iOS,8.1,42.1,212.1,185,1.1,999,7.2,2.2,1461,Work
U03321,31,Female,Kolkata,OnePlus,Android,9.8,25.9,9.4,39,2.4,5998,1.3,2.3,1905,Work
U03322,60,Other,Kolkata,Apple,Android,11.6,14.3,46.5,126,1.0,6533,4.8,2.9,1072,Entertainment
U03323,53,Male,Pune,Nokia,iOS,2.8,1.5,140.5,144,3.1,4521,2.3,1.4,628,Entertainment
U03324,21,Male,Mumbai,OnePlus,Android,9.1,6.0,85.3,30,4.9,6345,4.6,1.1,1904,Social Media
U03325,56,Female,Delhi,Oppo,Android,11.2,19.7,218.2,109,4.5,8748,0.7,4.1,1476,Work
U03326,19,Male,Pune,Apple,Android,1.8,43.2,154.1,65,4.4,5685,6.6,0.8,639,Work
U03327,17,Other,Chennai,Vivo,iOS,9.3,44.4,136.2,29,3.3,8812,6.9,2.5,863,Social Media
U03328,36,Male,Mumbai,Google Pixel,Android,1.5,25.9,107.4,176,1.0,2022,3.0,2.6,1617,Social Media
U03329,30,Other,Lucknow,Samsung,Android,7.3,3.1,60.3,140,1.8,3043,7.3,3.3,352,Work
U03330,37,Male,Delhi,Xiaomi,iOS,4.7,16.6,48.8,151,2.0,5612,1.4,3.1,973,Gaming
U03331,56,Female,Hyderabad,Apple,Android,7.3,23.7,117.9,198,1.9,9410,4.5,0.5,1861,Gaming
U03332,57,Male,Ahmedabad,Oppo,iOS,6.1,2.2,179.3,200,5.7,2327,0.6,4.1,1445,Gaming
U03333,56,Male,Hyderabad,Samsung,iOS,9.2,34.3,224.9,80,1.3,8104,3.6,4.8,1304,Education
U03334,36,Female,Pune,Apple,Android,5.3,5.7,295.1,132,5.2,5209,6.0,4.3,526,Entertainment
U03335,47,Male,Chennai,OnePlus,Android,10.8,29.0,102.8,173,1.6,5769,3.6,1.7,676,Social Media
U03336,43,Female,Hyderabad,Motorola,iOS,8.1,13.4,229.8,28,0.7,9586,2.8,1.6,1540,Education
U03337,37,Female,Chennai,Motorola,Android,1.5,5.8,253.2,147,5.9,901,5.6,1.3,511,Entertainment
U03338,58,Other,Bangalore,Xiaomi,iOS,4.3,30.0,51.3,131,2.1,1086,3.0,3.1,1637,Social Media
U03339,17,Male,Hyderabad,Motorola,Android,10.8,39.1,94.4,64,5.3,2237,2.2,3.2,1495,Work
U03340,45,Male,Jaipur,Google Pixel,Android,10.4,43.6,220.7,74,3.7,3751,5.3,0.4,751,Education
U03341,42,Male,Pune,Motorola,Android,7.0,4.4,140.5,32,1.7,6203,1.2,4.5,1238,Entertainment
U03342,37,Female,Delhi,Apple,iOS,3.2,40.6,26.6,176,0.7,5172,1.8,1.6,955,Gaming
U03343,49,Other,Pune,Realme,iOS,4.0,26.3,68.6,86,5.9,8674,3.6,2.3,1976,Social Media
U03344,28,Female,Ahmedabad,Motorola,Android,4.8,4.0,28.5,74,5.0,7296,5.5,1.4,1761,Entertainment
U03345,15,Other,Lucknow,Samsung,Android,4.2,23.9,40.9,198,1.6,354,1.2,0.1,1311,Gaming
U03346,31,Other,Hyderabad,Motorola,iOS,3.8,2.6,187.7,116,2.0,727,2.1,1.1,1244,Work
U03347,37,Male,Jaipur,Realme,Android,7.1,12.7,293.6,98,1.3,6558,5.8,2.1,397,Gaming
U03348,27,Other,Chennai,Google Pixel,Android,8.9,4.7,38.4,70,0.6,1614,4.8,0.2,1604,Gaming
U03349,58,Female,Bangalore,Xiaomi,Android,11.8,2.2,128.3,88,0.6,112,6.8,0.6,1729,Social Media
U03350,37,Other,Mumbai,Vivo,iOS,4.9,27.9,180.2,109,0.7,4367,7.1,0.1,451,Work
U03351,48,Other,Delhi,Xiaomi,Android,6.3,26.8,18.4,21,5.8,5158,0.6,4.7,1776,Social Media
U03352,50,Other,Delhi,Motorola,Android,3.9,31.6,252.0,16,1.9,5725,1.8,2.9,1325,Entertainment
U03353,20,Other,Bangalore,Xiaomi,Android,2.9,32.7,269.5,189,5.2,6841,7.0,3.8,1060,Social Media
U03354,29,Female,Jaipur,Apple,iOS,8.7,42.0,102.9,175,1.2,280,5.3,4.6,152,Entertainment
U03355,30,Other,Jaipur,OnePlus,Android,9.1,5.3,56.0,75,5.2,8656,3.4,0.4,745,Gaming
U03356,21,Male,Kolkata,Apple,iOS,4.2,4.3,231.5,79,5.7,7369,2.1,4.7,1044,Social Media
U03357,39,Other,Hyderabad,Google Pixel,Android,8.3,27.0,62.5,106,0.7,5811,3.7,3.3,1985,Work
U03358,30,Other,Hyderabad,Realme,iOS,1.6,25.1,248.3,132,3.5,4975,5.5,1.6,1718,Gaming
U03359,51,Female,Delhi,Nokia,Android,10.9,11.7,133.2,174,2.4,7407,6.5,3.6,1699,Gaming
U03360,47,Other,Kolkata,Nokia,Android,3.8,11.7,224.6,170,4.9,2999,7.4,2.7,1085,Gaming
U03361,41,Female,Ahmedabad,Oppo,iOS,6.9,37.4,64.8,11,2.6,9138,4.4,4.4,1955,Social Media
U03362,38,Male,Lucknow,Vivo,iOS,2.5,22.2,52.4,178,3.6,4905,5.0,2.1,1437,Gaming
U03363,26,Male,Hyderabad,Xiaomi,Android,10.4,27.4,298.2,191,5.2,1505,6.3,0.2,332,Social Media
U03364,28,Female,Chennai,Motorola,Android,2.2,13.1,117.4,68,5.7,3309,3.9,2.4,928,Entertainment
U03365,41,Other,Lucknow,Samsung,iOS,6.1,28.6,105.3,54,2.4,6203,6.7,1.3,2000,Education
U03366,40,Male,Hyderabad,Xiaomi,Android,8.0,15.4,194.4,79,4.2,9848,5.0,2.0,1234,Gaming
U03367,36,Other,Ahmedabad,Oppo,iOS,7.5,30.9,69.9,96,3.1,4747,1.4,4.0,660,Work
U03368,24,Female,Pune,Nokia,Android,5.4,33.2,221.4,57,4.5,7545,7.2,1.5,1113,Gaming
U03369,17,Female,Delhi,Apple,iOS,9.0,5.0,28.9,56,5.9,7105,1.7,3.3,1205,Work
U03370,57,Male,Mumbai,Nokia,iOS,3.0,14.6,6.0,78,5.1,5391,6.3,4.1,463,Entertainment
U03371,42,Other,Bangalore,Motorola,Android,9.8,47.3,243.7,27,3.5,8971,4.1,0.9,1935,Entertainment
U03372,42,Other,Kolkata,Nokia,iOS,3.4,39.7,163.9,80,1.6,7451,4.9,0.3,1282,Gaming
U03373,17,Male,Lucknow,Oppo,Android,7.7,33.6,166.7,158,2.4,933,3.8,4.0,1916,Entertainment
U03374,59,Female,Hyderabad,Motorola,Android,11.6,7.8,11.9,51,2.6,3515,3.2,4.3,1113,Social Media
U03375,44,Female,Chennai,Xiaomi,iOS,1.5,29.6,288.6,66,4.5,8761,4.2,2.7,1576,Education
U03376,46,Male,Bangalore,Realme,Android,7.3,31.8,119.9,175,1.4,1711,7.7,4.5,1241,Education
U03377,27,Other,Jaipur,Apple,iOS,10.3,16.7,40.1,151,2.7,9683,1.7,0.6,807,Entertainment
U03378,56,Female,Pune,Oppo,Android,11.1,6.0,170.3,161,5.0,5252,0.8,1.8,1014,Education
U03379,22,Male,Bangalore,Apple,Android,2.2,41.4,30.9,57,0.5,6999,6.5,5.0,1515,Education
U03380,47,Female,Pune,Nokia,Android,9.2,36.8,168.0,105,1.7,642,4.1,4.4,256,Work
U03381,58,Other,Chennai,Samsung,Android,11.1,42.3,162.0,24,5.4,2167,4.4,2.0,462,Entertainment
U03382,35,Female,Kolkata,Realme,Android,7.7,20.9,150.8,69,2.7,8074,5.6,4.5,199,Gaming
U03383,17,Female,Jaipur,Apple,Android,4.6,2.1,15.5,138,2.4,6069,7.7,1.6,1130,Work
U03384,50,Female,Lucknow,Samsung,iOS,10.9,8.5,114.5,122,5.4,5620,2.8,0.1,996,Social Media
U03385,51,Male,Delhi,Google Pixel,Android,5.6,44.2,125.0,150,5.4,9278,5.1,1.1,1083,Education
U03386,41,Male,Lucknow,Apple,iOS,3.3,42.1,148.7,11,2.6,1797,3.9,4.8,1893,Work
U03387,25,Other,Ahmedabad,Oppo,iOS,6.5,19.3,166.0,130,5.1,2562,7.3,4.5,1387,Social Media
U03388,51,Male,Lucknow,OnePlus,iOS,3.5,18.0,275.6,93,5.6,4614,3.3,2.7,250,Education
U03389,32,Male,Hyderabad,OnePlus,iOS,8.0,10.4,251.5,13,5.8,8537,7.8,1.8,1956,Gaming
U03390,24,Other,Mumbai,Vivo,Android,6.9,42.2,175.3,182,4.8,1087,2.5,4.4,635,Education
U03391,30,Female,Chennai,Samsung,iOS,7.9,6.4,254.9,87,2.0,9735,0.9,3.4,1937,Gaming
U03392,31,Other,Jaipur,OnePlus,Android,3.7,24.2,154.6,138,2.9,9295,4.5,0.4,1903,Gaming
U03393,35,Male,Lucknow,Apple,iOS,1.0,22.4,205.6,29,5.6,9326,1.7,2.2,1746,Education
U03394,38,Female,Lucknow,Vivo,iOS,7.8,10.2,6.8,165,3.8,5364,4.3,2.9,318,Work
U03395,17,Female,Mumbai,Samsung,Android,5.1,29.6,252.3,55,3.6,5856,5.4,3.4,1007,Work
U03396,47,Other,Chennai,Realme,iOS,11.9,4.1,207.4,189,1.6,9900,5.4,4.3,510,Work
U03397,23,Other,Pune,Motorola,iOS,5.3,27.3,127.4,128,5.4,8959,0.7,4.2,1530,Entertainment
U03398,47,Female,Kolkata,Motorola,iOS,3.8,3.3,75.0,38,2.1,6256,3.1,0.7,826,Social Media
U03399,25,Female,Bangalore,Xiaomi,iOS,3.2,32.3,165.3,101,3.9,2087,5.7,3.0,576,Social Media
U03400,54,Female,Kolkata,Nokia,Android,1.4,17.6,79.7,160,4.3,7265,0.9,2.1,694,Social Media
U03401,50,Male,Delhi,Motorola,Android,2.6,44.3,297.4,150,5.5,8605,6.0,3.5,1472,Entertainment
U03402,44,Male,Jaipur,Google Pixel,iOS,7.2,30.4,172.1,180,0.5,974,1.8,3.8,162,Gaming
U03403,37,Female,Bangalore,Vivo,Android,3.8,7.7,152.7,153,2.0,7986,6.2,3.6,1865,Gaming
U03404,26,Female,Ahmedabad,Google Pixel,iOS,9.6,4.5,8.0,110,1.4,1376,3.2,0.9,1640,Social Media
U03405,53,Other,Pune,OnePlus,Android,6.9,27.5,284.9,59,4.2,3443,7.2,1.3,189,Gaming
U03406,55,Male,Ahmedabad,Oppo,Android,6.3,41.5,139.8,42,3.2,4878,4.8,2.7,1814,Entertainment
U03407,55,Other,Mumbai,Vivo,Android,8.5,27.0,90.3,109,5.9,1043,7.5,0.4,1743,Social Media
U03408,18,Female,Chennai,Samsung,iOS,8.4,13.1,293.1,160,0.6,9602,7.1,5.0,449,Education
U03409,47,Male,Delhi,Oppo,Android,11.9,39.2,125.3,177,0.6,4943,7.9,0.5,160,Gaming
U03410,29,Male,Hyderabad,Apple,iOS,1.6,48.6,57.3,15,4.0,8625,0.8,0.4,709,Work
U03411,51,Female,Mumbai,Google Pixel,iOS,3.5,39.4,144.6,196,2.5,3910,5.3,1.8,866,Entertainment
U03412,43,Female,Kolkata,Vivo,Android,2.1,33.3,18.8,20,1.3,4413,7.2,2.3,481,Gaming
U03413,16,Other,Mumbai,Xiaomi,Android,8.1,22.5,231.8,187,1.3,1701,4.4,3.6,1428,Entertainment
U03414,26,Male,Ahmedabad,Samsung,Android,6.8,46.5,229.8,170,1.6,650,3.8,4.8,1396,Education
U03415,22,Female,Chennai,Xiaomi,iOS,2.2,12.7,237.5,69,3.4,7207,6.8,2.1,805,Education
U03416,48,Female,Bangalore,Xiaomi,iOS,7.3,37.9,240.0,61,1.8,5347,4.8,0.6,1852,Gaming
U03417,43,Male,Jaipur,Xiaomi,iOS,4.9,38.7,146.8,180,3.2,1973,3.9,3.8,1295,Education
U03418,22,Male,Bangalore,Nokia,iOS,9.5,22.5,61.7,10,5.9,2738,1.0,3.3,461,Gaming
U03419,53,Other,Kolkata,OnePlus,iOS,11.4,21.7,167.4,51,2.3,9867,7.7,0.4,1677,Entertainment
U03420,28,Male,Chennai,Nokia,Android,4.4,28.8,291.9,97,5.4,2956,4.5,1.2,1317,Social Media
U03421,21,Other,Pune,Nokia,iOS,7.9,7.5,150.6,113,2.7,2272,5.6,3.0,380,Work
U03422,28,Male,Hyderabad,Realme,Android,10.2,7.6,239.0,187,0.8,6358,1.6,4.2,1228,Education
U03423,28,Female,Hyderabad,Vivo,iOS,9.3,14.6,265.0,144,2.3,8400,2.7,4.7,136,Social Media
U03424,35,Female,Jaipur,Apple,iOS,11.8,11.0,217.7,85,1.5,9121,5.8,2.4,252,Work
U03425,36,Female,Jaipur,Vivo,iOS,8.0,22.2,151.1,46,0.8,6429,6.7,0.1,1842,Entertainment
U03426,41,Other,Chennai,OnePlus,iOS,11.9,35.7,256.6,64,5.8,114,1.1,1.3,1622,Education
U03427,50,Female,Delhi,Nokia,iOS,6.3,20.9,245.4,176,3.8,8909,5.6,0.6,501,Gaming
U03428,17,Female,Delhi,Google Pixel,Android,1.1,42.1,103.6,77,1.3,8695,2.8,1.3,652,Education
U03429,39,Female,Bangalore,Samsung,iOS,10.5,13.1,203.8,102,4.9,9031,7.3,2.5,365,Social Media
U03430,36,Other,Mumbai,Apple,Android,6.8,24.0,280.1,167,1.8,8143,7.4,2.1,1329,Social Media
U03431,58,Male,Pune,Nokia,Android,2.4,32.4,29.8,182,3.4,529,6.8,1.0,1166,Education
U03432,45,Male,Jaipur,Motorola,iOS,6.8,44.0,8.1,158,3.9,4750,1.5,3.9,1132,Education
U03433,40,Female,Bangalore,Vivo,Android,8.7,20.3,234.2,113,3.5,5715,5.5,4.5,1589,Work
U03434,38,Other,Jaipur,Motorola,Android,2.0,19.2,258.7,13,2.3,7691,0.5,2.9,1339,Work
U03435,44,Female,Pune,Motorola,Android,9.2,12.1,96.9,132,2.4,1086,4.7,4.6,974,Entertainment
U03436,36,Other,Kolkata,OnePlus,Android,4.5,3.9,58.8,150,2.3,7400,3.2,3.9,1985,Education
U03437,59,Female,Ahmedabad,Apple,iOS,6.4,40.2,259.3,84,5.2,5616,3.0,3.0,1113,Gaming
U03438,24,Other,Lucknow,Realme,Android,3.8,30.8,94.2,51,3.8,5495,2.5,4.9,1329,Education
U03439,31,Male,Kolkata,Xiaomi,Android,10.4,19.3,126.4,80,5.1,9684,4.1,4.9,1766,Work
U03440,52,Other,Chennai,Apple,Android,4.2,32.1,144.6,119,3.9,4792,5.9,2.0,1465,Education
U03441,46,Male,Delhi,Apple,iOS,9.4,47.4,108.2,56,2.9,4722,4.3,1.1,1581,Social Media
U03442,15,Female,Pune,Xiaomi,iOS,10.5,3.5,98.8,160,2.0,9061,7.1,4.6,1311,Work
U03443,48,Other,Lucknow,Xiaomi,iOS,10.6,3.6,174.6,173,5.9,9456,3.8,3.0,651,Entertainment
U03444,22,Other,Lucknow,Motorola,Android,7.2,24.9,163.6,93,5.7,9695,5.2,3.1,654,Gaming
U03445,19,Other,Chennai,Oppo,Android,1.4,30.0,14.9,136,2.5,4333,3.5,1.0,964,Social Media
U03446,41,Female,Ahmedabad,Xiaomi,iOS,10.4,30.4,191.4,46,1.0,5932,6.7,1.2,1752,Education
U03447,38,Male,Delhi,Samsung,iOS,3.2,25.7,66.5,55,5.8,543,1.3,3.1,721,Entertainment
U03448,39,Female,Jaipur,Vivo,iOS,8.2,11.2,102.4,36,4.5,9566,3.0,4.0,109,Social Media
U03449,37,Other,Jaipur,Samsung,iOS,7.7,15.3,282.4,118,4.6,1323,6.4,0.8,1665,Gaming
U03450,40,Female,Chennai,Oppo,Android,6.6,45.2,148.7,30,3.1,2110,6.7,1.1,923,Social Media
U03451,49,Other,Ahmedabad,Realme,Android,11.5,1.6,74.9,148,5.8,8496,7.0,3.7,314,Work
U03452,18,Male,Delhi,Oppo,iOS,3.3,28.9,73.2,179,3.6,7444,6.9,0.9,612,Entertainment
U03453,34,Other,Delhi,Realme,iOS,3.4,10.4,36.0,193,0.7,2823,4.4,1.2,1707,Gaming
U03454,29,Female,Jaipur,OnePlus,Android,10.9,20.7,130.8,170,1.4,7802,6.1,2.0,1536,Work
U03455,49,Other,Delhi,Nokia,iOS,9.0,5.3,219.9,34,5.7,7127,0.9,3.0,931,Gaming
U03456,55,Male,Pune,Motorola,iOS,7.0,28.8,120.6,180,3.3,4533,0.6,4.0,261,Entertainment
U03457,19,Female,Delhi,Xiaomi,Android,3.4,42.6,49.6,99,3.5,9312,4.9,1.0,426,Gaming
U03458,18,Other,Chennai,Motorola,iOS,1.2,8.6,48.8,173,4.2,6259,0.6,3.3,1258,Gaming
U03459,39,Female,Pune,Oppo,iOS,3.5,12.4,297.2,163,1.3,2745,3.5,2.0,1847,Work
U03460,51,Other,Ahmedabad,Samsung,iOS,6.4,29.4,153.0,86,3.7,6403,3.2,0.1,227,Education
U03461,60,Other,Pune,Google Pixel,iOS,9.4,24.2,160.9,44,5.5,138,4.5,0.6,975,Education
U03462,26,Other,Ahmedabad,Apple,Android,10.8,39.9,111.9,122,5.7,7666,4.5,3.6,992,Social Media
U03463,28,Other,Hyderabad,Apple,iOS,7.7,30.2,233.0,199,5.4,584,1.7,2.5,612,Education
U03464,16,Female,Delhi,Google Pixel,iOS,3.8,39.4,175.4,142,2.7,5383,7.1,3.3,1353,Work
U03465,25,Other,Kolkata,Motorola,Android,2.8,6.0,176.6,146,5.8,3910,2.1,1.7,1205,Education
U03466,50,Male,Ahmedabad,Vivo,Android,1.7,32.1,127.9,63,4.6,4990,7.1,1.4,103,Social Media
U03467,17,Male,Mumbai,OnePlus,iOS,8.8,41.8,166.8,77,3.3,9655,0.7,3.2,2000,Entertainment
U03468,29,Male,Hyderabad,Realme,Android,2.0,49.8,196.0,89,4.7,7131,5.9,2.5,1391,Entertainment
U03469,46,Male,Ahmedabad,Samsung,Android,11.8,5.7,263.2,69,1.1,7755,1.5,0.6,1767,Social Media
U03470,57,Male,Chennai,Xiaomi,Android,7.3,23.1,63.3,160,2.1,8152,3.2,3.6,247,Entertainment
U03471,56,Female,Delhi,Apple,Android,7.6,19.4,186.4,98,5.8,4027,3.3,1.5,123,Education
U03472,23,Male,Delhi,Oppo,Android,7.9,13.1,159.4,75,4.9,1890,5.1,2.1,1333,Entertainment
U03473,19,Female,Ahmedabad,Nokia,Android,8.5,43.8,243.0,11,4.4,9023,5.4,1.6,473,Gaming
U03474,33,Male,Pune,Realme,Android,10.7,49.8,146.9,57,5.4,8361,1.1,3.0,1283,Gaming
U03475,27,Female,Lucknow,Nokia,iOS,4.3,17.4,68.6,45,0.6,9953,0.5,3.8,140,Gaming
U03476,56,Female,Chennai,Oppo,iOS,3.4,19.8,239.4,79,3.1,4149,6.1,3.6,1496,Social Media
U03477,37,Other,Delhi,Samsung,iOS,7.4,22.1,139.1,95,6.0,1185,3.0,0.1,1855,Education
U03478,24,Other,Delhi,Oppo,Android,9.1,47.2,186.1,82,1.1,4251,3.4,2.6,1196,Entertainment
U03479,57,Female,Pune,Motorola,Android,7.0,18.8,280.4,42,4.6,8547,3.2,1.2,889,Social Media
U03480,50,Female,Pune,Oppo,iOS,4.5,24.8,192.2,145,2.7,2394,5.1,4.0,1826,Education
U03481,40,Male,Chennai,Xiaomi,Android,3.2,5.9,62.2,143,1.5,1969,2.2,1.4,1180,Social Media
U03482,32,Other,Kolkata,Motorola,iOS,1.3,36.8,30.7,61,4.9,521,8.0,1.6,1073,Work
U03483,48,Male,Bangalore,Vivo,Android,1.7,46.7,8.3,95,2.8,8119,4.3,3.2,1343,Social Media
U03484,52,Other,Kolkata,Xiaomi,Android,3.2,15.2,152.9,18,3.4,8965,2.2,3.9,1453,Work
U03485,51,Male,Pune,Nokia,iOS,1.7,19.0,6.2,94,5.9,7687,5.1,2.0,1252,Work
U03486,40,Male,Pune,Vivo,iOS,11.9,35.2,209.2,139,5.0,144,5.2,3.5,1795,Social Media
U03487,31,Other,Bangalore,Nokia,Android,9.9,38.9,247.9,154,4.0,5295,7.7,4.6,1552,Work
U03488,56,Other,Delhi,Motorola,Android,3.0,37.5,293.2,145,3.8,1960,1.3,0.5,1985,Education
U03489,49,Female,Mumbai,Nokia,iOS,1.8,34.5,85.3,93,5.9,6747,0.9,3.3,425,Social Media
U03490,36,Female,Jaipur,Xiaomi,iOS,2.1,36.7,156.3,121,5.3,1577,7.5,3.2,1555,Social Media
U03491,22,Female,Kolkata,Realme,iOS,11.6,4.0,38.2,119,1.8,8133,0.6,4.5,153,Education
U03492,48,Male,Kolkata,Vivo,iOS,11.8,46.6,170.3,73,5.2,3921,2.0,2.0,1746,Gaming
U03493,57,Female,Delhi,Samsung,Android,7.0,21.0,51.0,199,1.7,7046,1.3,1.6,367,Entertainment
U03494,31,Female,Chennai,Google Pixel,iOS,11.7,13.1,247.0,43,4.2,9911,2.9,0.3,1599,Gaming
U03495,33,Other,Pune,Apple,Android,11.1,2.2,55.7,97,2.8,456,3.3,0.3,1538,Entertainment
U03496,27,Male,Pune,OnePlus,iOS,8.3,40.7,13.3,180,4.9,310,2.2,4.9,196,Entertainment
U03497,60,Male,Mumbai,OnePlus,iOS,4.6,18.6,190.9,80,5.1,1878,3.1,2.4,1760,Education
U03498,50,Other,Hyderabad,Oppo,iOS,1.3,1.7,49.2,176,2.1,4077,3.1,3.6,1731,Gaming
U03499,54,Female,Bangalore,Oppo,iOS,10.1,45.5,158.0,185,1.9,324,2.8,1.4,294,Work
U03500,56,Other,Kolkata,Vivo,iOS,11.0,37.4,228.8,27,4.3,2976,3.8,1.1,1032,Social Media
U03501,55,Other,Hyderabad,Vivo,iOS,5.5,44.1,218.9,91,5.8,6128,2.8,2.8,1893,Education
U03502,46,Other,Delhi,Samsung,iOS,10.3,27.6,281.1,98,3.0,926,5.7,2.5,1047,Gaming
U03503,38,Male,Bangalore,Motorola,iOS,7.7,37.1,70.2,114,1.7,3625,5.7,4.1,1331,Work
U03504,27,Other,Pune,Realme,iOS,7.2,20.8,62.7,79,0.9,4413,6.7,1.2,479,Gaming
U03505,51,Female,Mumbai,Realme,iOS,7.3,9.6,57.0,47,4.9,1269,4.4,2.4,676,Social Media
U03506,34,Other,Ahmedabad,Xiaomi,iOS,10.6,7.2,251.4,83,1.2,8005,1.6,3.2,1679,Entertainment
U03507,47,Other,Ahmedabad,Apple,iOS,6.0,34.7,141.0,113,3.0,5760,5.0,2.2,691,Entertainment
U03508,15,Female,Jaipur,Nokia,iOS,5.4,34.3,267.6,38,3.7,9354,2.5,4.4,1217,Social Media
U03509,59,Female,Chennai,Apple,iOS,6.7,28.9,275.4,78,1.9,7766,5.1,4.0,261,Entertainment
U03510,51,Female,Delhi,Google Pixel,Android,9.7,5.0,246.3,183,1.4,6592,4.5,4.9,590,Gaming
U03511,55,Other,Bangalore,Samsung,iOS,9.5,37.9,217.8,81,2.1,8175,5.5,0.3,744,Social Media
U03512,32,Other,Ahmedabad,Apple,Android,9.2,33.6,34.0,31,5.3,5824,5.1,1.2,1428,Education
U03513,42,Male,Chennai,Google Pixel,Android,1.6,28.0,225.1,111,5.5,5250,5.8,4.6,1086,Social Media
U03514,37,Male,Lucknow,Realme,iOS,7.2,37.2,23.8,19,4.9,3767,7.7,4.1,536,Education
U03515,52,Female,Pune,Oppo,iOS,4.8,15.6,89.9,151,4.1,7934,5.2,0.9,1908,Work
U03516,55,Female,Mumbai,Nokia,iOS,11.4,25.0,23.0,14,1.0,4709,1.3,1.5,562,Education
U03517,16,Other,Pune,Vivo,Android,4.5,28.1,125.5,28,2.7,1287,4.1,1.7,590,Education
U03518,26,Female,Jaipur,Vivo,Android,5.1,37.9,242.5,135,4.2,7094,3.8,0.8,552,Entertainment
U03519,58,Female,Lucknow,Apple,iOS,11.6,23.4,285.1,67,4.6,4984,4.4,2.7,147,Work
U03520,22,Other,Hyderabad,Oppo,Android,10.2,25.4,263.7,103,3.6,6764,1.3,3.6,471,Social Media
U03521,50,Other,Pune,Apple,Android,7.7,48.5,239.8,168,0.9,6871,2.8,1.8,709,Work
U03522,18,Female,Jaipur,Oppo,iOS,5.0,19.6,163.7,13,5.0,848,4.8,4.8,566,Entertainment
U03523,21,Other,Bangalore,Motorola,Android,11.4,42.9,217.5,156,2.1,7582,7.1,0.9,386,Social Media
U03524,50,Other,Jaipur,Vivo,Android,11.2,36.3,272.6,93,4.1,1859,0.7,0.2,1938,Education
U03525,46,Other,Pune,Vivo,Android,4.7,24.2,155.8,95,2.3,6971,3.4,4.2,1033,Education
U03526,37,Female,Hyderabad,Vivo,Android,8.1,48.6,108.1,39,0.9,8050,5.5,0.4,233,Entertainment
U03527,36,Male,Mumbai,Samsung,iOS,4.1,1.5,147.2,124,0.8,9738,5.5,2.4,925,Social Media
U03528,24,Female,Mumbai,OnePlus,iOS,3.1,17.7,246.9,170,4.1,4630,2.2,2.3,400,Entertainment
U03529,15,Male,Mumbai,Oppo,iOS,5.6,44.3,110.0,85,3.8,1836,1.5,1.4,876,Social Media
U03530,16,Male,Ahmedabad,Vivo,Android,10.4,32.9,295.2,177,4.9,6475,5.4,2.9,1349,Social Media
U03531,23,Male,Lucknow,Vivo,iOS,7.1,15.8,121.6,20,2.9,5052,4.3,2.5,608,Work
U03532,26,Female,Delhi,Oppo,iOS,5.2,47.9,140.4,190,1.2,6947,7.3,1.7,1461,Social Media
U03533,57,Other,Delhi,Google Pixel,Android,6.0,49.2,219.0,186,3.9,7122,6.6,4.9,973,Education
U03534,17,Other,Pune,Apple,Android,9.4,28.3,105.7,37,3.5,5127,1.8,3.8,1168,Entertainment
U03535,58,Female,Pune,Motorola,Android,3.6,42.4,67.1,67,0.9,410,0.7,4.0,1332,Social Media
U03536,21,Other,Kolkata,OnePlus,Android,2.9,29.1,172.6,91,5.2,3205,1.9,3.1,418,Entertainment
U03537,31,Other,Bangalore,Nokia,Android,4.2,28.4,269.8,180,5.5,9136,6.2,1.9,295,Gaming
U03538,19,Female,Pune,OnePlus,Android,5.9,20.3,241.4,147,4.5,139,7.7,2.9,1147,Work
U03539,59,Female,Kolkata,Google Pixel,Android,3.0,46.5,219.2,144,5.9,115,6.4,4.4,1245,Gaming
U03540,23,Female,Lucknow,OnePlus,iOS,1.6,14.7,120.4,83,0.7,9002,1.5,0.0,312,Gaming
U03541,29,Female,Jaipur,Oppo,iOS,9.5,25.2,124.0,90,3.5,1157,2.1,4.3,1782,Education
U03542,41,Female,Ahmedabad,Google Pixel,Android,1.5,12.0,128.6,198,5.6,5623,3.3,3.6,1943,Work
U03543,18,Female,Jaipur,Vivo,iOS,11.4,3.6,228.1,121,0.7,6991,7.4,2.4,1745,Education
U03544,58,Female,Pune,Realme,Android,4.3,40.3,163.8,197,0.5,9939,6.0,0.8,1484,Work
U03545,27,Male,Ahmedabad,Realme,iOS,8.5,46.9,79.1,179,5.5,4640,1.6,0.6,995,Education
U03546,44,Other,Lucknow,Xiaomi,iOS,4.5,4.1,177.6,36,3.1,1852,4.2,4.3,565,Social Media
U03547,46,Male,Lucknow,Nokia,Android,11.7,41.3,229.1,192,5.8,705,3.7,1.8,1239,Entertainment
U03548,54,Female,Jaipur,Vivo,Android,4.3,38.5,216.6,200,3.3,7494,4.6,1.6,1697,Work
U03549,50,Other,Hyderabad,Oppo,iOS,7.1,46.3,210.5,184,2.5,1950,2.4,3.0,1433,Work
U03550,24,Other,Kolkata,OnePlus,Android,11.9,29.3,187.1,146,4.6,9521,7.5,4.2,280,Work
U03551,57,Other,Hyderabad,Nokia,Android,11.8,42.5,247.9,68,4.2,8450,3.6,0.4,841,Education
U03552,31,Male,Kolkata,OnePlus,iOS,1.4,28.7,157.4,134,2.8,4001,7.2,1.0,862,Entertainment
U03553,39,Other,Kolkata,Motorola,Android,3.7,14.9,65.1,121,0.7,4975,3.0,0.2,1191,Social Media
U03554,51,Other,Pune,Oppo,Android,6.3,32.8,258.4,30,3.7,6315,0.7,4.1,1101,Entertainment
U03555,25,Other,Kolkata,Apple,iOS,2.4,40.4,22.0,116,2.8,8235,5.0,3.8,181,Work
U03556,20,Female,Kolkata,Realme,Android,1.5,15.8,282.3,47,2.9,860,4.1,3.9,1654,Education
U03557,43,Female,Jaipur,Nokia,Android,1.2,36.2,119.2,103,1.8,253,2.7,1.7,1356,Gaming
U03558,23,Female,Delhi,OnePlus,iOS,8.9,46.5,188.8,90,5.2,6728,5.8,1.2,1897,Education
U03559,22,Other,Bangalore,Vivo,Android,1.4,16.8,74.1,160,1.3,4550,4.3,4.1,1730,Work
U03560,41,Female,Kolkata,Xiaomi,iOS,9.5,20.1,272.4,56,3.2,4905,4.7,0.1,1376,Entertainment
U03561,51,Other,Ahmedabad,Realme,iOS,7.0,19.1,274.3,183,1.4,6038,7.7,3.0,1715,Gaming
U03562,49,Female,Pune,Google Pixel,Android,6.4,27.1,82.9,68,1.2,5944,3.8,3.0,1130,Entertainment
U03563,29,Other,Ahmedabad,OnePlus,iOS,9.3,32.8,61.3,124,5.5,5945,5.6,1.8,241,Gaming
U03564,23,Male,Jaipur,Vivo,iOS,5.2,7.9,142.8,139,1.7,5604,7.7,1.7,1384,Entertainment
U03565,59,Other,Bangalore,Vivo,Android,4.3,37.1,5.7,167,4.9,7924,2.6,4.3,1014,Work
U03566,52,Other,Mumbai,Apple,iOS,2.8,8.7,190.0,168,1.2,309,6.7,3.2,1649,Entertainment
U03567,15,Other,Mumbai,Google Pixel,iOS,4.5,20.8,153.6,12,2.9,1359,5.6,1.7,1881,Entertainment
U03568,28,Male,Ahmedabad,Nokia,Android,6.1,16.1,177.2,24,5.1,7142,1.9,2.9,615,Entertainment
U03569,33,Male,Bangalore,Apple,Android,1.3,12.1,15.7,103,5.6,4941,2.7,1.0,1535,Gaming
U03570,29,Other,Lucknow,Apple,iOS,7.5,27.3,201.0,187,1.4,3767,5.6,4.1,429,Social Media
U03571,30,Other,Delhi,Apple,Android,8.3,46.8,35.5,187,3.8,9938,5.8,1.4,1950,Entertainment
U03572,22,Other,Chennai,Vivo,Android,5.6,44.6,29.9,80,1.0,8845,5.7,4.2,659,Education
U03573,27,Female,Bangalore,Samsung,Android,8.0,35.4,23.1,161,1.6,7562,3.9,3.1,1944,Education
U03574,37,Female,Mumbai,Apple,Android,7.5,13.4,171.4,175,3.4,8089,6.9,1.1,1709,Education
U03575,41,Other,Lucknow,Oppo,iOS,4.8,27.7,192.9,66,5.9,1043,6.5,1.3,1874,Social Media
U03576,47,Female,Pune,Realme,iOS,5.7,4.8,273.9,94,2.6,9091,2.5,3.9,1283,Gaming
U03577,43,Female,Pune,Xiaomi,iOS,6.0,33.6,108.8,137,2.2,4967,3.3,1.0,792,Work
U03578,40,Female,Kolkata,OnePlus,iOS,3.0,1.0,72.5,128,2.7,9406,6.6,2.8,1474,Social Media
U03579,39,Male,Kolkata,Google Pixel,iOS,9.2,24.8,132.3,184,1.6,8503,3.9,0.4,1676,Gaming
U03580,29,Female,Pune,Samsung,iOS,4.2,49.3,196.1,30,4.9,9265,4.8,1.3,1520,Work
U03581,43,Other,Hyderabad,OnePlus,iOS,6.3,39.1,241.1,72,5.3,1288,6.2,2.2,503,Entertainment
U03582,27,Other,Lucknow,Realme,Android,4.7,16.9,264.9,37,4.7,1987,7.6,3.4,514,Social Media
U03583,48,Female,Bangalore,Realme,iOS,10.2,47.7,17.6,101,5.9,3445,5.8,2.1,1585,Gaming
U03584,36,Other,Ahmedabad,Vivo,iOS,4.3,32.8,206.0,61,2.9,258,3.1,3.5,1310,Entertainment
U03585,54,Other,Delhi,Motorola,Android,2.1,24.5,190.8,24,1.3,988,0.9,0.1,1029,Social Media
U03586,27,Other,Chennai,Vivo,iOS,7.0,27.6,124.3,28,3.1,2961,1.2,3.6,1296,Gaming
U03587,46,Other,Jaipur,Realme,iOS,6.3,38.6,102.1,102,3.1,5770,2.8,4.9,1246,Education
U03588,40,Male,Lucknow,Google Pixel,iOS,4.3,23.7,22.9,80,1.6,4890,6.3,1.3,158,Social Media
U03589,55,Male,Ahmedabad,Google Pixel,iOS,11.5,25.0,264.7,150,1.0,9018,6.9,2.0,382,Entertainment
U03590,36,Female,Lucknow,Motorola,Android,4.1,43.2,289.4,114,2.1,7224,0.6,3.5,724,Social Media
U03591,48,Other,Delhi,Xiaomi,Android,3.5,6.0,223.7,64,2.3,8124,2.1,1.5,1797,Gaming
U03592,25,Male,Hyderabad,Apple,iOS,6.0,26.1,257.9,130,2.7,6806,6.2,0.1,1635,Entertainment
U03593,32,Other,Hyderabad,Vivo,Android,5.0,29.2,39.0,132,0.8,9060,3.8,0.9,1700,Social Media
U03594,56,Other,Mumbai,Realme,Android,2.5,16.6,158.6,39,5.7,8387,0.5,0.2,1179,Work
U03595,15,Other,Jaipur,Realme,iOS,10.4,2.4,279.0,176,4.6,1578,6.2,2.6,1980,Social Media
U03596,33,Male,Pune,OnePlus,Android,10.6,14.0,249.2,32,1.6,257,4.6,2.9,1546,Work
U03597,21,Male,Pune,Realme,iOS,6.3,29.2,26.7,184,1.9,7673,1.1,0.1,1932,Gaming
U03598,52,Female,Chennai,Realme,iOS,10.2,38.2,122.3,167,0.9,1851,5.8,3.1,1665,Gaming
U03599,25,Female,Lucknow,Oppo,iOS,10.3,35.1,84.1,167,3.8,6713,4.8,1.5,1076,Social Media
U03600,50,Male,Jaipur,Vivo,Android,10.7,13.2,112.8,140,5.9,4907,2.2,0.9,786,Social Media
U03601,24,Female,Jaipur,Vivo,iOS,9.3,4.3,33.5,115,4.8,5627,4.3,0.8,1910,Social Media
U03602,58,Male,Hyderabad,OnePlus,iOS,9.1,47.9,115.3,143,1.4,7350,1.8,4.8,1036,Work
U03603,49,Other,Bangalore,Vivo,Android,1.1,49.0,108.5,78,4.0,5775,2.1,3.6,331,Gaming
U03604,35,Male,Jaipur,Nokia,Android,1.9,10.9,121.5,156,5.9,1106,3.2,4.6,594,Education
U03605,39,Male,Bangalore,Realme,Android,2.5,30.4,27.0,135,2.9,6093,3.2,0.9,1804,Work
U03606,19,Male,Delhi,Oppo,Android,11.4,28.3,137.4,80,4.0,7477,1.4,4.6,410,Education
U03607,42,Male,Jaipur,Motorola,iOS,4.5,10.8,136.1,161,2.3,9299,7.7,2.8,1745,Work
U03608,47,Other,Lucknow,Xiaomi,Android,7.4,32.1,215.4,16,1.0,1378,2.8,4.4,625,Gaming
U03609,57,Other,Kolkata,Vivo,iOS,2.4,6.5,256.8,67,4.6,7356,1.0,4.6,1663,Education
U03610,24,Male,Jaipur,Xiaomi,iOS,1.1,48.9,233.5,56,5.2,4379,3.9,2.8,682,Social Media
U03611,19,Male,Pune,Xiaomi,Android,10.7,1.0,92.4,69,4.8,5870,6.1,1.7,342,Gaming
U03612,48,Female,Hyderabad,OnePlus,Android,4.9,43.5,201.2,98,3.8,6386,1.4,4.8,145,Work
U03613,35,Female,Delhi,Nokia,iOS,12.0,43.9,203.0,18,1.4,8091,3.1,0.5,671,Gaming
U03614,59,Other,Hyderabad,Google Pixel,iOS,7.0,25.1,279.6,118,4.6,2590,6.5,2.5,801,Education
U03615,42,Male,Delhi,Nokia,Android,9.4,19.6,273.4,185,2.9,9197,4.9,2.7,168,Education
U03616,23,Female,Chennai,Motorola,Android,1.6,44.1,271.9,175,2.3,8866,1.3,1.0,376,Gaming
U03617,33,Male,Jaipur,Oppo,Android,2.4,38.8,252.5,47,3.8,2099,3.6,3.2,1754,Social Media
U03618,49,Other,Lucknow,Google Pixel,iOS,10.1,1.7,283.6,20,4.9,5356,5.1,2.8,934,Entertainment
U03619,54,Female,Jaipur,Google Pixel,Android,4.8,47.8,184.8,112,3.6,3573,1.4,0.2,1396,Social Media
U03620,45,Female,Mumbai,Samsung,iOS,8.2,39.7,288.6,11,5.9,3579,2.3,1.1,470,Education
U03621,27,Other,Lucknow,Motorola,Android,2.5,36.9,274.4,74,2.6,7563,7.3,0.1,1296,Education
U03622,19,Male,Delhi,Apple,Android,11.5,3.2,109.7,121,3.0,6953,5.4,3.1,326,Entertainment
U03623,19,Male,Lucknow,Vivo,Android,5.2,34.1,23.9,35,5.7,3818,4.9,1.5,1621,Education
U03624,54,Male,Pune,Xiaomi,Android,9.4,17.9,40.1,19,4.2,7507,6.1,0.0,615,Gaming
U03625,57,Other,Ahmedabad,Xiaomi,iOS,11.4,43.3,122.7,109,5.2,4733,7.3,3.9,1671,Social Media
U03626,26,Male,Lucknow,Google Pixel,Android,3.9,15.5,156.4,10,0.5,4270,2.9,2.4,244,Entertainment
U03627,46,Female,Jaipur,Xiaomi,iOS,8.3,14.9,70.5,83,1.6,8560,5.0,3.9,415,Entertainment
U03628,19,Female,Pune,Oppo,iOS,8.8,27.3,251.6,142,2.3,4725,6.7,1.7,789,Entertainment
U03629,32,Other,Hyderabad,Realme,Android,4.9,31.2,88.7,69,4.9,5807,1.9,0.7,522,Gaming
U03630,43,Female,Mumbai,Apple,iOS,8.1,22.1,171.8,142,5.3,609,1.0,1.0,566,Entertainment
U03631,33,Male,Delhi,Motorola,Android,4.9,17.5,149.7,156,1.3,4407,6.2,0.6,1766,Education
U03632,23,Female,Chennai,Apple,iOS,6.4,44.1,231.8,137,0.6,2758,7.6,2.9,148,Social Media
U03633,16,Female,Delhi,Motorola,Android,11.5,30.1,94.4,45,5.2,9623,0.6,3.5,302,Social Media
U03634,26,Female,Jaipur,Oppo,Android,8.9,13.9,111.7,112,4.6,2333,1.6,4.1,653,Social Media
U03635,25,Other,Delhi,Motorola,Android,7.4,34.6,208.4,123,3.5,1826,4.0,1.0,1677,Work
U03636,49,Other,Pune,Xiaomi,iOS,6.9,21.3,258.0,107,1.8,9873,5.5,3.9,1419,Social Media
U03637,44,Female,Delhi,Realme,Android,6.7,48.1,138.4,149,1.5,4258,4.2,3.8,1832,Entertainment
U03638,28,Male,Mumbai,Xiaomi,Android,7.2,8.3,246.0,33,1.3,1859,2.4,0.1,1372,Education
U03639,22,Other,Ahmedabad,Motorola,Android,7.3,36.9,113.5,116,5.0,8575,6.0,2.3,1435,Social Media
U03640,43,Female,Kolkata,Xiaomi,Android,8.4,18.7,72.0,95,2.5,2159,7.2,3.0,1717,Entertainment
U03641,58,Female,Kolkata,Realme,iOS,3.8,33.1,73.9,104,1.4,1534,5.3,1.8,1855,Social Media
U03642,19,Female,Mumbai,Xiaomi,iOS,9.2,24.3,264.4,154,2.1,1310,3.6,1.6,292,Social Media
U03643,17,Female,Pune,Realme,iOS,10.5,31.8,18.5,54,2.7,3153,1.7,4.0,477,Work
U03644,30,Female,Delhi,Motorola,Android,7.5,49.8,215.9,161,1.3,1926,1.3,0.1,1796,Gaming
U03645,36,Male,Mumbai,Oppo,Android,10.1,19.3,99.1,128,0.7,6002,2.8,2.3,1355,Gaming
U03646,45,Other,Ahmedabad,Google Pixel,Android,4.7,47.9,116.1,74,5.5,7342,2.2,1.2,235,Education
U03647,40,Other,Bangalore,Xiaomi,iOS,4.0,34.9,77.4,127,5.8,1404,5.8,0.1,278,Gaming
U03648,27,Other,Mumbai,Xiaomi,Android,1.9,26.7,121.4,40,5.1,5782,1.1,1.0,951,Gaming
U03649,35,Female,Pune,Xiaomi,iOS,10.2,48.8,95.1,183,2.8,2930,4.5,1.8,1635,Work
U03650,37,Other,Bangalore,Oppo,iOS,11.8,47.7,106.8,84,4.4,4838,4.4,2.4,223,Entertainment
U03651,47,Other,Chennai,Vivo,Android,3.8,20.5,164.7,108,5.5,3391,0.8,1.7,164,Work
U03652,49,Other,Pune,OnePlus,Android,2.0,43.2,203.0,157,3.4,6841,3.1,0.1,1755,Education
U03653,58,Other,Ahmedabad,Realme,Android,1.6,22.1,228.3,87,4.2,1233,2.3,2.9,1151,Entertainment
U03654,47,Other,Chennai,Apple,Android,6.3,40.5,67.0,195,6.0,1807,1.5,2.0,758,Education
U03655,23,Male,Jaipur,Google Pixel,iOS,1.9,37.0,206.6,192,4.3,3113,4.6,3.9,1386,Education
U03656,55,Male,Mumbai,Oppo,Android,8.8,16.3,111.6,24,2.8,3500,4.8,0.0,826,Entertainment
U03657,38,Female,Lucknow,Apple,Android,3.6,32.8,76.2,97,1.6,3731,3.1,1.1,1109,Education
U03658,29,Female,Kolkata,Realme,Android,3.8,40.1,184.4,125,5.2,3589,3.4,4.6,115,Gaming
U03659,22,Male,Bangalore,Google Pixel,iOS,7.8,14.3,261.8,21,3.6,5547,1.2,0.6,286,Gaming
U03660,20,Male,Kolkata,OnePlus,Android,1.2,23.0,99.9,26,3.2,3735,5.8,3.4,612,Entertainment
U03661,46,Other,Delhi,Oppo,Android,8.9,49.6,14.5,99,4.7,226,5.8,4.9,880,Education
U03662,40,Other,Mumbai,Google Pixel,Android,2.6,43.8,119.3,142,3.9,2029,3.0,3.6,1663,Entertainment
U03663,37,Female,Hyderabad,Realme,Android,5.6,28.4,178.8,63,1.4,2206,4.8,4.6,828,Entertainment
U03664,44,Male,Bangalore,Xiaomi,Android,4.9,32.6,247.9,178,4.1,8872,2.6,2.4,1616,Gaming
U03665,52,Female,Ahmedabad,Vivo,Android,9.2,39.3,85.2,94,2.9,6409,7.3,1.9,1308,Gaming
U03666,52,Female,Hyderabad,OnePlus,Android,10.0,49.2,249.0,56,4.6,3669,0.8,3.6,1771,Social Media
U03667,31,Male,Delhi,Google Pixel,Android,5.1,7.1,188.7,17,5.5,2782,2.1,2.7,1252,Gaming
U03668,47,Other,Ahmedabad,Vivo,iOS,9.8,43.3,288.7,16,3.3,3688,3.7,4.9,287,Entertainment
U03669,52,Other,Lucknow,Vivo,Android,6.4,11.1,120.0,162,1.3,5820,3.2,0.6,1070,Entertainment
U03670,44,Male,Pune,Apple,iOS,11.4,12.9,217.3,24,3.1,8798,7.0,2.9,496,Social Media
U03671,40,Other,Kolkata,Realme,Android,6.2,9.9,191.7,173,1.4,8669,2.8,4.4,1320,Work
U03672,17,Male,Chennai,Xiaomi,iOS,5.1,24.7,247.3,88,5.8,9407,7.2,1.2,922,Work
U03673,31,Male,Kolkata,Google Pixel,Android,10.6,22.8,68.8,91,1.0,7346,6.5,4.6,1046,Work
U03674,47,Male,Jaipur,Samsung,Android,4.4,29.7,273.5,61,3.9,8053,6.3,1.2,797,Work
U03675,37,Female,Kolkata,Xiaomi,Android,8.5,36.2,75.4,54,0.5,9276,4.9,3.3,1592,Gaming
U03676,18,Male,Delhi,Samsung,Android,2.2,40.8,98.8,170,2.3,8012,4.8,1.7,1983,Entertainment
U03677,49,Female,Chennai,Vivo,Android,11.6,8.0,79.7,120,5.4,2397,7.4,1.8,343,Education
U03678,29,Other,Bangalore,Nokia,Android,8.5,7.1,133.6,150,5.4,3333,1.5,1.0,376,Gaming
U03679,30,Male,Kolkata,Xiaomi,iOS,1.3,18.2,294.9,124,2.9,4434,3.3,4.9,167,Education
U03680,30,Female,Ahmedabad,Realme,iOS,2.1,4.1,228.4,111,4.3,1520,2.7,0.5,760,Entertainment
U03681,47,Other,Ahmedabad,Oppo,iOS,4.7,33.0,199.0,51,3.4,6715,0.7,0.9,223,Gaming
U03682,51,Other,Pune,Vivo,iOS,7.2,16.3,124.4,147,0.8,7736,6.5,2.3,892,Education
U03683,21,Male,Kolkata,Samsung,iOS,5.4,2.0,75.1,199,5.6,7208,7.4,4.4,730,Gaming
U03684,40,Male,Ahmedabad,Samsung,Android,8.5,43.4,107.4,71,5.7,8890,2.3,0.5,176,Entertainment
U03685,39,Male,Delhi,Vivo,iOS,11.8,8.5,187.6,60,4.1,8575,7.3,3.5,1453,Work
U03686,57,Female,Chennai,Samsung,iOS,4.6,43.3,198.1,67,3.9,2557,4.6,3.1,1155,Education
U03687,52,Male,Bangalore,OnePlus,Android,2.4,40.8,132.9,98,5.5,8303,3.8,2.7,1039,Social Media
U03688,19,Male,Jaipur,OnePlus,Android,2.7,30.8,89.4,116,3.2,1737,5.5,3.9,1403,Entertainment
U03689,23,Female,Mumbai,Xiaomi,Android,7.5,40.6,263.3,81,3.5,9190,2.1,0.2,1331,Education
U03690,18,Female,Chennai,Realme,Android,11.3,26.8,232.2,80,5.3,6707,2.7,2.8,166,Gaming
U03691,37,Male,Mumbai,Motorola,Android,1.9,38.7,112.7,122,1.8,1466,4.8,2.5,1420,Social Media
U03692,49,Other,Hyderabad,Google Pixel,iOS,10.0,13.2,170.8,47,1.1,3337,7.4,1.7,546,Entertainment
U03693,21,Other,Mumbai,Oppo,iOS,9.9,3.5,172.0,45,1.4,8935,4.3,4.7,1051,Education
U03694,30,Other,Hyderabad,Samsung,Android,10.1,49.6,213.0,191,0.8,6796,4.7,2.0,166,Gaming
U03695,35,Male,Mumbai,Motorola,Android,3.9,36.4,234.0,77,2.4,8966,3.7,0.6,1203,Entertainment
U03696,48,Other,Bangalore,Samsung,iOS,3.5,37.9,130.4,59,2.3,5470,4.2,1.4,257,Gaming
U03697,57,Other,Jaipur,Xiaomi,Android,5.1,27.3,198.0,181,0.6,4096,5.6,2.3,518,Education
U03698,44,Female,Kolkata,Oppo,Android,3.2,48.3,112.6,53,4.0,3907,8.0,0.7,447,Gaming
U03699,55,Male,Kolkata,Realme,Android,5.4,40.0,94.3,10,0.8,6233,5.6,2.0,1082,Entertainment
U03700,60,Male,Hyderabad,Apple,iOS,6.9,47.2,189.0,174,1.7,8676,1.2,3.5,486,Education
U03701,45,Other,Delhi,Oppo,Android,7.8,17.2,162.6,38,4.4,7431,4.5,1.7,1961,Education
U03702,42,Other,Delhi,Realme,Android,5.6,1.6,77.5,70,3.8,2387,7.6,1.9,118,Education
U03703,56,Male,Jaipur,Oppo,Android,6.1,26.0,189.5,163,1.0,976,1.7,3.4,997,Gaming
U03704,54,Male,Hyderabad,Xiaomi,Android,1.2,24.4,143.0,54,3.2,2808,1.5,3.3,336,Social Media
U03705,53,Other,Bangalore,Google Pixel,Android,5.8,14.4,159.3,156,1.1,2323,5.8,0.8,745,Work
U03706,39,Female,Kolkata,Xiaomi,Android,10.7,41.9,223.0,65,4.7,4382,3.8,3.3,913,Entertainment
U03707,26,Female,Lucknow,Xiaomi,iOS,6.6,42.7,81.8,45,2.7,1456,4.9,4.9,1471,Social Media
U03708,24,Other,Delhi,Oppo,iOS,7.6,49.3,108.7,34,5.2,1668,3.8,2.4,247,Entertainment
U03709,52,Female,Bangalore,Google Pixel,iOS,5.3,46.2,46.6,172,2.0,6894,3.5,3.0,979,Entertainment
U03710,15,Male,Lucknow,Xiaomi,iOS,5.1,12.2,40.4,168,1.8,7135,1.7,2.6,1895,Entertainment
U03711,52,Other,Hyderabad,Realme,Android,9.7,21.3,115.0,197,2.2,1638,6.8,4.8,869,Gaming
U03712,22,Other,Jaipur,Vivo,iOS,10.8,40.8,145.1,142,0.9,3923,1.3,2.2,423,Gaming
U03713,24,Female,Mumbai,Apple,Android,9.9,9.4,210.4,147,3.3,5133,4.4,4.6,141,Entertainment
U03714,50,Male,Delhi,Vivo,iOS,1.3,18.8,78.9,14,2.8,9684,2.1,4.3,673,Social Media
U03715,27,Other,Ahmedabad,OnePlus,Android,4.7,45.3,18.9,175,5.3,5294,2.0,1.4,1394,Gaming
U03716,33,Male,Bangalore,Google Pixel,iOS,11.5,13.8,19.6,155,3.6,1009,2.3,4.3,1957,Entertainment
U03717,40,Male,Lucknow,Nokia,Android,11.9,41.0,84.6,15,2.0,7548,7.0,4.0,202,Work
U03718,30,Female,Mumbai,Xiaomi,iOS,1.2,17.5,28.7,150,1.9,5571,1.6,2.0,413,Gaming
U03719,26,Other,Bangalore,Samsung,iOS,5.0,40.5,124.5,178,5.2,9348,3.3,1.4,1305,Education
U03720,33,Female,Chennai,Nokia,iOS,7.4,32.6,54.5,21,2.5,3876,3.7,1.5,1480,Work
U03721,45,Other,Lucknow,Samsung,Android,4.6,7.6,194.3,117,1.1,150,4.1,4.3,1828,Entertainment
U03722,52,Male,Delhi,Oppo,Android,6.5,22.1,194.6,175,1.4,5970,2.9,2.6,765,Work
U03723,23,Female,Pune,Xiaomi,iOS,11.5,2.8,251.6,50,3.0,7428,2.1,1.6,368,Entertainment
U03724,43,Female,Pune,Realme,Android,5.3,29.4,173.6,173,4.6,3965,0.5,2.6,289,Gaming
U03725,57,Other,Chennai,Apple,iOS,3.8,42.8,225.2,36,0.8,7761,0.8,3.8,278,Education
U03726,36,Female,Jaipur,Motorola,Android,3.1,7.5,231.5,134,0.6,6076,5.4,0.2,1000,Social Media
U03727,39,Other,Pune,Samsung,iOS,5.9,47.1,32.8,73,0.6,6573,7.2,2.2,1371,Entertainment
U03728,22,Other,Bangalore,Google Pixel,iOS,3.5,48.9,82.7,67,1.9,7258,5.1,3.6,1298,Work
U03729,15,Female,Delhi,Motorola,Android,6.1,33.2,153.3,19,1.2,6067,3.9,3.5,720,Social Media
U03730,20,Male,Kolkata,Nokia,Android,6.0,21.1,221.9,27,5.1,1792,3.8,4.1,1566,Work
U03731,42,Male,Chennai,Realme,Android,4.1,32.9,286.9,16,5.2,4239,1.2,2.5,906,Entertainment
U03732,58,Other,Kolkata,Apple,iOS,9.0,28.3,56.6,43,5.2,7827,4.8,2.3,837,Work
U03733,17,Other,Delhi,OnePlus,iOS,3.2,17.2,263.1,128,1.4,1648,4.9,3.1,1668,Education
U03734,55,Other,Hyderabad,Nokia,iOS,10.8,33.0,138.5,152,0.8,3673,6.3,3.5,667,Entertainment
U03735,51,Female,Jaipur,Google Pixel,iOS,3.3,48.0,190.8,78,1.6,6166,3.0,2.2,1938,Entertainment
U03736,19,Female,Hyderabad,Apple,Android,9.2,28.6,203.4,144,2.7,2672,7.3,0.0,511,Social Media
U03737,51,Male,Ahmedabad,Apple,Android,8.2,25.9,232.0,177,4.9,3481,6.6,0.1,969,Gaming
U03738,50,Other,Bangalore,Apple,iOS,7.2,48.4,291.5,16,3.2,2887,7.7,1.5,1745,Work
U03739,23,Male,Chennai,Motorola,iOS,1.0,28.6,157.9,42,3.4,7483,5.8,4.7,1075,Entertainment
U03740,36,Female,Bangalore,Oppo,iOS,5.5,1.8,275.3,94,2.1,8309,3.0,2.6,1412,Entertainment
U03741,25,Female,Jaipur,Samsung,Android,2.1,36.5,114.0,159,5.4,8249,1.2,0.7,1634,Work
U03742,46,Female,Hyderabad,Xiaomi,iOS,9.3,40.8,84.0,146,1.6,2773,4.5,4.9,236,Gaming
U03743,31,Other,Lucknow,Vivo,Android,9.1,41.5,51.4,140,4.9,6799,7.8,3.5,869,Gaming
U03744,50,Male,Delhi,Apple,iOS,10.3,22.0,259.9,39,1.3,2198,2.1,0.3,263,Social Media
U03745,48,Male,Pune,OnePlus,iOS,2.7,4.2,59.8,182,0.6,4738,2.6,3.5,1331,Work
U03746,40,Other,Jaipur,Apple,Android,1.5,43.7,113.2,166,1.5,8006,4.9,0.4,261,Gaming
U03747,22,Other,Mumbai,Vivo,iOS,3.1,41.0,84.5,24,2.1,9880,3.6,4.9,742,Gaming
U03748,57,Female,Ahmedabad,Xiaomi,iOS,9.5,7.8,263.9,37,3.0,631,3.6,1.4,1517,Education
U03749,15,Other,Jaipur,Nokia,iOS,1.3,3.1,282.8,127,1.0,5971,1.0,4.4,933,Work
U03750,30,Male,Hyderabad,Motorola,iOS,4.9,47.7,125.3,147,0.9,1635,2.1,0.4,638,Education
U03751,31,Female,Delhi,OnePlus,iOS,1.6,31.8,92.8,82,1.4,5620,2.7,3.2,1111,Education
U03752,42,Female,Jaipur,Oppo,iOS,10.2,33.7,274.3,134,5.1,6986,7.9,4.8,311,Gaming
U03753,16,Male,Chennai,Oppo,iOS,4.7,1.4,237.3,100,1.9,1107,1.2,4.6,1351,Social Media
U03754,54,Female,Jaipur,Nokia,iOS,2.6,36.5,137.0,113,3.6,8211,2.1,0.4,1109,Work
U03755,16,Male,Bangalore,Vivo,Android,5.2,15.4,244.5,126,5.0,4230,7.0,1.0,880,Social Media
U03756,54,Female,Hyderabad,Samsung,Android,4.2,48.0,79.6,53,1.6,893,5.4,0.4,1815,Entertainment
U03757,43,Male,Jaipur,Xiaomi,iOS,7.8,20.0,235.2,130,3.6,539,2.5,3.3,355,Gaming
U03758,48,Female,Chennai,Nokia,Android,2.3,27.9,27.1,86,1.9,2914,7.5,1.5,1287,Education
U03759,30,Female,Bangalore,OnePlus,iOS,11.3,2.0,271.2,19,2.6,1859,0.8,0.4,215,Social Media
U03760,25,Female,Chennai,OnePlus,Android,1.2,10.2,229.3,45,3.2,5828,6.3,2.1,1635,Work
U03761,34,Female,Ahmedabad,Motorola,Android,1.1,35.1,211.2,162,4.1,9641,3.1,1.7,473,Education
U03762,53,Other,Kolkata,Samsung,iOS,5.7,18.6,151.6,161,2.3,5942,4.2,0.8,170,Gaming
U03763,48,Other,Delhi,Motorola,iOS,7.3,2.3,72.9,32,4.5,5311,8.0,0.7,605,Work
U03764,53,Other,Bangalore,Xiaomi,iOS,11.1,29.1,182.6,46,2.0,914,1.2,0.5,709,Gaming
U03765,28,Male,Pune,Motorola,Android,4.9,11.4,29.3,34,4.5,5722,6.9,3.5,954,Work
U03766,58,Other,Pune,Oppo,iOS,3.2,38.9,111.8,13,1.4,6808,5.9,2.9,928,Gaming
U03767,25,Female,Pune,Apple,Android,8.5,5.0,22.2,70,2.3,3197,6.4,0.7,124,Social Media
U03768,43,Male,Delhi,Motorola,iOS,8.8,20.4,181.0,171,1.6,7490,6.1,3.2,128,Work
U03769,34,Other,Kolkata,Motorola,iOS,11.5,24.1,248.6,95,4.9,2181,7.6,0.9,1971,Work
U03770,44,Male,Ahmedabad,Google Pixel,Android,5.8,32.2,179.2,116,2.5,5014,4.7,0.1,1634,Entertainment
U03771,22,Female,Pune,Apple,iOS,11.8,17.8,38.1,83,4.0,6625,3.2,0.5,1005,Entertainment
U03772,26,Female,Lucknow,Samsung,Android,9.0,19.4,136.1,16,4.0,5477,0.9,2.8,501,Social Media
U03773,30,Male,Chennai,Xiaomi,Android,1.6,10.4,266.4,112,2.0,7840,6.9,1.8,1030,Gaming
U03774,23,Male,Bangalore,OnePlus,Android,4.4,35.8,291.4,59,2.7,6980,8.0,1.4,182,Education
U03775,18,Female,Lucknow,Realme,iOS,9.8,16.6,284.9,86,5.5,986,6.9,2.9,1593,Education
U03776,34,Other,Lucknow,Nokia,iOS,7.0,27.0,170.6,126,0.6,8638,7.7,2.0,1123,Social Media
U03777,49,Male,Jaipur,Vivo,iOS,9.6,39.7,208.6,135,1.0,5992,3.6,0.9,1816,Social Media
U03778,43,Male,Pune,Oppo,iOS,2.7,22.0,104.1,22,1.2,6642,5.5,1.3,275,Gaming
U03779,40,Female,Chennai,Xiaomi,iOS,11.6,5.6,107.3,199,4.9,6140,4.6,4.4,1371,Entertainment
U03780,48,Male,Pune,Google Pixel,iOS,5.2,19.4,83.0,29,3.1,9284,2.4,4.9,1476,Work
U03781,22,Male,Delhi,Vivo,iOS,8.8,29.1,278.3,24,2.6,2683,4.2,3.7,1109,Education
U03782,49,Female,Mumbai,Apple,iOS,4.1,8.5,38.9,128,2.9,4776,2.0,2.3,663,Entertainment
U03783,29,Female,Pune,Nokia,iOS,8.2,33.5,29.3,132,4.4,7352,0.9,3.9,1031,Entertainment
U03784,53,Male,Jaipur,Motorola,iOS,2.8,47.5,249.8,145,3.9,1195,4.0,0.8,930,Education
U03785,35,Male,Delhi,Apple,Android,4.1,4.8,204.1,37,4.3,9006,6.9,2.9,647,Education
U03786,32,Female,Jaipur,Vivo,iOS,9.3,20.6,32.5,12,4.5,3312,2.4,4.0,427,Education
U03787,44,Female,Hyderabad,OnePlus,iOS,10.9,32.1,85.9,33,0.6,3839,1.3,3.0,157,Entertainment
U03788,24,Female,Chennai,Vivo,iOS,7.7,5.9,61.9,39,4.3,9177,7.3,0.9,1529,Social Media
U03789,29,Male,Lucknow,Motorola,iOS,9.5,31.8,268.7,174,4.8,2800,5.7,2.8,1116,Social Media
U03790,53,Male,Delhi,Oppo,iOS,10.4,46.6,26.1,40,2.2,9316,1.3,1.2,765,Education
U03791,48,Female,Kolkata,Xiaomi,iOS,11.1,11.7,67.9,128,1.1,9935,4.2,5.0,697,Education
U03792,36,Other,Ahmedabad,Google Pixel,iOS,6.3,49.3,227.4,110,4.5,4847,5.6,4.5,1492,Work
U03793,58,Other,Kolkata,Apple,Android,9.3,35.7,66.7,23,3.3,2446,2.8,0.0,1162,Entertainment
U03794,34,Male,Hyderabad,Vivo,Android,2.0,24.9,192.5,163,4.6,5028,1.5,3.1,997,Education
U03795,39,Male,Bangalore,OnePlus,Android,7.8,28.0,65.1,60,3.5,2341,3.9,0.7,1373,Entertainment
U03796,41,Male,Mumbai,Xiaomi,iOS,3.2,13.0,285.2,95,3.9,8261,6.0,2.8,218,Social Media
U03797,40,Other,Delhi,Nokia,Android,1.2,22.7,241.1,40,1.2,838,2.0,0.9,873,Work
U03798,37,Other,Pune,Apple,iOS,7.2,37.5,51.7,96,4.9,8726,2.7,2.9,1100,Work
U03799,26,Other,Pune,Apple,Android,7.7,13.7,64.1,185,2.8,1134,3.6,3.0,740,Gaming
U03800,25,Male,Pune,Xiaomi,iOS,6.4,48.7,154.6,15,0.5,7206,6.3,0.4,975,Entertainment
U03801,56,Female,Kolkata,Vivo,Android,9.2,45.5,196.2,22,5.6,8991,6.7,2.9,576,Education
U03802,16,Male,Hyderabad,Realme,Android,5.7,17.1,151.8,81,2.6,9353,0.8,1.4,599,Work
U03803,24,Other,Chennai,Vivo,Android,10.5,35.6,151.4,171,1.0,2501,3.9,4.4,700,Social Media
U03804,60,Other,Ahmedabad,Samsung,Android,7.0,35.7,75.8,128,0.8,6691,3.6,4.2,320,Education
U03805,24,Female,Lucknow,Samsung,Android,2.0,5.0,57.2,199,0.7,8727,3.6,3.7,1110,Entertainment
U03806,51,Female,Chennai,Vivo,Android,1.3,2.6,233.4,43,3.9,9717,1.4,3.0,502,Gaming
U03807,41,Other,Jaipur,Xiaomi,iOS,6.4,49.9,75.7,49,0.8,3364,5.2,0.2,1940,Education
U03808,44,Female,Pune,Vivo,iOS,6.8,48.0,48.9,105,3.8,985,1.6,0.8,432,Entertainment
U03809,18,Other,Bangalore,Google Pixel,iOS,1.3,5.7,162.0,182,3.4,6179,2.9,2.6,520,Gaming
U03810,36,Female,Jaipur,Google Pixel,iOS,4.2,21.1,18.2,140,5.6,5070,0.8,1.8,505,Gaming
U03811,17,Male,Lucknow,Apple,Android,9.3,5.4,55.0,10,0.6,4750,6.7,2.2,1927,Entertainment
U03812,40,Other,Ahmedabad,Realme,iOS,2.9,3.4,194.0,57,2.4,6700,7.0,4.3,344,Social Media
U03813,44,Other,Ahmedabad,Nokia,iOS,5.4,15.4,166.0,56,4.9,2688,2.7,0.1,1559,Entertainment
U03814,32,Male,Pune,Nokia,Android,10.2,13.4,34.5,165,1.9,5322,4.4,2.3,896,Work
U03815,53,Male,Lucknow,Xiaomi,Android,1.1,2.6,262.3,106,5.1,4074,2.0,3.5,990,Entertainment
U03816,45,Female,Delhi,Oppo,Android,3.5,32.1,160.5,27,4.5,9521,4.1,0.3,335,Work
U03817,21,Female,Delhi,Xiaomi,iOS,2.9,2.8,14.6,44,4.3,8350,5.1,4.7,1602,Entertainment
U03818,57,Male,Delhi,Vivo,iOS,2.5,49.1,173.3,37,2.6,9693,6.9,3.8,1422,Education
U03819,31,Male,Ahmedabad,OnePlus,Android,10.3,11.4,281.4,60,1.7,5853,0.5,4.5,1118,Education
U03820,54,Male,Lucknow,Samsung,Android,10.5,34.4,216.1,141,0.7,3958,5.2,3.0,1322,Social Media
U03821,36,Other,Mumbai,Samsung,iOS,8.5,25.7,221.4,36,5.3,8920,6.9,1.6,950,Social Media
U03822,22,Female,Kolkata,Nokia,iOS,5.9,30.2,239.4,127,3.7,535,4.3,2.8,1656,Entertainment
U03823,42,Male,Hyderabad,Apple,iOS,9.4,43.5,223.2,47,3.9,2097,4.1,0.0,1789,Education
U03824,39,Other,Lucknow,Apple,Android,7.5,23.3,82.9,127,4.7,9640,1.8,3.6,1574,Social Media
U03825,54,Male,Kolkata,Vivo,Android,6.3,22.0,219.6,168,1.2,3250,3.3,1.6,246,Gaming
U03826,16,Female,Chennai,Vivo,Android,10.2,42.2,226.4,80,1.8,9604,7.3,0.2,731,Entertainment
U03827,27,Other,Jaipur,Samsung,Android,9.7,17.0,182.7,136,1.7,9787,1.1,1.2,1110,Entertainment
U03828,56,Female,Lucknow,Nokia,Android,5.2,30.0,285.5,86,0.6,9534,6.4,2.7,1040,Work
U03829,20,Other,Pune,Samsung,Android,3.6,15.9,67.1,24,4.6,1380,7.3,1.8,1215,Entertainment
U03830,47,Female,Ahmedabad,Samsung,iOS,7.3,32.8,106.0,104,5.9,3448,8.0,0.2,1031,Work
U03831,43,Male,Ahmedabad,Google Pixel,iOS,4.7,10.9,134.6,175,2.6,2430,3.5,3.3,1278,Education
U03832,26,Other,Lucknow,Vivo,iOS,5.8,22.5,145.6,77,3.8,7864,6.0,0.6,1520,Social Media
U03833,58,Male,Delhi,Motorola,Android,9.4,34.3,294.3,176,3.4,4138,3.3,0.9,115,Entertainment
U03834,57,Female,Pune,Google Pixel,iOS,6.8,24.3,77.8,125,5.9,9981,7.5,0.4,183,Gaming
U03835,17,Other,Mumbai,Vivo,Android,2.1,19.1,180.9,136,6.0,4044,1.4,3.0,1732,Work
U03836,15,Female,Jaipur,Samsung,Android,11.8,18.3,126.8,107,2.4,2837,3.1,0.6,428,Work
U03837,28,Other,Jaipur,Google Pixel,Android,8.4,1.2,275.9,49,1.4,1455,7.6,2.3,1900,Education
U03838,50,Other,Lucknow,OnePlus,Android,3.1,37.3,121.6,34,0.9,4752,5.1,2.9,1077,Education
U03839,31,Other,Delhi,Xiaomi,iOS,6.7,31.1,39.0,52,3.7,393,7.9,1.5,1421,Gaming
U03840,36,Male,Ahmedabad,Google Pixel,Android,6.5,35.1,123.5,55,5.8,689,1.3,1.2,546,Entertainment
U03841,37,Female,Ahmedabad,Realme,iOS,4.9,20.4,26.2,63,5.3,8834,2.3,4.9,205,Gaming
U03842,31,Female,Kolkata,Vivo,Android,1.9,24.3,288.2,158,4.8,9367,6.4,1.0,1659,Entertainment
U03843,51,Female,Chennai,Xiaomi,Android,6.0,15.1,256.7,162,5.3,5217,3.1,3.1,406,Education
U03844,56,Male,Pune,Samsung,Android,11.3,1.6,52.0,140,1.7,7451,2.9,4.1,446,Work
U03845,24,Female,Lucknow,Realme,Android,1.8,19.0,283.9,22,2.0,7242,3.9,2.7,1062,Gaming
U03846,58,Other,Jaipur,Nokia,Android,11.6,39.8,19.8,148,1.7,2193,1.6,4.2,1238,Education
U03847,20,Other,Bangalore,OnePlus,Android,10.5,18.1,270.3,51,2.0,3450,6.0,2.3,1508,Work
U03848,18,Female,Pune,Vivo,Android,10.1,31.6,178.3,59,4.1,4417,5.4,1.6,1860,Gaming
U03849,49,Female,Pune,Vivo,iOS,10.0,22.8,294.6,73,2.1,2930,0.9,3.1,1008,Social Media
U03850,59,Male,Jaipur,Google Pixel,iOS,7.6,13.6,218.6,54,4.0,9588,1.6,2.4,1679,Work
U03851,47,Male,Pune,Samsung,iOS,11.1,33.5,146.0,134,1.8,6744,6.4,1.1,1203,Work
U03852,46,Male,Lucknow,Oppo,Android,1.8,17.7,81.6,20,3.7,4597,6.8,4.3,1453,Gaming
U03853,39,Male,Bangalore,Motorola,iOS,9.4,14.4,241.6,41,1.2,8881,6.4,1.2,203,Social Media
U03854,59,Other,Chennai,Oppo,Android,5.3,11.9,276.5,173,2.2,5697,5.6,3.4,1145,Entertainment
U03855,55,Male,Jaipur,Motorola,iOS,6.7,24.1,287.4,71,3.5,1555,7.0,5.0,342,Gaming
U03856,59,Other,Mumbai,Oppo,Android,7.1,31.2,253.0,140,4.0,7495,2.3,3.1,594,Gaming
U03857,41,Male,Ahmedabad,Realme,iOS,2.4,19.5,259.0,195,1.2,4902,7.7,3.3,1897,Gaming
U03858,28,Male,Jaipur,Oppo,iOS,8.5,28.2,61.1,43,1.4,9056,1.2,4.1,299,Work
U03859,41,Female,Delhi,Google Pixel,iOS,2.5,24.6,234.8,60,0.8,2627,7.4,1.2,236,Education
U03860,37,Female,Jaipur,Google Pixel,Android,7.3,41.1,253.2,97,1.2,6592,3.4,0.4,998,Social Media
U03861,34,Female,Jaipur,OnePlus,iOS,8.6,24.0,51.5,72,4.3,4228,3.6,4.1,783,Education
U03862,57,Other,Lucknow,Samsung,iOS,11.8,28.3,141.2,106,0.7,2604,4.0,3.9,829,Education
U03863,37,Male,Pune,OnePlus,Android,11.3,38.6,276.7,132,0.8,6693,1.6,3.4,1905,Entertainment
U03864,49,Male,Kolkata,Motorola,Android,8.5,7.8,145.6,57,1.0,1965,5.7,2.8,1378,Education
U03865,38,Male,Hyderabad,Oppo,iOS,10.7,21.9,250.4,183,3.0,8839,7.2,4.5,258,Work
U03866,15,Female,Chennai,OnePlus,iOS,10.5,20.6,260.1,187,3.1,6744,1.0,3.7,316,Social Media
U03867,41,Other,Delhi,Realme,Android,8.1,5.0,224.1,179,6.0,8085,6.6,0.2,1794,Social Media
U03868,50,Other,Delhi,Xiaomi,iOS,7.8,46.3,280.6,138,4.9,8203,3.9,3.4,398,Gaming
U03869,56,Male,Delhi,OnePlus,Android,8.6,12.9,108.8,11,4.5,5261,6.8,2.2,894,Education
U03870,22,Female,Pune,Nokia,iOS,1.2,18.7,94.2,77,6.0,2371,3.7,0.9,558,Gaming
U03871,42,Other,Jaipur,OnePlus,Android,10.2,4.1,146.3,69,0.9,5265,1.8,1.9,1893,Social Media
U03872,46,Male,Ahmedabad,Oppo,Android,4.3,21.2,166.1,22,1.9,3045,7.8,0.7,104,Work
U03873,49,Female,Kolkata,Apple,iOS,1.7,34.1,226.3,141,4.5,8246,1.8,2.0,852,Entertainment
U03874,46,Female,Mumbai,Motorola,Android,7.0,37.3,180.6,182,4.6,4915,3.8,4.6,731,Social Media
U03875,37,Female,Mumbai,OnePlus,iOS,7.9,18.0,282.4,160,2.5,4836,0.7,3.0,180,Education
U03876,29,Female,Lucknow,Motorola,Android,8.3,10.9,287.7,38,5.8,3373,4.9,4.6,1684,Gaming
U03877,56,Male,Jaipur,Google Pixel,Android,7.1,1.2,208.2,151,1.4,3552,2.0,4.0,1009,Social Media
U03878,55,Male,Chennai,OnePlus,Android,5.5,34.5,187.3,149,2.2,136,6.5,2.8,1870,Entertainment
U03879,54,Male,Chennai,Google Pixel,iOS,1.6,3.2,63.5,113,1.0,4956,4.1,3.9,1678,Gaming
U03880,30,Male,Bangalore,Google Pixel,Android,10.9,16.2,286.6,65,2.3,617,1.6,3.6,1261,Social Media
U03881,36,Male,Mumbai,Apple,Android,6.4,29.5,122.8,143,3.7,3386,5.5,1.5,530,Social Media
U03882,31,Other,Mumbai,OnePlus,iOS,8.9,9.1,167.8,72,4.8,5086,2.2,3.5,796,Social Media
U03883,50,Other,Pune,Google Pixel,iOS,6.5,21.1,245.0,14,2.2,945,2.6,1.5,1146,Entertainment
U03884,54,Female,Delhi,Google Pixel,iOS,4.6,36.8,7.2,147,2.9,1774,4.8,3.3,622,Social Media
U03885,34,Male,Bangalore,Xiaomi,Android,11.3,13.1,94.8,181,4.9,4618,6.3,2.8,148,Work
U03886,45,Other,Jaipur,OnePlus,Android,6.1,5.7,140.9,79,1.5,3964,4.7,3.7,1397,Entertainment
U03887,46,Male,Chennai,Apple,iOS,3.9,8.0,136.8,75,3.7,1363,4.6,1.8,1770,Work
U03888,25,Female,Ahmedabad,Google Pixel,iOS,8.2,15.4,150.3,156,3.7,2201,2.7,2.8,718,Work
U03889,31,Other,Delhi,Google Pixel,iOS,11.5,8.6,46.9,67,5.5,9033,4.0,2.9,1100,Work
U03890,43,Female,Kolkata,Apple,iOS,8.5,32.2,283.9,63,3.9,7585,1.8,3.0,1616,Gaming
U03891,23,Other,Lucknow,Vivo,iOS,9.2,1.3,214.3,89,5.5,7523,2.9,3.1,942,Social Media
U03892,30,Other,Mumbai,Nokia,iOS,8.6,13.3,272.2,102,0.5,5824,4.2,3.3,389,Work
U03893,38,Other,Delhi,Nokia,Android,1.4,6.3,284.0,73,3.5,2498,5.8,1.6,946,Social Media
U03894,55,Female,Mumbai,Nokia,Android,5.8,5.8,264.5,186,3.2,2728,2.9,3.5,739,Gaming
U03895,58,Female,Jaipur,Realme,iOS,11.3,22.2,20.3,105,3.1,1124,5.5,3.1,417,Gaming
U03896,15,Female,Delhi,Realme,iOS,8.3,24.6,104.4,121,4.4,2412,3.7,0.0,109,Work
U03897,33,Female,Chennai,Apple,iOS,2.9,41.4,128.9,129,4.7,1641,1.0,2.2,1851,Social Media
U03898,59,Other,Chennai,Oppo,iOS,1.0,22.6,33.3,45,1.6,6841,3.5,3.6,755,Work
U03899,29,Male,Jaipur,Vivo,iOS,3.6,9.0,286.2,157,2.7,5399,3.0,3.6,959,Education
U03900,56,Female,Lucknow,Realme,iOS,7.4,10.7,103.8,63,0.9,3695,6.0,3.7,1635,Social Media
U03901,58,Male,Bangalore,Nokia,iOS,9.4,4.1,6.9,45,3.8,9296,1.8,4.1,351,Work
U03902,45,Male,Jaipur,Apple,Android,9.0,11.2,269.5,155,5.9,8283,1.8,1.9,363,Gaming
U03903,29,Female,Ahmedabad,Realme,Android,4.2,38.3,298.6,14,2.5,2254,1.7,2.4,1657,Social Media
U03904,22,Other,Mumbai,Realme,Android,5.6,26.0,207.9,134,5.5,307,5.0,0.8,364,Social Media
U03905,17,Other,Jaipur,Samsung,Android,7.1,43.8,295.5,181,3.2,7730,5.0,0.3,1142,Entertainment
U03906,58,Other,Bangalore,Apple,iOS,5.2,11.8,164.1,134,1.0,3926,1.6,2.1,216,Work
U03907,22,Male,Kolkata,Xiaomi,Android,6.5,46.2,250.3,123,4.1,5708,1.4,0.4,1089,Social Media
U03908,58,Male,Chennai,Samsung,iOS,6.4,10.2,17.8,117,3.9,833,4.7,3.7,1143,Gaming
U03909,25,Other,Jaipur,OnePlus,Android,8.2,32.4,241.9,85,0.7,8893,6.2,2.4,1029,Entertainment
U03910,40,Other,Pune,OnePlus,Android,3.9,6.6,154.5,153,4.4,7474,7.8,1.7,1949,Gaming
U03911,57,Other,Hyderabad,Motorola,Android,4.7,3.2,128.7,170,1.6,3262,4.2,1.2,1231,Social Media
U03912,15,Male,Jaipur,Samsung,Android,2.7,44.7,193.6,145,4.7,5237,5.3,3.5,410,Work
U03913,33,Male,Lucknow,Motorola,Android,5.8,40.6,65.6,114,5.6,5257,3.6,1.5,169,Entertainment
U03914,32,Male,Bangalore,Vivo,Android,3.0,39.7,125.1,50,4.2,7253,3.9,1.3,1986,Social Media
U03915,44,Other,Delhi,Apple,Android,4.1,12.1,17.1,72,0.6,7176,0.7,0.3,487,Entertainment
U03916,23,Other,Mumbai,OnePlus,iOS,3.9,18.9,103.7,27,2.3,545,7.3,3.7,931,Work
U03917,26,Other,Jaipur,Google Pixel,iOS,9.3,8.1,208.6,178,1.3,4102,3.0,0.3,393,Gaming
U03918,23,Male,Pune,Motorola,iOS,5.2,7.9,131.2,123,5.2,8710,5.0,0.3,1390,Gaming
U03919,43,Other,Mumbai,Google Pixel,iOS,1.3,16.7,146.8,145,0.7,9314,0.7,0.7,1805,Gaming
U03920,19,Other,Chennai,Apple,Android,11.7,11.8,189.6,90,3.7,8531,5.4,4.6,282,Work
U03921,38,Male,Ahmedabad,Oppo,iOS,10.7,20.3,26.2,74,4.7,6349,2.9,0.2,908,Work
U03922,25,Female,Bangalore,OnePlus,iOS,6.6,45.8,140.5,183,2.9,7438,6.3,0.0,1111,Education
U03923,51,Male,Lucknow,Xiaomi,iOS,2.0,44.6,133.1,154,5.2,4457,6.1,2.3,571,Social Media
U03924,54,Other,Chennai,Google Pixel,iOS,7.3,40.4,187.3,46,1.5,6408,7.0,1.6,1088,Gaming
U03925,32,Female,Hyderabad,Apple,iOS,7.0,14.3,97.2,168,3.9,5202,1.6,0.9,1191,Education
U03926,25,Other,Ahmedabad,Nokia,Android,1.6,34.4,131.5,16,1.9,9683,2.7,1.9,1656,Entertainment
U03927,35,Female,Ahmedabad,Samsung,iOS,2.1,18.9,144.0,78,2.2,2547,7.5,2.2,394,Social Media
U03928,50,Female,Jaipur,Motorola,Android,4.3,16.2,256.6,183,4.1,8710,0.8,3.9,1252,Entertainment
U03929,39,Female,Kolkata,Apple,Android,10.7,17.0,283.7,112,3.3,861,5.6,3.5,653,Education
U03930,18,Female,Kolkata,Realme,iOS,10.9,25.3,50.1,113,1.8,9825,6.0,1.7,1457,Education
U03931,58,Other,Ahmedabad,Google Pixel,Android,5.3,49.7,183.2,126,1.8,6091,3.5,0.9,741,Education
U03932,17,Female,Jaipur,Xiaomi,iOS,7.2,23.3,156.6,28,0.6,2126,2.8,0.7,235,Gaming
U03933,57,Male,Chennai,OnePlus,Android,7.0,13.8,115.4,104,0.6,6906,0.9,0.8,1045,Education
U03934,49,Female,Kolkata,Oppo,iOS,3.9,5.0,282.0,10,3.0,1665,5.1,0.9,1083,Gaming
U03935,35,Female,Chennai,Samsung,iOS,8.6,2.3,238.4,115,4.8,7368,5.5,2.2,313,Gaming
U03936,17,Female,Jaipur,Realme,iOS,2.9,34.5,50.9,77,4.0,3206,5.4,2.3,828,Gaming
U03937,28,Female,Jaipur,OnePlus,iOS,8.1,3.0,86.2,172,5.3,9878,3.4,3.2,1675,Work
U03938,30,Female,Chennai,Motorola,Android,3.6,13.5,234.7,35,5.4,7561,5.0,0.8,1116,Education
U03939,30,Female,Chennai,Realme,iOS,10.0,9.4,244.5,137,4.8,914,1.4,1.7,1553,Education
U03940,60,Female,Bangalore,Google Pixel,iOS,4.8,14.8,139.1,40,5.7,6538,1.2,2.7,1572,Work
U03941,37,Female,Kolkata,Oppo,Android,1.6,17.5,300.0,34,3.9,1133,2.7,3.8,1677,Gaming
U03942,46,Male,Pune,Realme,iOS,5.5,14.4,237.9,25,5.9,1597,4.2,0.5,1657,Education
U03943,40,Female,Bangalore,OnePlus,Android,4.7,39.7,27.3,15,0.5,1105,8.0,4.5,1532,Work
U03944,41,Other,Delhi,Realme,iOS,4.6,14.5,245.6,114,3.3,4835,6.2,2.2,1863,Work
U03945,42,Female,Delhi,Oppo,iOS,2.2,25.1,122.0,67,4.0,8395,2.1,3.7,1008,Education
U03946,19,Other,Kolkata,Oppo,Android,6.0,44.2,9.8,158,4.7,4380,2.3,4.6,1953,Gaming
U03947,45,Female,Ahmedabad,Google Pixel,iOS,6.7,13.4,188.7,125,0.7,6328,2.6,2.7,412,Gaming
U03948,32,Other,Mumbai,Nokia,iOS,5.1,18.0,299.6,72,1.4,1397,2.1,4.8,1706,Gaming
U03949,44,Female,Ahmedabad,Google Pixel,Android,7.6,42.7,123.4,199,3.1,8505,3.9,2.1,1651,Gaming
U03950,44,Other,Hyderabad,Vivo,iOS,8.0,9.4,6.0,81,1.1,7942,5.6,1.9,1181,Social Media
U03951,49,Male,Bangalore,Google Pixel,iOS,7.3,45.4,80.3,124,2.7,5591,4.1,0.3,135,Entertainment
U03952,53,Male,Kolkata,Realme,Android,6.3,15.8,21.3,33,0.6,332,6.6,2.5,986,Gaming
U03953,46,Other,Kolkata,Apple,iOS,2.2,5.9,67.8,160,5.3,8815,3.9,4.4,859,Social Media
U03954,59,Female,Jaipur,Vivo,iOS,7.7,34.0,138.0,185,0.6,3456,3.1,3.5,604,Education
U03955,47,Female,Ahmedabad,Oppo,iOS,11.3,26.0,52.4,149,4.8,2135,2.3,4.6,1600,Entertainment
U03956,33,Other,Ahmedabad,OnePlus,iOS,7.8,26.5,293.9,105,0.8,5390,0.7,1.0,1296,Work
U03957,22,Male,Pune,Xiaomi,Android,6.6,14.3,74.0,196,5.7,8755,6.2,0.4,1154,Work
U03958,42,Male,Pune,Apple,Android,9.5,24.9,222.5,134,4.3,2384,6.1,4.1,1200,Work
U03959,21,Female,Jaipur,Apple,iOS,8.3,2.7,266.0,169,3.6,5206,3.2,3.9,812,Entertainment
U03960,15,Female,Hyderabad,Vivo,Android,1.5,16.6,78.9,42,4.8,5215,1.8,2.8,680,Entertainment
U03961,53,Other,Delhi,Motorola,Android,11.1,4.0,261.9,142,1.8,8092,6.3,0.8,142,Gaming
U03962,56,Female,Delhi,Vivo,Android,6.9,18.4,245.6,34,0.9,4650,7.3,1.5,657,Education
U03963,51,Male,Hyderabad,Motorola,iOS,1.4,25.3,39.6,119,1.1,1077,1.8,1.4,666,Social Media
U03964,46,Other,Jaipur,Xiaomi,iOS,9.4,7.3,190.7,104,4.0,1583,6.2,3.1,450,Gaming
U03965,46,Female,Pune,Oppo,iOS,4.9,45.0,118.2,109,4.7,8768,6.0,0.9,661,Education
U03966,60,Female,Lucknow,Xiaomi,Android,5.0,42.6,229.0,32,2.4,7447,4.0,0.8,769,Education
U03967,25,Female,Hyderabad,Samsung,Android,11.5,15.8,163.8,15,4.1,7746,1.6,1.7,1783,Work
U03968,51,Male,Ahmedabad,Motorola,Android,7.7,48.1,105.4,47,3.8,7748,3.7,4.7,112,Social Media
U03969,41,Other,Hyderabad,Motorola,iOS,4.4,43.3,19.9,101,2.9,6242,4.5,5.0,660,Work
U03970,39,Male,Mumbai,Vivo,Android,11.7,47.1,44.3,194,5.6,921,3.1,1.4,1630,Gaming
U03971,28,Female,Pune,Realme,Android,1.2,22.5,178.6,126,1.3,9982,4.8,3.6,1684,Education
U03972,45,Female,Bangalore,Apple,iOS,2.5,15.7,243.4,32,2.4,9739,6.2,1.4,805,Entertainment
U03973,37,Male,Mumbai,Nokia,Android,11.7,11.5,21.6,113,4.0,1829,1.2,2.1,628,Social Media
U03974,56,Male,Delhi,Xiaomi,Android,2.3,44.0,8.4,42,2.8,1412,4.1,4.4,824,Work
U03975,49,Other,Kolkata,Oppo,Android,5.3,17.9,156.0,146,2.5,1171,3.7,3.7,1883,Social Media
U03976,44,Other,Mumbai,Samsung,Android,2.8,4.3,80.3,21,5.1,8322,4.8,2.6,933,Entertainment
U03977,32,Male,Jaipur,Samsung,Android,6.8,10.3,70.0,177,0.9,6806,1.1,1.3,842,Entertainment
U03978,27,Other,Kolkata,Realme,iOS,10.4,19.3,278.3,93,3.7,2717,0.6,2.6,673,Education
U03979,32,Male,Lucknow,Realme,iOS,11.9,44.8,11.0,96,5.2,6588,2.1,0.7,352,Entertainment
U03980,19,Male,Hyderabad,Realme,Android,5.4,12.0,263.1,126,3.4,1767,7.8,2.8,906,Education
U03981,33,Other,Hyderabad,Vivo,iOS,9.0,3.7,39.8,64,1.1,613,4.9,1.5,1891,Work
U03982,36,Male,Hyderabad,OnePlus,iOS,8.4,30.4,83.3,190,0.5,1755,6.8,3.1,1824,Education
U03983,32,Male,Jaipur,Google Pixel,iOS,4.4,36.1,116.5,193,3.4,5117,7.3,3.9,1012,Work
U03984,30,Male,Mumbai,OnePlus,iOS,10.3,46.5,186.4,43,2.2,3814,2.1,1.0,318,Entertainment
U03985,57,Female,Chennai,OnePlus,Android,10.3,29.3,28.6,51,5.3,4319,5.5,2.8,777,Work
U03986,36,Other,Chennai,Xiaomi,iOS,7.2,6.4,270.6,181,2.8,3798,4.9,1.3,1639,Gaming
U03987,24,Other,Chennai,Realme,iOS,8.3,27.0,266.3,200,4.6,8725,7.3,0.6,1534,Education
U03988,30,Male,Kolkata,Vivo,Android,11.6,7.1,122.6,54,1.3,4054,5.7,4.5,436,Gaming
U03989,43,Other,Ahmedabad,Apple,iOS,1.5,40.6,119.5,39,1.6,7543,7.4,2.5,1659,Education
U03990,37,Female,Kolkata,Motorola,iOS,9.4,12.2,72.2,26,4.9,569,6.2,4.9,923,Entertainment
U03991,36,Other,Mumbai,Realme,iOS,4.1,3.0,281.9,118,3.9,1597,7.8,3.6,539,Social Media
U03992,27,Other,Delhi,Realme,iOS,6.5,9.1,117.2,39,5.3,4366,5.9,1.4,1849,Work
U03993,26,Other,Ahmedabad,Xiaomi,iOS,8.8,18.2,11.9,76,3.3,4249,4.3,4.1,808,Work
U03994,18,Male,Lucknow,Vivo,Android,5.4,13.8,158.2,98,4.2,3890,6.3,0.3,537,Gaming
U03995,27,Other,Ahmedabad,Xiaomi,iOS,7.3,44.9,46.3,29,2.7,8878,7.9,2.0,1457,Entertainment
U03996,17,Male,Pune,Google Pixel,iOS,4.5,42.9,56.7,101,5.7,3260,6.7,0.9,1470,Social Media
U03997,59,Female,Bangalore,Motorola,Android,7.5,41.3,62.3,37,4.4,6307,0.8,2.2,362,Work
U03998,56,Male,Kolkata,Oppo,iOS,5.9,5.5,151.2,149,2.4,7699,6.8,0.2,468,Work
U03999,53,Other,Jaipur,Oppo,Android,7.4,15.1,42.4,100,5.6,8696,2.1,0.3,1948,Entertainment
U04000,19,Female,Chennai,Vivo,iOS,8.6,29.4,75.2,15,3.1,471,7.1,2.7,1200,Social Media
U04001,24,Other,Kolkata,Vivo,Android,3.3,26.6,47.0,108,4.1,9293,1.9,1.1,336,Education
U04002,21,Other,Ahmedabad,Motorola,iOS,5.5,39.8,43.9,118,1.6,9722,4.3,3.4,753,Social Media
U04003,25,Male,Mumbai,Motorola,iOS,2.9,16.8,165.5,62,1.9,3457,2.9,3.5,259,Social Media
U04004,24,Other,Delhi,Nokia,iOS,8.1,42.8,89.5,135,0.6,2888,3.6,1.1,1166,Gaming
U04005,36,Other,Hyderabad,Nokia,Android,4.2,5.3,92.8,194,4.8,2741,4.7,4.0,932,Entertainment
U04006,41,Female,Chennai,Nokia,iOS,2.9,7.9,121.5,174,3.9,3300,5.8,1.2,667,Social Media
U04007,55,Other,Bangalore,OnePlus,Android,11.1,43.1,104.5,177,5.9,8048,1.8,3.0,1855,Work
U04008,52,Other,Delhi,Xiaomi,iOS,8.1,39.3,91.9,82,5.7,5041,6.3,1.9,1065,Gaming
U04009,19,Male,Bangalore,Xiaomi,Android,5.2,4.0,290.2,60,5.0,1417,4.5,3.0,1721,Entertainment
U04010,59,Female,Ahmedabad,Google Pixel,Android,11.8,28.4,63.1,101,3.0,7974,2.9,3.6,938,Gaming
U04011,34,Male,Hyderabad,Realme,iOS,8.7,22.7,15.0,59,1.7,2204,2.8,0.7,1484,Entertainment
U04012,50,Male,Mumbai,Samsung,Android,11.4,24.5,135.9,127,4.7,4734,4.9,0.7,1957,Education
U04013,33,Other,Kolkata,Samsung,Android,9.7,49.9,211.6,183,5.5,5751,6.4,0.9,339,Gaming
U04014,47,Female,Lucknow,Oppo,Android,2.6,42.5,192.8,62,0.9,5624,7.1,2.2,616,Gaming
U04015,40,Other,Ahmedabad,Motorola,Android,5.8,41.9,216.2,123,2.8,6390,7.7,4.7,355,Work
U04016,53,Other,Hyderabad,Google Pixel,Android,2.6,18.0,229.6,10,1.5,1286,3.7,2.7,926,Entertainment
U04017,15,Male,Kolkata,Realme,iOS,2.7,13.7,143.8,115,1.8,6593,6.4,1.9,1337,Social Media
U04018,44,Male,Chennai,Google Pixel,iOS,6.0,32.8,30.5,112,1.5,4391,4.1,1.9,1588,Work
U04019,59,Female,Delhi,Vivo,Android,4.6,10.1,231.8,70,3.9,7515,5.4,1.0,1819,Social Media
U04020,50,Male,Bangalore,Oppo,iOS,8.0,32.4,293.1,33,4.3,8611,6.3,4.7,1615,Work
U04021,21,Male,Chennai,Oppo,iOS,8.0,25.3,71.2,66,4.7,9692,4.4,3.0,475,Education
U04022,44,Male,Delhi,Samsung,Android,3.9,21.4,59.0,61,5.8,9349,6.3,2.9,251,Gaming
U04023,33,Other,Ahmedabad,Nokia,Android,6.4,15.5,227.6,130,3.3,1189,7.5,4.5,212,Work
U04024,17,Male,Bangalore,Motorola,iOS,9.7,18.9,295.7,129,3.5,2879,2.3,3.3,1240,Entertainment
U04025,41,Male,Delhi,Google Pixel,iOS,2.9,42.1,11.5,82,1.5,7800,1.3,1.2,1536,Social Media
U04026,39,Female,Jaipur,OnePlus,iOS,3.7,4.9,220.6,167,1.9,4415,7.5,0.3,315,Work
U04027,24,Female,Pune,Xiaomi,iOS,6.7,31.1,159.4,197,4.6,179,2.6,0.2,1342,Entertainment
U04028,19,Female,Kolkata,OnePlus,Android,4.2,15.3,254.1,22,5.2,2150,7.1,1.2,1303,Entertainment
U04029,48,Other,Ahmedabad,Realme,Android,6.6,44.0,264.1,30,2.7,1104,3.0,4.1,1615,Gaming
U04030,53,Female,Delhi,Google Pixel,iOS,10.0,1.4,54.8,150,2.3,9543,4.5,2.6,1494,Work
U04031,60,Other,Hyderabad,Motorola,iOS,6.4,24.8,193.3,159,0.7,8080,1.3,0.6,1781,Education
U04032,16,Male,Kolkata,Vivo,iOS,11.7,5.8,161.6,69,4.9,1332,7.2,0.7,1403,Education
U04033,31,Male,Ahmedabad,Vivo,Android,7.7,19.2,190.1,123,2.9,792,6.9,1.3,1706,Gaming
U04034,56,Male,Chennai,OnePlus,iOS,1.3,40.9,166.8,58,3.8,1378,3.6,1.5,856,Entertainment
U04035,47,Female,Lucknow,Realme,Android,7.3,23.3,196.9,131,2.6,5323,6.4,0.9,1490,Work
U04036,38,Female,Delhi,OnePlus,iOS,1.1,24.1,212.2,15,3.5,1288,1.1,3.1,1577,Social Media
U04037,48,Other,Kolkata,Nokia,iOS,9.0,21.2,112.3,45,3.0,6127,2.0,5.0,419,Entertainment
U04038,53,Female,Pune,Xiaomi,Android,11.1,39.7,71.3,193,0.9,9711,5.5,2.3,1152,Social Media
U04039,22,Female,Delhi,Samsung,Android,10.4,10.0,158.3,90,5.3,5633,7.3,4.8,1221,Social Media
U04040,44,Other,Lucknow,Samsung,Android,7.8,18.0,98.5,51,2.6,8596,6.0,4.3,1167,Education
U04041,55,Other,Bangalore,OnePlus,iOS,10.9,39.6,80.2,196,3.4,1954,0.8,4.9,261,Social Media
U04042,15,Other,Lucknow,Google Pixel,Android,10.1,49.9,259.9,129,4.6,9515,7.3,3.4,387,Gaming
U04043,55,Female,Ahmedabad,Motorola,iOS,9.7,40.4,58.6,98,4.8,3419,2.4,0.1,1058,Social Media
U04044,48,Other,Kolkata,Apple,Android,3.3,9.2,38.6,104,2.7,9327,5.0,3.5,1567,Education
U04045,36,Other,Lucknow,Google Pixel,iOS,4.2,15.3,133.4,151,4.5,5395,3.8,3.4,1791,Gaming
U04046,15,Other,Chennai,Apple,Android,4.7,29.1,265.7,34,5.4,6315,3.4,1.0,1519,Social Media
U04047,51,Other,Jaipur,Google Pixel,Android,5.0,17.7,244.7,115,4.4,1776,5.3,0.0,1372,Social Media
U04048,41,Female,Chennai,Xiaomi,iOS,1.3,8.1,193.5,177,4.3,1974,3.9,3.0,1877,Work
U04049,45,Male,Mumbai,Nokia,iOS,9.0,49.6,193.2,103,2.5,1774,6.5,4.4,679,Education
U04050,48,Other,Delhi,Vivo,iOS,7.0,19.0,197.4,93,4.8,5052,2.1,0.5,1648,Gaming
U04051,55,Other,Bangalore,Nokia,iOS,4.0,41.0,169.4,99,2.8,8395,7.8,2.5,341,Gaming
U04052,29,Female,Bangalore,Xiaomi,Android,3.0,8.6,201.3,13,5.4,9361,6.1,3.6,665,Education
U04053,20,Other,Pune,Samsung,Android,2.0,23.8,31.6,157,4.1,1458,4.7,4.1,730,Work
U04054,42,Male,Chennai,Oppo,Android,10.4,35.3,233.2,156,2.5,8275,6.2,3.5,924,Education
U04055,30,Other,Ahmedabad,Nokia,iOS,6.3,34.4,274.8,126,5.3,4079,2.1,0.2,830,Education
U04056,37,Male,Kolkata,Xiaomi,Android,11.9,31.1,55.8,22,5.1,8004,7.8,4.0,715,Education
U04057,28,Male,Chennai,Nokia,Android,6.2,33.3,294.9,119,5.9,5775,7.0,3.6,1337,Work
U04058,42,Female,Ahmedabad,Google Pixel,iOS,5.6,20.9,219.4,66,5.7,4789,3.8,3.5,1594,Work
U04059,26,Male,Chennai,Realme,Android,11.5,39.6,92.7,166,5.9,982,5.2,4.9,1914,Social Media
U04060,49,Female,Jaipur,OnePlus,Android,11.1,28.2,256.3,169,4.5,6680,3.9,2.8,1662,Gaming
U04061,41,Other,Delhi,Oppo,Android,8.2,35.2,52.3,86,3.9,9078,1.3,2.6,1075,Social Media
U04062,20,Female,Pune,Google Pixel,Android,8.6,7.8,137.8,30,1.9,6938,7.7,0.5,1818,Gaming
U04063,19,Female,Bangalore,Realme,iOS,11.3,28.5,87.7,145,5.8,3971,4.3,1.7,1096,Work
U04064,41,Other,Ahmedabad,Motorola,iOS,9.6,3.3,226.5,118,2.0,263,5.5,3.1,1077,Education
U04065,46,Female,Bangalore,Realme,iOS,2.9,1.0,99.4,159,2.6,1387,7.1,3.6,771,Gaming
U04066,45,Female,Ahmedabad,Motorola,Android,3.8,37.8,281.2,72,3.0,9534,1.5,4.9,1951,Work
U04067,60,Female,Jaipur,Realme,Android,7.5,38.4,34.8,18,5.3,7087,6.3,1.1,976,Entertainment
U04068,57,Female,Mumbai,Realme,Android,2.3,38.1,95.9,141,4.7,6906,1.6,1.5,369,Entertainment
U04069,41,Male,Bangalore,Oppo,Android,2.1,33.0,73.9,11,5.7,270,4.9,2.1,1097,Education
U04070,40,Male,Hyderabad,Samsung,Android,8.4,40.9,120.9,161,0.9,2829,1.7,1.8,552,Gaming
U04071,48,Male,Kolkata,Oppo,Android,2.8,7.1,16.3,97,2.1,639,5.0,1.8,1997,Social Media
U04072,51,Female,Jaipur,OnePlus,iOS,10.0,3.1,66.7,104,1.5,8640,7.7,0.3,706,Gaming
U04073,15,Female,Bangalore,Samsung,iOS,7.2,2.6,218.0,91,1.8,6974,7.4,0.2,1008,Gaming
U04074,52,Male,Lucknow,Motorola,Android,2.0,45.0,139.8,195,2.8,2267,4.1,2.1,785,Gaming
U04075,37,Female,Lucknow,Realme,iOS,8.8,7.6,214.0,42,2.8,4274,0.8,3.7,1736,Work
U04076,43,Other,Jaipur,Vivo,iOS,5.7,8.5,101.4,19,4.2,880,2.2,1.9,257,Social Media
U04077,60,Female,Kolkata,OnePlus,iOS,9.0,22.2,124.4,71,4.8,7769,6.9,4.3,313,Education
U04078,33,Other,Jaipur,OnePlus,Android,5.8,26.3,217.0,56,1.0,4908,2.0,3.9,545,Gaming
U04079,50,Female,Pune,Oppo,iOS,5.2,36.7,103.4,20,5.5,9666,0.9,1.5,561,Work
U04080,57,Male,Kolkata,Motorola,Android,3.4,37.7,24.4,19,2.6,337,4.1,0.8,1103,Entertainment
U04081,43,Male,Mumbai,Google Pixel,iOS,11.1,8.2,71.9,17,1.0,3151,3.2,1.5,1297,Social Media
U04082,25,Other,Ahmedabad,Xiaomi,Android,11.3,29.8,221.4,97,1.1,1263,6.3,1.7,504,Entertainment
U04083,54,Female,Pune,OnePlus,iOS,9.2,48.3,45.1,100,5.6,5571,5.1,4.9,1301,Work
U04084,54,Other,Lucknow,Google Pixel,iOS,2.6,48.6,172.3,72,4.2,2097,0.7,3.8,1843,Gaming
U04085,56,Other,Jaipur,Realme,iOS,7.8,8.2,26.8,162,4.8,3753,2.1,3.8,751,Entertainment
U04086,47,Male,Chennai,Apple,iOS,11.2,32.4,187.1,119,2.3,7837,3.5,0.6,924,Work
U04087,37,Other,Jaipur,Motorola,iOS,9.9,20.7,151.4,12,1.1,344,4.8,0.2,1179,Gaming
U04088,53,Male,Jaipur,Apple,iOS,1.3,48.7,185.7,101,2.3,2046,5.9,3.5,1332,Work
U04089,37,Female,Bangalore,Motorola,iOS,4.2,36.5,212.2,184,1.4,468,3.8,1.1,585,Entertainment
U04090,56,Male,Chennai,Motorola,iOS,10.7,26.9,199.3,159,2.9,1545,1.9,4.6,226,Gaming
U04091,16,Other,Pune,Oppo,Android,4.7,8.1,178.0,133,4.0,3760,3.7,1.7,620,Work
U04092,57,Other,Kolkata,Motorola,iOS,3.1,31.7,147.2,50,2.3,321,1.2,2.9,1426,Work
U04093,16,Female,Kolkata,Nokia,iOS,10.0,28.9,18.7,179,5.5,1516,1.5,1.4,1233,Entertainment
U04094,48,Male,Bangalore,Google Pixel,Android,1.4,34.0,267.1,24,3.8,1025,5.6,4.6,249,Social Media
U04095,31,Female,Jaipur,Realme,Android,4.5,8.0,177.3,185,1.4,259,7.2,1.1,695,Entertainment
U04096,57,Male,Kolkata,Google Pixel,Android,1.3,29.4,191.7,164,2.8,9326,1.7,4.1,160,Work
U04097,49,Female,Jaipur,Realme,Android,3.0,49.0,156.3,175,2.4,4969,1.6,0.6,154,Entertainment
U04098,18,Other,Hyderabad,Realme,Android,3.1,14.8,6.6,51,4.3,889,4.5,3.1,1185,Education
U04099,59,Female,Chennai,Apple,iOS,9.4,4.2,208.4,51,0.9,9006,1.9,0.5,241,Gaming
U04100,42,Male,Chennai,Realme,iOS,9.8,14.5,138.7,167,5.3,8655,1.7,5.0,724,Social Media
U04101,57,Male,Kolkata,Google Pixel,Android,3.9,46.6,183.7,58,1.4,6039,2.1,3.1,1830,Gaming
U04102,27,Female,Chennai,Realme,Android,2.9,37.9,147.0,110,5.6,1278,6.3,3.1,671,Education
U04103,55,Other,Ahmedabad,Google Pixel,Android,5.1,4.9,45.0,116,2.1,7953,4.5,0.7,1462,Work
U04104,25,Male,Ahmedabad,Xiaomi,iOS,4.4,39.0,60.6,70,0.7,4315,1.5,1.0,1536,Entertainment
U04105,60,Other,Jaipur,Google Pixel,iOS,9.6,10.7,200.7,176,3.3,4080,2.3,1.8,108,Social Media
U04106,24,Other,Kolkata,Vivo,Android,10.5,27.0,112.2,148,1.8,5296,2.4,4.8,315,Gaming
U04107,60,Female,Kolkata,Motorola,iOS,9.7,36.7,144.5,59,1.8,7848,6.1,0.6,1130,Gaming
U04108,43,Other,Kolkata,Vivo,Android,8.8,39.3,79.0,50,0.6,8694,4.6,0.9,1014,Education
U04109,47,Male,Lucknow,Samsung,iOS,9.9,39.4,18.7,67,0.7,2958,1.9,1.9,1137,Gaming
U04110,49,Other,Chennai,Google Pixel,Android,8.1,49.3,252.5,147,5.5,1287,2.9,3.6,1585,Work
U04111,27,Female,Jaipur,Apple,iOS,6.7,1.7,208.9,107,3.3,8332,5.5,3.2,294,Social Media
U04112,25,Other,Jaipur,OnePlus,iOS,4.9,8.0,299.0,113,4.1,7327,5.2,3.2,1244,Education
U04113,40,Male,Hyderabad,Xiaomi,Android,8.5,2.6,82.9,103,4.2,9146,0.9,4.3,1062,Gaming
U04114,39,Other,Delhi,Vivo,Android,9.3,47.3,227.8,46,0.7,6686,7.3,2.2,902,Social Media
U04115,15,Male,Pune,Google Pixel,iOS,7.1,38.8,62.5,171,5.6,4120,1.6,2.4,548,Gaming
U04116,17,Female,Ahmedabad,Vivo,Android,11.1,36.4,119.0,166,5.4,8631,3.2,0.5,1922,Social Media
U04117,31,Female,Pune,OnePlus,Android,3.7,2.5,21.0,68,2.4,6330,7.3,2.9,1909,Entertainment
U04118,30,Female,Jaipur,OnePlus,iOS,6.0,12.6,110.9,165,0.8,4545,4.7,1.8,1522,Work
U04119,49,Female,Mumbai,Vivo,iOS,11.1,13.8,100.3,156,1.2,7616,5.2,4.6,327,Social Media
U04120,20,Other,Pune,Apple,Android,10.7,20.6,154.8,84,0.5,9935,6.5,0.4,535,Entertainment
U04121,60,Other,Bangalore,Motorola,iOS,7.9,32.8,27.9,89,5.1,2815,3.9,3.6,1206,Work
U04122,60,Other,Chennai,Google Pixel,Android,8.9,27.4,259.7,154,1.9,2644,7.9,1.5,410,Social Media
U04123,22,Male,Bangalore,Samsung,iOS,5.2,25.3,26.1,168,5.1,4758,7.2,3.3,1174,Work
U04124,51,Female,Mumbai,Nokia,Android,10.4,48.0,155.7,187,4.1,9353,1.3,1.3,1369,Social Media
U04125,39,Female,Mumbai,Apple,iOS,11.8,13.9,214.2,116,3.0,4534,1.4,0.9,746,Work
U04126,53,Female,Jaipur,Google Pixel,Android,6.8,24.1,213.5,184,6.0,4713,1.2,4.2,536,Work
U04127,52,Male,Pune,Xiaomi,Android,11.5,42.2,261.9,77,0.7,9352,4.6,2.6,1813,Gaming
U04128,38,Female,Mumbai,Google Pixel,Android,5.4,46.5,51.1,174,4.0,6673,4.7,2.0,630,Social Media
U04129,23,Other,Hyderabad,Vivo,iOS,2.6,8.0,169.1,16,4.9,1346,2.7,0.4,1537,Gaming
U04130,44,Other,Kolkata,Vivo,iOS,6.5,36.9,47.8,81,5.8,3249,0.6,3.1,1401,Work
U04131,24,Female,Mumbai,Realme,Android,10.4,48.4,80.4,30,4.5,2805,2.5,4.1,1006,Entertainment
U04132,47,Other,Pune,Realme,iOS,7.7,10.6,16.3,159,2.1,6610,1.0,0.9,1256,Gaming
U04133,40,Female,Mumbai,OnePlus,iOS,7.8,9.3,24.7,146,2.3,2393,4.1,3.2,1488,Social Media
U04134,56,Male,Hyderabad,Vivo,Android,7.0,9.0,275.0,64,0.6,2235,3.0,2.5,1546,Gaming
U04135,34,Other,Kolkata,Oppo,Android,9.3,28.0,106.8,27,5.6,3043,3.8,3.0,1051,Entertainment
U04136,27,Female,Mumbai,Nokia,iOS,4.4,30.7,254.2,191,5.1,8746,4.5,3.8,853,Education
U04137,51,Female,Mumbai,Google Pixel,Android,2.8,40.9,50.2,119,2.7,9940,4.6,0.2,1857,Work
U04138,20,Male,Hyderabad,Google Pixel,Android,4.8,45.2,74.5,44,1.1,4681,5.0,4.4,957,Gaming
U04139,52,Other,Chennai,Motorola,iOS,6.3,43.5,216.8,103,3.7,4056,7.8,4.3,1623,Entertainment
U04140,24,Other,Chennai,Apple,Android,2.0,10.5,103.6,158,4.5,713,3.2,2.9,1117,Social Media
U04141,39,Female,Mumbai,Google Pixel,Android,5.6,27.9,114.4,73,4.0,5691,1.1,3.9,785,Social Media
U04142,21,Male,Delhi,Nokia,Android,9.7,1.7,33.4,176,5.4,8894,3.9,2.1,231,Entertainment
U04143,22,Male,Mumbai,Vivo,Android,7.4,39.8,65.8,168,5.1,5142,5.8,3.5,350,Entertainment
U04144,52,Male,Hyderabad,Xiaomi,Android,6.9,40.7,20.8,49,4.8,8440,2.9,1.5,434,Social Media
U04145,56,Female,Chennai,Vivo,iOS,9.0,15.9,165.2,145,5.7,5651,7.5,2.4,241,Education
U04146,45,Male,Chennai,Google Pixel,iOS,3.3,2.6,192.9,43,2.6,4952,6.0,3.2,853,Work
U04147,59,Female,Mumbai,Nokia,iOS,5.9,21.0,47.3,163,1.4,8003,1.8,2.1,1098,Education
U04148,34,Male,Jaipur,OnePlus,iOS,6.1,15.7,299.9,123,4.5,7805,1.9,0.6,1349,Gaming
U04149,29,Female,Ahmedabad,Samsung,iOS,1.2,43.1,229.8,13,2.8,6603,2.9,3.3,1231,Work
U04150,43,Male,Bangalore,Realme,Android,8.8,43.3,121.2,111,4.8,6272,3.8,4.1,656,Gaming
U04151,49,Male,Delhi,Vivo,Android,10.8,31.1,163.4,189,2.8,3870,3.1,0.4,679,Work
U04152,17,Male,Kolkata,Xiaomi,Android,5.7,48.7,235.2,85,0.7,5396,2.6,1.7,1214,Social Media
U04153,43,Male,Lucknow,Xiaomi,Android,9.4,15.4,262.1,46,4.3,4415,2.8,1.0,847,Social Media
U04154,17,Female,Delhi,Nokia,Android,3.0,2.6,268.5,83,3.2,7759,0.7,3.8,1260,Work
U04155,19,Female,Kolkata,Oppo,Android,4.3,24.4,282.9,60,4.0,9256,1.5,1.0,912,Education
U04156,29,Female,Kolkata,OnePlus,Android,2.4,48.9,257.8,106,4.4,6392,5.7,0.9,1682,Work
U04157,26,Male,Hyderabad,Google Pixel,Android,1.7,27.3,180.2,189,3.2,9624,5.0,4.1,1781,Work
U04158,37,Other,Hyderabad,Nokia,Android,11.6,44.0,238.5,128,0.9,5246,6.7,4.3,748,Entertainment
U04159,37,Female,Bangalore,Motorola,Android,1.6,33.7,152.0,17,1.0,112,5.0,0.5,1080,Gaming
U04160,21,Female,Kolkata,Apple,Android,4.2,48.0,263.0,104,4.8,1337,7.7,3.2,1093,Work
U04161,18,Female,Ahmedabad,Motorola,iOS,5.4,4.9,56.5,153,5.9,4111,1.6,0.7,1987,Work
U04162,27,Male,Pune,Motorola,iOS,10.8,12.7,102.9,93,4.2,7234,0.9,4.4,1530,Gaming
U04163,22,Female,Pune,OnePlus,iOS,7.3,23.7,211.3,77,3.7,1921,2.8,0.8,1721,Work
U04164,15,Male,Mumbai,OnePlus,iOS,4.0,29.6,268.4,27,4.2,5648,4.0,0.7,606,Work
U04165,47,Male,Pune,Motorola,iOS,1.5,37.2,26.7,162,3.9,2300,2.2,1.4,165,Social Media
U04166,17,Male,Ahmedabad,Apple,Android,3.1,1.7,282.7,40,4.2,2858,7.0,4.8,1081,Social Media
U04167,24,Female,Ahmedabad,Oppo,Android,1.0,42.4,11.1,66,2.5,1220,2.4,4.6,701,Work
U04168,30,Male,Chennai,Xiaomi,Android,9.8,7.1,124.6,69,1.8,2292,2.3,2.8,995,Gaming
U04169,31,Male,Jaipur,OnePlus,Android,11.2,29.2,18.8,116,4.9,8590,5.5,3.9,1942,Gaming
U04170,38,Male,Kolkata,Oppo,iOS,3.7,14.1,195.1,198,2.0,5798,3.0,2.2,680,Gaming
U04171,46,Male,Ahmedabad,Xiaomi,iOS,6.8,47.8,153.1,82,2.8,135,3.0,0.4,1415,Gaming
U04172,60,Female,Delhi,Vivo,Android,2.8,4.6,44.6,23,1.3,2798,5.0,2.0,447,Work
U04173,38,Other,Delhi,Xiaomi,iOS,3.8,46.6,218.1,40,2.4,2959,2.1,3.3,493,Entertainment
U04174,21,Other,Mumbai,Oppo,Android,7.7,35.6,10.7,158,5.9,3299,8.0,2.3,213,Entertainment
U04175,59,Other,Mumbai,Vivo,iOS,9.3,21.7,86.2,18,3.3,2571,3.7,2.0,798,Gaming
U04176,32,Female,Lucknow,Nokia,Android,1.1,48.7,272.4,47,2.2,3738,5.5,3.0,1088,Education
U04177,46,Other,Lucknow,Xiaomi,iOS,11.2,11.2,46.3,19,4.6,4793,2.6,3.4,1016,Social Media
U04178,59,Female,Pune,Google Pixel,Android,3.9,34.4,192.5,93,2.7,3888,4.5,0.6,1959,Social Media
U04179,49,Other,Bangalore,Realme,iOS,12.0,16.2,60.8,192,3.7,1988,6.9,1.9,628,Education
U04180,54,Female,Ahmedabad,Oppo,iOS,5.5,39.4,207.3,122,0.5,1097,7.1,4.6,698,Education
U04181,32,Other,Mumbai,OnePlus,Android,1.9,43.1,293.0,17,0.8,7711,6.2,3.4,921,Entertainment
U04182,51,Other,Ahmedabad,OnePlus,Android,2.1,6.5,191.6,158,1.6,6622,2.4,3.1,1042,Social Media
U04183,15,Male,Delhi,Realme,iOS,9.9,19.9,173.2,65,5.3,9692,1.1,3.3,1068,Gaming
U04184,23,Female,Jaipur,OnePlus,Android,11.7,29.6,273.9,119,3.1,2324,5.2,2.0,584,Entertainment
U04185,53,Female,Kolkata,Motorola,Android,5.1,45.7,249.8,79,4.6,6762,4.3,0.4,160,Work
U04186,26,Male,Mumbai,Google Pixel,iOS,8.3,30.9,21.5,54,1.3,701,7.3,1.4,1056,Education
U04187,24,Male,Hyderabad,OnePlus,iOS,7.1,40.1,50.7,184,5.8,6184,1.0,2.8,1501,Education
U04188,58,Male,Jaipur,Apple,iOS,4.3,19.9,46.8,74,1.4,475,7.0,2.6,1323,Entertainment
U04189,41,Female,Jaipur,Xiaomi,iOS,9.8,42.9,295.4,134,5.3,9325,6.4,5.0,1216,Entertainment
U04190,30,Other,Lucknow,Oppo,iOS,3.5,26.0,282.3,197,1.8,3204,6.3,3.1,724,Work
U04191,23,Female,Hyderabad,Xiaomi,Android,9.7,26.2,292.2,26,1.8,2853,0.6,4.6,1330,Education
U04192,19,Male,Hyderabad,Nokia,iOS,7.9,31.5,37.8,132,1.8,4390,2.5,2.8,1009,Work
U04193,20,Other,Bangalore,Nokia,Android,9.7,20.6,23.8,159,2.7,811,4.6,2.5,261,Work
U04194,20,Other,Kolkata,Apple,Android,8.3,16.5,155.6,180,2.5,3324,4.1,1.7,1305,Social Media
U04195,26,Other,Delhi,Realme,iOS,8.3,37.0,230.7,41,1.3,2571,0.6,1.5,720,Education
U04196,48,Female,Bangalore,Samsung,iOS,7.5,23.8,227.3,167,4.4,8373,7.6,0.8,1164,Gaming
U04197,15,Male,Delhi,Realme,iOS,8.2,8.4,78.0,195,0.5,9175,5.7,3.4,1288,Entertainment
U04198,26,Male,Delhi,Samsung,Android,8.5,46.9,47.9,56,4.9,3878,2.9,2.7,488,Entertainment
U04199,54,Other,Chennai,Oppo,iOS,8.7,17.2,110.7,108,5.1,8240,2.9,2.0,1207,Gaming
U04200,58,Female,Bangalore,Xiaomi,Android,1.0,4.8,78.4,49,2.6,8891,5.6,1.2,1545,Work
U04201,37,Male,Delhi,Samsung,Android,5.9,24.1,200.6,11,0.6,3021,3.2,2.5,697,Entertainment
U04202,28,Female,Ahmedabad,OnePlus,Android,11.1,29.7,16.0,18,5.1,5749,6.1,0.6,1818,Education
U04203,46,Male,Pune,Google Pixel,Android,11.3,46.3,127.3,10,3.0,4611,7.7,0.5,1178,Work
U04204,23,Male,Bangalore,Nokia,Android,9.1,11.8,111.3,45,5.6,9202,5.4,1.9,1939,Entertainment
U04205,48,Female,Mumbai,Vivo,iOS,2.9,46.4,61.2,92,5.6,9916,7.7,0.1,723,Work
U04206,26,Female,Pune,Nokia,Android,3.9,1.8,268.1,37,4.3,2298,7.3,2.3,1287,Social Media
U04207,29,Male,Delhi,Oppo,Android,1.3,10.2,25.8,36,4.4,1922,3.7,1.0,256,Social Media
U04208,42,Male,Pune,Xiaomi,Android,9.4,49.3,121.4,38,5.3,7972,6.6,0.6,900,Education
U04209,42,Other,Kolkata,OnePlus,Android,10.9,26.2,252.1,71,2.0,6921,6.8,1.1,1766,Education
U04210,18,Other,Lucknow,Motorola,Android,4.5,4.2,234.8,159,5.8,9199,4.1,1.1,1550,Education
U04211,32,Female,Lucknow,Oppo,Android,5.1,27.2,169.8,147,3.2,5085,7.8,4.5,1673,Work
U04212,45,Male,Delhi,Google Pixel,Android,11.0,36.6,255.3,25,5.8,4348,1.1,0.7,417,Social Media
U04213,18,Other,Pune,Vivo,Android,4.0,43.4,274.3,33,2.7,7203,1.9,1.1,715,Education
U04214,55,Other,Mumbai,OnePlus,iOS,2.5,2.0,102.5,105,3.4,2293,5.0,5.0,1495,Entertainment
U04215,60,Female,Jaipur,Oppo,Android,10.0,28.0,297.5,62,1.8,5726,1.9,1.4,652,Gaming
U04216,58,Male,Pune,Vivo,iOS,4.6,15.5,166.3,41,4.9,2422,2.8,2.5,1786,Entertainment
U04217,47,Other,Hyderabad,Samsung,Android,3.5,47.2,224.9,193,5.7,5748,7.5,3.2,1503,Education
U04218,58,Female,Lucknow,Nokia,iOS,8.5,42.0,59.0,17,2.3,7466,2.4,4.2,1235,Work
U04219,26,Other,Ahmedabad,Google Pixel,iOS,5.0,44.3,247.8,152,5.7,8906,6.9,3.6,1396,Social Media
U04220,20,Male,Delhi,Google Pixel,Android,10.3,21.2,125.6,148,4.9,5490,7.0,4.3,746,Social Media
U04221,35,Male,Mumbai,Oppo,Android,6.5,7.2,146.9,59,4.2,2103,1.5,1.2,1715,Education
U04222,15,Male,Delhi,Motorola,iOS,7.7,38.9,214.1,136,3.3,5055,6.3,2.1,1053,Gaming
U04223,25,Male,Pune,Vivo,iOS,8.1,43.2,7.2,42,3.3,5807,1.2,2.1,334,Gaming
U04224,19,Female,Jaipur,Vivo,iOS,5.7,25.9,278.1,35,5.8,1403,0.6,4.3,446,Education
U04225,38,Female,Kolkata,Oppo,iOS,10.5,21.1,236.5,64,1.7,2640,6.9,0.1,1788,Gaming
U04226,17,Male,Kolkata,Vivo,Android,10.0,3.2,139.9,180,0.9,6337,4.3,4.5,814,Entertainment
U04227,19,Female,Mumbai,Nokia,iOS,4.5,17.3,228.8,87,5.9,4358,5.6,3.2,1299,Social Media
U04228,30,Female,Pune,Google Pixel,Android,4.0,33.0,144.0,48,2.0,3524,3.7,4.7,1704,Entertainment
U04229,24,Female,Hyderabad,Nokia,iOS,5.6,20.0,126.3,166,4.9,3824,8.0,4.5,252,Education
U04230,60,Male,Hyderabad,Google Pixel,Android,6.8,45.5,194.0,22,4.3,3558,1.0,0.0,227,Work
U04231,40,Other,Hyderabad,Vivo,iOS,9.1,8.1,218.1,17,3.9,3368,3.3,3.3,1190,Education
U04232,52,Female,Kolkata,Vivo,Android,3.5,44.3,215.7,68,5.1,7070,2.1,0.4,562,Entertainment
U04233,34,Female,Ahmedabad,Samsung,Android,3.6,48.5,113.9,19,4.2,4795,6.0,2.8,1575,Entertainment
U04234,51,Other,Delhi,Realme,iOS,4.3,47.7,261.9,174,1.9,1124,2.7,3.8,911,Social Media
U04235,15,Female,Ahmedabad,Nokia,Android,1.2,28.5,79.0,62,5.1,1950,5.5,4.0,108,Education
U04236,58,Male,Kolkata,Vivo,Android,7.6,22.5,58.2,83,0.8,9247,2.9,3.4,501,Social Media
U04237,24,Female,Bangalore,Apple,Android,5.5,39.7,203.5,34,5.0,7766,0.7,2.6,162,Education
U04238,38,Other,Jaipur,OnePlus,Android,1.4,37.3,56.6,154,4.7,2510,2.9,4.0,690,Education
U04239,49,Female,Kolkata,Samsung,Android,2.4,3.2,267.2,180,2.1,4100,2.4,0.1,161,Gaming
U04240,40,Female,Lucknow,OnePlus,Android,8.9,1.1,89.3,65,5.2,546,2.8,0.4,1600,Social Media
U04241,15,Female,Lucknow,Samsung,iOS,7.0,31.1,187.3,189,4.6,3739,4.2,3.1,1918,Education
U04242,44,Female,Pune,Oppo,Android,10.5,37.9,75.9,13,1.9,1985,4.6,0.1,1503,Education
U04243,26,Female,Delhi,Apple,Android,3.9,29.9,9.4,89,0.9,6524,3.7,1.8,898,Work
U04244,29,Other,Chennai,Oppo,Android,1.5,5.1,138.5,120,1.5,3396,3.3,4.5,1988,Entertainment
U04245,56,Male,Hyderabad,Google Pixel,Android,10.0,39.5,105.5,59,5.0,6566,3.9,0.9,1999,Gaming
U04246,35,Female,Delhi,Google Pixel,Android,9.6,42.4,15.7,10,3.5,2771,7.6,1.0,623,Gaming
U04247,49,Male,Kolkata,Samsung,iOS,6.3,37.4,289.2,166,5.8,9374,3.0,1.8,1252,Entertainment
U04248,17,Male,Pune,Xiaomi,iOS,6.9,19.9,78.6,162,0.7,5253,1.6,3.1,216,Education
U04249,41,Other,Ahmedabad,Apple,iOS,4.4,16.6,110.9,117,5.2,1256,4.2,4.8,1690,Gaming
U04250,20,Female,Pune,Google Pixel,iOS,11.9,43.0,79.8,118,3.6,3036,3.0,3.5,1161,Entertainment
U04251,26,Other,Jaipur,Oppo,iOS,5.7,25.8,238.0,175,4.6,5960,4.7,2.3,1287,Social Media
U04252,47,Other,Delhi,Nokia,Android,11.3,23.2,34.0,161,2.6,9143,2.7,1.9,542,Gaming
U04253,54,Female,Pune,Oppo,Android,11.4,44.9,96.3,164,1.0,9959,2.4,2.0,1734,Entertainment
U04254,36,Male,Chennai,Motorola,Android,5.0,31.4,147.3,135,4.0,7735,4.2,2.6,1455,Entertainment
U04255,25,Male,Chennai,Motorola,iOS,9.1,38.7,280.3,200,5.0,9609,5.5,3.2,1837,Work
U04256,40,Female,Lucknow,Motorola,Android,6.6,31.4,109.0,81,0.8,6229,7.8,1.1,1323,Work
U04257,41,Other,Kolkata,OnePlus,Android,3.6,45.1,257.0,153,5.5,5858,3.2,0.2,351,Education
U04258,22,Male,Kolkata,Vivo,Android,2.0,19.8,154.6,54,1.8,3523,5.9,0.6,644,Gaming
U04259,28,Other,Delhi,Motorola,Android,3.5,25.4,82.1,167,3.3,4530,4.3,2.7,1746,Gaming
U04260,51,Male,Hyderabad,Realme,Android,2.2,5.7,215.7,100,1.6,7367,3.4,2.3,624,Work
U04261,18,Male,Pune,Realme,iOS,1.1,18.5,99.0,33,1.3,2889,4.2,4.1,212,Education
U04262,58,Female,Ahmedabad,Nokia,Android,7.1,3.6,185.6,133,2.9,3865,6.8,4.3,182,Social Media
U04263,28,Other,Ahmedabad,Motorola,Android,10.0,31.0,88.9,169,5.3,842,6.7,0.7,380,Social Media
U04264,57,Female,Ahmedabad,Apple,iOS,7.8,38.4,274.2,127,4.4,2331,0.8,0.5,1379,Education
U04265,44,Female,Bangalore,Google Pixel,Android,2.1,18.1,54.6,182,1.7,6079,2.0,3.6,1556,Work
U04266,33,Female,Mumbai,OnePlus,Android,12.0,25.0,147.1,68,4.9,9904,4.7,1.6,1221,Work
U04267,41,Other,Bangalore,Oppo,iOS,4.1,8.4,23.5,128,6.0,6473,2.9,1.3,1135,Education
U04268,47,Male,Kolkata,Realme,Android,1.7,18.0,138.5,79,4.9,3228,4.5,3.6,130,Work
U04269,32,Other,Jaipur,Xiaomi,iOS,3.0,6.1,187.8,79,5.0,3555,2.6,3.3,1981,Social Media
U04270,46,Male,Delhi,Nokia,iOS,1.6,46.5,33.4,90,4.4,9722,7.4,3.8,577,Entertainment
U04271,53,Other,Ahmedabad,Samsung,Android,8.0,5.8,31.1,90,1.8,5723,7.4,1.8,1931,Education
U04272,43,Male,Jaipur,Xiaomi,Android,12.0,17.4,66.7,76,0.6,2761,8.0,0.7,507,Social Media
U04273,21,Male,Hyderabad,Realme,iOS,1.2,14.8,56.6,194,3.8,1054,0.8,2.8,1910,Education
U04274,53,Other,Kolkata,Samsung,Android,10.4,21.5,139.1,165,2.6,2793,7.7,1.0,1295,Work
U04275,31,Male,Lucknow,Google Pixel,Android,4.9,13.6,150.4,64,2.3,8720,0.9,0.9,141,Work
U04276,44,Other,Mumbai,OnePlus,Android,3.2,31.1,18.4,18,2.9,2781,7.8,4.6,1335,Entertainment
U04277,58,Male,Kolkata,OnePlus,iOS,1.1,46.4,156.4,188,4.4,2218,1.5,2.6,1763,Entertainment
U04278,55,Other,Hyderabad,Apple,iOS,6.7,49.7,261.7,149,4.2,8348,2.0,2.4,1581,Education
U04279,29,Other,Kolkata,Samsung,iOS,6.3,9.1,298.6,39,4.2,4134,1.9,3.6,1164,Social Media
U04280,29,Female,Hyderabad,Nokia,Android,10.3,31.6,77.4,199,5.1,1970,2.1,2.4,288,Education
U04281,22,Other,Hyderabad,Motorola,Android,1.3,5.8,256.3,56,1.4,9388,5.8,0.8,1027,Education
U04282,37,Other,Ahmedabad,Apple,iOS,4.9,14.1,79.1,151,2.9,7618,6.9,2.7,1918,Gaming
U04283,52,Male,Jaipur,Vivo,Android,11.9,14.6,70.4,164,4.4,7198,7.6,3.6,1382,Work
U04284,35,Female,Delhi,Apple,iOS,11.7,20.3,126.0,80,0.8,564,6.7,1.9,712,Education
U04285,52,Other,Mumbai,Vivo,iOS,7.1,3.1,299.2,37,5.5,2217,2.1,2.2,1755,Social Media
U04286,31,Other,Chennai,OnePlus,iOS,8.0,49.9,110.8,41,1.3,5828,3.7,0.2,315,Work
U04287,53,Other,Lucknow,Xiaomi,iOS,9.6,25.7,38.5,171,3.0,9333,5.0,3.3,1216,Work
U04288,15,Male,Jaipur,Nokia,Android,2.5,6.8,269.9,183,4.2,7777,6.1,0.8,1628,Social Media
U04289,19,Other,Ahmedabad,Oppo,Android,8.4,35.5,167.9,83,5.5,7569,2.1,3.1,589,Gaming
U04290,16,Male,Kolkata,OnePlus,Android,7.1,9.9,12.2,64,2.6,2900,5.9,1.6,1106,Entertainment
U04291,44,Other,Jaipur,Nokia,iOS,3.3,48.5,179.5,156,2.1,656,5.0,1.2,1048,Work
U04292,51,Male,Mumbai,Motorola,iOS,11.2,4.8,213.2,89,5.8,1827,2.4,3.1,1528,Entertainment
U04293,56,Other,Chennai,Motorola,iOS,6.8,29.2,219.5,82,4.8,8703,1.4,3.7,1294,Education
U04294,36,Female,Bangalore,Oppo,iOS,3.7,31.6,82.5,14,5.7,5004,5.7,0.9,1131,Entertainment
U04295,19,Male,Pune,Nokia,Android,11.3,27.9,260.5,33,1.0,7016,1.8,3.4,1634,Gaming
U04296,24,Other,Pune,Motorola,iOS,6.6,46.8,149.3,146,1.5,8032,2.3,1.8,759,Work
U04297,22,Female,Bangalore,OnePlus,iOS,1.8,8.7,244.3,144,1.1,7258,7.5,0.5,407,Entertainment
U04298,19,Male,Pune,OnePlus,Android,3.4,5.5,67.0,159,1.2,5568,2.3,4.7,1766,Gaming
U04299,22,Female,Hyderabad,Apple,iOS,4.0,22.4,139.6,76,2.6,7350,1.6,2.2,270,Work
U04300,56,Male,Delhi,Xiaomi,Android,11.0,24.4,119.2,42,1.5,4014,4.4,2.0,1493,Gaming
U04301,22,Male,Jaipur,Google Pixel,Android,11.9,3.3,116.3,71,4.3,2415,7.0,2.5,1008,Social Media
U04302,40,Female,Delhi,Apple,Android,1.6,36.0,49.9,139,5.7,3900,1.4,0.9,550,Social Media
U04303,15,Female,Kolkata,Xiaomi,Android,1.1,6.6,130.1,176,0.6,5369,1.3,3.3,619,Education
U04304,46,Other,Kolkata,Samsung,Android,8.8,9.8,178.9,140,2.5,7063,0.7,4.5,1388,Social Media
U04305,30,Male,Bangalore,Motorola,Android,4.4,5.1,70.4,114,2.4,4049,5.4,4.2,1230,Gaming
U04306,18,Female,Lucknow,Samsung,Android,6.5,1.2,258.1,193,4.7,2166,7.9,1.8,141,Social Media
U04307,56,Male,Delhi,Samsung,iOS,8.3,47.7,152.7,127,0.9,9395,7.1,1.5,1059,Work
U04308,15,Male,Kolkata,Realme,iOS,8.6,30.9,72.4,135,3.5,9039,1.2,4.9,609,Education
U04309,25,Male,Delhi,Samsung,Android,2.9,10.2,112.2,20,1.9,3430,1.0,3.3,1362,Education
U04310,51,Female,Hyderabad,Realme,Android,9.8,11.1,89.7,158,5.0,8860,0.7,1.0,448,Gaming
U04311,20,Other,Bangalore,Motorola,iOS,5.1,14.7,67.2,111,4.7,8779,2.0,2.4,1634,Education
U04312,59,Female,Hyderabad,Nokia,Android,10.9,41.4,112.9,108,2.8,1779,6.2,0.0,187,Social Media
U04313,43,Female,Ahmedabad,Vivo,iOS,1.0,1.9,253.2,59,5.1,8005,3.7,1.0,822,Work
U04314,32,Other,Jaipur,Apple,iOS,7.1,13.1,87.0,172,5.0,2694,1.9,4.6,489,Social Media
U04315,32,Other,Kolkata,Nokia,Android,5.2,32.9,277.6,193,3.7,2813,5.4,1.5,772,Education
U04316,52,Male,Pune,Vivo,iOS,2.3,10.7,210.1,10,3.9,1779,6.0,0.2,1231,Work
U04317,48,Female,Kolkata,Xiaomi,Android,2.6,10.4,83.0,125,1.7,3883,2.8,1.4,935,Education
U04318,41,Female,Mumbai,Apple,Android,4.7,19.9,206.9,33,5.9,2333,3.9,1.9,1381,Entertainment
U04319,45,Female,Ahmedabad,Nokia,Android,4.2,38.2,146.2,163,2.0,2998,7.0,2.4,503,Gaming
U04320,35,Other,Delhi,Google Pixel,Android,9.9,23.5,252.2,88,3.6,7771,5.9,4.3,736,Entertainment
U04321,56,Other,Hyderabad,Samsung,Android,4.4,6.8,32.8,69,5.8,1758,2.0,4.8,1477,Social Media
U04322,32,Other,Jaipur,Realme,Android,3.5,10.8,94.8,169,0.8,9936,2.1,1.5,738,Work
U04323,22,Male,Mumbai,Apple,Android,7.2,14.0,85.5,45,1.0,444,6.2,4.4,267,Work
U04324,34,Female,Lucknow,Google Pixel,Android,6.5,8.5,136.1,155,0.9,7862,0.8,1.9,1219,Gaming
U04325,36,Other,Ahmedabad,Realme,Android,2.9,29.3,296.7,11,5.0,9377,5.4,0.6,552,Social Media
U04326,17,Male,Ahmedabad,Xiaomi,iOS,7.2,29.4,79.1,146,3.3,8537,1.0,3.8,506,Entertainment
U04327,56,Other,Lucknow,Google Pixel,Android,2.1,12.2,200.6,115,3.4,749,2.3,2.5,1568,Education
U04328,36,Male,Bangalore,OnePlus,Android,3.6,49.9,260.1,133,1.5,7203,5.6,0.7,770,Work
U04329,53,Male,Lucknow,Google Pixel,iOS,2.9,35.3,267.6,89,4.1,829,2.6,1.9,238,Gaming
U04330,50,Female,Delhi,Nokia,Android,1.5,25.1,265.8,22,3.6,1380,0.8,0.8,909,Entertainment
U04331,31,Other,Kolkata,Vivo,Android,2.8,24.0,78.8,111,5.2,264,1.4,4.3,1057,Gaming
U04332,20,Female,Bangalore,Samsung,iOS,11.3,18.8,282.1,37,0.7,7336,6.8,0.6,1882,Work
U04333,52,Female,Chennai,Xiaomi,iOS,4.0,23.9,280.8,34,1.1,1684,4.5,1.0,1277,Education
U04334,27,Male,Hyderabad,Google Pixel,iOS,8.6,22.1,167.9,42,2.4,8348,1.6,2.5,1948,Education
U04335,29,Other,Lucknow,Motorola,Android,9.6,9.7,237.8,152,5.9,8169,4.9,2.2,1340,Gaming
U04336,19,Female,Bangalore,Nokia,Android,7.5,5.3,133.0,49,0.6,6400,5.3,0.2,154,Work
U04337,27,Other,Delhi,Xiaomi,iOS,3.6,5.0,148.6,159,2.3,143,1.2,3.8,350,Entertainment
U04338,44,Male,Bangalore,Google Pixel,iOS,3.6,32.6,250.9,46,2.8,4076,5.7,1.0,1180,Entertainment
U04339,43,Other,Hyderabad,Realme,iOS,7.7,3.7,297.7,149,2.2,4904,6.1,3.4,1504,Social Media
U04340,20,Male,Mumbai,Oppo,Android,5.0,20.8,203.7,53,2.4,4682,1.2,0.8,616,Entertainment
U04341,53,Female,Chennai,Samsung,iOS,3.1,29.9,247.8,47,1.1,5596,4.4,3.4,756,Work
U04342,34,Male,Kolkata,Apple,iOS,3.0,37.8,114.8,41,4.8,1025,0.9,0.8,1894,Social Media
U04343,22,Male,Chennai,Motorola,iOS,11.1,24.7,66.3,15,4.5,3096,4.4,0.2,248,Work
U04344,34,Other,Jaipur,Nokia,iOS,2.1,9.6,137.6,160,4.3,9374,1.4,3.5,636,Gaming
U04345,40,Other,Kolkata,Realme,Android,8.6,10.6,198.8,93,2.8,6549,1.5,2.2,233,Social Media
U04346,35,Other,Pune,Realme,iOS,9.5,31.1,180.1,175,2.0,7238,0.7,3.2,1694,Social Media
U04347,44,Other,Ahmedabad,Nokia,Android,5.2,15.6,25.1,129,5.8,2937,5.7,4.2,1452,Work
U04348,30,Other,Ahmedabad,OnePlus,Android,7.0,25.2,176.2,39,2.0,5526,7.7,4.6,749,Work
U04349,17,Female,Lucknow,Nokia,iOS,4.9,11.5,275.9,26,3.2,6364,3.2,4.9,1675,Entertainment
U04350,42,Other,Kolkata,OnePlus,Android,4.3,13.6,292.5,92,3.8,9020,2.4,2.7,1965,Gaming
U04351,57,Female,Chennai,Google Pixel,Android,6.6,5.0,225.2,16,5.7,7702,6.8,3.6,1941,Entertainment
U04352,15,Female,Delhi,Google Pixel,iOS,4.3,15.6,273.2,184,3.2,7858,7.2,1.0,172,Gaming
U04353,50,Male,Jaipur,Apple,Android,4.1,11.8,207.8,155,4.4,7478,6.0,3.7,1898,Education
U04354,23,Male,Kolkata,Motorola,Android,7.2,36.8,178.9,157,0.6,9068,1.1,4.8,1893,Entertainment
U04355,40,Female,Delhi,OnePlus,iOS,5.8,31.3,278.0,158,2.5,7524,4.6,0.7,536,Social Media
U04356,58,Male,Bangalore,Google Pixel,iOS,6.2,42.3,62.2,153,5.9,716,5.7,2.5,235,Entertainment
U04357,32,Female,Mumbai,Realme,Android,8.1,1.2,184.4,80,3.8,4291,0.6,1.5,1608,Work
U04358,38,Other,Jaipur,Vivo,Android,11.9,14.9,120.3,56,5.2,7974,1.8,2.0,619,Education
U04359,18,Female,Jaipur,Google Pixel,Android,10.6,18.0,204.0,190,0.6,7097,4.1,3.7,1139,Education
U04360,54,Male,Ahmedabad,Oppo,Android,11.8,46.9,186.1,34,1.8,2065,2.9,3.2,1817,Gaming
U04361,29,Other,Mumbai,Oppo,Android,4.5,26.2,254.4,169,3.1,5224,1.3,1.3,1232,Education
U04362,32,Other,Hyderabad,Vivo,Android,1.2,43.2,161.9,139,1.9,2677,4.8,4.7,1119,Entertainment
U04363,52,Other,Bangalore,Realme,Android,10.9,31.2,67.1,83,0.9,8033,3.4,2.4,1208,Work
U04364,49,Female,Delhi,OnePlus,iOS,1.6,39.8,232.3,169,4.4,2624,2.2,2.8,1172,Education
U04365,42,Female,Jaipur,Apple,Android,11.2,10.9,135.8,95,3.1,309,0.8,3.0,952,Social Media
U04366,44,Other,Hyderabad,Apple,Android,4.4,19.4,14.5,192,4.5,2119,1.3,3.7,1350,Social Media
U04367,32,Male,Kolkata,Samsung,Android,1.8,3.8,173.4,82,4.9,8600,7.7,0.8,1927,Gaming
U04368,43,Other,Lucknow,Realme,iOS,11.7,8.4,295.7,155,3.4,8192,6.9,3.1,1712,Gaming
U04369,50,Male,Kolkata,Samsung,Android,6.9,43.1,23.3,170,5.1,9989,8.0,1.9,1019,Work
U04370,40,Female,Mumbai,Samsung,iOS,3.8,47.3,78.7,163,4.4,584,2.3,2.8,341,Gaming
U04371,30,Female,Bangalore,Motorola,iOS,4.7,49.6,225.3,79,5.9,5960,2.5,1.7,1422,Education
U04372,53,Female,Jaipur,Apple,iOS,4.1,9.1,153.4,81,0.7,9523,7.0,2.7,473,Gaming
U04373,33,Male,Pune,Motorola,Android,3.7,38.7,276.5,66,1.3,8131,1.1,1.1,1654,Education
U04374,38,Male,Mumbai,Xiaomi,Android,9.2,49.3,59.6,93,2.6,6264,6.5,0.1,1218,Education
U04375,52,Female,Pune,Oppo,iOS,3.3,32.1,71.7,143,1.1,8701,0.5,1.8,466,Education
U04376,42,Male,Delhi,Apple,iOS,8.6,12.1,52.1,62,4.3,8124,5.6,3.3,1287,Entertainment
U04377,16,Other,Ahmedabad,Xiaomi,Android,10.6,37.9,213.8,27,2.0,5416,1.7,1.6,483,Gaming
U04378,58,Female,Kolkata,Motorola,iOS,2.0,45.3,110.3,115,2.5,1002,6.7,4.7,1104,Entertainment
U04379,17,Male,Jaipur,Nokia,Android,7.6,15.2,46.5,27,0.8,8234,2.0,4.0,1659,Gaming
U04380,34,Other,Kolkata,Motorola,Android,4.4,19.4,253.8,109,2.7,3647,5.4,4.0,993,Social Media
U04381,25,Other,Lucknow,Apple,iOS,1.2,22.5,135.8,20,2.4,7191,3.3,2.2,1318,Education
U04382,45,Other,Lucknow,OnePlus,iOS,2.9,27.9,138.7,93,3.0,4613,5.8,0.5,339,Education
U04383,55,Female,Hyderabad,Nokia,iOS,8.3,34.5,299.4,60,1.9,8993,7.4,1.2,1381,Gaming
U04384,48,Male,Ahmedabad,Google Pixel,Android,10.7,35.5,9.6,103,3.5,9515,2.2,4.5,1332,Entertainment
U04385,45,Male,Chennai,Samsung,iOS,9.4,33.2,74.9,71,2.1,3436,7.8,1.4,1719,Entertainment
U04386,41,Other,Ahmedabad,Apple,iOS,4.4,47.4,233.0,125,2.5,6632,6.0,1.6,270,Education
U04387,49,Other,Kolkata,Apple,iOS,5.7,16.9,29.9,11,4.5,1506,1.8,1.0,433,Social Media
U04388,53,Other,Ahmedabad,Samsung,iOS,8.2,4.2,286.3,62,5.1,2967,2.3,2.4,275,Entertainment
U04389,16,Male,Delhi,Samsung,iOS,2.4,15.8,243.2,125,2.1,9901,4.1,0.9,1282,Work
U04390,39,Male,Pune,Nokia,iOS,1.2,35.2,284.8,13,2.6,1305,0.6,2.7,1216,Entertainment
U04391,20,Female,Hyderabad,Google Pixel,iOS,6.7,2.9,130.5,89,4.3,3352,7.5,4.9,1821,Work
U04392,47,Male,Hyderabad,Samsung,Android,1.1,2.7,231.0,163,0.7,4026,2.4,2.5,1274,Social Media
U04393,25,Female,Delhi,Oppo,iOS,4.9,23.4,274.2,83,4.1,7254,3.0,2.8,654,Work
U04394,30,Male,Bangalore,Motorola,Android,11.9,17.8,137.9,181,3.9,4200,1.2,0.6,146,Gaming
U04395,41,Other,Ahmedabad,Google Pixel,Android,5.9,18.6,259.9,80,4.5,9081,7.5,2.1,1890,Gaming
U04396,28,Female,Hyderabad,OnePlus,iOS,3.3,18.7,34.5,130,3.0,2753,6.5,4.9,232,Work
U04397,33,Other,Jaipur,Nokia,Android,2.1,43.7,175.4,118,1.8,7762,6.9,4.8,346,Gaming
U04398,53,Other,Kolkata,OnePlus,Android,9.2,48.9,157.4,141,4.2,4804,5.1,3.9,1439,Gaming
U04399,37,Male,Chennai,Apple,Android,2.8,6.8,5.1,121,1.4,8982,1.9,1.5,711,Education
U04400,57,Other,Jaipur,OnePlus,Android,4.5,13.2,245.0,108,5.3,4996,6.1,4.9,873,Work
U04401,44,Female,Jaipur,Nokia,iOS,10.1,9.5,207.1,132,1.6,3933,1.2,0.5,1222,Work
U04402,21,Other,Kolkata,Samsung,iOS,5.8,24.7,99.0,131,2.2,5366,0.7,4.0,1533,Education
U04403,28,Female,Bangalore,Motorola,Android,1.1,42.3,282.5,78,3.5,2410,6.0,1.0,1836,Gaming
U04404,38,Male,Hyderabad,Realme,Android,1.3,19.8,182.4,127,0.5,7109,0.9,1.3,1867,Education
U04405,60,Other,Pune,Motorola,iOS,3.8,23.7,246.3,188,1.7,828,6.2,3.8,224,Work
U04406,25,Female,Mumbai,Motorola,Android,1.5,18.5,220.5,104,5.3,1089,3.2,2.9,1372,Social Media
U04407,42,Female,Mumbai,Vivo,iOS,4.5,22.2,170.0,75,0.5,8829,2.5,4.6,1845,Education
U04408,55,Other,Lucknow,Samsung,iOS,10.7,38.0,236.4,131,2.7,4987,4.0,1.5,353,Entertainment
U04409,28,Other,Hyderabad,Motorola,iOS,9.5,31.2,17.4,27,2.9,7587,3.9,4.8,338,Entertainment
U04410,21,Male,Chennai,Apple,Android,8.7,46.1,132.8,73,0.9,5309,1.4,1.2,588,Entertainment
U04411,26,Female,Hyderabad,Nokia,iOS,7.0,38.1,263.2,24,5.7,4876,6.5,1.1,1047,Gaming
U04412,54,Female,Pune,Motorola,iOS,2.0,49.3,12.8,44,4.4,7408,1.4,2.2,519,Social Media
U04413,28,Male,Ahmedabad,Samsung,iOS,1.9,5.9,276.1,76,1.2,2127,7.6,2.4,362,Education
U04414,42,Other,Lucknow,OnePlus,Android,4.3,44.8,187.1,20,5.8,2548,7.4,3.5,831,Work
U04415,42,Female,Chennai,Google Pixel,Android,1.8,12.3,89.8,37,5.2,9095,7.0,1.9,1445,Education
U04416,31,Female,Bangalore,Xiaomi,Android,4.5,3.5,232.2,85,3.4,5563,2.5,4.9,247,Gaming
U04417,38,Female,Ahmedabad,Oppo,Android,1.8,2.9,118.2,110,4.9,8533,2.8,1.6,1448,Social Media
U04418,32,Other,Jaipur,Motorola,iOS,8.1,45.0,178.9,169,3.0,2027,2.0,4.6,663,Work
U04419,19,Other,Hyderabad,Apple,iOS,5.1,9.6,131.8,174,5.1,5751,4.4,2.7,585,Social Media
U04420,56,Other,Jaipur,OnePlus,iOS,5.4,46.4,74.3,118,1.3,8374,8.0,3.4,1678,Social Media
